pocket,tanimoto,recall,error
complex_000001,0.35,0.4666666666666667,
complex_000001,0.13333333333333333,0.13333333333333333,
complex_000001,0.42105263157894735,0.5333333333333333,
complex_000001,0.4117647058823529,0.4666666666666667,
complex_000001,0.35,0.4666666666666667,
complex_000001,0.3157894736842105,0.4,
complex_000001,0.25,0.4666666666666667,
complex_000001,0.45454545454545453,0.6666666666666666,
complex_000001,0.34782608695652173,0.5333333333333333,
complex_000001,0.3888888888888889,0.4666666666666667,
complex_000001,0.4,0.4,
complex_000001,0.4444444444444444,0.5333333333333333,
complex_000001,0.2,0.2,
complex_000001,0.4444444444444444,0.5333333333333333,
complex_000001,0.34782608695652173,0.5333333333333333,
complex_000001,0.2631578947368421,0.3333333333333333,
complex_000001,0.3333333333333333,0.4,
complex_000001,0.3333333333333333,0.4666666666666667,
complex_000001,0.3888888888888889,0.4666666666666667,
complex_000001,0.47368421052631576,0.6,
complex_000001,0.4090909090909091,0.6,
complex_000001,0.25,0.3333333333333333,
complex_000001,0.36363636363636365,0.5333333333333333,
complex_000001,0.3333333333333333,0.4666666666666667,
complex_000001,0.4375,0.4666666666666667,
complex_000001,0.375,0.4,
complex_000001,0.13333333333333333,0.13333333333333333,
complex_000001,0.47368421052631576,0.6,
complex_000001,0.2631578947368421,0.3333333333333333,
complex_000001,0.25,0.26666666666666666,
complex_000001,0.375,0.4,
complex_000001,0.5,0.6,
complex_000001,0.35,0.4666666666666667,
complex_000001,0.3888888888888889,0.4666666666666667,
complex_000001,0.26666666666666666,0.26666666666666666,
complex_000001,0.42105263157894735,0.5333333333333333,
complex_000001,0.47058823529411764,0.5333333333333333,
complex_000001,0.375,0.4,
complex_000001,0.3125,0.3333333333333333,
complex_000001,0.375,0.4,
complex_000001,0.4117647058823529,0.4666666666666667,
complex_000001,0.1875,0.2,
complex_000001,0.3888888888888889,0.4666666666666667,
complex_000001,0.26666666666666666,0.26666666666666666,
complex_000001,0.4,0.5333333333333333,
complex_000001,0.42857142857142855,0.6,
complex_000001,0.3,0.4,
complex_000001,0.4,0.5333333333333333,
complex_000001,0.2857142857142857,0.4,
complex_000001,0.42105263157894735,0.5333333333333333,
complex_000001,0.2857142857142857,0.4,
complex_000001,0.375,0.4,
complex_000001,0.42105263157894735,0.5333333333333333,
complex_000001,0.25,0.26666666666666666,
complex_000001,0.23529411764705882,0.26666666666666666,
complex_000001,0.42857142857142855,0.6,
complex_000001,0.42105263157894735,0.5333333333333333,
complex_000001,0.5263157894736842,0.6666666666666666,
complex_000001,0.4,0.5333333333333333,
complex_000001,0.42105263157894735,0.5333333333333333,
complex_000001,0.3125,0.3333333333333333,
complex_000001,0.42105263157894735,0.5333333333333333,
complex_000001,0.16666666666666666,0.2,
complex_000001,0.375,0.6,
complex_000001,0.2857142857142857,0.5333333333333333,
complex_000001,0.5294117647058824,0.6,
complex_000001,0.4375,0.4666666666666667,
complex_000001,0.2631578947368421,0.3333333333333333,
complex_000001,0.4666666666666667,0.4666666666666667,
complex_000001,0.28,0.4666666666666667,
complex_000001,0.26666666666666666,0.26666666666666666,
complex_000001,0.47368421052631576,0.6,
complex_000001,0.2631578947368421,0.3333333333333333,
complex_000001,0.2,0.2,
complex_000001,0.2777777777777778,0.3333333333333333,
complex_000001,0.6111111111111112,0.7333333333333333,
complex_000001,0.4117647058823529,0.4666666666666667,
complex_000001,0.4117647058823529,0.4666666666666667,
complex_000001,0.6,0.6,
complex_000001,0.4090909090909091,0.6,
complex_000001,0.3157894736842105,0.4,
complex_000001,0.47058823529411764,0.5333333333333333,
complex_000001,0.2,0.2,
complex_000001,0.4117647058823529,0.4666666666666667,
complex_000001,0.3684210526315789,0.4666666666666667,
complex_000001,0.5555555555555556,0.6666666666666666,
complex_000001,0.4444444444444444,0.5333333333333333,
complex_000001,0.29411764705882354,0.3333333333333333,
complex_000001,0.3157894736842105,0.4,
complex_000001,0.23529411764705882,0.26666666666666666,
complex_000001,0.4117647058823529,0.4666666666666667,
complex_000001,0.5294117647058824,0.6,
complex_000001,0.2857142857142857,0.4,
complex_000001,0.3157894736842105,0.4,
complex_000001,0.29411764705882354,0.3333333333333333,
complex_000001,0.26666666666666666,0.26666666666666666,
complex_000001,0.4090909090909091,0.6,
complex_000001,0.23809523809523808,0.3333333333333333,
complex_000001,0.26666666666666666,0.26666666666666666,
complex_000001,0.375,0.4,
complex_000026,0.3888888888888889,0.4666666666666667,
complex_000026,0.19047619047619047,0.26666666666666666,
complex_000026,0.1875,0.2,
complex_000026,0.5,0.5333333333333333,
complex_000026,0.125,0.13333333333333333,
complex_000026,0.17647058823529413,0.2,
complex_000026,0.3125,0.3333333333333333,
complex_000026,0.36363636363636365,0.5333333333333333,
complex_000026,0.26666666666666666,0.26666666666666666,
complex_000026,0.26666666666666666,0.26666666666666666,
complex_000026,0.2777777777777778,0.3333333333333333,
complex_000026,0.4375,0.4666666666666667,
complex_000026,0.3157894736842105,0.4,
complex_000026,0.2,0.2,
complex_000026,0.4,0.4,
complex_000026,0.1875,0.2,
complex_000026,0.2777777777777778,0.3333333333333333,
complex_000026,0.42105263157894735,0.5333333333333333,
complex_000026,0.30434782608695654,0.4666666666666667,
complex_000026,0.13333333333333333,0.13333333333333333,
complex_000026,0.4375,0.4666666666666667,
complex_000026,0.15789473684210525,0.2,
complex_000026,0.29411764705882354,0.3333333333333333,
complex_000026,0.29411764705882354,0.3333333333333333,
complex_000026,0.3333333333333333,0.4,
complex_000026,0.2,0.26666666666666666,
complex_000026,0.11764705882352941,0.13333333333333333,
complex_000026,0.26666666666666666,0.26666666666666666,
complex_000026,0.4117647058823529,0.4666666666666667,
complex_000026,0.1875,0.2,
complex_000026,0.1875,0.2,
complex_000026,0.3,0.4,
complex_000026,0.375,0.4,
complex_000026,0.06666666666666667,0.06666666666666667,
complex_000026,0.2,0.2,
complex_000026,0.4375,0.4666666666666667,
complex_000026,0.3157894736842105,0.4,
complex_000026,0.42105263157894735,0.5333333333333333,
complex_000026,0.23809523809523808,0.3333333333333333,
complex_000026,0.23529411764705882,0.26666666666666666,
complex_000026,0.21739130434782608,0.3333333333333333,
complex_000026,0.125,0.13333333333333333,
complex_000026,0.29411764705882354,0.3333333333333333,
complex_000026,0.2222222222222222,0.26666666666666666,
complex_000026,0.2,0.2,
complex_000026,0.25,0.3333333333333333,
complex_000026,0.3125,0.3333333333333333,
complex_000026,0.4,0.4,
complex_000026,0.42857142857142855,0.6,
complex_000026,0.13333333333333333,0.13333333333333333,
complex_000026,0.29411764705882354,0.3333333333333333,
complex_000026,0.2,0.2,
complex_000026,0.35294117647058826,0.4,
complex_000026,0.2,0.3333333333333333,
complex_000026,0.13333333333333333,0.13333333333333333,
complex_000026,0.3333333333333333,0.4666666666666667,
complex_000026,0.47058823529411764,0.5333333333333333,
complex_000026,0.42105263157894735,0.5333333333333333,
complex_000026,0.06666666666666667,0.06666666666666667,
complex_000026,0.2857142857142857,0.4,
complex_000026,0.38095238095238093,0.5333333333333333,
complex_000026,0.13333333333333333,0.13333333333333333,
complex_000026,0.25,0.26666666666666666,
complex_000026,0.16666666666666666,0.2,
complex_000026,0.29411764705882354,0.3333333333333333,
complex_000026,0.35,0.4666666666666667,
complex_000026,0.2222222222222222,0.26666666666666666,
complex_000026,0.0625,0.06666666666666667,
complex_000026,0.35294117647058826,0.4,
complex_000026,0.375,0.4,
complex_000026,0.2727272727272727,0.4,
complex_000026,0.3125,0.3333333333333333,
complex_000026,0.45,0.6,
complex_000026,0.2857142857142857,0.4,
complex_000026,0.4444444444444444,0.5333333333333333,
complex_000026,0.3333333333333333,0.4666666666666667,
complex_000026,0.25,0.26666666666666666,
complex_000026,0.23529411764705882,0.26666666666666666,
complex_000026,0.45,0.6,
complex_000026,0.30434782608695654,0.4666666666666667,
complex_000026,0.26666666666666666,0.26666666666666666,
complex_000026,0.375,0.4,
complex_000026,0.3333333333333333,0.4666666666666667,
complex_000026,0.23529411764705882,0.26666666666666666,
complex_000026,0.1875,0.2,
complex_000026,0.15789473684210525,0.2,
complex_000026,0.11764705882352941,0.13333333333333333,
complex_000026,0.25,0.26666666666666666,
complex_000026,0.375,0.4,
complex_000026,0.36363636363636365,0.5333333333333333,
complex_000026,0.17647058823529413,0.2,
complex_000026,0.3333333333333333,0.3333333333333333,
complex_000026,0.3333333333333333,0.4,
complex_000026,0.1875,0.2,
complex_000026,0.13333333333333333,0.13333333333333333,
complex_000026,0.3,0.4,
complex_000026,0.2777777777777778,0.3333333333333333,
complex_000026,0.42105263157894735,0.5333333333333333,
complex_000026,0.26666666666666666,0.26666666666666666,
complex_000026,0.47058823529411764,0.5333333333333333,
complex_000051,0.25,0.3333333333333333,
complex_000051,0.36666666666666664,0.5238095238095238,
complex_000051,0.27586206896551724,0.38095238095238093,
complex_000051,0.3870967741935484,0.5714285714285714,
complex_000051,0.2222222222222222,0.2857142857142857,
complex_000051,0.3333333333333333,0.42857142857142855,
complex_000051,0.38461538461538464,0.47619047619047616,
complex_000051,0.3,0.42857142857142855,
complex_000051,0.3103448275862069,0.42857142857142855,
complex_000051,0.41379310344827586,0.5714285714285714,
complex_000051,0.27586206896551724,0.38095238095238093,
complex_000051,0.3103448275862069,0.42857142857142855,
complex_000051,0.2727272727272727,0.42857142857142855,
complex_000051,0.25,0.3333333333333333,
complex_000051,0.23076923076923078,0.2857142857142857,
complex_000051,0.20833333333333334,0.23809523809523808,
complex_000051,0.3333333333333333,0.42857142857142855,
complex_000051,0.30434782608695654,0.3333333333333333,
complex_000051,0.32,0.38095238095238093,
complex_000051,0.13043478260869565,0.14285714285714285,
complex_000051,0.25,0.2857142857142857,
complex_000051,0.25925925925925924,0.3333333333333333,
complex_000051,0.13043478260869565,0.14285714285714285,
complex_000051,0.32142857142857145,0.42857142857142855,
complex_000051,0.22580645161290322,0.3333333333333333,
complex_000051,0.3076923076923077,0.38095238095238093,
complex_000051,0.2962962962962963,0.38095238095238093,
complex_000051,0.21739130434782608,0.23809523809523808,
complex_000051,0.21875,0.3333333333333333,
complex_000051,0.3333333333333333,0.47619047619047616,
complex_000051,0.13043478260869565,0.14285714285714285,
complex_000051,0.22580645161290322,0.3333333333333333,
complex_000051,0.3103448275862069,0.42857142857142855,
complex_000051,0.4230769230769231,0.5238095238095238,
complex_000051,0.3548387096774194,0.5238095238095238,
complex_000051,0.2222222222222222,0.2857142857142857,
complex_000051,0.13043478260869565,0.14285714285714285,
complex_000051,0.4642857142857143,0.6190476190476191,
complex_000051,0.25925925925925924,0.3333333333333333,
complex_000051,0.35294117647058826,0.5714285714285714,
complex_000051,0.2413793103448276,0.3333333333333333,
complex_000051,0.36,0.42857142857142855,
complex_000051,0.23333333333333334,0.3333333333333333,
complex_000051,0.2857142857142857,0.38095238095238093,
complex_000051,0.3076923076923077,0.38095238095238093,
complex_000051,0.3939393939393939,0.6190476190476191,
complex_000051,0.36363636363636365,0.5714285714285714,
complex_000051,0.35714285714285715,0.47619047619047616,
complex_000051,0.3225806451612903,0.47619047619047616,
complex_000051,0.26666666666666666,0.38095238095238093,
complex_000051,0.37037037037037035,0.47619047619047616,
complex_000051,0.2608695652173913,0.2857142857142857,
complex_000051,0.391304347826087,0.42857142857142855,
complex_000051,0.2916666666666667,0.3333333333333333,
complex_000051,0.2631578947368421,0.47619047619047616,
complex_000051,0.38461538461538464,0.47619047619047616,
complex_000051,0.08695652173913043,0.09523809523809523,
complex_000051,0.3793103448275862,0.5238095238095238,
complex_000051,0.25,0.38095238095238093,
complex_000051,0.48148148148148145,0.6190476190476191,
complex_000051,0.20833333333333334,0.23809523809523808,
complex_000051,0.25,0.38095238095238093,
complex_000051,0.3076923076923077,0.38095238095238093,
complex_000051,0.39285714285714285,0.5238095238095238,
complex_000051,0.3103448275862069,0.42857142857142855,
complex_000051,0.2413793103448276,0.3333333333333333,
complex_000051,0.23333333333333334,0.3333333333333333,
complex_000051,0.2857142857142857,0.38095238095238093,
complex_000051,0.23076923076923078,0.2857142857142857,
complex_000051,0.2692307692307692,0.3333333333333333,
complex_000051,0.3448275862068966,0.47619047619047616,
complex_000051,0.2647058823529412,0.42857142857142855,
complex_000051,0.2962962962962963,0.38095238095238093,
complex_000051,0.25806451612903225,0.38095238095238093,
complex_000051,0.2962962962962963,0.38095238095238093,
complex_000051,0.08695652173913043,0.09523809523809523,
complex_000051,0.2692307692307692,0.3333333333333333,
complex_000051,0.20833333333333334,0.23809523809523808,
complex_000051,0.3333333333333333,0.38095238095238093,
complex_000051,0.2777777777777778,0.47619047619047616,
complex_000051,0.375,0.42857142857142855,
complex_000051,0.14814814814814814,0.19047619047619047,
complex_000051,0.2857142857142857,0.47619047619047616,
complex_000051,0.2903225806451613,0.42857142857142855,
complex_000051,0.16,0.19047619047619047,
complex_000051,0.37037037037037035,0.47619047619047616,
complex_000051,0.13043478260869565,0.14285714285714285,
complex_000051,0.2692307692307692,0.3333333333333333,
complex_000051,0.32142857142857145,0.42857142857142855,
complex_000051,0.17391304347826086,0.19047619047619047,
complex_000051,0.4482758620689655,0.6190476190476191,
complex_000051,0.375,0.42857142857142855,
complex_000051,0.24,0.2857142857142857,
complex_000051,0.28,0.3333333333333333,
complex_000051,0.2,0.23809523809523808,
complex_000051,0.27586206896551724,0.38095238095238093,
complex_000051,0.3548387096774194,0.5238095238095238,
complex_000051,0.13043478260869565,0.14285714285714285,
complex_000051,0.20689655172413793,0.2857142857142857,
complex_000051,0.2571428571428571,0.42857142857142855,
complex_000059,0.1875,0.3333333333333333,
complex_000059,0.1,0.2222222222222222,
complex_000059,0.3684210526315789,0.7777777777777778,
complex_000059,0.26666666666666666,0.4444444444444444,
complex_000059,0.2857142857142857,0.6666666666666666,
complex_000059,0.14285714285714285,0.2222222222222222,
complex_000059,0.19230769230769232,0.5555555555555556,
complex_000059,0.11764705882352941,0.2222222222222222,
complex_000059,0.14285714285714285,0.3333333333333333,
complex_000059,0.17647058823529413,0.3333333333333333,
complex_000059,0.16666666666666666,0.3333333333333333,
complex_000059,0.21052631578947367,0.4444444444444444,
complex_000059,0.2777777777777778,0.5555555555555556,
complex_000059,0.06666666666666667,0.1111111111111111,
complex_000059,0.25,0.4444444444444444,
complex_000059,0.2222222222222222,0.4444444444444444,
complex_000059,0.16666666666666666,0.3333333333333333,
complex_000059,0.2777777777777778,0.5555555555555556,
complex_000059,0.125,0.2222222222222222,
complex_000059,0.07142857142857142,0.1111111111111111,
complex_000059,0.09090909090909091,0.2222222222222222,
complex_000059,0.1875,0.3333333333333333,
complex_000059,0.15384615384615385,0.4444444444444444,
complex_000059,0.25,0.4444444444444444,
complex_000059,0.15789473684210525,0.3333333333333333,
complex_000059,0.23809523809523808,0.5555555555555556,
complex_000059,0.2222222222222222,0.4444444444444444,
complex_000059,0.2631578947368421,0.5555555555555556,
complex_000059,0.17647058823529413,0.3333333333333333,
complex_000059,0.26666666666666666,0.4444444444444444,
complex_000059,0.2222222222222222,0.4444444444444444,
complex_000059,0.2222222222222222,0.4444444444444444,
complex_000059,0.16666666666666666,0.3333333333333333,
complex_000059,0.23076923076923078,0.3333333333333333,
complex_000059,0.10526315789473684,0.2222222222222222,
complex_000059,0.26666666666666666,0.4444444444444444,
complex_000059,0.3125,0.5555555555555556,
complex_000059,0.21428571428571427,0.3333333333333333,
complex_000059,0.17391304347826086,0.4444444444444444,
complex_000059,0.16666666666666666,0.4444444444444444,
complex_000059,0.3333333333333333,0.6666666666666666,
complex_000059,0.23076923076923078,0.3333333333333333,
complex_000059,0.19047619047619047,0.4444444444444444,
complex_000059,0.21428571428571427,0.3333333333333333,
complex_000059,0.25,0.4444444444444444,
complex_000059,0.23529411764705882,0.4444444444444444,
complex_000059,0.2,0.4444444444444444,
complex_000059,0.13333333333333333,0.2222222222222222,
complex_000059,0.2,0.3333333333333333,
complex_000059,0.23809523809523808,0.5555555555555556,
complex_000059,0.13043478260869565,0.3333333333333333,
complex_000059,0.17647058823529413,0.3333333333333333,
complex_000059,0.2222222222222222,0.4444444444444444,
complex_000059,0.14285714285714285,0.2222222222222222,
complex_000059,0.23529411764705882,0.4444444444444444,
complex_000059,0.10526315789473684,0.2222222222222222,
complex_000059,0.125,0.2222222222222222,
complex_000059,0.16666666666666666,0.2222222222222222,
complex_000059,0.21428571428571427,0.3333333333333333,
complex_000059,0.16666666666666666,0.3333333333333333,
complex_000059,0.23529411764705882,0.4444444444444444,
complex_000059,0.2222222222222222,0.4444444444444444,
complex_000059,0.2,0.3333333333333333,
complex_000059,0.2,0.4444444444444444,
complex_000059,0.17647058823529413,0.3333333333333333,
complex_000059,0.2,0.3333333333333333,
complex_000059,0.15,0.3333333333333333,
complex_000059,0.2222222222222222,0.4444444444444444,
complex_000059,0.25,0.4444444444444444,
complex_000059,0.125,0.2222222222222222,
complex_000059,0.13333333333333333,0.2222222222222222,
complex_000059,0.06666666666666667,0.1111111111111111,
complex_000059,0.23076923076923078,0.3333333333333333,
complex_000059,0.15,0.3333333333333333,
complex_000059,0.2222222222222222,0.4444444444444444,
complex_000059,0.125,0.2222222222222222,
complex_000059,0.23076923076923078,0.3333333333333333,
complex_000059,0.2222222222222222,0.4444444444444444,
complex_000059,0.2222222222222222,0.4444444444444444,
complex_000059,0.19047619047619047,0.4444444444444444,
complex_000059,0.2857142857142857,0.4444444444444444,
complex_000059,0.25,0.5555555555555556,
complex_000059,0.19047619047619047,0.4444444444444444,
complex_000059,0.21052631578947367,0.4444444444444444,
complex_000059,0.23529411764705882,0.4444444444444444,
complex_000059,0.2222222222222222,0.4444444444444444,
complex_000059,0.35714285714285715,0.5555555555555556,
complex_000059,0.15384615384615385,0.2222222222222222,
complex_000059,0.11764705882352941,0.2222222222222222,
complex_000059,0.2,0.3333333333333333,
complex_000059,0.26666666666666666,0.4444444444444444,
complex_000059,0.15384615384615385,0.2222222222222222,
complex_000059,0.13333333333333333,0.2222222222222222,
complex_000059,0.21428571428571427,0.3333333333333333,
complex_000059,0.22727272727272727,0.5555555555555556,
complex_000059,0.16666666666666666,0.3333333333333333,
complex_000059,0.23529411764705882,0.4444444444444444,
complex_000059,0.2222222222222222,0.4444444444444444,
complex_000059,0.17647058823529413,0.3333333333333333,
complex_000059,0.19047619047619047,0.4444444444444444,
complex_000063,0.4,0.5,
complex_000063,0.4444444444444444,0.5,
complex_000063,0.3333333333333333,0.5,
complex_000063,0.16666666666666666,0.25,
complex_000063,0.125,0.125,
complex_000063,0.21052631578947367,0.5,
complex_000063,0.3076923076923077,0.5,
complex_000063,0.46153846153846156,0.75,
complex_000063,0.25,0.5,
complex_000063,0.25,0.25,
complex_000063,0.375,0.375,
complex_000063,0.21052631578947367,0.5,
complex_000063,0.2222222222222222,0.25,
complex_000063,0.46153846153846156,0.75,
complex_000063,0.25,0.25,
complex_000063,0.21428571428571427,0.375,
complex_000063,0.21428571428571427,0.375,
complex_000063,0.18181818181818182,0.25,
complex_000063,0.125,0.125,
complex_000063,0.35714285714285715,0.625,
complex_000063,0.3076923076923077,0.5,
complex_000063,0.3333333333333333,0.375,
complex_000063,0.2222222222222222,0.25,
complex_000063,0.13636363636363635,0.375,
complex_000063,0.25,0.25,
complex_000063,0.375,0.375,
complex_000063,0.2222222222222222,0.25,
complex_000063,0.2222222222222222,0.25,
complex_000063,0.25,0.25,
complex_000063,0.2857142857142857,0.5,
complex_000063,0.36363636363636365,0.5,
complex_000063,0.5,0.5,
complex_000063,0.375,0.375,
complex_000063,0.14285714285714285,0.25,
complex_000063,0.4,0.5,
complex_000063,0.18181818181818182,0.25,
complex_000063,0.3,0.375,
complex_000063,0.3076923076923077,0.5,
complex_000063,0.23076923076923078,0.375,
complex_000063,0.6666666666666666,0.75,
complex_000063,0.21428571428571427,0.375,
complex_000063,0.26666666666666666,0.5,
complex_000063,0.25,0.375,
complex_000063,0.4166666666666667,0.625,
complex_000063,0.25,0.25,
complex_000063,0.2,0.25,
complex_000063,0.3125,0.625,
complex_000063,0.3333333333333333,0.375,
complex_000063,0.18181818181818182,0.25,
complex_000063,0.125,0.125,
complex_000063,0.5,0.5,
complex_000063,0.4444444444444444,0.5,
complex_000063,0.36363636363636365,0.5,
complex_000063,0.5454545454545454,0.75,
complex_000063,0.4444444444444444,0.5,
complex_000063,0.15384615384615385,0.25,
complex_000063,0.23076923076923078,0.375,
complex_000063,0.21052631578947367,0.5,
complex_000063,0.2222222222222222,0.25,
complex_000063,0.4,0.5,
complex_000063,0.25,0.25,
complex_000063,0.75,0.75,
complex_000063,0.5,0.5,
complex_000063,0.4,0.5,
complex_000063,0.2,0.5,
complex_000063,0.23076923076923078,0.375,
complex_000063,0.2,0.25,
complex_000063,0.2222222222222222,0.25,
complex_000063,0.4,0.5,
complex_000063,0.5,0.625,
complex_000063,0.3,0.375,
complex_000063,0.375,0.375,
complex_000063,0.125,0.125,
complex_000063,0.375,0.375,
complex_000063,0.2222222222222222,0.5,
complex_000063,0.25,0.25,
complex_000063,0.21052631578947367,0.5,
complex_000063,0.25,0.25,
complex_000063,0.2,0.375,
complex_000063,0.25,0.25,
complex_000063,0.26666666666666666,0.5,
complex_000063,0.15384615384615385,0.25,
complex_000063,0.2,0.375,
complex_000063,0.21428571428571427,0.375,
complex_000063,0.25,0.25,
complex_000063,0.5555555555555556,0.625,
complex_000063,0.23529411764705882,0.5,
complex_000063,0.35294117647058826,0.75,
complex_000063,0.38461538461538464,0.625,
complex_000063,0.25,0.25,
complex_000063,0.36363636363636365,0.5,
complex_000063,0.17647058823529413,0.375,
complex_000063,0.25,0.375,
complex_000063,0.3333333333333333,0.375,
complex_000063,0.3076923076923077,0.5,
complex_000063,0.21428571428571427,0.375,
complex_000063,0.16666666666666666,0.375,
complex_000063,0.21052631578947367,0.5,
complex_000063,0.4444444444444444,0.5,
complex_000063,0.25,0.25,
complex_000069,0.4444444444444444,0.5333333333333333,
complex_000069,0.2,0.2,
complex_000069,0.22727272727272727,0.3333333333333333,
complex_000069,0.5625,0.6,
complex_000069,0.29411764705882354,0.3333333333333333,
complex_000069,0.2222222222222222,0.26666666666666666,
complex_000069,0.47619047619047616,0.6666666666666666,
complex_000069,0.3888888888888889,0.4666666666666667,
complex_000069,0.3333333333333333,0.4666666666666667,
complex_000069,0.3157894736842105,0.4,
complex_000069,0.391304347826087,0.6,
complex_000069,0.23529411764705882,0.26666666666666666,
complex_000069,0.3125,0.3333333333333333,
complex_000069,0.38095238095238093,0.5333333333333333,
complex_000069,0.47058823529411764,0.5333333333333333,
complex_000069,0.3,0.4,
complex_000069,0.2,0.2,
complex_000069,0.4444444444444444,0.5333333333333333,
complex_000069,0.13333333333333333,0.13333333333333333,
complex_000069,0.4444444444444444,0.5333333333333333,
complex_000069,0.4444444444444444,0.5333333333333333,
complex_000069,0.5333333333333333,0.5333333333333333,
complex_000069,0.17391304347826086,0.26666666666666666,
complex_000069,0.6111111111111112,0.7333333333333333,
complex_000069,0.3157894736842105,0.4,
complex_000069,0.11764705882352941,0.13333333333333333,
complex_000069,0.15789473684210525,0.2,
complex_000069,0.375,0.4,
complex_000069,0.5,0.6666666666666666,
complex_000069,0.375,0.4,
complex_000069,0.35294117647058826,0.4,
complex_000069,0.4117647058823529,0.4666666666666667,
complex_000069,0.125,0.13333333333333333,
complex_000069,0.29411764705882354,0.3333333333333333,
complex_000069,0.4444444444444444,0.5333333333333333,
complex_000069,0.3333333333333333,0.4666666666666667,
complex_000069,0.5882352941176471,0.6666666666666666,
complex_000069,0.4666666666666667,0.4666666666666667,
complex_000069,0.23529411764705882,0.26666666666666666,
complex_000069,0.5,0.5333333333333333,
complex_000069,0.2727272727272727,0.4,
complex_000069,0.1875,0.2,
complex_000069,0.3125,0.3333333333333333,
complex_000069,0.6111111111111112,0.7333333333333333,
complex_000069,0.125,0.13333333333333333,
complex_000069,0.4444444444444444,0.5333333333333333,
complex_000069,0.3125,0.3333333333333333,
complex_000069,0.29411764705882354,0.3333333333333333,
complex_000069,0.375,0.4,
complex_000069,0.1875,0.2,
complex_000069,0.125,0.13333333333333333,
complex_000069,0.5263157894736842,0.6666666666666666,
complex_000069,0.47368421052631576,0.6,
complex_000069,0.125,0.13333333333333333,
complex_000069,0.19047619047619047,0.26666666666666666,
complex_000069,0.25,0.26666666666666666,
complex_000069,0.13333333333333333,0.13333333333333333,
complex_000069,0.29411764705882354,0.3333333333333333,
complex_000069,0.3888888888888889,0.4666666666666667,
complex_000069,0.3125,0.3333333333333333,
complex_000069,0.25,0.26666666666666666,
complex_000069,0.5,0.6666666666666666,
complex_000069,0.4166666666666667,0.6666666666666666,
complex_000069,0.5263157894736842,0.6666666666666666,
complex_000069,0.13333333333333333,0.13333333333333333,
complex_000069,0.4,0.5333333333333333,
complex_000069,0.45,0.6,
complex_000069,0.23529411764705882,0.26666666666666666,
complex_000069,0.058823529411764705,0.06666666666666667,
complex_000069,0.35294117647058826,0.4,
complex_000069,0.25,0.3333333333333333,
complex_000069,0.5625,0.6,
complex_000069,0.2,0.2,
complex_000069,0.4444444444444444,0.5333333333333333,
complex_000069,0.42105263157894735,0.5333333333333333,
complex_000069,0.13333333333333333,0.13333333333333333,
complex_000069,0.125,0.13333333333333333,
complex_000069,0.23529411764705882,0.26666666666666666,
complex_000069,0.3888888888888889,0.4666666666666667,
complex_000069,0.5263157894736842,0.6666666666666666,
complex_000069,0.29411764705882354,0.3333333333333333,
complex_000069,0.35294117647058826,0.4,
complex_000069,0.4,0.4,
complex_000069,0.47058823529411764,0.5333333333333333,
complex_000069,0.17647058823529413,0.2,
complex_000069,0.47619047619047616,0.6666666666666666,
complex_000069,0.3125,0.3333333333333333,
complex_000069,0.42105263157894735,0.5333333333333333,
complex_000069,0.5882352941176471,0.6666666666666666,
complex_000069,0.7222222222222222,0.8666666666666667,
complex_000069,0.25,0.26666666666666666,
complex_000069,0.42105263157894735,0.5333333333333333,
complex_000069,0.45,0.6,
complex_000069,0.2,0.2,
complex_000069,0.16666666666666666,0.2,
complex_000069,0.4,0.5333333333333333,
complex_000069,0.3157894736842105,0.4,
complex_000069,0.47619047619047616,0.6666666666666666,
complex_000069,0.631578947368421,0.8,
complex_000069,0.42105263157894735,0.5333333333333333,
complex_000085,0.4,0.5714285714285714,
complex_000085,0.35294117647058826,0.42857142857142855,
complex_000085,0.4,0.5714285714285714,
complex_000085,0.3125,0.35714285714285715,
complex_000085,0.2857142857142857,0.2857142857142857,
complex_000085,0.35714285714285715,0.35714285714285715,
complex_000085,0.3333333333333333,0.42857142857142855,
complex_000085,0.4444444444444444,0.5714285714285714,
complex_000085,0.3333333333333333,0.35714285714285715,
complex_000085,0.2,0.21428571428571427,
complex_000085,0.2857142857142857,0.2857142857142857,
complex_000085,0.3125,0.35714285714285715,
complex_000085,0.1875,0.21428571428571427,
complex_000085,0.35,0.5,
complex_000085,0.4,0.42857142857142855,
complex_000085,0.26666666666666666,0.2857142857142857,
complex_000085,0.2,0.21428571428571427,
complex_000085,0.2727272727272727,0.42857142857142855,
complex_000085,0.3333333333333333,0.35714285714285715,
complex_000085,0.3684210526315789,0.5,
complex_000085,0.35,0.5,
complex_000085,0.2857142857142857,0.2857142857142857,
complex_000085,0.47368421052631576,0.6428571428571429,
complex_000085,0.4444444444444444,0.5714285714285714,
complex_000085,0.25,0.5,
complex_000085,0.21428571428571427,0.21428571428571427,
complex_000085,0.375,0.6428571428571429,
complex_000085,0.35,0.5,
complex_000085,0.2631578947368421,0.35714285714285715,
complex_000085,0.4782608695652174,0.7857142857142857,
complex_000085,0.4375,0.5,
complex_000085,0.4,0.5714285714285714,
complex_000085,0.13333333333333333,0.14285714285714285,
complex_000085,0.3125,0.35714285714285715,
complex_000085,0.36,0.6428571428571429,
complex_000085,0.35714285714285715,0.35714285714285715,
complex_000085,0.2608695652173913,0.42857142857142855,
complex_000085,0.5333333333333333,0.5714285714285714,
complex_000085,0.3333333333333333,0.42857142857142855,
complex_000085,0.2857142857142857,0.2857142857142857,
complex_000085,0.21428571428571427,0.21428571428571427,
complex_000085,0.5,0.6428571428571429,
complex_000085,0.4,0.42857142857142855,
complex_000085,0.13333333333333333,0.14285714285714285,
complex_000085,0.25,0.2857142857142857,
complex_000085,0.25,0.2857142857142857,
complex_000085,0.1875,0.21428571428571427,
complex_000085,0.34782608695652173,0.5714285714285714,
complex_000085,0.4117647058823529,0.5,
complex_000085,0.42105263157894735,0.5714285714285714,
complex_000085,0.45,0.6428571428571429,
complex_000085,0.4444444444444444,0.5714285714285714,
complex_000085,0.4117647058823529,0.5,
complex_000085,0.3333333333333333,0.35714285714285715,
complex_000085,0.2857142857142857,0.2857142857142857,
complex_000085,0.3333333333333333,0.5714285714285714,
complex_000085,0.4117647058823529,0.5,
complex_000085,0.3333333333333333,0.35714285714285715,
complex_000085,0.35,0.5,
complex_000085,0.35294117647058826,0.42857142857142855,
complex_000085,0.25,0.2857142857142857,
complex_000085,0.25,0.2857142857142857,
complex_000085,0.2,0.21428571428571427,
complex_000085,0.29411764705882354,0.35714285714285715,
complex_000085,0.35,0.5,
complex_000085,0.42857142857142855,0.6428571428571429,
complex_000085,0.3684210526315789,0.5,
complex_000085,0.3333333333333333,0.42857142857142855,
complex_000085,0.4782608695652174,0.7857142857142857,
complex_000085,0.3157894736842105,0.42857142857142855,
complex_000085,0.4666666666666667,0.5,
complex_000085,0.30434782608695654,0.5,
complex_000085,0.5,0.5714285714285714,
complex_000085,0.26666666666666666,0.2857142857142857,
complex_000085,0.25,0.2857142857142857,
complex_000085,0.2727272727272727,0.42857142857142855,
complex_000085,0.28,0.5,
complex_000085,0.35714285714285715,0.35714285714285715,
complex_000085,0.4117647058823529,0.5,
complex_000085,0.4375,0.5,
complex_000085,0.36,0.6428571428571429,
complex_000085,0.2727272727272727,0.42857142857142855,
complex_000085,0.3103448275862069,0.6428571428571429,
complex_000085,0.35714285714285715,0.35714285714285715,
complex_000085,0.35,0.5,
complex_000085,0.2,0.21428571428571427,
complex_000085,0.29411764705882354,0.35714285714285715,
complex_000085,0.4,0.42857142857142855,
complex_000085,0.3157894736842105,0.42857142857142855,
complex_000085,0.35294117647058826,0.42857142857142855,
complex_000085,0.5,0.5714285714285714,
complex_000085,0.3333333333333333,0.5714285714285714,
complex_000085,0.30303030303030304,0.7142857142857143,
complex_000085,0.38095238095238093,0.5714285714285714,
complex_000085,0.4444444444444444,0.5714285714285714,
complex_000085,0.3333333333333333,0.42857142857142855,
complex_000085,0.23809523809523808,0.35714285714285715,
complex_000085,0.4117647058823529,0.5,
complex_000085,0.2777777777777778,0.35714285714285715,
complex_000085,0.35,0.5,
complex_000112,0.3125,0.3333333333333333,
complex_000112,0.3888888888888889,0.4666666666666667,
complex_000112,0.5,0.6,
complex_000112,0.23529411764705882,0.26666666666666666,
complex_000112,0.29411764705882354,0.3333333333333333,
complex_000112,0.47368421052631576,0.6,
complex_000112,0.5625,0.6,
complex_000112,0.25,0.26666666666666666,
complex_000112,0.47058823529411764,0.5333333333333333,
complex_000112,0.47058823529411764,0.5333333333333333,
complex_000112,0.35294117647058826,0.4,
complex_000112,0.5,0.6,
complex_000112,0.3125,0.3333333333333333,
complex_000112,0.47619047619047616,0.6666666666666666,
complex_000112,0.1875,0.2,
complex_000112,0.29411764705882354,0.3333333333333333,
complex_000112,0.17647058823529413,0.2,
complex_000112,0.42857142857142855,0.6,
complex_000112,0.29411764705882354,0.3333333333333333,
complex_000112,0.4117647058823529,0.4666666666666667,
complex_000112,0.3125,0.3333333333333333,
complex_000112,0.3333333333333333,0.3333333333333333,
complex_000112,0.1875,0.2,
complex_000112,0.23529411764705882,0.26666666666666666,
complex_000112,0.4444444444444444,0.5333333333333333,
complex_000112,0.29411764705882354,0.3333333333333333,
complex_000112,0.25,0.26666666666666666,
complex_000112,0.5,0.6666666666666666,
complex_000112,0.4117647058823529,0.4666666666666667,
complex_000112,0.38095238095238093,0.5333333333333333,
complex_000112,0.3888888888888889,0.4666666666666667,
complex_000112,0.47619047619047616,0.6666666666666666,
complex_000112,0.375,0.4,
complex_000112,0.5882352941176471,0.6666666666666666,
complex_000112,0.3333333333333333,0.4,
complex_000112,0.36363636363636365,0.5333333333333333,
complex_000112,0.3333333333333333,0.4,
complex_000112,0.3333333333333333,0.4666666666666667,
complex_000112,0.4117647058823529,0.4666666666666667,
complex_000112,0.34782608695652173,0.5333333333333333,
complex_000112,0.35294117647058826,0.4,
complex_000112,0.125,0.13333333333333333,
complex_000112,0.1724137931034483,0.3333333333333333,
complex_000112,0.25806451612903225,0.5333333333333333,
complex_000112,0.3125,0.3333333333333333,
complex_000112,0.47058823529411764,0.5333333333333333,
complex_000112,0.35294117647058826,0.4,
complex_000112,0.4444444444444444,0.5333333333333333,
complex_000112,0.42105263157894735,0.5333333333333333,
complex_000112,0.2222222222222222,0.26666666666666666,
complex_000112,0.25,0.26666666666666666,
complex_000112,0.5238095238095238,0.7333333333333333,
complex_000112,0.3684210526315789,0.4666666666666667,
complex_000112,0.3125,0.3333333333333333,
complex_000112,0.23809523809523808,0.3333333333333333,
complex_000112,0.3333333333333333,0.6,
complex_000112,0.34782608695652173,0.5333333333333333,
complex_000112,0.2,0.2,
complex_000112,0.375,0.4,
complex_000112,0.55,0.7333333333333333,
complex_000112,0.26666666666666666,0.26666666666666666,
complex_000112,0.5294117647058824,0.6,
complex_000112,0.3,0.4,
complex_000112,0.25,0.26666666666666666,
complex_000112,0.3888888888888889,0.4666666666666667,
complex_000112,0.2727272727272727,0.4,
complex_000112,0.391304347826087,0.6,
complex_000112,0.3125,0.3333333333333333,
complex_000112,0.3684210526315789,0.4666666666666667,
complex_000112,0.35294117647058826,0.4,
complex_000112,0.4117647058823529,0.4666666666666667,
complex_000112,0.391304347826087,0.6,
complex_000112,0.3333333333333333,0.4666666666666667,
complex_000112,0.3333333333333333,0.3333333333333333,
complex_000112,0.3,0.4,
complex_000112,0.35294117647058826,0.4,
complex_000112,0.25,0.26666666666666666,
complex_000112,0.42105263157894735,0.5333333333333333,
complex_000112,0.75,0.8,
complex_000112,0.25,0.26666666666666666,
complex_000112,0.45454545454545453,0.6666666666666666,
complex_000112,0.2631578947368421,0.3333333333333333,
complex_000112,0.3333333333333333,0.4,
complex_000112,0.45,0.6,
complex_000112,0.5294117647058824,0.6,
complex_000112,0.29411764705882354,0.3333333333333333,
complex_000112,0.42857142857142855,0.6,
complex_000112,0.4,0.5333333333333333,
complex_000112,0.2222222222222222,0.26666666666666666,
complex_000112,0.391304347826087,0.6,
complex_000112,0.47368421052631576,0.6,
complex_000112,0.1875,0.2,
complex_000112,0.3333333333333333,0.4,
complex_000112,0.2777777777777778,0.3333333333333333,
complex_000112,0.4,0.5333333333333333,
complex_000112,0.23529411764705882,0.26666666666666666,
complex_000112,0.25,0.26666666666666666,
complex_000112,0.3333333333333333,0.4,
complex_000112,0.29411764705882354,0.3333333333333333,
complex_000112,0.47368421052631576,0.6,
complex_000117,0.375,0.5,
complex_000117,0.13636363636363635,0.5,
complex_000117,0.29411764705882354,0.8333333333333334,
complex_000117,0.375,1.0,
complex_000117,0.0625,0.16666666666666666,
complex_000117,0.2631578947368421,0.8333333333333334,
complex_000117,0.25,0.6666666666666666,
complex_000117,0.2857142857142857,0.6666666666666666,
complex_000117,0.25,0.6666666666666666,
complex_000117,0.38461538461538464,0.8333333333333334,
complex_000117,0.25,0.6666666666666666,
complex_000117,0.07407407407407407,0.3333333333333333,
complex_000117,0.14285714285714285,0.3333333333333333,
complex_000117,0.15789473684210525,0.5,
complex_000117,0.2777777777777778,0.8333333333333334,
complex_000117,0.14285714285714285,0.3333333333333333,
complex_000117,0.5,0.8333333333333334,
complex_000117,0.2222222222222222,0.6666666666666666,
complex_000117,0.2631578947368421,0.8333333333333334,
complex_000117,0.23809523809523808,0.8333333333333334,
complex_000117,0.21052631578947367,0.6666666666666666,
complex_000117,0.2,0.6666666666666666,
complex_000117,0.26666666666666666,0.6666666666666666,
complex_000117,0.4,0.6666666666666666,
complex_000117,0.3333333333333333,0.6666666666666666,
complex_000117,0.2777777777777778,0.8333333333333334,
complex_000117,0.17647058823529413,0.5,
complex_000117,0.17647058823529413,0.5,
complex_000117,0.07692307692307693,0.16666666666666666,
complex_000117,0.3125,0.8333333333333334,
complex_000117,0.2,0.6666666666666666,
complex_000117,0.2857142857142857,0.6666666666666666,
complex_000117,0.3125,0.8333333333333334,
complex_000117,0.21052631578947367,0.6666666666666666,
complex_000117,0.21052631578947367,0.6666666666666666,
complex_000117,0.21052631578947367,0.6666666666666666,
complex_000117,0.25,0.6666666666666666,
complex_000117,0.16666666666666666,0.5,
complex_000117,0.35714285714285715,0.8333333333333334,
complex_000117,0.2857142857142857,0.6666666666666666,
complex_000117,0.2222222222222222,0.6666666666666666,
complex_000117,0.17647058823529413,0.5,
complex_000117,0.375,0.5,
complex_000117,0.21739130434782608,0.8333333333333334,
complex_000117,0.25,0.6666666666666666,
complex_000117,0.15789473684210525,0.5,
complex_000117,0.3333333333333333,0.8333333333333334,
complex_000117,0.21052631578947367,0.6666666666666666,
complex_000117,0.29411764705882354,0.8333333333333334,
complex_000117,0.625,0.8333333333333334,
complex_000117,0.2,0.5,
complex_000117,0.1875,0.5,
complex_000117,0.1111111111111111,0.5,
complex_000117,0.2857142857142857,1.0,
complex_000117,0.36363636363636365,0.6666666666666666,
complex_000117,0.1111111111111111,0.3333333333333333,
complex_000117,0.3076923076923077,0.6666666666666666,
complex_000117,0.2857142857142857,1.0,
complex_000117,0.2608695652173913,1.0,
complex_000117,0.2,0.6666666666666666,
complex_000117,0.5,0.8333333333333334,
complex_000117,0.3333333333333333,0.6666666666666666,
complex_000117,0.25,0.6666666666666666,
complex_000117,0.23529411764705882,0.6666666666666666,
complex_000117,0.11764705882352941,0.3333333333333333,
complex_000117,0.3125,0.8333333333333334,
complex_000117,0.06666666666666667,0.3333333333333333,
complex_000117,0.16666666666666666,0.3333333333333333,
complex_000117,0.5555555555555556,0.8333333333333334,
complex_000117,0.2857142857142857,0.6666666666666666,
complex_000117,0.21739130434782608,0.8333333333333334,
complex_000117,0.42857142857142855,1.0,
complex_000117,0.2727272727272727,0.5,
complex_000117,0.15,0.5,
complex_000117,0.38461538461538464,0.8333333333333334,
complex_000117,0.2,0.6666666666666666,
complex_000117,0.25,0.5,
complex_000117,0.26666666666666666,0.6666666666666666,
complex_000117,0.2,0.6666666666666666,
complex_000117,0.18181818181818182,0.6666666666666666,
complex_000117,0.2222222222222222,0.6666666666666666,
complex_000117,0.3125,0.8333333333333334,
complex_000117,0.15384615384615385,0.3333333333333333,
complex_000117,0.2222222222222222,1.0,
complex_000117,0.125,0.16666666666666666,
complex_000117,0.17647058823529413,0.5,
complex_000117,0.1111111111111111,0.3333333333333333,
complex_000117,0.29411764705882354,0.8333333333333334,
complex_000117,0.26666666666666666,0.6666666666666666,
complex_000117,0.4166666666666667,0.8333333333333334,
complex_000117,0.2222222222222222,0.6666666666666666,
complex_000117,0.18181818181818182,0.6666666666666666,
complex_000117,0.3125,0.8333333333333334,
complex_000117,0.22727272727272727,0.8333333333333334,
complex_000117,0.35714285714285715,0.8333333333333334,
complex_000117,0.15,0.5,
complex_000117,0.125,0.3333333333333333,
complex_000117,0.09523809523809523,0.3333333333333333,
complex_000117,0.25,0.6666666666666666,
complex_000117,0.2857142857142857,0.6666666666666666,
complex_000140,0.2631578947368421,0.35714285714285715,
complex_000140,0.25,0.35714285714285715,
complex_000140,0.2857142857142857,0.42857142857142855,
complex_000140,0.2,0.2857142857142857,
complex_000140,0.25,0.2857142857142857,
complex_000140,0.21052631578947367,0.2857142857142857,
complex_000140,0.2222222222222222,0.2857142857142857,
complex_000140,0.14814814814814814,0.2857142857142857,
complex_000140,0.17857142857142858,0.35714285714285715,
complex_000140,0.14285714285714285,0.14285714285714285,
complex_000140,0.2916666666666667,0.5,
complex_000140,0.3,0.42857142857142855,
complex_000140,0.14285714285714285,0.14285714285714285,
complex_000140,0.23809523809523808,0.35714285714285715,
complex_000140,0.23809523809523808,0.35714285714285715,
complex_000140,0.25,0.5,
complex_000140,0.22727272727272727,0.35714285714285715,
complex_000140,0.0625,0.07142857142857142,
complex_000140,0.16666666666666666,0.21428571428571427,
complex_000140,0.125,0.14285714285714285,
complex_000140,0.3125,0.35714285714285715,
complex_000140,0.3181818181818182,0.5,
complex_000140,0.07142857142857142,0.07142857142857142,
complex_000140,0.23529411764705882,0.2857142857142857,
complex_000140,0.13333333333333333,0.14285714285714285,
complex_000140,0.29411764705882354,0.35714285714285715,
complex_000140,0.23076923076923078,0.42857142857142855,
complex_000140,0.23809523809523808,0.35714285714285715,
complex_000140,0.2692307692307692,0.5,
complex_000140,0.2608695652173913,0.42857142857142855,
complex_000140,0.25,0.35714285714285715,
complex_000140,0.16666666666666666,0.2857142857142857,
complex_000140,0.2,0.21428571428571427,
complex_000140,0.2,0.35714285714285715,
complex_000140,0.23529411764705882,0.2857142857142857,
complex_000140,0.2857142857142857,0.42857142857142855,
complex_000140,0.3157894736842105,0.42857142857142855,
complex_000140,0.2,0.2857142857142857,
complex_000140,0.21428571428571427,0.21428571428571427,
complex_000140,0.07142857142857142,0.07142857142857142,
complex_000140,0.0625,0.07142857142857142,
complex_000140,0.25,0.35714285714285715,
complex_000140,0.23529411764705882,0.2857142857142857,
complex_000140,0.058823529411764705,0.07142857142857142,
complex_000140,0.3333333333333333,0.42857142857142855,
complex_000140,0.11764705882352941,0.14285714285714285,
complex_000140,0.30434782608695654,0.5,
complex_000140,0.23076923076923078,0.42857142857142855,
complex_000140,0.29411764705882354,0.35714285714285715,
complex_000140,0.11764705882352941,0.14285714285714285,
complex_000140,0.17857142857142858,0.35714285714285715,
complex_000140,0.0625,0.07142857142857142,
complex_000140,0.2727272727272727,0.42857142857142855,
complex_000140,0.35,0.5,
complex_000140,0.0625,0.07142857142857142,
complex_000140,0.30434782608695654,0.5,
complex_000140,0.4375,0.5,
complex_000140,0.23809523809523808,0.35714285714285715,
complex_000140,0.2857142857142857,0.42857142857142855,
complex_000140,0.0625,0.07142857142857142,
complex_000140,0.30434782608695654,0.5,
complex_000140,0.29411764705882354,0.35714285714285715,
complex_000140,0.15,0.21428571428571427,
complex_000140,0.30434782608695654,0.5,
complex_000140,0.11764705882352941,0.14285714285714285,
complex_000140,0.20833333333333334,0.35714285714285715,
complex_000140,0.19047619047619047,0.2857142857142857,
complex_000140,0.35,0.5,
complex_000140,0.3,0.42857142857142855,
complex_000140,0.15789473684210525,0.21428571428571427,
complex_000140,0.30434782608695654,0.5,
complex_000140,0.17391304347826086,0.2857142857142857,
complex_000140,0.3684210526315789,0.5,
complex_000140,0.3,0.42857142857142855,
complex_000140,0.2608695652173913,0.42857142857142855,
complex_000140,0.07142857142857142,0.07142857142857142,
complex_000140,0.18181818181818182,0.2857142857142857,
complex_000140,0.375,0.42857142857142855,
complex_000140,0.15789473684210525,0.21428571428571427,
complex_000140,0.19230769230769232,0.35714285714285715,
complex_000140,0.23529411764705882,0.2857142857142857,
complex_000140,0.125,0.14285714285714285,
complex_000140,0.11764705882352941,0.14285714285714285,
complex_000140,0.20833333333333334,0.35714285714285715,
complex_000140,0.16666666666666666,0.2857142857142857,
complex_000140,0.21739130434782608,0.35714285714285715,
complex_000140,0.3,0.42857142857142855,
complex_000140,0.2777777777777778,0.35714285714285715,
complex_000140,0.17391304347826086,0.2857142857142857,
complex_000140,0.19047619047619047,0.2857142857142857,
complex_000140,0.29411764705882354,0.35714285714285715,
complex_000140,0.25,0.2857142857142857,
complex_000140,0.3157894736842105,0.42857142857142855,
complex_000140,0.28,0.5,
complex_000140,0.2916666666666667,0.5,
complex_000140,0.25925925925925924,0.5,
complex_000140,0.19047619047619047,0.2857142857142857,
complex_000140,0.2631578947368421,0.35714285714285715,
complex_000140,0.125,0.14285714285714285,
complex_000140,0.2222222222222222,0.2857142857142857,
complex_000141,0.25,0.4444444444444444,
complex_000141,0.5,0.7777777777777778,
complex_000141,0.6,0.6666666666666666,
complex_000141,0.35714285714285715,0.5555555555555556,
complex_000141,0.5833333333333334,0.7777777777777778,
complex_000141,0.5454545454545454,0.6666666666666666,
complex_000141,0.46153846153846156,0.6666666666666666,
complex_000141,0.5,0.5555555555555556,
complex_000141,0.5,0.7777777777777778,
complex_000141,0.4117647058823529,0.7777777777777778,
complex_000141,0.6,0.6666666666666666,
complex_000141,0.45454545454545453,0.5555555555555556,
complex_000141,0.4444444444444444,0.4444444444444444,
complex_000141,0.2222222222222222,0.2222222222222222,
complex_000141,0.5384615384615384,0.7777777777777778,
complex_000141,0.7,0.7777777777777778,
complex_000141,0.75,1.0,
complex_000141,0.375,0.6666666666666666,
complex_000141,0.5555555555555556,0.5555555555555556,
complex_000141,0.5555555555555556,0.5555555555555556,
complex_000141,0.5555555555555556,0.5555555555555556,
complex_000141,0.5833333333333334,0.7777777777777778,
complex_000141,0.5,0.6666666666666666,
complex_000141,0.7,0.7777777777777778,
complex_000141,0.3333333333333333,0.5555555555555556,
complex_000141,0.35714285714285715,0.5555555555555556,
complex_000141,0.35294117647058826,0.6666666666666666,
complex_000141,0.5384615384615384,0.7777777777777778,
complex_000141,0.5454545454545454,0.6666666666666666,
complex_000141,0.375,0.6666666666666666,
complex_000141,0.4666666666666667,0.7777777777777778,
complex_000141,0.5833333333333334,0.7777777777777778,
complex_000141,0.5555555555555556,0.5555555555555556,
complex_000141,0.35714285714285715,0.5555555555555556,
complex_000141,0.6,0.6666666666666666,
complex_000141,0.5,0.7777777777777778,
complex_000141,0.38461538461538464,0.5555555555555556,
complex_000141,0.3333333333333333,0.3333333333333333,
complex_000141,0.6666666666666666,0.6666666666666666,
complex_000141,0.6666666666666666,0.6666666666666666,
complex_000141,0.4,0.4444444444444444,
complex_000141,0.6666666666666666,0.8888888888888888,
complex_000141,0.2727272727272727,0.3333333333333333,
complex_000141,0.5384615384615384,0.7777777777777778,
complex_000141,0.5714285714285714,0.8888888888888888,
complex_000141,0.5454545454545454,0.6666666666666666,
complex_000141,0.2222222222222222,0.2222222222222222,
complex_000141,0.36363636363636365,0.4444444444444444,
complex_000141,0.4666666666666667,0.7777777777777778,
complex_000141,0.3157894736842105,0.6666666666666666,
complex_000141,0.4444444444444444,0.8888888888888888,
complex_000141,0.375,0.6666666666666666,
complex_000141,0.4444444444444444,0.4444444444444444,
complex_000141,0.2222222222222222,0.2222222222222222,
complex_000141,0.7,0.7777777777777778,
complex_000141,0.5,0.6666666666666666,
complex_000141,0.42857142857142855,0.6666666666666666,
complex_000141,0.4,0.6666666666666666,
complex_000141,0.4,0.4444444444444444,
complex_000141,0.1,0.1111111111111111,
complex_000141,0.3333333333333333,0.5555555555555556,
complex_000141,0.5833333333333334,0.7777777777777778,
complex_000141,0.38461538461538464,0.5555555555555556,
complex_000141,0.46153846153846156,0.6666666666666666,
complex_000141,0.5,0.5555555555555556,
complex_000141,0.2727272727272727,0.3333333333333333,
complex_000141,0.3333333333333333,0.4444444444444444,
complex_000141,0.3333333333333333,0.3333333333333333,
complex_000141,0.42857142857142855,0.6666666666666666,
complex_000141,0.5384615384615384,0.7777777777777778,
complex_000141,0.36363636363636365,0.4444444444444444,
complex_000141,0.2222222222222222,0.2222222222222222,
complex_000141,0.5,0.6666666666666666,
complex_000141,0.45454545454545453,0.5555555555555556,
complex_000141,0.5384615384615384,0.7777777777777778,
complex_000141,0.5,0.5555555555555556,
complex_000141,0.5,0.6666666666666666,
complex_000141,0.42857142857142855,0.6666666666666666,
complex_000141,0.7,0.7777777777777778,
complex_000141,0.3333333333333333,0.4444444444444444,
complex_000141,0.5555555555555556,0.5555555555555556,
complex_000141,0.46153846153846156,0.6666666666666666,
complex_000141,0.4,0.6666666666666666,
complex_000141,0.4117647058823529,0.7777777777777778,
complex_000141,0.4444444444444444,0.4444444444444444,
complex_000141,0.2,0.2222222222222222,
complex_000141,0.46153846153846156,0.6666666666666666,
complex_000141,0.4375,0.7777777777777778,
complex_000141,0.5555555555555556,0.5555555555555556,
complex_000141,0.5,0.6666666666666666,
complex_000141,0.5,0.5555555555555556,
complex_000141,0.5555555555555556,0.5555555555555556,
complex_000141,0.42857142857142855,0.6666666666666666,
complex_000141,0.2727272727272727,0.3333333333333333,
complex_000141,0.5454545454545454,0.6666666666666666,
complex_000141,0.5833333333333334,0.7777777777777778,
complex_000141,0.2777777777777778,0.5555555555555556,
complex_000141,0.5454545454545454,0.6666666666666666,
complex_000141,0.4666666666666667,0.7777777777777778,
complex_000141,0.3076923076923077,0.4444444444444444,
complex_000145,0.5714285714285714,1.0,
complex_000145,0.8,1.0,
complex_000145,0.2222222222222222,0.5,
complex_000145,0.42857142857142855,0.75,
complex_000145,0.6,0.75,
complex_000145,0.2,0.5,
complex_000145,0.2,0.5,
complex_000145,0.18181818181818182,0.5,
complex_000145,0.6666666666666666,1.0,
complex_000145,0.375,0.75,
complex_000145,0.18181818181818182,0.5,
complex_000145,0.25,0.25,
complex_000145,0.5,0.5,
complex_000145,0.3333333333333333,0.75,
complex_000145,0.25,0.5,
complex_000145,0.25,0.5,
complex_000145,0.5,1.0,
complex_000145,0.5,0.5,
complex_000145,0.3333333333333333,0.75,
complex_000145,0.25,0.25,
complex_000145,0.5,0.5,
complex_000145,0.5,0.5,
complex_000145,0.25,0.25,
complex_000145,0.3333333333333333,0.5,
complex_000145,0.5,0.5,
complex_000145,0.3333333333333333,0.5,
complex_000145,0.4,1.0,
complex_000145,0.5,0.75,
complex_000145,0.5,0.5,
complex_000145,0.3333333333333333,0.5,
complex_000145,0.375,0.75,
complex_000145,0.42857142857142855,0.75,
complex_000145,0.2222222222222222,1.0,
complex_000145,0.6666666666666666,1.0,
complex_000145,0.3,0.75,
complex_000145,0.4,0.5,
complex_000145,0.8,1.0,
complex_000145,0.2727272727272727,0.75,
complex_000145,0.2857142857142857,0.5,
complex_000145,0.5,0.5,
complex_000145,0.4444444444444444,1.0,
complex_000145,0.25,0.5,
complex_000145,0.4,1.0,
complex_000145,0.14285714285714285,0.25,
complex_000145,0.375,0.75,
complex_000145,0.6,0.75,
complex_000145,0.3333333333333333,0.5,
complex_000145,0.2222222222222222,0.5,
complex_000145,0.125,0.25,
complex_000145,0.42857142857142855,0.75,
complex_000145,0.3333333333333333,0.5,
complex_000145,0.3,0.75,
complex_000145,0.4444444444444444,1.0,
complex_000145,0.36363636363636365,1.0,
complex_000145,0.4444444444444444,1.0,
complex_000145,0.6,0.75,
complex_000145,0.5,0.75,
complex_000145,0.6,0.75,
complex_000145,0.5,0.5,
complex_000145,0.5714285714285714,1.0,
complex_000145,0.5,1.0,
complex_000145,0.75,0.75,
complex_000145,0.3333333333333333,0.75,
complex_000145,0.2222222222222222,0.5,
complex_000145,0.4,0.5,
complex_000145,0.5,0.75,
complex_000145,0.23076923076923078,0.75,
complex_000145,0.6666666666666666,1.0,
complex_000145,0.3333333333333333,0.75,
complex_000145,0.2222222222222222,0.5,
complex_000145,0.6,0.75,
complex_000145,0.375,0.75,
complex_000145,0.3333333333333333,0.5,
complex_000145,0.3,0.75,
complex_000145,0.4,0.5,
complex_000145,0.5,0.5,
complex_000145,0.5,0.5,
complex_000145,0.4444444444444444,1.0,
complex_000145,0.6666666666666666,1.0,
complex_000145,0.6,0.75,
complex_000145,0.6,0.75,
complex_000145,0.2727272727272727,0.75,
complex_000145,0.75,0.75,
complex_000145,0.125,0.25,
complex_000145,0.4,1.0,
complex_000145,0.2857142857142857,0.5,
complex_000145,0.07142857142857142,0.25,
complex_000145,0.5714285714285714,1.0,
complex_000145,0.5,0.75,
complex_000145,0.5,0.5,
complex_000145,0.42857142857142855,0.75,
complex_000145,0.5,0.5,
complex_000145,0.3,0.75,
complex_000145,0.6,0.75,
complex_000145,0.25,0.75,
complex_000145,0.36363636363636365,1.0,
complex_000145,0.25,0.25,
complex_000145,0.375,0.75,
complex_000145,0.25,0.5,
complex_000145,0.2727272727272727,0.75,
complex_000148,0.5,0.6666666666666666,
complex_000148,0.6666666666666666,0.6666666666666666,
complex_000148,0.13333333333333333,0.6666666666666666,
complex_000148,0.08333333333333333,0.3333333333333333,
complex_000148,0.13333333333333333,0.6666666666666666,
complex_000148,0.16666666666666666,0.3333333333333333,
complex_000148,0.2222222222222222,0.6666666666666666,
complex_000148,0.125,0.3333333333333333,
complex_000148,0.14285714285714285,0.6666666666666666,
complex_000148,0.3333333333333333,0.3333333333333333,
complex_000148,0.2,0.6666666666666666,
complex_000148,0.3333333333333333,1.0,
complex_000148,0.375,1.0,
complex_000148,0.2,0.6666666666666666,
complex_000148,0.3,1.0,
complex_000148,0.2,0.3333333333333333,
complex_000148,0.2,0.3333333333333333,
complex_000148,1.0,1.0,
complex_000148,0.3333333333333333,0.3333333333333333,
complex_000148,0.18181818181818182,0.6666666666666666,
complex_000148,0.125,0.3333333333333333,
complex_000148,0.14285714285714285,0.3333333333333333,
complex_000148,0.16666666666666666,0.3333333333333333,
complex_000148,0.25,0.3333333333333333,
complex_000148,0.5,1.0,
complex_000148,0.09090909090909091,0.3333333333333333,
complex_000148,0.07142857142857142,0.3333333333333333,
complex_000148,0.3333333333333333,0.3333333333333333,
complex_000148,0.5,1.0,
complex_000148,0.125,0.3333333333333333,
complex_000148,0.2222222222222222,0.6666666666666666,
complex_000148,0.2222222222222222,0.6666666666666666,
complex_000148,0.25,0.3333333333333333,
complex_000148,0.1,0.3333333333333333,
complex_000148,0.3333333333333333,0.6666666666666666,
complex_000148,0.2222222222222222,0.6666666666666666,
complex_000148,0.3333333333333333,0.3333333333333333,
complex_000148,0.1111111111111111,0.6666666666666666,
complex_000148,0.3333333333333333,0.3333333333333333,
complex_000148,0.3333333333333333,0.6666666666666666,
complex_000148,0.14285714285714285,0.6666666666666666,
complex_000148,0.3333333333333333,0.3333333333333333,
complex_000148,0.25,0.3333333333333333,
complex_000148,0.21428571428571427,1.0,
complex_000148,0.3333333333333333,0.3333333333333333,
complex_000148,0.42857142857142855,1.0,
complex_000148,0.2857142857142857,0.6666666666666666,
complex_000148,0.2857142857142857,0.6666666666666666,
complex_000148,0.3333333333333333,0.3333333333333333,
complex_000148,0.5,0.6666666666666666,
complex_000148,0.1,0.3333333333333333,
complex_000148,0.3333333333333333,1.0,
complex_000148,0.3333333333333333,0.3333333333333333,
complex_000148,0.14285714285714285,0.3333333333333333,
complex_000148,0.1111111111111111,0.3333333333333333,
complex_000148,0.16666666666666666,0.3333333333333333,
complex_000148,0.2222222222222222,0.6666666666666666,
complex_000148,0.16666666666666666,0.6666666666666666,
complex_000148,0.2,0.3333333333333333,
complex_000148,0.2727272727272727,1.0,
complex_000148,0.2,0.3333333333333333,
complex_000148,0.5,1.0,
complex_000148,0.3333333333333333,0.3333333333333333,
complex_000148,0.16666666666666666,0.3333333333333333,
complex_000148,0.25,0.3333333333333333,
complex_000148,0.4,0.6666666666666666,
complex_000148,0.4,0.6666666666666666,
complex_000148,0.2857142857142857,0.6666666666666666,
complex_000148,0.1,0.3333333333333333,
complex_000148,0.3,1.0,
complex_000148,0.21428571428571427,1.0,
complex_000148,0.4,0.6666666666666666,
complex_000148,0.1,0.3333333333333333,
complex_000148,0.4,0.6666666666666666,
complex_000148,0.2,0.3333333333333333,
complex_000148,0.2857142857142857,0.6666666666666666,
complex_000148,0.3333333333333333,0.3333333333333333,
complex_000148,0.3333333333333333,0.6666666666666666,
complex_000148,0.3333333333333333,0.3333333333333333,
complex_000148,0.2857142857142857,0.6666666666666666,
complex_000148,0.6666666666666666,0.6666666666666666,
complex_000148,0.16666666666666666,0.3333333333333333,
complex_000148,0.375,1.0,
complex_000148,0.4,0.6666666666666666,
complex_000148,0.3,1.0,
complex_000148,0.25,0.3333333333333333,
complex_000148,0.4,0.6666666666666666,
complex_000148,0.1,0.3333333333333333,
complex_000148,0.3333333333333333,0.3333333333333333,
complex_000148,0.25,0.3333333333333333,
complex_000148,0.16666666666666666,0.3333333333333333,
complex_000148,0.3333333333333333,1.0,
complex_000148,0.125,0.3333333333333333,
complex_000148,0.16666666666666666,0.3333333333333333,
complex_000148,0.125,0.3333333333333333,
complex_000148,0.125,0.3333333333333333,
complex_000148,0.2,0.3333333333333333,
complex_000148,0.1,0.3333333333333333,
complex_000148,0.42857142857142855,1.0,
complex_000148,0.2,0.3333333333333333,
complex_000149,0.08333333333333333,0.1111111111111111,
complex_000149,0.3888888888888889,0.7777777777777778,
complex_000149,0.2727272727272727,0.3333333333333333,
complex_000149,0.25,0.3333333333333333,
complex_000149,0.16666666666666666,0.3333333333333333,
complex_000149,0.35,0.7777777777777778,
complex_000149,0.3181818181818182,0.7777777777777778,
complex_000149,0.35294117647058826,0.6666666666666666,
complex_000149,0.09090909090909091,0.1111111111111111,
complex_000149,0.29411764705882354,0.5555555555555556,
complex_000149,0.21428571428571427,0.3333333333333333,
complex_000149,0.5,0.5555555555555556,
complex_000149,0.2,0.3333333333333333,
complex_000149,0.35294117647058826,0.6666666666666666,
complex_000149,0.16666666666666666,0.2222222222222222,
complex_000149,0.21739130434782608,0.5555555555555556,
complex_000149,0.3125,0.5555555555555556,
complex_000149,0.4,0.6666666666666666,
complex_000149,0.18181818181818182,0.2222222222222222,
complex_000149,0.1875,0.3333333333333333,
complex_000149,0.15789473684210525,0.3333333333333333,
complex_000149,0.18181818181818182,0.2222222222222222,
complex_000149,0.47058823529411764,0.8888888888888888,
complex_000149,0.4,0.6666666666666666,
complex_000149,0.18181818181818182,0.2222222222222222,
complex_000149,0.35714285714285715,0.5555555555555556,
complex_000149,0.2916666666666667,0.7777777777777778,
complex_000149,0.05263157894736842,0.1111111111111111,
complex_000149,0.26666666666666666,0.4444444444444444,
complex_000149,0.4375,0.7777777777777778,
complex_000149,0.5333333333333333,0.8888888888888888,
complex_000149,0.3,0.3333333333333333,
complex_000149,0.2857142857142857,0.6666666666666666,
complex_000149,0.15,0.3333333333333333,
complex_000149,0.4166666666666667,0.5555555555555556,
complex_000149,0.25,0.3333333333333333,
complex_000149,0.375,0.6666666666666666,
complex_000149,0.2631578947368421,0.5555555555555556,
complex_000149,0.16666666666666666,0.2222222222222222,
complex_000149,0.35714285714285715,0.5555555555555556,
complex_000149,0.46153846153846156,0.6666666666666666,
complex_000149,0.2222222222222222,0.4444444444444444,
complex_000149,0.46153846153846156,0.6666666666666666,
complex_000149,0.26666666666666666,0.4444444444444444,
complex_000149,0.16666666666666666,0.2222222222222222,
complex_000149,0.2,0.4444444444444444,
complex_000149,0.2222222222222222,0.2222222222222222,
complex_000149,0.2727272727272727,0.6666666666666666,
complex_000149,0.15789473684210525,0.3333333333333333,
complex_000149,0.23809523809523808,0.5555555555555556,
complex_000149,0.36363636363636365,0.4444444444444444,
complex_000149,0.2222222222222222,0.4444444444444444,
complex_000149,0.09090909090909091,0.1111111111111111,
complex_000149,0.42105263157894735,0.8888888888888888,
complex_000149,0.3181818181818182,0.7777777777777778,
complex_000149,0.2,0.3333333333333333,
complex_000149,0.3333333333333333,0.6666666666666666,
complex_000149,0.08333333333333333,0.1111111111111111,
complex_000149,0.19047619047619047,0.4444444444444444,
complex_000149,0.08333333333333333,0.1111111111111111,
complex_000149,0.35294117647058826,0.6666666666666666,
complex_000149,0.3076923076923077,0.4444444444444444,
complex_000149,0.3333333333333333,0.4444444444444444,
complex_000149,0.11538461538461539,0.3333333333333333,
complex_000149,0.2631578947368421,0.5555555555555556,
complex_000149,0.18181818181818182,0.2222222222222222,
complex_000149,0.3,0.3333333333333333,
complex_000149,0.29411764705882354,0.5555555555555556,
complex_000149,0.4,0.8888888888888888,
complex_000149,0.3888888888888889,0.7777777777777778,
complex_000149,0.3125,0.5555555555555556,
complex_000149,0.2608695652173913,0.6666666666666666,
complex_000149,0.09523809523809523,0.2222222222222222,
complex_000149,0.2631578947368421,0.5555555555555556,
complex_000149,0.18181818181818182,0.2222222222222222,
complex_000149,0.6,0.6666666666666666,
complex_000149,0.16666666666666666,0.3333333333333333,
complex_000149,0.1,0.1111111111111111,
complex_000149,0.25,0.4444444444444444,
complex_000149,0.35294117647058826,0.6666666666666666,
complex_000149,0.17647058823529413,0.3333333333333333,
complex_000149,0.17391304347826086,0.4444444444444444,
complex_000149,0.3076923076923077,0.4444444444444444,
complex_000149,0.2631578947368421,0.5555555555555556,
complex_000149,0.21428571428571427,0.3333333333333333,
complex_000149,0.4375,0.7777777777777778,
complex_000149,0.47058823529411764,0.8888888888888888,
complex_000149,0.6,0.6666666666666666,
complex_000149,0.3333333333333333,0.6666666666666666,
complex_000149,0.16666666666666666,0.2222222222222222,
complex_000149,0.23076923076923078,0.3333333333333333,
complex_000149,0.3684210526315789,0.7777777777777778,
complex_000149,0.375,0.6666666666666666,
complex_000149,0.29411764705882354,0.5555555555555556,
complex_000149,0.26666666666666666,0.4444444444444444,
complex_000149,0.07142857142857142,0.1111111111111111,
complex_000149,0.2727272727272727,0.3333333333333333,
complex_000149,0.35294117647058826,0.6666666666666666,
complex_000149,0.35,0.7777777777777778,
complex_000149,0.4375,0.7777777777777778,
complex_000165,0.21875,0.4666666666666667,
complex_000165,0.5,0.5333333333333333,
complex_000165,0.3333333333333333,0.4,
complex_000165,0.5882352941176471,0.6666666666666666,
complex_000165,0.625,0.6666666666666666,
complex_000165,0.5263157894736842,0.6666666666666666,
complex_000165,0.45,0.6,
complex_000165,0.3103448275862069,0.6,
complex_000165,0.5,0.7333333333333333,
complex_000165,0.42105263157894735,0.5333333333333333,
complex_000165,0.3333333333333333,0.5333333333333333,
complex_000165,0.42857142857142855,0.6,
complex_000165,0.32142857142857145,0.6,
complex_000165,0.43478260869565216,0.6666666666666666,
complex_000165,0.2631578947368421,0.3333333333333333,
complex_000165,0.5714285714285714,0.8,
complex_000165,0.4444444444444444,0.5333333333333333,
complex_000165,0.4444444444444444,0.5333333333333333,
complex_000165,0.42105263157894735,0.5333333333333333,
complex_000165,0.3333333333333333,0.5333333333333333,
complex_000165,0.391304347826087,0.6,
complex_000165,0.4117647058823529,0.4666666666666667,
complex_000165,0.4,0.5333333333333333,
complex_000165,0.2857142857142857,0.5333333333333333,
complex_000165,0.5217391304347826,0.8,
complex_000165,0.3,0.4,
complex_000165,0.20833333333333334,0.3333333333333333,
complex_000165,0.36363636363636365,0.5333333333333333,
complex_000165,0.4117647058823529,0.4666666666666667,
complex_000165,0.32142857142857145,0.6,
complex_000165,0.3684210526315789,0.4666666666666667,
complex_000165,0.3333333333333333,0.4,
complex_000165,0.4782608695652174,0.7333333333333333,
complex_000165,0.2916666666666667,0.4666666666666667,
complex_000165,0.21428571428571427,0.4,
complex_000165,0.2692307692307692,0.4666666666666667,
complex_000165,0.24,0.4,
complex_000165,0.4666666666666667,0.4666666666666667,
complex_000165,0.44,0.7333333333333333,
complex_000165,0.43478260869565216,0.6666666666666666,
complex_000165,0.36363636363636365,0.5333333333333333,
complex_000165,0.1724137931034483,0.3333333333333333,
complex_000165,0.38095238095238093,0.5333333333333333,
complex_000165,0.35294117647058826,0.4,
complex_000165,0.2916666666666667,0.4666666666666667,
complex_000165,0.25,0.3333333333333333,
complex_000165,0.4,0.5333333333333333,
complex_000165,0.35,0.4666666666666667,
complex_000165,0.47058823529411764,0.5333333333333333,
complex_000165,0.26666666666666666,0.5333333333333333,
complex_000165,0.3333333333333333,0.5333333333333333,
complex_000165,0.38095238095238093,0.5333333333333333,
complex_000165,0.4,0.5333333333333333,
complex_000165,0.3125,0.3333333333333333,
complex_000165,0.25,0.26666666666666666,
complex_000165,0.3125,0.3333333333333333,
complex_000165,0.3103448275862069,0.6,
complex_000165,0.25,0.5333333333333333,
complex_000165,0.25,0.4,
complex_000165,0.1935483870967742,0.4,
complex_000165,0.2916666666666667,0.4666666666666667,
complex_000165,0.3157894736842105,0.4,
complex_000165,0.4,0.5333333333333333,
complex_000165,0.44,0.7333333333333333,
complex_000165,0.3157894736842105,0.4,
complex_000165,0.2962962962962963,0.5333333333333333,
complex_000165,0.5,0.6666666666666666,
complex_000165,0.5882352941176471,0.6666666666666666,
complex_000165,0.25925925925925924,0.4666666666666667,
complex_000165,0.45454545454545453,0.6666666666666666,
complex_000165,0.1891891891891892,0.4666666666666667,
complex_000165,0.375,0.6,
complex_000165,0.35,0.4666666666666667,
complex_000165,0.22727272727272727,0.3333333333333333,
complex_000165,0.3333333333333333,0.5333333333333333,
complex_000165,0.38461538461538464,0.6666666666666666,
complex_000165,0.25,0.3333333333333333,
complex_000165,0.47368421052631576,0.6,
complex_000165,0.3333333333333333,0.7333333333333333,
complex_000165,0.5238095238095238,0.7333333333333333,
complex_000165,0.4090909090909091,0.6,
complex_000165,0.42857142857142855,0.8,
complex_000165,0.28,0.4666666666666667,
complex_000165,0.34782608695652173,0.5333333333333333,
complex_000165,0.30434782608695654,0.4666666666666667,
complex_000165,0.5,0.6666666666666666,
complex_000165,0.38095238095238093,0.5333333333333333,
complex_000165,0.24,0.4,
complex_000165,0.5,0.8,
complex_000165,0.4166666666666667,0.6666666666666666,
complex_000165,0.35294117647058826,0.4,
complex_000165,0.45,0.6,
complex_000165,0.375,0.6,
complex_000165,0.42857142857142855,0.6,
complex_000165,0.2777777777777778,0.3333333333333333,
complex_000165,0.2777777777777778,0.3333333333333333,
complex_000165,0.5,0.5333333333333333,
complex_000165,0.2857142857142857,0.4,
complex_000165,0.3157894736842105,0.4,
complex_000165,0.3793103448275862,0.7333333333333333,
complex_000170,0.2777777777777778,0.7142857142857143,
complex_000170,0.35714285714285715,0.7142857142857143,
complex_000170,0.75,0.8571428571428571,
complex_000170,0.26666666666666666,0.5714285714285714,
complex_000170,0.4375,1.0,
complex_000170,0.5555555555555556,0.7142857142857143,
complex_000170,0.4444444444444444,0.5714285714285714,
complex_000170,0.2222222222222222,0.5714285714285714,
complex_000170,0.4166666666666667,0.7142857142857143,
complex_000170,0.7142857142857143,0.7142857142857143,
complex_000170,0.3125,0.7142857142857143,
complex_000170,0.46153846153846156,0.8571428571428571,
complex_000170,0.21052631578947367,0.5714285714285714,
complex_000170,0.375,0.8571428571428571,
complex_000170,0.2,0.5714285714285714,
complex_000170,0.4,0.8571428571428571,
complex_000170,0.45454545454545453,0.7142857142857143,
complex_000170,0.29411764705882354,0.7142857142857143,
complex_000170,0.2727272727272727,0.42857142857142855,
complex_000170,0.4166666666666667,0.7142857142857143,
complex_000170,0.4444444444444444,0.5714285714285714,
complex_000170,0.6666666666666666,0.8571428571428571,
complex_000170,0.3,0.42857142857142855,
complex_000170,0.24,0.8571428571428571,
complex_000170,0.2,0.2857142857142857,
complex_000170,0.4117647058823529,1.0,
complex_000170,0.5,0.7142857142857143,
complex_000170,0.3125,0.7142857142857143,
complex_000170,0.4,0.8571428571428571,
complex_000170,0.17391304347826086,0.5714285714285714,
complex_000170,0.5,0.7142857142857143,
complex_000170,0.4166666666666667,0.7142857142857143,
complex_000170,0.5,0.5714285714285714,
complex_000170,0.5555555555555556,0.7142857142857143,
complex_000170,0.375,0.8571428571428571,
complex_000170,0.15789473684210525,0.42857142857142855,
complex_000170,0.625,0.7142857142857143,
complex_000170,0.25,0.42857142857142855,
complex_000170,0.4,0.5714285714285714,
complex_000170,0.4,0.8571428571428571,
complex_000170,0.29411764705882354,0.7142857142857143,
complex_000170,0.26666666666666666,0.5714285714285714,
complex_000170,0.3333333333333333,0.7142857142857143,
complex_000170,0.46153846153846156,0.8571428571428571,
complex_000170,0.23529411764705882,0.5714285714285714,
complex_000170,0.3,0.42857142857142855,
complex_000170,0.3,0.8571428571428571,
complex_000170,0.375,0.42857142857142855,
complex_000170,0.375,0.8571428571428571,
complex_000170,0.3125,0.7142857142857143,
complex_000170,0.4,0.8571428571428571,
complex_000170,0.375,0.8571428571428571,
complex_000170,0.42857142857142855,0.42857142857142855,
complex_000170,0.5,0.7142857142857143,
complex_000170,0.625,0.7142857142857143,
complex_000170,0.3,0.8571428571428571,
complex_000170,0.3888888888888889,1.0,
complex_000170,0.4,0.8571428571428571,
complex_000170,0.45454545454545453,0.7142857142857143,
complex_000170,0.4444444444444444,0.5714285714285714,
complex_000170,0.35294117647058826,0.8571428571428571,
complex_000170,0.38461538461538464,0.7142857142857143,
complex_000170,0.625,0.7142857142857143,
complex_000170,0.625,0.7142857142857143,
complex_000170,0.3125,0.7142857142857143,
complex_000170,0.3333333333333333,0.7142857142857143,
complex_000170,0.5,0.8571428571428571,
complex_000170,0.625,0.7142857142857143,
complex_000170,0.3333333333333333,0.7142857142857143,
complex_000170,0.3333333333333333,0.7142857142857143,
complex_000170,0.35714285714285715,0.7142857142857143,
complex_000170,0.24,0.8571428571428571,
complex_000170,0.7142857142857143,0.7142857142857143,
complex_000170,0.4,0.8571428571428571,
complex_000170,0.6,0.8571428571428571,
complex_000170,0.26666666666666666,0.5714285714285714,
complex_000170,0.5555555555555556,0.7142857142857143,
complex_000170,0.46153846153846156,0.8571428571428571,
complex_000170,0.4,0.8571428571428571,
complex_000170,0.35294117647058826,0.8571428571428571,
complex_000170,0.6,0.8571428571428571,
complex_000170,0.625,0.7142857142857143,
complex_000170,0.5,0.8571428571428571,
complex_000170,0.45454545454545453,0.7142857142857143,
complex_000170,0.35714285714285715,0.7142857142857143,
complex_000170,0.5555555555555556,0.7142857142857143,
complex_000170,0.3157894736842105,0.8571428571428571,
complex_000170,0.2222222222222222,0.2857142857142857,
complex_000170,0.3333333333333333,0.7142857142857143,
complex_000170,0.35714285714285715,0.7142857142857143,
complex_000170,0.4,0.8571428571428571,
complex_000170,0.2727272727272727,0.8571428571428571,
complex_000170,0.4166666666666667,0.7142857142857143,
complex_000170,0.26666666666666666,0.5714285714285714,
complex_000170,0.45454545454545453,0.7142857142857143,
complex_000170,0.4,0.5714285714285714,
complex_000170,0.5555555555555556,0.7142857142857143,
complex_000170,0.2777777777777778,0.7142857142857143,
complex_000170,0.3125,0.7142857142857143,
complex_000170,0.4117647058823529,1.0,
complex_000177,0.5384615384615384,0.7,
complex_000177,0.2608695652173913,0.6,
complex_000177,0.5333333333333333,0.8,
complex_000177,0.4117647058823529,0.7,
complex_000177,0.23809523809523808,0.5,
complex_000177,0.26666666666666666,0.4,
complex_000177,0.4117647058823529,0.7,
complex_000177,0.6153846153846154,0.8,
complex_000177,0.4117647058823529,0.7,
complex_000177,0.4,0.6,
complex_000177,0.29411764705882354,0.5,
complex_000177,0.18181818181818182,0.2,
complex_000177,0.4117647058823529,0.7,
complex_000177,0.3333333333333333,0.4,
complex_000177,0.4,0.6,
complex_000177,0.5,0.6,
complex_000177,0.46153846153846156,0.6,
complex_000177,0.4166666666666667,0.5,
complex_000177,0.3,0.3,
complex_000177,0.45454545454545453,0.5,
complex_000177,0.36363636363636365,0.8,
complex_000177,0.2,0.2,
complex_000177,0.3333333333333333,0.4,
complex_000177,0.42105263157894735,0.8,
complex_000177,0.45454545454545453,0.5,
complex_000177,0.22727272727272727,0.5,
complex_000177,0.4,0.6,
complex_000177,0.3888888888888889,0.7,
complex_000177,0.5333333333333333,0.8,
complex_000177,0.4,0.4,
complex_000177,0.3888888888888889,0.7,
complex_000177,0.36363636363636365,0.4,
complex_000177,0.47058823529411764,0.8,
complex_000177,0.29411764705882354,0.5,
complex_000177,0.36363636363636365,0.4,
complex_000177,0.35294117647058826,0.6,
complex_000177,0.46153846153846156,0.6,
complex_000177,0.5,0.8,
complex_000177,0.4375,0.7,
complex_000177,0.23529411764705882,0.4,
complex_000177,0.4375,0.7,
complex_000177,0.4166666666666667,0.5,
complex_000177,0.3888888888888889,0.7,
complex_000177,0.4666666666666667,0.7,
complex_000177,0.4375,0.7,
complex_000177,0.4166666666666667,0.5,
complex_000177,0.2916666666666667,0.7,
complex_000177,0.4,0.6,
complex_000177,0.46153846153846156,0.6,
complex_000177,0.3076923076923077,0.4,
complex_000177,0.5384615384615384,0.7,
complex_000177,0.5,0.6,
complex_000177,0.5,0.6,
complex_000177,0.3125,0.5,
complex_000177,0.4117647058823529,0.7,
complex_000177,0.3333333333333333,0.6,
complex_000177,0.2857142857142857,0.4,
complex_000177,0.4,0.6,
complex_000177,0.5,0.6,
complex_000177,0.46153846153846156,0.6,
complex_000177,0.30434782608695654,0.7,
complex_000177,0.46153846153846156,0.6,
complex_000177,0.4666666666666667,0.7,
complex_000177,0.38461538461538464,0.5,
complex_000177,0.5384615384615384,0.7,
complex_000177,0.35294117647058826,0.6,
complex_000177,0.3,0.6,
complex_000177,0.47058823529411764,0.8,
complex_000177,0.4666666666666667,0.7,
complex_000177,0.3157894736842105,0.6,
complex_000177,0.3125,0.5,
complex_000177,0.4166666666666667,0.5,
complex_000177,0.5,0.6,
complex_000177,0.3157894736842105,0.6,
complex_000177,0.35294117647058826,0.6,
complex_000177,0.47368421052631576,0.9,
complex_000177,0.3333333333333333,0.6,
complex_000177,0.5333333333333333,0.8,
complex_000177,0.375,0.6,
complex_000177,0.3181818181818182,0.7,
complex_000177,0.375,0.6,
complex_000177,0.4,0.4,
complex_000177,0.42857142857142855,0.6,
complex_000177,0.25,0.5,
complex_000177,0.2631578947368421,0.5,
complex_000177,0.3333333333333333,0.4,
complex_000177,0.4,0.6,
complex_000177,0.5333333333333333,0.8,
complex_000177,0.5,0.8,
complex_000177,0.3333333333333333,0.6,
complex_000177,0.46153846153846156,0.6,
complex_000177,0.4166666666666667,0.5,
complex_000177,0.21052631578947367,0.4,
complex_000177,0.4166666666666667,0.5,
complex_000177,0.25,0.6,
complex_000177,0.2,0.4,
complex_000177,0.4,0.6,
complex_000177,0.375,0.6,
complex_000177,0.2857142857142857,0.4,
complex_000177,0.3076923076923077,0.4,
complex_000179,0.3333333333333333,0.6363636363636364,
complex_000179,0.3333333333333333,0.36363636363636365,
complex_000179,0.36363636363636365,0.36363636363636365,
complex_000179,0.23076923076923078,0.2727272727272727,
complex_000179,0.3076923076923077,0.36363636363636365,
complex_000179,0.5,0.7272727272727273,
complex_000179,0.5333333333333333,0.7272727272727273,
complex_000179,0.4,0.5454545454545454,
complex_000179,0.5714285714285714,0.7272727272727273,
complex_000179,0.4117647058823529,0.6363636363636364,
complex_000179,0.6153846153846154,0.7272727272727273,
complex_000179,0.25,0.2727272727272727,
complex_000179,0.5384615384615384,0.6363636363636364,
complex_000179,0.4375,0.6363636363636364,
complex_000179,0.4375,0.6363636363636364,
complex_000179,0.36363636363636365,0.36363636363636365,
complex_000179,0.6363636363636364,0.6363636363636364,
complex_000179,0.38461538461538464,0.45454545454545453,
complex_000179,0.25,0.2727272727272727,
complex_000179,0.38461538461538464,0.45454545454545453,
complex_000179,0.4666666666666667,0.6363636363636364,
complex_000179,0.35714285714285715,0.45454545454545453,
complex_000179,0.46153846153846156,0.5454545454545454,
complex_000179,0.375,0.5454545454545454,
complex_000179,0.5,0.7272727272727273,
complex_000179,0.3333333333333333,0.36363636363636365,
complex_000179,0.2857142857142857,0.36363636363636365,
complex_000179,0.25,0.2727272727272727,
complex_000179,0.5,0.7272727272727273,
complex_000179,0.47368421052631576,0.8181818181818182,
complex_000179,0.3333333333333333,0.5454545454545454,
complex_000179,0.4166666666666667,0.45454545454545453,
complex_000179,0.35714285714285715,0.45454545454545453,
complex_000179,0.3,0.5454545454545454,
complex_000179,0.4375,0.6363636363636364,
complex_000179,0.5,0.7272727272727273,
complex_000179,0.43478260869565216,0.9090909090909091,
complex_000179,0.5,0.6363636363636364,
complex_000179,0.7142857142857143,0.9090909090909091,
complex_000179,0.5,0.8181818181818182,
complex_000179,0.30434782608695654,0.6363636363636364,
complex_000179,0.3333333333333333,0.6363636363636364,
complex_000179,0.3076923076923077,0.36363636363636365,
complex_000179,0.5714285714285714,0.7272727272727273,
complex_000179,0.18181818181818182,0.18181818181818182,
complex_000179,0.391304347826087,0.8181818181818182,
complex_000179,0.38095238095238093,0.7272727272727273,
complex_000179,0.5833333333333334,0.6363636363636364,
complex_000179,0.4444444444444444,0.7272727272727273,
complex_000179,0.4666666666666667,0.6363636363636364,
complex_000179,0.5333333333333333,0.7272727272727273,
complex_000179,0.3684210526315789,0.6363636363636364,
complex_000179,0.23076923076923078,0.5454545454545454,
complex_000179,0.5,0.5454545454545454,
complex_000179,0.4375,0.6363636363636364,
complex_000179,0.45,0.8181818181818182,
complex_000179,0.5625,0.8181818181818182,
complex_000179,0.45454545454545453,0.9090909090909091,
complex_000179,0.47368421052631576,0.8181818181818182,
complex_000179,0.47058823529411764,0.7272727272727273,
complex_000179,0.38095238095238093,0.7272727272727273,
complex_000179,0.47619047619047616,0.9090909090909091,
complex_000179,0.35714285714285715,0.45454545454545453,
complex_000179,0.4444444444444444,0.7272727272727273,
complex_000179,0.6363636363636364,0.6363636363636364,
complex_000179,0.3333333333333333,0.5454545454545454,
complex_000179,0.5625,0.8181818181818182,
complex_000179,0.47619047619047616,0.9090909090909091,
complex_000179,0.4117647058823529,0.6363636363636364,
complex_000179,0.18181818181818182,0.18181818181818182,
complex_000179,0.5714285714285714,0.7272727272727273,
complex_000179,0.5882352941176471,0.9090909090909091,
complex_000179,0.4166666666666667,0.45454545454545453,
complex_000179,0.35714285714285715,0.45454545454545453,
complex_000179,0.3333333333333333,0.36363636363636365,
complex_000179,0.3333333333333333,0.45454545454545453,
complex_000179,0.35,0.6363636363636364,
complex_000179,0.3684210526315789,0.6363636363636364,
complex_000179,0.6428571428571429,0.8181818181818182,
complex_000179,0.35714285714285715,0.45454545454545453,
complex_000179,0.5714285714285714,0.7272727272727273,
complex_000179,0.5555555555555556,0.9090909090909091,
complex_000179,0.4,0.7272727272727273,
complex_000179,0.5,0.5454545454545454,
complex_000179,0.3333333333333333,0.36363636363636365,
complex_000179,0.47058823529411764,0.7272727272727273,
complex_000179,0.47058823529411764,0.7272727272727273,
complex_000179,0.45454545454545453,0.45454545454545453,
complex_000179,0.23076923076923078,0.2727272727272727,
complex_000179,0.5882352941176471,0.9090909090909091,
complex_000179,0.4166666666666667,0.45454545454545453,
complex_000179,0.34782608695652173,0.7272727272727273,
complex_000179,0.09090909090909091,0.09090909090909091,
complex_000179,0.5625,0.8181818181818182,
complex_000179,0.46153846153846156,0.5454545454545454,
complex_000179,0.5333333333333333,0.7272727272727273,
complex_000179,0.45454545454545453,0.45454545454545453,
complex_000179,0.3333333333333333,0.45454545454545453,
complex_000179,0.35714285714285715,0.45454545454545453,
complex_000179,0.36363636363636365,0.36363636363636365,
complex_000191,0.2727272727272727,0.3157894736842105,
complex_000191,0.2727272727272727,0.3157894736842105,
complex_000191,0.20833333333333334,0.2631578947368421,
complex_000191,0.2608695652173913,0.3157894736842105,
complex_000191,0.2,0.21052631578947367,
complex_000191,0.3,0.3157894736842105,
complex_000191,0.3157894736842105,0.3157894736842105,
complex_000191,0.22727272727272727,0.2631578947368421,
complex_000191,0.5714285714285714,0.631578947368421,
complex_000191,0.25,0.3157894736842105,
complex_000191,0.4,0.42105263157894735,
complex_000191,0.3333333333333333,0.42105263157894735,
complex_000191,0.3157894736842105,0.3157894736842105,
complex_000191,0.3076923076923077,0.42105263157894735,
complex_000191,0.32,0.42105263157894735,
complex_000191,0.2608695652173913,0.3157894736842105,
complex_000191,0.2727272727272727,0.3157894736842105,
complex_000191,0.23809523809523808,0.2631578947368421,
complex_000191,0.18518518518518517,0.2631578947368421,
complex_000191,0.25,0.2631578947368421,
complex_000191,0.2916666666666667,0.3684210526315789,
complex_000191,0.34615384615384615,0.47368421052631576,
complex_000191,0.25,0.2631578947368421,
complex_000191,0.4090909090909091,0.47368421052631576,
complex_000191,0.35,0.3684210526315789,
complex_000191,0.4090909090909091,0.47368421052631576,
complex_000191,0.4166666666666667,0.5263157894736842,
complex_000191,0.47619047619047616,0.5263157894736842,
complex_000191,0.2857142857142857,0.3157894736842105,
complex_000191,0.30434782608695654,0.3684210526315789,
complex_000191,0.36,0.47368421052631576,
complex_000191,0.2692307692307692,0.3684210526315789,
complex_000191,0.2916666666666667,0.3684210526315789,
complex_000191,0.2692307692307692,0.3684210526315789,
complex_000191,0.2608695652173913,0.3157894736842105,
complex_000191,0.21052631578947367,0.21052631578947367,
complex_000191,0.2857142857142857,0.3157894736842105,
complex_000191,0.3333333333333333,0.3684210526315789,
complex_000191,0.34782608695652173,0.42105263157894735,
complex_000191,0.32,0.42105263157894735,
complex_000191,0.23809523809523808,0.2631578947368421,
complex_000191,0.25,0.3157894736842105,
complex_000191,0.30434782608695654,0.3684210526315789,
complex_000191,0.25,0.3157894736842105,
complex_000191,0.2727272727272727,0.3157894736842105,
complex_000191,0.36363636363636365,0.42105263157894735,
complex_000191,0.43478260869565216,0.5263157894736842,
complex_000191,0.30434782608695654,0.3684210526315789,
complex_000191,0.3,0.3157894736842105,
complex_000191,0.4,0.42105263157894735,
complex_000191,0.22727272727272727,0.2631578947368421,
complex_000191,0.42857142857142855,0.47368421052631576,
complex_000191,0.25,0.2631578947368421,
complex_000191,0.2727272727272727,0.3157894736842105,
complex_000191,0.23076923076923078,0.3157894736842105,
complex_000191,0.3,0.3157894736842105,
complex_000191,0.23809523809523808,0.2631578947368421,
complex_000191,0.391304347826087,0.47368421052631576,
complex_000191,0.23809523809523808,0.2631578947368421,
complex_000191,0.35,0.3684210526315789,
complex_000191,0.3333333333333333,0.3684210526315789,
complex_000191,0.25925925925925924,0.3684210526315789,
complex_000191,0.3333333333333333,0.3684210526315789,
complex_000191,0.3,0.3157894736842105,
complex_000191,0.2916666666666667,0.3684210526315789,
complex_000191,0.23809523809523808,0.2631578947368421,
complex_000191,0.2692307692307692,0.3684210526315789,
complex_000191,0.16666666666666666,0.2631578947368421,
complex_000191,0.3,0.3157894736842105,
complex_000191,0.3181818181818182,0.3684210526315789,
complex_000191,0.23809523809523808,0.2631578947368421,
complex_000191,0.4,0.42105263157894735,
complex_000191,0.24,0.3157894736842105,
complex_000191,0.34782608695652173,0.42105263157894735,
complex_000191,0.23809523809523808,0.2631578947368421,
complex_000191,0.34782608695652173,0.42105263157894735,
complex_000191,0.21739130434782608,0.2631578947368421,
complex_000191,0.19047619047619047,0.21052631578947367,
complex_000191,0.2727272727272727,0.3157894736842105,
complex_000191,0.47619047619047616,0.5263157894736842,
complex_000191,0.391304347826087,0.47368421052631576,
complex_000191,0.3157894736842105,0.3157894736842105,
complex_000191,0.30434782608695654,0.3684210526315789,
complex_000191,0.2,0.21052631578947367,
complex_000191,0.5238095238095238,0.5789473684210527,
complex_000191,0.2916666666666667,0.3684210526315789,
complex_000191,0.30434782608695654,0.3684210526315789,
complex_000191,0.25,0.3684210526315789,
complex_000191,0.25,0.3157894736842105,
complex_000191,0.24,0.3157894736842105,
complex_000191,0.38095238095238093,0.42105263157894735,
complex_000191,0.2916666666666667,0.3684210526315789,
complex_000191,0.38095238095238093,0.42105263157894735,
complex_000191,0.23809523809523808,0.2631578947368421,
complex_000191,0.2857142857142857,0.3157894736842105,
complex_000191,0.38095238095238093,0.42105263157894735,
complex_000191,0.35,0.3684210526315789,
complex_000191,0.28,0.3684210526315789,
complex_000191,0.23809523809523808,0.2631578947368421,
complex_000191,0.2222222222222222,0.3157894736842105,
complex_000193,0.5625,0.6428571428571429,
complex_000193,0.17647058823529413,0.21428571428571427,
complex_000193,0.2777777777777778,0.35714285714285715,
complex_000193,0.2916666666666667,0.5,
complex_000193,0.17647058823529413,0.21428571428571427,
complex_000193,0.3157894736842105,0.42857142857142855,
complex_000193,0.21052631578947367,0.2857142857142857,
complex_000193,0.47368421052631576,0.6428571428571429,
complex_000193,0.20689655172413793,0.42857142857142855,
complex_000193,0.3,0.42857142857142855,
complex_000193,0.3181818181818182,0.5,
complex_000193,0.3181818181818182,0.5,
complex_000193,0.23529411764705882,0.2857142857142857,
complex_000193,0.35294117647058826,0.42857142857142855,
complex_000193,0.52,0.9285714285714286,
complex_000193,0.42105263157894735,0.5714285714285714,
complex_000193,0.15789473684210525,0.21428571428571427,
complex_000193,0.3333333333333333,0.42857142857142855,
complex_000193,0.2222222222222222,0.2857142857142857,
complex_000193,0.2777777777777778,0.35714285714285715,
complex_000193,0.2,0.21428571428571427,
complex_000193,0.2,0.2857142857142857,
complex_000193,0.3684210526315789,0.5,
complex_000193,0.125,0.14285714285714285,
complex_000193,0.13043478260869565,0.21428571428571427,
complex_000193,0.3,0.42857142857142855,
complex_000193,0.1875,0.21428571428571427,
complex_000193,0.5789473684210527,0.7857142857142857,
complex_000193,0.3888888888888889,0.5,
complex_000193,0.4,0.42857142857142855,
complex_000193,0.3,0.42857142857142855,
complex_000193,0.19047619047619047,0.2857142857142857,
complex_000193,0.19047619047619047,0.2857142857142857,
complex_000193,0.125,0.14285714285714285,
complex_000193,0.13333333333333333,0.14285714285714285,
complex_000193,0.35294117647058826,0.42857142857142855,
complex_000193,0.2857142857142857,0.42857142857142855,
complex_000193,0.18181818181818182,0.2857142857142857,
complex_000193,0.10526315789473684,0.14285714285714285,
complex_000193,0.15,0.21428571428571427,
complex_000193,0.2727272727272727,0.42857142857142855,
complex_000193,0.55,0.7857142857142857,
complex_000193,0.14285714285714285,0.21428571428571427,
complex_000193,0.45,0.6428571428571429,
complex_000193,0.3333333333333333,0.5714285714285714,
complex_000193,0.13333333333333333,0.14285714285714285,
complex_000193,0.25,0.35714285714285715,
complex_000193,0.3333333333333333,0.5714285714285714,
complex_000193,0.2608695652173913,0.42857142857142855,
complex_000193,0.20833333333333334,0.35714285714285715,
complex_000193,0.3333333333333333,0.42857142857142855,
complex_000193,0.1111111111111111,0.14285714285714285,
complex_000193,0.3157894736842105,0.42857142857142855,
complex_000193,0.44,0.7857142857142857,
complex_000193,0.2,0.2857142857142857,
complex_000193,0.391304347826087,0.6428571428571429,
complex_000193,0.4,0.5714285714285714,
complex_000193,0.3181818181818182,0.5,
complex_000193,0.17647058823529413,0.21428571428571427,
complex_000193,0.17647058823529413,0.21428571428571427,
complex_000193,0.2916666666666667,0.5,
complex_000193,0.15,0.21428571428571427,
complex_000193,0.19047619047619047,0.2857142857142857,
complex_000193,0.3333333333333333,0.5,
complex_000193,0.23529411764705882,0.2857142857142857,
complex_000193,0.23809523809523808,0.35714285714285715,
complex_000193,0.4090909090909091,0.6428571428571429,
complex_000193,0.25,0.2857142857142857,
complex_000193,0.42105263157894735,0.5714285714285714,
complex_000193,0.3333333333333333,0.42857142857142855,
complex_000193,0.2,0.35714285714285715,
complex_000193,0.42105263157894735,0.5714285714285714,
complex_000193,0.17647058823529413,0.21428571428571427,
complex_000193,0.23529411764705882,0.2857142857142857,
complex_000193,0.1111111111111111,0.14285714285714285,
complex_000193,0.3684210526315789,0.5,
complex_000193,0.15,0.21428571428571427,
complex_000193,0.43478260869565216,0.7142857142857143,
complex_000193,0.375,0.6428571428571429,
complex_000193,0.2,0.2857142857142857,
complex_000193,0.3,0.42857142857142855,
complex_000193,0.14285714285714285,0.21428571428571427,
complex_000193,0.375,0.42857142857142855,
complex_000193,0.18518518518518517,0.35714285714285715,
complex_000193,0.25,0.2857142857142857,
complex_000193,0.18181818181818182,0.2857142857142857,
complex_000193,0.125,0.14285714285714285,
complex_000193,0.10526315789473684,0.14285714285714285,
complex_000193,0.2727272727272727,0.42857142857142855,
complex_000193,0.23529411764705882,0.2857142857142857,
complex_000193,0.3333333333333333,0.35714285714285715,
complex_000193,0.3333333333333333,0.35714285714285715,
complex_000193,0.16666666666666666,0.21428571428571427,
complex_000193,0.2727272727272727,0.42857142857142855,
complex_000193,0.3181818181818182,0.5,
complex_000193,0.18181818181818182,0.2857142857142857,
complex_000193,0.42105263157894735,0.5714285714285714,
complex_000193,0.375,0.42857142857142855,
complex_000193,0.36363636363636365,0.5714285714285714,
complex_000193,0.2857142857142857,0.42857142857142855,
complex_000223,0.2857142857142857,0.2857142857142857,
complex_000223,0.3,0.42857142857142855,
complex_000223,0.3333333333333333,0.42857142857142855,
complex_000223,0.375,0.42857142857142855,
complex_000223,0.2222222222222222,0.2857142857142857,
complex_000223,0.18181818181818182,0.2857142857142857,
complex_000223,0.2,0.2857142857142857,
complex_000223,0.13333333333333333,0.2857142857142857,
complex_000223,0.18181818181818182,0.2857142857142857,
complex_000223,0.36363636363636365,0.5714285714285714,
complex_000223,0.36363636363636365,0.5714285714285714,
complex_000223,0.2222222222222222,0.2857142857142857,
complex_000223,0.45454545454545453,0.7142857142857143,
complex_000223,0.3,0.42857142857142855,
complex_000223,0.25,0.2857142857142857,
complex_000223,0.25,0.2857142857142857,
complex_000223,0.25,0.2857142857142857,
complex_000223,0.25,0.42857142857142855,
complex_000223,0.36363636363636365,0.5714285714285714,
complex_000223,0.18181818181818182,0.2857142857142857,
complex_000223,0.2727272727272727,0.42857142857142855,
complex_000223,0.15384615384615385,0.2857142857142857,
complex_000223,0.375,0.42857142857142855,
complex_000223,0.2222222222222222,0.2857142857142857,
complex_000223,0.21428571428571427,0.42857142857142855,
complex_000223,0.3,0.42857142857142855,
complex_000223,0.3333333333333333,0.42857142857142855,
complex_000223,0.42857142857142855,0.42857142857142855,
complex_000223,0.4166666666666667,0.7142857142857143,
complex_000223,0.25,0.42857142857142855,
complex_000223,0.2,0.2857142857142857,
complex_000223,0.2,0.2857142857142857,
complex_000223,0.23076923076923078,0.42857142857142855,
complex_000223,0.42857142857142855,0.42857142857142855,
complex_000223,0.375,0.42857142857142855,
complex_000223,0.2222222222222222,0.2857142857142857,
complex_000223,0.25,0.2857142857142857,
complex_000223,0.3333333333333333,0.42857142857142855,
complex_000223,0.3333333333333333,0.42857142857142855,
complex_000223,0.42857142857142855,0.42857142857142855,
complex_000223,0.25,0.42857142857142855,
complex_000223,0.2727272727272727,0.42857142857142855,
complex_000223,0.2222222222222222,0.2857142857142857,
complex_000223,0.375,0.42857142857142855,
complex_000223,0.42857142857142855,0.42857142857142855,
complex_000223,0.3333333333333333,0.5714285714285714,
complex_000223,0.18181818181818182,0.2857142857142857,
complex_000223,0.3333333333333333,0.42857142857142855,
complex_000223,0.3333333333333333,0.42857142857142855,
complex_000223,0.5,0.7142857142857143,
complex_000223,0.2222222222222222,0.2857142857142857,
complex_000223,0.2857142857142857,0.5714285714285714,
complex_000223,0.25,0.42857142857142855,
complex_000223,0.2222222222222222,0.2857142857142857,
complex_000223,0.2222222222222222,0.2857142857142857,
complex_000223,0.3076923076923077,0.5714285714285714,
complex_000223,0.4444444444444444,0.5714285714285714,
complex_000223,0.25,0.2857142857142857,
complex_000223,0.2222222222222222,0.2857142857142857,
complex_000223,0.14285714285714285,0.2857142857142857,
complex_000223,0.2,0.2857142857142857,
complex_000223,0.2857142857142857,0.2857142857142857,
complex_000223,0.25,0.2857142857142857,
complex_000223,0.25,0.2857142857142857,
complex_000223,0.3333333333333333,0.42857142857142855,
complex_000223,0.3,0.42857142857142855,
complex_000223,0.2222222222222222,0.2857142857142857,
complex_000223,0.2727272727272727,0.42857142857142855,
complex_000223,0.25,0.2857142857142857,
complex_000223,0.25,0.2857142857142857,
complex_000223,0.3,0.42857142857142855,
complex_000223,0.375,0.42857142857142855,
complex_000223,0.21428571428571427,0.42857142857142855,
complex_000223,0.3,0.42857142857142855,
complex_000223,0.36363636363636365,0.5714285714285714,
complex_000223,0.2,0.2857142857142857,
complex_000223,0.2222222222222222,0.2857142857142857,
complex_000223,0.16666666666666666,0.2857142857142857,
complex_000223,0.375,0.42857142857142855,
complex_000223,0.2,0.2857142857142857,
complex_000223,0.3076923076923077,0.5714285714285714,
complex_000223,0.42857142857142855,0.42857142857142855,
complex_000223,0.3333333333333333,0.42857142857142855,
complex_000223,0.2857142857142857,0.2857142857142857,
complex_000223,0.375,0.42857142857142855,
complex_000223,0.42857142857142855,0.42857142857142855,
complex_000223,0.2,0.2857142857142857,
complex_000223,0.2857142857142857,0.2857142857142857,
complex_000223,0.26666666666666666,0.5714285714285714,
complex_000223,0.2,0.2857142857142857,
complex_000223,0.2727272727272727,0.42857142857142855,
complex_000223,0.375,0.42857142857142855,
complex_000223,0.2,0.2857142857142857,
complex_000223,0.3,0.42857142857142855,
complex_000223,0.2222222222222222,0.2857142857142857,
complex_000223,0.4,0.5714285714285714,
complex_000223,0.15384615384615385,0.2857142857142857,
complex_000223,0.25,0.42857142857142855,
complex_000223,0.3,0.42857142857142855,
complex_000223,0.23076923076923078,0.42857142857142855,
complex_000236,0.15789473684210525,0.2,
complex_000236,0.2777777777777778,0.3333333333333333,
complex_000236,0.375,0.4,
complex_000236,0.21052631578947367,0.26666666666666666,
complex_000236,0.13333333333333333,0.13333333333333333,
complex_000236,0.13333333333333333,0.13333333333333333,
complex_000236,0.2777777777777778,0.3333333333333333,
complex_000236,0.25,0.3333333333333333,
complex_000236,0.26666666666666666,0.26666666666666666,
complex_000236,0.25,0.26666666666666666,
complex_000236,0.3333333333333333,0.4,
complex_000236,0.2777777777777778,0.3333333333333333,
complex_000236,0.35294117647058826,0.4,
complex_000236,0.13333333333333333,0.13333333333333333,
complex_000236,0.2222222222222222,0.26666666666666666,
complex_000236,0.375,0.4,
complex_000236,0.26666666666666666,0.26666666666666666,
complex_000236,0.2,0.26666666666666666,
complex_000236,0.3684210526315789,0.4666666666666667,
complex_000236,0.2,0.2,
complex_000236,0.13333333333333333,0.13333333333333333,
complex_000236,0.17647058823529413,0.2,
complex_000236,0.23529411764705882,0.26666666666666666,
complex_000236,0.13333333333333333,0.13333333333333333,
complex_000236,0.13333333333333333,0.13333333333333333,
complex_000236,0.2777777777777778,0.3333333333333333,
complex_000236,0.2777777777777778,0.3333333333333333,
complex_000236,0.375,0.4,
complex_000236,0.2,0.2,
complex_000236,0.5,0.5333333333333333,
complex_000236,0.3333333333333333,0.3333333333333333,
complex_000236,0.3333333333333333,0.3333333333333333,
complex_000236,0.3333333333333333,0.4,
complex_000236,0.26666666666666666,0.26666666666666666,
complex_000236,0.16,0.26666666666666666,
complex_000236,0.06666666666666667,0.06666666666666667,
complex_000236,0.5,0.5333333333333333,
complex_000236,0.06666666666666667,0.06666666666666667,
complex_000236,0.35294117647058826,0.4,
complex_000236,0.16666666666666666,0.2,
complex_000236,0.3125,0.3333333333333333,
complex_000236,0.4,0.4,
complex_000236,0.5333333333333333,0.5333333333333333,
complex_000236,0.3125,0.3333333333333333,
complex_000236,0.3333333333333333,0.3333333333333333,
complex_000236,0.23529411764705882,0.26666666666666666,
complex_000236,0.38095238095238093,0.5333333333333333,
complex_000236,0.3333333333333333,0.3333333333333333,
complex_000236,0.23529411764705882,0.26666666666666666,
complex_000236,0.5,0.5333333333333333,
complex_000236,0.2,0.3333333333333333,
complex_000236,0.0625,0.06666666666666667,
complex_000236,0.3333333333333333,0.3333333333333333,
complex_000236,0.2,0.2,
complex_000236,0.15,0.2,
complex_000236,0.25,0.26666666666666666,
complex_000236,0.17647058823529413,0.2,
complex_000236,0.2,0.2,
complex_000236,0.25,0.26666666666666666,
complex_000236,0.3333333333333333,0.4,
complex_000236,0.2,0.2,
complex_000236,0.375,0.4,
complex_000236,0.25,0.26666666666666666,
complex_000236,0.4375,0.4666666666666667,
complex_000236,0.25,0.3333333333333333,
complex_000236,0.3684210526315789,0.4666666666666667,
complex_000236,0.3125,0.3333333333333333,
complex_000236,0.1875,0.2,
complex_000236,0.2,0.2,
complex_000236,0.25,0.3333333333333333,
complex_000236,0.2777777777777778,0.3333333333333333,
complex_000236,0.13333333333333333,0.13333333333333333,
complex_000236,0.25,0.26666666666666666,
complex_000236,0.1875,0.2,
complex_000236,0.3125,0.3333333333333333,
complex_000236,0.1875,0.2,
complex_000236,0.35,0.4666666666666667,
complex_000236,0.3888888888888889,0.4666666666666667,
complex_000236,0.3333333333333333,0.3333333333333333,
complex_000236,0.21052631578947367,0.26666666666666666,
complex_000236,0.3333333333333333,0.3333333333333333,
complex_000236,0.3125,0.3333333333333333,
complex_000236,0.2608695652173913,0.4,
complex_000236,0.4,0.4,
complex_000236,0.2,0.2,
complex_000236,0.3333333333333333,0.3333333333333333,
complex_000236,0.25,0.26666666666666666,
complex_000236,0.2222222222222222,0.26666666666666666,
complex_000236,0.2777777777777778,0.3333333333333333,
complex_000236,0.42105263157894735,0.5333333333333333,
complex_000236,0.2,0.2,
complex_000236,0.3157894736842105,0.4,
complex_000236,0.5,0.6,
complex_000236,0.29411764705882354,0.3333333333333333,
complex_000236,0.3684210526315789,0.4666666666666667,
complex_000236,0.2,0.2,
complex_000236,0.25,0.26666666666666666,
complex_000236,0.4117647058823529,0.4666666666666667,
complex_000236,0.2,0.26666666666666666,
complex_000236,0.5882352941176471,0.6666666666666666,
complex_000266,0.2222222222222222,0.2857142857142857,
complex_000266,0.21428571428571427,0.42857142857142855,
complex_000266,0.2727272727272727,0.42857142857142855,
complex_000266,0.23076923076923078,0.42857142857142855,
complex_000266,0.3333333333333333,0.5714285714285714,
complex_000266,0.21428571428571427,0.42857142857142855,
complex_000266,0.3076923076923077,0.5714285714285714,
complex_000266,0.4444444444444444,0.5714285714285714,
complex_000266,0.35714285714285715,0.7142857142857143,
complex_000266,0.2222222222222222,0.2857142857142857,
complex_000266,0.2,0.2857142857142857,
complex_000266,0.25,0.42857142857142855,
complex_000266,0.2777777777777778,0.7142857142857143,
complex_000266,0.14285714285714285,0.2857142857142857,
complex_000266,0.09090909090909091,0.14285714285714285,
complex_000266,0.3076923076923077,0.5714285714285714,
complex_000266,0.5,0.7142857142857143,
complex_000266,0.2,0.42857142857142855,
complex_000266,0.3333333333333333,0.5714285714285714,
complex_000266,0.3333333333333333,0.7142857142857143,
complex_000266,0.4166666666666667,0.7142857142857143,
complex_000266,0.2,0.42857142857142855,
complex_000266,0.5,0.5714285714285714,
complex_000266,0.21428571428571427,0.42857142857142855,
complex_000266,0.36363636363636365,0.5714285714285714,
complex_000266,0.23076923076923078,0.42857142857142855,
complex_000266,0.1875,0.42857142857142855,
complex_000266,0.3333333333333333,0.42857142857142855,
complex_000266,0.26666666666666666,0.5714285714285714,
complex_000266,0.1875,0.42857142857142855,
complex_000266,0.2,0.42857142857142855,
complex_000266,0.2,0.5714285714285714,
complex_000266,0.3076923076923077,0.5714285714285714,
complex_000266,0.17647058823529413,0.42857142857142855,
complex_000266,0.26666666666666666,0.5714285714285714,
complex_000266,0.3076923076923077,0.5714285714285714,
complex_000266,0.2857142857142857,0.5714285714285714,
complex_000266,0.25,0.42857142857142855,
complex_000266,0.3333333333333333,0.42857142857142855,
complex_000266,0.2727272727272727,0.42857142857142855,
complex_000266,0.3,0.42857142857142855,
complex_000266,0.4,0.8571428571428571,
complex_000266,0.2222222222222222,0.5714285714285714,
complex_000266,0.2727272727272727,0.42857142857142855,
complex_000266,0.25,0.5714285714285714,
complex_000266,0.2727272727272727,0.42857142857142855,
complex_000266,0.38461538461538464,0.7142857142857143,
complex_000266,0.23076923076923078,0.42857142857142855,
complex_000266,0.3333333333333333,0.42857142857142855,
complex_000266,0.17647058823529413,0.42857142857142855,
complex_000266,0.2,0.42857142857142855,
complex_000266,0.36363636363636365,0.5714285714285714,
complex_000266,0.2727272727272727,0.42857142857142855,
complex_000266,0.4166666666666667,0.7142857142857143,
complex_000266,0.25,0.42857142857142855,
complex_000266,0.3333333333333333,0.42857142857142855,
complex_000266,0.35714285714285715,0.7142857142857143,
complex_000266,0.23076923076923078,0.42857142857142855,
complex_000266,0.4166666666666667,0.7142857142857143,
complex_000266,0.2857142857142857,0.5714285714285714,
complex_000266,0.3,0.42857142857142855,
complex_000266,0.2727272727272727,0.42857142857142855,
complex_000266,0.18181818181818182,0.2857142857142857,
complex_000266,0.3125,0.7142857142857143,
complex_000266,0.25,0.42857142857142855,
complex_000266,0.2727272727272727,0.42857142857142855,
complex_000266,0.23076923076923078,0.42857142857142855,
complex_000266,0.3333333333333333,0.5714285714285714,
complex_000266,0.2727272727272727,0.42857142857142855,
complex_000266,0.2857142857142857,0.5714285714285714,
complex_000266,0.2,0.2857142857142857,
complex_000266,0.25,0.5714285714285714,
complex_000266,0.25,0.5714285714285714,
complex_000266,0.2727272727272727,0.42857142857142855,
complex_000266,0.1875,0.42857142857142855,
complex_000266,0.4,0.8571428571428571,
complex_000266,0.36363636363636365,0.5714285714285714,
complex_000266,0.3076923076923077,0.5714285714285714,
complex_000266,0.25,0.5714285714285714,
complex_000266,0.3333333333333333,0.42857142857142855,
complex_000266,0.15384615384615385,0.2857142857142857,
complex_000266,0.2,0.42857142857142855,
complex_000266,0.3076923076923077,0.5714285714285714,
complex_000266,0.14285714285714285,0.2857142857142857,
complex_000266,0.4,0.5714285714285714,
complex_000266,0.3076923076923077,0.5714285714285714,
complex_000266,0.2727272727272727,0.42857142857142855,
complex_000266,0.3076923076923077,0.5714285714285714,
complex_000266,0.3333333333333333,0.42857142857142855,
complex_000266,0.1875,0.42857142857142855,
complex_000266,0.2857142857142857,0.5714285714285714,
complex_000266,0.3,0.42857142857142855,
complex_000266,0.14285714285714285,0.42857142857142855,
complex_000266,0.2727272727272727,0.42857142857142855,
complex_000266,0.23076923076923078,0.42857142857142855,
complex_000266,0.2727272727272727,0.42857142857142855,
complex_000266,0.25,0.5714285714285714,
complex_000266,0.36363636363636365,0.5714285714285714,
complex_000266,0.2,0.2857142857142857,
complex_000266,0.4,0.5714285714285714,
complex_000269,0.43478260869565216,0.7142857142857143,
complex_000269,0.4,0.5714285714285714,
complex_000269,0.36,0.6428571428571429,
complex_000269,0.47368421052631576,0.6428571428571429,
complex_000269,0.2727272727272727,0.42857142857142855,
complex_000269,0.42857142857142855,0.6428571428571429,
complex_000269,0.5263157894736842,0.7142857142857143,
complex_000269,0.5263157894736842,0.7142857142857143,
complex_000269,0.34782608695652173,0.5714285714285714,
complex_000269,0.4375,0.5,
complex_000269,0.47619047619047616,0.7142857142857143,
complex_000269,0.47368421052631576,0.6428571428571429,
complex_000269,0.5,0.5714285714285714,
complex_000269,0.47368421052631576,0.6428571428571429,
complex_000269,0.3333333333333333,0.5714285714285714,
complex_000269,0.42857142857142855,0.6428571428571429,
complex_000269,0.43478260869565216,0.7142857142857143,
complex_000269,0.36,0.6428571428571429,
complex_000269,0.38095238095238093,0.5714285714285714,
complex_000269,0.5789473684210527,0.7857142857142857,
complex_000269,0.47368421052631576,0.6428571428571429,
complex_000269,0.3,0.6428571428571429,
complex_000269,0.45,0.6428571428571429,
complex_000269,0.47619047619047616,0.7142857142857143,
complex_000269,0.4782608695652174,0.7857142857142857,
complex_000269,0.5,0.6428571428571429,
complex_000269,0.4,0.5714285714285714,
complex_000269,0.375,0.6428571428571429,
complex_000269,0.4074074074074074,0.7857142857142857,
complex_000269,0.36,0.6428571428571429,
complex_000269,0.3333333333333333,0.6428571428571429,
complex_000269,0.43478260869565216,0.7142857142857143,
complex_000269,0.25,0.2857142857142857,
complex_000269,0.3684210526315789,0.5,
complex_000269,0.4,0.5714285714285714,
complex_000269,0.5263157894736842,0.7142857142857143,
complex_000269,0.4166666666666667,0.7142857142857143,
complex_000269,0.3333333333333333,0.5714285714285714,
complex_000269,0.4,0.5714285714285714,
complex_000269,0.4230769230769231,0.7857142857142857,
complex_000269,0.25,0.2857142857142857,
complex_000269,0.48,0.8571428571428571,
complex_000269,0.38095238095238093,0.5714285714285714,
complex_000269,0.5,0.7857142857142857,
complex_000269,0.43478260869565216,0.7142857142857143,
complex_000269,0.65,0.9285714285714286,
complex_000269,0.631578947368421,0.8571428571428571,
complex_000269,0.5,0.5714285714285714,
complex_000269,0.20833333333333334,0.35714285714285715,
complex_000269,0.5,0.6428571428571429,
complex_000269,0.38095238095238093,0.5714285714285714,
complex_000269,0.5882352941176471,0.7142857142857143,
complex_000269,0.4230769230769231,0.7857142857142857,
complex_000269,0.3333333333333333,0.5714285714285714,
complex_000269,0.55,0.7857142857142857,
complex_000269,0.34782608695652173,0.5714285714285714,
complex_000269,0.2631578947368421,0.35714285714285715,
complex_000269,0.3125,0.35714285714285715,
complex_000269,0.36,0.6428571428571429,
complex_000269,0.35,0.5,
complex_000269,0.47368421052631576,0.6428571428571429,
complex_000269,0.5,0.7142857142857143,
complex_000269,0.3793103448275862,0.7857142857142857,
complex_000269,0.37037037037037035,0.7142857142857143,
complex_000269,0.36363636363636365,0.5714285714285714,
complex_000269,0.47058823529411764,0.5714285714285714,
complex_000269,0.36363636363636365,0.5714285714285714,
complex_000269,0.4090909090909091,0.6428571428571429,
complex_000269,0.375,0.42857142857142855,
complex_000269,0.4090909090909091,0.6428571428571429,
complex_000269,0.5,0.7857142857142857,
complex_000269,0.375,0.42857142857142855,
complex_000269,0.3,0.42857142857142855,
complex_000269,0.55,0.7857142857142857,
complex_000269,0.5882352941176471,0.7142857142857143,
complex_000269,0.34782608695652173,0.5714285714285714,
complex_000269,0.45454545454545453,0.7142857142857143,
complex_000269,0.4117647058823529,0.5,
complex_000269,0.38095238095238093,0.5714285714285714,
complex_000269,0.36363636363636365,0.5714285714285714,
complex_000269,0.25925925925925924,0.5,
complex_000269,0.39285714285714285,0.7857142857142857,
complex_000269,0.35294117647058826,0.42857142857142855,
complex_000269,0.4166666666666667,0.7142857142857143,
complex_000269,0.2727272727272727,0.42857142857142855,
complex_000269,0.35,0.5,
complex_000269,0.38095238095238093,0.5714285714285714,
complex_000269,0.23076923076923078,0.42857142857142855,
complex_000269,0.5,0.6428571428571429,
complex_000269,0.29411764705882354,0.35714285714285715,
complex_000269,0.2727272727272727,0.42857142857142855,
complex_000269,0.45454545454545453,0.7142857142857143,
complex_000269,0.47619047619047616,0.7142857142857143,
complex_000269,0.7777777777777778,1.0,
complex_000269,0.42857142857142855,0.6428571428571429,
complex_000269,0.3888888888888889,0.5,
complex_000269,0.3,0.42857142857142855,
complex_000269,0.3103448275862069,0.6428571428571429,
complex_000269,0.3684210526315789,0.5,
complex_000269,0.28,0.5,
complex_000292,0.14285714285714285,0.16666666666666666,
complex_000292,0.2857142857142857,0.3333333333333333,
complex_000292,0.14285714285714285,0.16666666666666666,
complex_000292,0.2857142857142857,0.3333333333333333,
complex_000292,0.3,0.5,
complex_000292,0.42857142857142855,0.5,
complex_000292,0.375,0.5,
complex_000292,0.2857142857142857,0.3333333333333333,
complex_000292,0.2,0.3333333333333333,
complex_000292,0.16666666666666666,0.16666666666666666,
complex_000292,0.16666666666666666,0.16666666666666666,
complex_000292,0.42857142857142855,0.5,
complex_000292,0.25,0.3333333333333333,
complex_000292,0.25,0.3333333333333333,
complex_000292,0.16666666666666666,0.16666666666666666,
complex_000292,0.25,0.3333333333333333,
complex_000292,0.375,0.5,
complex_000292,0.25,0.3333333333333333,
complex_000292,0.16666666666666666,0.16666666666666666,
complex_000292,0.5,0.6666666666666666,
complex_000292,0.2222222222222222,0.3333333333333333,
complex_000292,0.3333333333333333,0.3333333333333333,
complex_000292,0.2222222222222222,0.3333333333333333,
complex_000292,0.25,0.3333333333333333,
complex_000292,0.14285714285714285,0.16666666666666666,
complex_000292,0.2,0.3333333333333333,
complex_000292,0.3,0.5,
complex_000292,0.16666666666666666,0.16666666666666666,
complex_000292,0.3333333333333333,0.3333333333333333,
complex_000292,0.2222222222222222,0.3333333333333333,
complex_000292,0.42857142857142855,0.5,
complex_000292,0.5,0.5,
complex_000292,0.16666666666666666,0.16666666666666666,
complex_000292,0.2222222222222222,0.3333333333333333,
complex_000292,0.3333333333333333,0.5,
complex_000292,0.2857142857142857,0.3333333333333333,
complex_000292,0.375,0.5,
complex_000292,0.25,0.3333333333333333,
complex_000292,0.375,0.5,
complex_000292,0.2857142857142857,0.3333333333333333,
complex_000292,0.2857142857142857,0.3333333333333333,
complex_000292,0.5,0.5,
complex_000292,0.3333333333333333,0.5,
complex_000292,0.16666666666666666,0.16666666666666666,
complex_000292,0.2857142857142857,0.3333333333333333,
complex_000292,0.2857142857142857,0.3333333333333333,
complex_000292,0.125,0.16666666666666666,
complex_000292,0.3333333333333333,0.3333333333333333,
complex_000292,0.2857142857142857,0.3333333333333333,
complex_000292,0.25,0.3333333333333333,
complex_000292,0.5,0.5,
complex_000292,0.3333333333333333,0.3333333333333333,
complex_000292,0.2857142857142857,0.3333333333333333,
complex_000292,0.3333333333333333,0.3333333333333333,
complex_000292,0.2857142857142857,0.3333333333333333,
complex_000292,0.2857142857142857,0.3333333333333333,
complex_000292,0.1111111111111111,0.16666666666666666,
complex_000292,0.2222222222222222,0.3333333333333333,
complex_000292,0.2857142857142857,0.3333333333333333,
complex_000292,0.4444444444444444,0.6666666666666666,
complex_000292,0.16666666666666666,0.16666666666666666,
complex_000292,0.3333333333333333,0.5,
complex_000292,0.42857142857142855,0.5,
complex_000292,0.16666666666666666,0.16666666666666666,
complex_000292,0.3333333333333333,0.5,
complex_000292,0.2857142857142857,0.3333333333333333,
complex_000292,0.16666666666666666,0.16666666666666666,
complex_000292,0.3333333333333333,0.3333333333333333,
complex_000292,0.2222222222222222,0.3333333333333333,
complex_000292,0.5,0.6666666666666666,
complex_000292,0.375,0.5,
complex_000292,0.42857142857142855,0.5,
complex_000292,0.2222222222222222,0.3333333333333333,
complex_000292,0.2222222222222222,0.3333333333333333,
complex_000292,0.0,0.0,
complex_000292,0.16666666666666666,0.16666666666666666,
complex_000292,0.5714285714285714,0.6666666666666666,
complex_000292,0.42857142857142855,0.5,
complex_000292,0.4444444444444444,0.6666666666666666,
complex_000292,0.16666666666666666,0.16666666666666666,
complex_000292,0.25,0.3333333333333333,
complex_000292,0.2857142857142857,0.3333333333333333,
complex_000292,0.2857142857142857,0.3333333333333333,
complex_000292,0.14285714285714285,0.16666666666666666,
complex_000292,0.3333333333333333,0.3333333333333333,
complex_000292,0.16666666666666666,0.16666666666666666,
complex_000292,0.42857142857142855,0.5,
complex_000292,0.14285714285714285,0.16666666666666666,
complex_000292,0.625,0.8333333333333334,
complex_000292,0.5,0.5,
complex_000292,0.42857142857142855,0.5,
complex_000292,0.3333333333333333,0.5,
complex_000292,0.2857142857142857,0.3333333333333333,
complex_000292,0.3333333333333333,0.3333333333333333,
complex_000292,0.25,0.3333333333333333,
complex_000292,0.3333333333333333,0.5,
complex_000292,0.16666666666666666,0.16666666666666666,
complex_000292,0.25,0.3333333333333333,
complex_000292,0.2,0.3333333333333333,
complex_000292,0.3,0.5,
complex_000305,0.22727272727272727,0.4166666666666667,
complex_000305,0.2777777777777778,0.4166666666666667,
complex_000305,0.25,0.4166666666666667,
complex_000305,0.2857142857142857,0.5,
complex_000305,0.2857142857142857,0.3333333333333333,
complex_000305,0.3157894736842105,0.5,
complex_000305,0.21428571428571427,0.25,
complex_000305,0.35714285714285715,0.4166666666666667,
complex_000305,0.35714285714285715,0.4166666666666667,
complex_000305,0.24,0.5,
complex_000305,0.3181818181818182,0.5833333333333334,
complex_000305,0.36363636363636365,0.6666666666666666,
complex_000305,0.16,0.3333333333333333,
complex_000305,0.2222222222222222,0.3333333333333333,
complex_000305,0.2777777777777778,0.4166666666666667,
complex_000305,0.2857142857142857,0.5,
complex_000305,0.46153846153846156,0.5,
complex_000305,0.2727272727272727,0.5,
complex_000305,0.2857142857142857,0.5,
complex_000305,0.25,0.4166666666666667,
complex_000305,0.29411764705882354,0.4166666666666667,
complex_000305,0.3333333333333333,0.4166666666666667,
complex_000305,0.21739130434782608,0.4166666666666667,
complex_000305,0.23529411764705882,0.3333333333333333,
complex_000305,0.3333333333333333,0.4166666666666667,
complex_000305,0.21739130434782608,0.4166666666666667,
complex_000305,0.2222222222222222,0.3333333333333333,
complex_000305,0.22727272727272727,0.4166666666666667,
complex_000305,0.35,0.5833333333333334,
complex_000305,0.2631578947368421,0.4166666666666667,
complex_000305,0.23529411764705882,0.3333333333333333,
complex_000305,0.3333333333333333,0.5,
complex_000305,0.3157894736842105,0.5,
complex_000305,0.3181818181818182,0.5833333333333334,
complex_000305,0.2608695652173913,0.5,
complex_000305,0.25,0.3333333333333333,
complex_000305,0.35,0.5833333333333334,
complex_000305,0.3125,0.4166666666666667,
complex_000305,0.30434782608695654,0.5833333333333334,
complex_000305,0.2222222222222222,0.5,
complex_000305,0.19047619047619047,0.3333333333333333,
complex_000305,0.2608695652173913,0.5,
complex_000305,0.3888888888888889,0.5833333333333334,
complex_000305,0.22727272727272727,0.4166666666666667,
complex_000305,0.35294117647058826,0.5,
complex_000305,0.29411764705882354,0.4166666666666667,
complex_000305,0.17647058823529413,0.25,
complex_000305,0.23809523809523808,0.4166666666666667,
complex_000305,0.2777777777777778,0.4166666666666667,
complex_000305,0.3157894736842105,0.5,
complex_000305,0.17391304347826086,0.3333333333333333,
complex_000305,0.32,0.6666666666666666,
complex_000305,0.3125,0.4166666666666667,
complex_000305,0.2777777777777778,0.4166666666666667,
complex_000305,0.25,0.3333333333333333,
complex_000305,0.2631578947368421,0.4166666666666667,
complex_000305,0.42857142857142855,0.5,
complex_000305,0.34782608695652173,0.6666666666666666,
complex_000305,0.2916666666666667,0.5833333333333334,
complex_000305,0.16666666666666666,0.25,
complex_000305,0.19047619047619047,0.3333333333333333,
complex_000305,0.3157894736842105,0.5,
complex_000305,0.21428571428571427,0.25,
complex_000305,0.29411764705882354,0.4166666666666667,
complex_000305,0.3157894736842105,0.5,
complex_000305,0.2631578947368421,0.4166666666666667,
complex_000305,0.4444444444444444,0.6666666666666666,
complex_000305,0.3333333333333333,0.4166666666666667,
complex_000305,0.23809523809523808,0.4166666666666667,
complex_000305,0.3684210526315789,0.5833333333333334,
complex_000305,0.21739130434782608,0.4166666666666667,
complex_000305,0.2,0.5,
complex_000305,0.38461538461538464,0.4166666666666667,
complex_000305,0.2857142857142857,0.5,
complex_000305,0.2916666666666667,0.5833333333333334,
complex_000305,0.3684210526315789,0.5833333333333334,
complex_000305,0.46153846153846156,0.5,
complex_000305,0.29411764705882354,0.4166666666666667,
complex_000305,0.42857142857142855,0.5,
complex_000305,0.20833333333333334,0.4166666666666667,
complex_000305,0.4,0.5,
complex_000305,0.4117647058823529,0.5833333333333334,
complex_000305,0.35714285714285715,0.4166666666666667,
complex_000305,0.2777777777777778,0.4166666666666667,
complex_000305,0.3333333333333333,0.4166666666666667,
complex_000305,0.2631578947368421,0.4166666666666667,
complex_000305,0.2,0.3333333333333333,
complex_000305,0.2222222222222222,0.5,
complex_000305,0.21052631578947367,0.3333333333333333,
complex_000305,0.23076923076923078,0.5,
complex_000305,0.25,0.4166666666666667,
complex_000305,0.2631578947368421,0.4166666666666667,
complex_000305,0.3,0.5,
complex_000305,0.3333333333333333,0.4166666666666667,
complex_000305,0.3181818181818182,0.5833333333333334,
complex_000305,0.17857142857142858,0.4166666666666667,
complex_000305,0.35,0.5833333333333334,
complex_000305,0.4666666666666667,0.5833333333333334,
complex_000305,0.2777777777777778,0.4166666666666667,
complex_000305,0.29411764705882354,0.4166666666666667,
complex_000335,0.42857142857142855,0.42857142857142855,
complex_000335,0.4375,0.5,
complex_000335,0.21428571428571427,0.21428571428571427,
complex_000335,0.14285714285714285,0.14285714285714285,
complex_000335,0.35714285714285715,0.35714285714285715,
complex_000335,0.5,0.5714285714285714,
complex_000335,0.4117647058823529,0.5,
complex_000335,0.375,0.42857142857142855,
complex_000335,0.3333333333333333,0.42857142857142855,
complex_000335,0.4444444444444444,0.5714285714285714,
complex_000335,0.42857142857142855,0.42857142857142855,
complex_000335,0.14285714285714285,0.14285714285714285,
complex_000335,0.2857142857142857,0.2857142857142857,
complex_000335,0.5,0.5,
complex_000335,0.2857142857142857,0.2857142857142857,
complex_000335,0.35714285714285715,0.35714285714285715,
complex_000335,0.07142857142857142,0.07142857142857142,
complex_000335,0.42105263157894735,0.5714285714285714,
complex_000335,0.42105263157894735,0.5714285714285714,
complex_000335,0.14285714285714285,0.14285714285714285,
complex_000335,0.4117647058823529,0.5,
complex_000335,0.2,0.21428571428571427,
complex_000335,0.4444444444444444,0.5714285714285714,
complex_000335,0.375,0.42857142857142855,
complex_000335,0.26666666666666666,0.2857142857142857,
complex_000335,0.3125,0.35714285714285715,
complex_000335,0.5,0.5714285714285714,
complex_000335,0.2,0.21428571428571427,
complex_000335,0.21428571428571427,0.21428571428571427,
complex_000335,0.47058823529411764,0.5714285714285714,
complex_000335,0.14285714285714285,0.14285714285714285,
complex_000335,0.47058823529411764,0.5714285714285714,
complex_000335,0.21428571428571427,0.21428571428571427,
complex_000335,0.2631578947368421,0.35714285714285715,
complex_000335,0.35294117647058826,0.42857142857142855,
complex_000335,0.3125,0.35714285714285715,
complex_000335,0.3157894736842105,0.42857142857142855,
complex_000335,0.35294117647058826,0.42857142857142855,
complex_000335,0.3125,0.35714285714285715,
complex_000335,0.42857142857142855,0.42857142857142855,
complex_000335,0.3125,0.35714285714285715,
complex_000335,0.3125,0.35714285714285715,
complex_000335,0.2222222222222222,0.2857142857142857,
complex_000335,0.14285714285714285,0.14285714285714285,
complex_000335,0.21428571428571427,0.21428571428571427,
complex_000335,0.35294117647058826,0.42857142857142855,
complex_000335,0.25,0.2857142857142857,
complex_000335,0.3157894736842105,0.42857142857142855,
complex_000335,0.2,0.21428571428571427,
complex_000335,0.5625,0.6428571428571429,
complex_000335,0.35714285714285715,0.35714285714285715,
complex_000335,0.26666666666666666,0.2857142857142857,
complex_000335,0.3684210526315789,0.5,
complex_000335,0.4666666666666667,0.5,
complex_000335,0.26666666666666666,0.2857142857142857,
complex_000335,0.4,0.42857142857142855,
complex_000335,0.3333333333333333,0.35714285714285715,
complex_000335,0.2,0.21428571428571427,
complex_000335,0.4,0.42857142857142855,
complex_000335,0.3333333333333333,0.35714285714285715,
complex_000335,0.2,0.21428571428571427,
complex_000335,0.29411764705882354,0.35714285714285715,
complex_000335,0.4,0.42857142857142855,
complex_000335,0.4444444444444444,0.5714285714285714,
complex_000335,0.4375,0.5,
complex_000335,0.29411764705882354,0.35714285714285715,
complex_000335,0.3333333333333333,0.35714285714285715,
complex_000335,0.35714285714285715,0.35714285714285715,
complex_000335,0.375,0.42857142857142855,
complex_000335,0.3125,0.35714285714285715,
complex_000335,0.375,0.42857142857142855,
complex_000335,0.2857142857142857,0.2857142857142857,
complex_000335,0.3333333333333333,0.35714285714285715,
complex_000335,0.35714285714285715,0.35714285714285715,
complex_000335,0.5,0.5,
complex_000335,0.375,0.42857142857142855,
complex_000335,0.3125,0.35714285714285715,
complex_000335,0.4375,0.5,
complex_000335,0.29411764705882354,0.35714285714285715,
complex_000335,0.35714285714285715,0.35714285714285715,
complex_000335,0.6,0.6428571428571429,
complex_000335,0.35714285714285715,0.35714285714285715,
complex_000335,0.4,0.42857142857142855,
complex_000335,0.2222222222222222,0.2857142857142857,
complex_000335,0.375,0.42857142857142855,
complex_000335,0.5333333333333333,0.5714285714285714,
complex_000335,0.3333333333333333,0.35714285714285715,
complex_000335,0.35714285714285715,0.35714285714285715,
complex_000335,0.3333333333333333,0.35714285714285715,
complex_000335,0.2857142857142857,0.2857142857142857,
complex_000335,0.4,0.42857142857142855,
complex_000335,0.29411764705882354,0.35714285714285715,
complex_000335,0.4,0.42857142857142855,
complex_000335,0.21428571428571427,0.21428571428571427,
complex_000335,0.375,0.42857142857142855,
complex_000335,0.2,0.21428571428571427,
complex_000335,0.3333333333333333,0.35714285714285715,
complex_000335,0.29411764705882354,0.35714285714285715,
complex_000335,0.375,0.42857142857142855,
complex_000335,0.4,0.42857142857142855,
complex_000363,0.4,0.42857142857142855,
complex_000363,0.2631578947368421,0.35714285714285715,
complex_000363,0.42857142857142855,0.6428571428571429,
complex_000363,0.35,0.5,
complex_000363,0.32,0.5714285714285714,
complex_000363,0.42105263157894735,0.5714285714285714,
complex_000363,0.3684210526315789,0.5,
complex_000363,0.4117647058823529,0.5,
complex_000363,0.4,0.7142857142857143,
complex_000363,0.5,0.7857142857142857,
complex_000363,0.16666666666666666,0.35714285714285715,
complex_000363,0.47368421052631576,0.6428571428571429,
complex_000363,0.17647058823529413,0.21428571428571427,
complex_000363,0.23529411764705882,0.2857142857142857,
complex_000363,0.36363636363636365,0.5714285714285714,
complex_000363,0.23529411764705882,0.2857142857142857,
complex_000363,0.34782608695652173,0.5714285714285714,
complex_000363,0.29411764705882354,0.35714285714285715,
complex_000363,0.35,0.5,
complex_000363,0.34782608695652173,0.5714285714285714,
complex_000363,0.3333333333333333,0.42857142857142855,
complex_000363,0.3333333333333333,0.5,
complex_000363,0.3333333333333333,0.42857142857142855,
complex_000363,0.2777777777777778,0.35714285714285715,
complex_000363,0.4782608695652174,0.7857142857142857,
complex_000363,0.4166666666666667,0.7142857142857143,
complex_000363,0.21875,0.5,
complex_000363,0.4090909090909091,0.6428571428571429,
complex_000363,0.5882352941176471,0.7142857142857143,
complex_000363,0.29411764705882354,0.35714285714285715,
complex_000363,0.47058823529411764,0.5714285714285714,
complex_000363,0.5263157894736842,0.7142857142857143,
complex_000363,0.2692307692307692,0.5,
complex_000363,0.45,0.6428571428571429,
complex_000363,0.17647058823529413,0.21428571428571427,
complex_000363,0.5263157894736842,0.7142857142857143,
complex_000363,0.25,0.5,
complex_000363,0.2777777777777778,0.35714285714285715,
complex_000363,0.1875,0.21428571428571427,
complex_000363,0.2631578947368421,0.35714285714285715,
complex_000363,0.2631578947368421,0.35714285714285715,
complex_000363,0.2916666666666667,0.5,
complex_000363,0.4,0.5714285714285714,
complex_000363,0.38461538461538464,0.7142857142857143,
complex_000363,0.3333333333333333,0.5,
complex_000363,0.47058823529411764,0.5714285714285714,
complex_000363,0.4090909090909091,0.6428571428571429,
complex_000363,0.4444444444444444,0.5714285714285714,
complex_000363,0.3076923076923077,0.5714285714285714,
complex_000363,0.3,0.42857142857142855,
complex_000363,0.35,0.5,
complex_000363,0.38095238095238093,0.5714285714285714,
complex_000363,0.058823529411764705,0.07142857142857142,
complex_000363,0.2222222222222222,0.2857142857142857,
complex_000363,0.3888888888888889,0.5,
complex_000363,0.2631578947368421,0.35714285714285715,
complex_000363,0.3333333333333333,0.5714285714285714,
complex_000363,0.3333333333333333,0.42857142857142855,
complex_000363,0.4,0.7142857142857143,
complex_000363,0.32,0.5714285714285714,
complex_000363,0.35,0.5,
complex_000363,0.3103448275862069,0.6428571428571429,
complex_000363,0.4117647058823529,0.5,
complex_000363,0.35294117647058826,0.42857142857142855,
complex_000363,0.38095238095238093,0.5714285714285714,
complex_000363,0.5,0.7142857142857143,
complex_000363,0.4,0.7142857142857143,
complex_000363,0.4090909090909091,0.6428571428571429,
complex_000363,0.3125,0.35714285714285715,
complex_000363,0.3333333333333333,0.5714285714285714,
complex_000363,0.23529411764705882,0.2857142857142857,
complex_000363,0.4444444444444444,0.5714285714285714,
complex_000363,0.45454545454545453,0.7142857142857143,
complex_000363,0.4444444444444444,0.5714285714285714,
complex_000363,0.44,0.7857142857142857,
complex_000363,0.5,0.6428571428571429,
complex_000363,0.3888888888888889,0.5,
complex_000363,0.25806451612903225,0.5714285714285714,
complex_000363,0.25,0.35714285714285715,
complex_000363,0.4117647058823529,0.5,
complex_000363,0.25925925925925924,0.5,
complex_000363,0.3076923076923077,0.5714285714285714,
complex_000363,0.4,0.5714285714285714,
complex_000363,0.38095238095238093,0.5714285714285714,
complex_000363,0.2777777777777778,0.35714285714285715,
complex_000363,0.4117647058823529,0.5,
complex_000363,0.3157894736842105,0.42857142857142855,
complex_000363,0.38461538461538464,0.7142857142857143,
complex_000363,0.2,0.2857142857142857,
complex_000363,0.4090909090909091,0.6428571428571429,
complex_000363,0.42857142857142855,0.6428571428571429,
complex_000363,0.47368421052631576,0.6428571428571429,
complex_000363,0.3333333333333333,0.42857142857142855,
complex_000363,0.25,0.42857142857142855,
complex_000363,0.47368421052631576,0.6428571428571429,
complex_000363,0.4,0.5714285714285714,
complex_000363,0.20833333333333334,0.35714285714285715,
complex_000363,0.43478260869565216,0.7142857142857143,
complex_000363,0.4,0.5714285714285714,
complex_000363,0.23529411764705882,0.2857142857142857,
complex_000374,0.2,0.2222222222222222,
complex_000374,0.28,0.3888888888888889,
complex_000374,0.30434782608695654,0.3888888888888889,
complex_000374,0.25,0.2777777777777778,
complex_000374,0.23809523809523808,0.2777777777777778,
complex_000374,0.21212121212121213,0.3888888888888889,
complex_000374,0.28,0.3888888888888889,
complex_000374,0.10526315789473684,0.1111111111111111,
complex_000374,0.25925925925925924,0.3888888888888889,
complex_000374,0.23809523809523808,0.2777777777777778,
complex_000374,0.25,0.3333333333333333,
complex_000374,0.3333333333333333,0.3888888888888889,
complex_000374,0.26666666666666666,0.4444444444444444,
complex_000374,0.23076923076923078,0.3333333333333333,
complex_000374,0.13636363636363635,0.16666666666666666,
complex_000374,0.2916666666666667,0.3888888888888889,
complex_000374,0.2,0.3333333333333333,
complex_000374,0.2857142857142857,0.4444444444444444,
complex_000374,0.15,0.16666666666666666,
complex_000374,0.125,0.16666666666666666,
complex_000374,0.18181818181818182,0.2222222222222222,
complex_000374,0.24,0.3333333333333333,
complex_000374,0.24,0.3333333333333333,
complex_000374,0.10526315789473684,0.1111111111111111,
complex_000374,0.2631578947368421,0.2777777777777778,
complex_000374,0.1111111111111111,0.16666666666666666,
complex_000374,0.2692307692307692,0.3888888888888889,
complex_000374,0.25,0.3888888888888889,
complex_000374,0.4090909090909091,0.5,
complex_000374,0.20833333333333334,0.2777777777777778,
complex_000374,0.391304347826087,0.5,
complex_000374,0.21739130434782608,0.2777777777777778,
complex_000374,0.35,0.3888888888888889,
complex_000374,0.28,0.3888888888888889,
complex_000374,0.3333333333333333,0.4444444444444444,
complex_000374,0.22727272727272727,0.2777777777777778,
complex_000374,0.2,0.2222222222222222,
complex_000374,0.3,0.3333333333333333,
complex_000374,0.2,0.2777777777777778,
complex_000374,0.3181818181818182,0.3888888888888889,
complex_000374,0.19047619047619047,0.2222222222222222,
complex_000374,0.2,0.2777777777777778,
complex_000374,0.17391304347826086,0.2222222222222222,
complex_000374,0.22727272727272727,0.2777777777777778,
complex_000374,0.22857142857142856,0.4444444444444444,
complex_000374,0.21052631578947367,0.2222222222222222,
complex_000374,0.2222222222222222,0.3333333333333333,
complex_000374,0.2857142857142857,0.3333333333333333,
complex_000374,0.2962962962962963,0.4444444444444444,
complex_000374,0.21052631578947367,0.2222222222222222,
complex_000374,0.3333333333333333,0.3888888888888889,
complex_000374,0.2857142857142857,0.3333333333333333,
complex_000374,0.23333333333333334,0.3888888888888889,
complex_000374,0.23076923076923078,0.3333333333333333,
complex_000374,0.3333333333333333,0.4444444444444444,
complex_000374,0.2608695652173913,0.3333333333333333,
complex_000374,0.2222222222222222,0.3333333333333333,
complex_000374,0.20689655172413793,0.3333333333333333,
complex_000374,0.16,0.2222222222222222,
complex_000374,0.25,0.3333333333333333,
complex_000374,0.21739130434782608,0.2777777777777778,
complex_000374,0.36363636363636365,0.4444444444444444,
complex_000374,0.3333333333333333,0.4444444444444444,
complex_000374,0.34782608695652173,0.4444444444444444,
complex_000374,0.23076923076923078,0.3333333333333333,
complex_000374,0.18181818181818182,0.2222222222222222,
complex_000374,0.14285714285714285,0.16666666666666666,
complex_000374,0.2777777777777778,0.2777777777777778,
complex_000374,0.2727272727272727,0.3333333333333333,
complex_000374,0.26666666666666666,0.4444444444444444,
complex_000374,0.25,0.3333333333333333,
complex_000374,0.3,0.3333333333333333,
complex_000374,0.1935483870967742,0.3333333333333333,
complex_000374,0.15789473684210525,0.16666666666666666,
complex_000374,0.2857142857142857,0.3333333333333333,
complex_000374,0.3,0.3333333333333333,
complex_000374,0.2222222222222222,0.3333333333333333,
complex_000374,0.125,0.16666666666666666,
complex_000374,0.16,0.2222222222222222,
complex_000374,0.22727272727272727,0.2777777777777778,
complex_000374,0.21739130434782608,0.2777777777777778,
complex_000374,0.16666666666666666,0.16666666666666666,
complex_000374,0.21052631578947367,0.2222222222222222,
complex_000374,0.25925925925925924,0.3888888888888889,
complex_000374,0.19047619047619047,0.2222222222222222,
complex_000374,0.45,0.5,
complex_000374,0.23076923076923078,0.3333333333333333,
complex_000374,0.15789473684210525,0.16666666666666666,
complex_000374,0.2631578947368421,0.2777777777777778,
complex_000374,0.25,0.3333333333333333,
complex_000374,0.3333333333333333,0.4444444444444444,
complex_000374,0.2631578947368421,0.2777777777777778,
complex_000374,0.2608695652173913,0.3333333333333333,
complex_000374,0.25,0.3333333333333333,
complex_000374,0.19047619047619047,0.2222222222222222,
complex_000374,0.34782608695652173,0.4444444444444444,
complex_000374,0.2727272727272727,0.3333333333333333,
complex_000374,0.24,0.3333333333333333,
complex_000374,0.21739130434782608,0.2777777777777778,
complex_000374,0.16666666666666666,0.16666666666666666,
complex_000376,0.5333333333333333,0.8888888888888888,
complex_000376,0.25,0.3333333333333333,
complex_000376,0.08333333333333333,0.1111111111111111,
complex_000376,0.35294117647058826,0.6666666666666666,
complex_000376,0.3125,0.5555555555555556,
complex_000376,0.25,0.3333333333333333,
complex_000376,0.25,0.4444444444444444,
complex_000376,0.29411764705882354,0.5555555555555556,
complex_000376,0.36363636363636365,0.4444444444444444,
complex_000376,0.2857142857142857,0.4444444444444444,
complex_000376,0.29411764705882354,0.5555555555555556,
complex_000376,0.08333333333333333,0.1111111111111111,
complex_000376,0.35294117647058826,0.6666666666666666,
complex_000376,0.2727272727272727,0.3333333333333333,
complex_000376,0.25,0.4444444444444444,
complex_000376,0.23076923076923078,0.3333333333333333,
complex_000376,0.25,0.4444444444444444,
complex_000376,0.2857142857142857,0.4444444444444444,
complex_000376,0.11764705882352941,0.2222222222222222,
complex_000376,0.26666666666666666,0.4444444444444444,
complex_000376,0.5384615384615384,0.7777777777777778,
complex_000376,0.2631578947368421,0.5555555555555556,
complex_000376,0.5384615384615384,0.7777777777777778,
complex_000376,0.21052631578947367,0.4444444444444444,
complex_000376,0.2,0.4444444444444444,
complex_000376,0.2,0.2222222222222222,
complex_000376,0.4375,0.7777777777777778,
complex_000376,0.25,0.4444444444444444,
complex_000376,0.3333333333333333,0.6666666666666666,
complex_000376,0.5833333333333334,0.7777777777777778,
complex_000376,0.4,0.8888888888888888,
complex_000376,0.25,0.3333333333333333,
complex_000376,0.08333333333333333,0.1111111111111111,
complex_000376,0.16666666666666666,0.3333333333333333,
complex_000376,0.35294117647058826,0.6666666666666666,
complex_000376,0.15,0.3333333333333333,
complex_000376,0.17647058823529413,0.3333333333333333,
complex_000376,0.15384615384615385,0.2222222222222222,
complex_000376,0.4166666666666667,0.5555555555555556,
complex_000376,0.25,0.3333333333333333,
complex_000376,0.22727272727272727,0.5555555555555556,
complex_000376,0.3157894736842105,0.6666666666666666,
complex_000376,0.15384615384615385,0.2222222222222222,
complex_000376,0.3333333333333333,0.6666666666666666,
complex_000376,0.38461538461538464,0.5555555555555556,
complex_000376,0.06666666666666667,0.1111111111111111,
complex_000376,0.2777777777777778,0.5555555555555556,
complex_000376,0.3333333333333333,0.5555555555555556,
complex_000376,0.4,0.6666666666666666,
complex_000376,0.16666666666666666,0.3333333333333333,
complex_000376,0.4,0.8888888888888888,
complex_000376,0.3125,0.5555555555555556,
complex_000376,0.2,0.3333333333333333,
complex_000376,0.2222222222222222,0.4444444444444444,
complex_000376,0.22727272727272727,0.5555555555555556,
complex_000376,0.36363636363636365,0.4444444444444444,
complex_000376,0.15,0.3333333333333333,
complex_000376,0.3333333333333333,0.4444444444444444,
complex_000376,0.16666666666666666,0.2222222222222222,
complex_000376,0.13043478260869565,0.3333333333333333,
complex_000376,0.5384615384615384,0.7777777777777778,
complex_000376,0.46153846153846156,0.6666666666666666,
complex_000376,0.16666666666666666,0.2222222222222222,
complex_000376,0.25,0.6666666666666666,
complex_000376,0.3157894736842105,0.6666666666666666,
complex_000376,0.08333333333333333,0.1111111111111111,
complex_000376,0.0,0.0,
complex_000376,0.2,0.4444444444444444,
complex_000376,0.3,0.6666666666666666,
complex_000376,0.4166666666666667,0.5555555555555556,
complex_000376,0.22727272727272727,0.5555555555555556,
complex_000376,0.375,0.6666666666666666,
complex_000376,0.4166666666666667,0.5555555555555556,
complex_000376,0.3076923076923077,0.4444444444444444,
complex_000376,0.14285714285714285,0.2222222222222222,
complex_000376,0.14285714285714285,0.2222222222222222,
complex_000376,0.35,0.7777777777777778,
complex_000376,0.3333333333333333,0.4444444444444444,
complex_000376,0.42857142857142855,0.6666666666666666,
complex_000376,0.1111111111111111,0.2222222222222222,
complex_000376,0.29411764705882354,0.5555555555555556,
complex_000376,0.4166666666666667,0.5555555555555556,
complex_000376,0.16666666666666666,0.2222222222222222,
complex_000376,0.15789473684210525,0.3333333333333333,
complex_000376,0.3125,0.5555555555555556,
complex_000376,0.2631578947368421,0.5555555555555556,
complex_000376,0.5,0.7777777777777778,
complex_000376,0.16666666666666666,0.2222222222222222,
complex_000376,0.5,0.7777777777777778,
complex_000376,0.09090909090909091,0.1111111111111111,
complex_000376,0.4666666666666667,0.7777777777777778,
complex_000376,0.3333333333333333,0.5555555555555556,
complex_000376,0.2631578947368421,0.5555555555555556,
complex_000376,0.08333333333333333,0.1111111111111111,
complex_000376,0.15789473684210525,0.3333333333333333,
complex_000376,0.5,0.7777777777777778,
complex_000376,0.16666666666666666,0.2222222222222222,
complex_000376,0.3,0.6666666666666666,
complex_000376,0.1,0.1111111111111111,
complex_000376,0.2,0.4444444444444444,
complex_000382,0.2222222222222222,0.25,
complex_000382,0.2222222222222222,0.25,
complex_000382,0.35,0.4375,
complex_000382,0.14285714285714285,0.1875,
complex_000382,0.2222222222222222,0.25,
complex_000382,0.15789473684210525,0.1875,
complex_000382,0.15789473684210525,0.1875,
complex_000382,0.2777777777777778,0.3125,
complex_000382,0.23529411764705882,0.25,
complex_000382,0.3,0.375,
complex_000382,0.3125,0.3125,
complex_000382,0.3181818181818182,0.4375,
complex_000382,0.35294117647058826,0.375,
complex_000382,0.15,0.1875,
complex_000382,0.3333333333333333,0.375,
complex_000382,0.25,0.3125,
complex_000382,0.17647058823529413,0.1875,
complex_000382,0.47619047619047616,0.625,
complex_000382,0.15,0.1875,
complex_000382,0.16666666666666666,0.1875,
complex_000382,0.35294117647058826,0.375,
complex_000382,0.38095238095238093,0.5,
complex_000382,0.125,0.125,
complex_000382,0.18181818181818182,0.25,
complex_000382,0.2857142857142857,0.375,
complex_000382,0.3333333333333333,0.4375,
complex_000382,0.2777777777777778,0.3125,
complex_000382,0.21739130434782608,0.3125,
complex_000382,0.16666666666666666,0.1875,
complex_000382,0.2,0.25,
complex_000382,0.2631578947368421,0.3125,
complex_000382,0.3333333333333333,0.4375,
complex_000382,0.38095238095238093,0.5,
complex_000382,0.11764705882352941,0.125,
complex_000382,0.3181818181818182,0.4375,
complex_000382,0.1875,0.1875,
complex_000382,0.2916666666666667,0.4375,
complex_000382,0.16666666666666666,0.1875,
complex_000382,0.25,0.375,
complex_000382,0.2608695652173913,0.375,
complex_000382,0.05,0.0625,
complex_000382,0.35294117647058826,0.375,
complex_000382,0.2777777777777778,0.3125,
complex_000382,0.3157894736842105,0.375,
complex_000382,0.3181818181818182,0.4375,
complex_000382,0.24,0.375,
complex_000382,0.4444444444444444,0.5,
complex_000382,0.3157894736842105,0.375,
complex_000382,0.10526315789473684,0.125,
complex_000382,0.35,0.4375,
complex_000382,0.35,0.4375,
complex_000382,0.10526315789473684,0.125,
complex_000382,0.10526315789473684,0.125,
complex_000382,0.22727272727272727,0.3125,
complex_000382,0.2,0.25,
complex_000382,0.17647058823529413,0.1875,
complex_000382,0.36363636363636365,0.5,
complex_000382,0.2631578947368421,0.3125,
complex_000382,0.22727272727272727,0.3125,
complex_000382,0.10526315789473684,0.125,
complex_000382,0.36363636363636365,0.5,
complex_000382,0.3157894736842105,0.375,
complex_000382,0.25,0.3125,
complex_000382,0.15789473684210525,0.1875,
complex_000382,0.25,0.3125,
complex_000382,0.3333333333333333,0.375,
complex_000382,0.058823529411764705,0.0625,
complex_000382,0.42105263157894735,0.5,
complex_000382,0.21052631578947367,0.25,
complex_000382,0.3157894736842105,0.375,
complex_000382,0.2,0.25,
complex_000382,0.35294117647058826,0.375,
complex_000382,0.16666666666666666,0.25,
complex_000382,0.2,0.25,
complex_000382,0.2,0.25,
complex_000382,0.35,0.4375,
complex_000382,0.36363636363636365,0.5,
complex_000382,0.2,0.25,
complex_000382,0.3,0.375,
complex_000382,0.38095238095238093,0.5,
complex_000382,0.1875,0.1875,
complex_000382,0.3125,0.3125,
complex_000382,0.11764705882352941,0.125,
complex_000382,0.14285714285714285,0.1875,
complex_000382,0.1875,0.1875,
complex_000382,0.30434782608695654,0.4375,
complex_000382,0.38461538461538464,0.625,
complex_000382,0.3333333333333333,0.4375,
complex_000382,0.17391304347826086,0.25,
complex_000382,0.2631578947368421,0.3125,
complex_000382,0.3157894736842105,0.375,
complex_000382,0.4,0.5,
complex_000382,0.13333333333333333,0.25,
complex_000382,0.25,0.25,
complex_000382,0.38095238095238093,0.5,
complex_000382,0.21428571428571427,0.375,
complex_000382,0.5263157894736842,0.625,
complex_000382,0.5,0.5625,
complex_000382,0.1875,0.1875,
complex_000382,0.17391304347826086,0.25,
complex_000387,0.22727272727272727,0.2631578947368421,
complex_000387,0.38461538461538464,0.5263157894736842,
complex_000387,0.3,0.3157894736842105,
complex_000387,0.391304347826087,0.47368421052631576,
complex_000387,0.34615384615384615,0.47368421052631576,
complex_000387,0.13043478260869565,0.15789473684210525,
complex_000387,0.19047619047619047,0.21052631578947367,
complex_000387,0.3,0.3157894736842105,
complex_000387,0.17391304347826086,0.21052631578947367,
complex_000387,0.2857142857142857,0.3157894736842105,
complex_000387,0.21739130434782608,0.2631578947368421,
complex_000387,0.2,0.2631578947368421,
complex_000387,0.2692307692307692,0.3684210526315789,
complex_000387,0.38461538461538464,0.5263157894736842,
complex_000387,0.32,0.42105263157894735,
complex_000387,0.08695652173913043,0.10526315789473684,
complex_000387,0.30434782608695654,0.3684210526315789,
complex_000387,0.3103448275862069,0.47368421052631576,
complex_000387,0.30434782608695654,0.3684210526315789,
complex_000387,0.2692307692307692,0.3684210526315789,
complex_000387,0.3076923076923077,0.42105263157894735,
complex_000387,0.38461538461538464,0.5263157894736842,
complex_000387,0.32,0.42105263157894735,
complex_000387,0.2962962962962963,0.42105263157894735,
complex_000387,0.16666666666666666,0.21052631578947367,
complex_000387,0.22727272727272727,0.2631578947368421,
complex_000387,0.2727272727272727,0.3157894736842105,
complex_000387,0.13636363636363635,0.15789473684210525,
complex_000387,0.2608695652173913,0.3157894736842105,
complex_000387,0.30434782608695654,0.3684210526315789,
complex_000387,0.34782608695652173,0.42105263157894735,
complex_000387,0.14285714285714285,0.21052631578947367,
complex_000387,0.3333333333333333,0.5263157894736842,
complex_000387,0.391304347826087,0.47368421052631576,
complex_000387,0.375,0.47368421052631576,
complex_000387,0.32142857142857145,0.47368421052631576,
complex_000387,0.08695652173913043,0.10526315789473684,
complex_000387,0.32,0.42105263157894735,
complex_000387,0.19047619047619047,0.21052631578947367,
complex_000387,0.4230769230769231,0.5789473684210527,
complex_000387,0.22727272727272727,0.2631578947368421,
complex_000387,0.391304347826087,0.47368421052631576,
complex_000387,0.3,0.47368421052631576,
complex_000387,0.4090909090909091,0.47368421052631576,
complex_000387,0.25,0.3157894736842105,
complex_000387,0.43478260869565216,0.5263157894736842,
complex_000387,0.2413793103448276,0.3684210526315789,
complex_000387,0.391304347826087,0.47368421052631576,
complex_000387,0.3333333333333333,0.3684210526315789,
complex_000387,0.34615384615384615,0.47368421052631576,
complex_000387,0.37037037037037035,0.5263157894736842,
complex_000387,0.20833333333333334,0.2631578947368421,
complex_000387,0.4,0.5263157894736842,
complex_000387,0.15,0.15789473684210525,
complex_000387,0.375,0.47368421052631576,
complex_000387,0.2608695652173913,0.3157894736842105,
complex_000387,0.18181818181818182,0.21052631578947367,
complex_000387,0.20833333333333334,0.2631578947368421,
complex_000387,0.3,0.47368421052631576,
complex_000387,0.2857142857142857,0.42105263157894735,
complex_000387,0.047619047619047616,0.05263157894736842,
complex_000387,0.18181818181818182,0.21052631578947367,
complex_000387,0.28,0.3684210526315789,
complex_000387,0.21739130434782608,0.2631578947368421,
complex_000387,0.25,0.2631578947368421,
complex_000387,0.3103448275862069,0.47368421052631576,
complex_000387,0.32142857142857145,0.47368421052631576,
complex_000387,0.25,0.3157894736842105,
complex_000387,0.43478260869565216,0.5263157894736842,
complex_000387,0.3333333333333333,0.42105263157894735,
complex_000387,0.125,0.15789473684210525,
complex_000387,0.19047619047619047,0.21052631578947367,
complex_000387,0.36363636363636365,0.42105263157894735,
complex_000387,0.4166666666666667,0.5263157894736842,
complex_000387,0.36,0.47368421052631576,
complex_000387,0.30434782608695654,0.3684210526315789,
complex_000387,0.22727272727272727,0.2631578947368421,
complex_000387,0.08695652173913043,0.10526315789473684,
complex_000387,0.32,0.42105263157894735,
complex_000387,0.3333333333333333,0.3684210526315789,
complex_000387,0.27586206896551724,0.42105263157894735,
complex_000387,0.375,0.47368421052631576,
complex_000387,0.2692307692307692,0.3684210526315789,
complex_000387,0.3333333333333333,0.42105263157894735,
complex_000387,0.20833333333333334,0.2631578947368421,
complex_000387,0.32142857142857145,0.47368421052631576,
complex_000387,0.2727272727272727,0.3157894736842105,
complex_000387,0.19230769230769232,0.2631578947368421,
complex_000387,0.09523809523809523,0.10526315789473684,
complex_000387,0.34615384615384615,0.47368421052631576,
complex_000387,0.2916666666666667,0.3684210526315789,
complex_000387,0.30434782608695654,0.3684210526315789,
complex_000387,0.1,0.10526315789473684,
complex_000387,0.2916666666666667,0.3684210526315789,
complex_000387,0.2916666666666667,0.3684210526315789,
complex_000387,0.24,0.3157894736842105,
complex_000387,0.13636363636363635,0.15789473684210525,
complex_000387,0.375,0.47368421052631576,
complex_000387,0.46153846153846156,0.631578947368421,
complex_000387,0.22727272727272727,0.2631578947368421,
complex_000394,0.3333333333333333,0.375,
complex_000394,0.45454545454545453,0.625,
complex_000394,0.5,0.625,
complex_000394,0.35,0.875,
complex_000394,0.2,0.375,
complex_000394,0.2857142857142857,0.75,
complex_000394,0.375,0.75,
complex_000394,0.4375,0.875,
complex_000394,0.5,0.625,
complex_000394,0.36363636363636365,0.5,
complex_000394,0.5,0.625,
complex_000394,0.36363636363636365,0.5,
complex_000394,0.42857142857142855,0.75,
complex_000394,0.3125,0.625,
complex_000394,0.5714285714285714,1.0,
complex_000394,0.23809523809523808,0.625,
complex_000394,0.3125,0.625,
complex_000394,0.35714285714285715,0.625,
complex_000394,0.2727272727272727,0.375,
complex_000394,0.2857142857142857,0.75,
complex_000394,0.38461538461538464,0.625,
complex_000394,0.42105263157894735,1.0,
complex_000394,0.4,0.5,
complex_000394,0.25,0.375,
complex_000394,0.3,0.75,
complex_000394,0.42857142857142855,0.75,
complex_000394,0.45454545454545453,0.625,
complex_000394,0.375,0.75,
complex_000394,0.45454545454545453,0.625,
complex_000394,0.46153846153846156,0.75,
complex_000394,0.5,0.625,
complex_000394,0.30434782608695654,0.875,
complex_000394,0.4375,0.875,
complex_000394,0.5,0.75,
complex_000394,0.3684210526315789,0.875,
complex_000394,0.6666666666666666,1.0,
complex_000394,0.42857142857142855,0.75,
complex_000394,0.4375,0.875,
complex_000394,0.4,0.75,
complex_000394,0.0,0.0,
complex_000394,0.3157894736842105,0.75,
complex_000394,0.45454545454545453,0.625,
complex_000394,0.4117647058823529,0.875,
complex_000394,0.5,0.875,
complex_000394,0.29411764705882354,0.625,
complex_000394,0.38461538461538464,0.625,
complex_000394,0.17391304347826086,0.5,
complex_000394,0.2777777777777778,0.625,
complex_000394,0.3157894736842105,0.75,
complex_000394,0.42857142857142855,0.75,
complex_000394,0.3333333333333333,0.875,
complex_000394,0.4666666666666667,0.875,
complex_000394,0.4666666666666667,0.875,
complex_000394,0.6666666666666666,0.75,
complex_000394,0.5,0.75,
complex_000394,0.4444444444444444,1.0,
complex_000394,0.4117647058823529,0.875,
complex_000394,0.5,0.875,
complex_000394,0.26666666666666666,0.5,
complex_000394,0.21052631578947367,0.5,
complex_000394,0.3684210526315789,0.875,
complex_000394,0.2727272727272727,0.375,
complex_000394,0.35714285714285715,0.625,
complex_000394,0.6363636363636364,0.875,
complex_000394,0.5384615384615384,0.875,
complex_000394,0.2857142857142857,0.5,
complex_000394,0.3333333333333333,0.625,
complex_000394,0.3888888888888889,0.875,
complex_000394,0.36363636363636365,0.5,
complex_000394,0.36363636363636365,0.5,
complex_000394,0.5833333333333334,0.875,
complex_000394,0.3333333333333333,0.5,
complex_000394,0.4,0.5,
complex_000394,0.4666666666666667,0.875,
complex_000394,0.35294117647058826,0.75,
complex_000394,0.3333333333333333,0.5,
complex_000394,0.38461538461538464,0.625,
complex_000394,0.3181818181818182,0.875,
complex_000394,0.35714285714285715,0.625,
complex_000394,0.35714285714285715,0.625,
complex_000394,0.3333333333333333,0.625,
complex_000394,0.4,0.75,
complex_000394,0.2857142857142857,0.75,
complex_000394,0.3157894736842105,0.75,
complex_000394,0.4375,0.875,
complex_000394,0.3684210526315789,0.875,
complex_000394,0.45454545454545453,0.625,
complex_000394,0.7272727272727273,1.0,
complex_000394,0.23076923076923078,0.375,
complex_000394,0.25,0.375,
complex_000394,0.35294117647058826,0.75,
complex_000394,0.3333333333333333,0.5,
complex_000394,0.2727272727272727,0.375,
complex_000394,0.42857142857142855,0.75,
complex_000394,0.2631578947368421,0.625,
complex_000394,0.5,1.0,
complex_000394,0.375,0.75,
complex_000394,0.45454545454545453,0.625,
complex_000394,0.5384615384615384,0.875,
complex_000394,0.6666666666666666,0.75,
complex_000400,0.38095238095238093,0.5333333333333333,
complex_000400,0.22727272727272727,0.3333333333333333,
complex_000400,0.25,0.26666666666666666,
complex_000400,0.32,0.5333333333333333,
complex_000400,0.25,0.3333333333333333,
complex_000400,0.1875,0.2,
complex_000400,0.2777777777777778,0.3333333333333333,
complex_000400,0.29411764705882354,0.3333333333333333,
complex_000400,0.3157894736842105,0.4,
complex_000400,0.25,0.4,
complex_000400,0.26666666666666666,0.26666666666666666,
complex_000400,0.125,0.13333333333333333,
complex_000400,0.3684210526315789,0.4666666666666667,
complex_000400,0.23529411764705882,0.26666666666666666,
complex_000400,0.11764705882352941,0.13333333333333333,
complex_000400,0.2631578947368421,0.3333333333333333,
complex_000400,0.25,0.26666666666666666,
complex_000400,0.11764705882352941,0.13333333333333333,
complex_000400,0.3,0.4,
complex_000400,0.15789473684210525,0.2,
complex_000400,0.2857142857142857,0.4,
complex_000400,0.391304347826087,0.6,
complex_000400,0.3333333333333333,0.6,
complex_000400,0.375,0.4,
complex_000400,0.19047619047619047,0.26666666666666666,
complex_000400,0.2777777777777778,0.3333333333333333,
complex_000400,0.2727272727272727,0.4,
complex_000400,0.3684210526315789,0.4666666666666667,
complex_000400,0.2222222222222222,0.26666666666666666,
complex_000400,0.3,0.4,
complex_000400,0.3448275862068966,0.6666666666666666,
complex_000400,0.3333333333333333,0.4666666666666667,
complex_000400,0.3333333333333333,0.3333333333333333,
complex_000400,0.3333333333333333,0.4666666666666667,
complex_000400,0.47058823529411764,0.5333333333333333,
complex_000400,0.3888888888888889,0.4666666666666667,
complex_000400,0.17391304347826086,0.26666666666666666,
complex_000400,0.15789473684210525,0.2,
complex_000400,0.2631578947368421,0.3333333333333333,
complex_000400,0.35294117647058826,0.4,
complex_000400,0.2608695652173913,0.4,
complex_000400,0.3157894736842105,0.4,
complex_000400,0.11764705882352941,0.13333333333333333,
complex_000400,0.17647058823529413,0.2,
complex_000400,0.3157894736842105,0.4,
complex_000400,0.3157894736842105,0.4,
complex_000400,0.3333333333333333,0.4,
complex_000400,0.3333333333333333,0.4,
complex_000400,0.30434782608695654,0.4666666666666667,
complex_000400,0.36363636363636365,0.5333333333333333,
complex_000400,0.3157894736842105,0.4,
complex_000400,0.15384615384615385,0.26666666666666666,
complex_000400,0.3,0.4,
complex_000400,0.06666666666666667,0.06666666666666667,
complex_000400,0.10526315789473684,0.13333333333333333,
complex_000400,0.3333333333333333,0.4666666666666667,
complex_000400,0.36363636363636365,0.5333333333333333,
complex_000400,0.1875,0.2,
complex_000400,0.10526315789473684,0.13333333333333333,
complex_000400,0.23529411764705882,0.26666666666666666,
complex_000400,0.4375,0.4666666666666667,
complex_000400,0.3181818181818182,0.4666666666666667,
complex_000400,0.2222222222222222,0.26666666666666666,
complex_000400,0.3333333333333333,0.4,
complex_000400,0.2777777777777778,0.3333333333333333,
complex_000400,0.35,0.4666666666666667,
complex_000400,0.2857142857142857,0.4,
complex_000400,0.36363636363636365,0.5333333333333333,
complex_000400,0.3125,0.3333333333333333,
complex_000400,0.45,0.6,
complex_000400,0.26666666666666666,0.26666666666666666,
complex_000400,0.2692307692307692,0.4666666666666667,
complex_000400,0.06666666666666667,0.06666666666666667,
complex_000400,0.3333333333333333,0.5333333333333333,
complex_000400,0.32,0.5333333333333333,
complex_000400,0.3333333333333333,0.4666666666666667,
complex_000400,0.36363636363636365,0.5333333333333333,
complex_000400,0.21052631578947367,0.26666666666666666,
complex_000400,0.25,0.26666666666666666,
complex_000400,0.2631578947368421,0.3333333333333333,
complex_000400,0.3888888888888889,0.4666666666666667,
complex_000400,0.38095238095238093,0.5333333333333333,
complex_000400,0.2631578947368421,0.3333333333333333,
complex_000400,0.2857142857142857,0.4,
complex_000400,0.34782608695652173,0.5333333333333333,
complex_000400,0.38095238095238093,0.5333333333333333,
complex_000400,0.21052631578947367,0.26666666666666666,
complex_000400,0.3333333333333333,0.4666666666666667,
complex_000400,0.23809523809523808,0.3333333333333333,
complex_000400,0.36363636363636365,0.5333333333333333,
complex_000400,0.2608695652173913,0.4,
complex_000400,0.3333333333333333,0.3333333333333333,
complex_000400,0.2631578947368421,0.3333333333333333,
complex_000400,0.06666666666666667,0.06666666666666667,
complex_000400,0.3333333333333333,0.3333333333333333,
complex_000400,0.42105263157894735,0.5333333333333333,
complex_000400,0.47058823529411764,0.5333333333333333,
complex_000400,0.38095238095238093,0.5333333333333333,
complex_000400,0.47058823529411764,0.5333333333333333,
complex_000400,0.45,0.6,
complex_000403,0.3,0.6,
complex_000403,0.3333333333333333,0.4,
complex_000403,0.16666666666666666,0.4,
complex_000403,0.2,0.6,
complex_000403,0.2857142857142857,0.8,
complex_000403,0.16666666666666666,0.2,
complex_000403,0.23076923076923078,0.6,
complex_000403,0.25,0.8,
complex_000403,0.25,0.4,
complex_000403,0.3333333333333333,0.8,
complex_000403,0.1,0.2,
complex_000403,0.45454545454545453,1.0,
complex_000403,0.1111111111111111,0.2,
complex_000403,0.18181818181818182,0.4,
complex_000403,0.3076923076923077,0.8,
complex_000403,0.21428571428571427,0.6,
complex_000403,0.125,0.4,
complex_000403,0.2857142857142857,0.4,
complex_000403,0.2222222222222222,0.4,
complex_000403,0.17647058823529413,0.6,
complex_000403,0.11764705882352941,0.4,
complex_000403,0.2,0.6,
complex_000403,0.25,0.4,
complex_000403,0.23529411764705882,0.8,
complex_000403,0.14285714285714285,0.2,
complex_000403,0.3076923076923077,0.8,
complex_000403,0.13333333333333333,0.4,
complex_000403,0.25,0.6,
complex_000403,0.125,0.2,
complex_000403,0.3333333333333333,0.6,
complex_000403,0.25,0.6,
complex_000403,0.2,0.4,
complex_000403,0.11764705882352941,0.4,
complex_000403,0.16666666666666666,0.4,
complex_000403,0.3,0.6,
complex_000403,0.14285714285714285,0.2,
complex_000403,0.2222222222222222,0.4,
complex_000403,0.16666666666666666,0.6,
complex_000403,0.1111111111111111,0.4,
complex_000403,0.3333333333333333,0.6,
complex_000403,0.21428571428571427,0.6,
complex_000403,0.2857142857142857,0.4,
complex_000403,0.15384615384615385,0.4,
complex_000403,0.1,0.2,
complex_000403,0.1875,0.6,
complex_000403,0.25,0.6,
complex_000403,0.125,0.2,
complex_000403,0.1,0.2,
complex_000403,0.3,0.6,
complex_000403,0.2,0.4,
complex_000403,0.15789473684210525,0.6,
complex_000403,0.3333333333333333,0.4,
complex_000403,0.3076923076923077,0.8,
complex_000403,0.25,0.6,
complex_000403,0.1111111111111111,0.2,
complex_000403,0.15384615384615385,0.4,
complex_000403,0.23076923076923078,0.6,
complex_000403,0.23076923076923078,0.6,
complex_000403,0.3333333333333333,0.6,
complex_000403,0.1111111111111111,0.2,
complex_000403,0.4444444444444444,0.8,
complex_000403,0.2,0.6,
complex_000403,0.14285714285714285,0.2,
complex_000403,0.2,0.6,
complex_000403,0.1875,0.6,
complex_000403,0.0,0.0,
complex_000403,0.1,0.2,
complex_000403,0.2,0.6,
complex_000403,0.25,0.4,
complex_000403,0.2222222222222222,0.4,
complex_000403,0.3,0.6,
complex_000403,0.23076923076923078,0.6,
complex_000403,0.2857142857142857,0.4,
complex_000403,0.1,0.2,
complex_000403,0.09523809523809523,0.4,
complex_000403,0.13333333333333333,0.4,
complex_000403,0.23529411764705882,0.8,
complex_000403,0.3333333333333333,0.8,
complex_000403,0.16666666666666666,0.6,
complex_000403,0.25,0.6,
complex_000403,0.2727272727272727,0.6,
complex_000403,0.3076923076923077,0.8,
complex_000403,0.18181818181818182,0.4,
complex_000403,0.125,0.4,
complex_000403,0.08333333333333333,0.2,
complex_000403,0.3,0.6,
complex_000403,0.2,0.4,
complex_000403,0.2727272727272727,0.6,
complex_000403,0.3,0.6,
complex_000403,0.16666666666666666,0.4,
complex_000403,0.3076923076923077,0.8,
complex_000403,0.2,0.6,
complex_000403,0.19047619047619047,0.8,
complex_000403,0.2727272727272727,0.6,
complex_000403,0.16666666666666666,0.4,
complex_000403,0.0,0.0,
complex_000403,0.2222222222222222,0.4,
complex_000403,0.125,0.4,
complex_000403,0.2857142857142857,0.8,
complex_000403,0.23076923076923078,0.6,
complex_000411,0.4,0.8,
complex_000411,0.13333333333333333,0.4,
complex_000411,0.35714285714285715,1.0,
complex_000411,0.26666666666666666,0.8,
complex_000411,0.25,0.8,
complex_000411,0.3333333333333333,0.6,
complex_000411,0.5,1.0,
complex_000411,0.16666666666666666,0.6,
complex_000411,0.4444444444444444,0.8,
complex_000411,0.36363636363636365,0.8,
complex_000411,0.3076923076923077,0.8,
complex_000411,0.5714285714285714,0.8,
complex_000411,0.3,0.6,
complex_000411,0.4444444444444444,0.8,
complex_000411,0.3333333333333333,1.0,
complex_000411,0.5,1.0,
complex_000411,0.4444444444444444,0.8,
complex_000411,0.8333333333333334,1.0,
complex_000411,0.3333333333333333,0.6,
complex_000411,0.3125,1.0,
complex_000411,0.26666666666666666,0.8,
complex_000411,0.3333333333333333,0.8,
complex_000411,0.4444444444444444,0.8,
complex_000411,0.2222222222222222,0.4,
complex_000411,0.7142857142857143,1.0,
complex_000411,0.3333333333333333,0.6,
complex_000411,0.4444444444444444,0.8,
complex_000411,0.1875,0.6,
complex_000411,0.36363636363636365,0.8,
complex_000411,0.3333333333333333,1.0,
complex_000411,0.16666666666666666,0.6,
complex_000411,0.3333333333333333,1.0,
complex_000411,0.4,0.8,
complex_000411,0.22727272727272727,1.0,
complex_000411,0.21428571428571427,0.6,
complex_000411,0.5,1.0,
complex_000411,0.3333333333333333,1.0,
complex_000411,0.5,0.8,
complex_000411,0.18181818181818182,0.4,
complex_000411,0.5,0.6,
complex_000411,0.45454545454545453,1.0,
complex_000411,0.38461538461538464,1.0,
complex_000411,0.375,0.6,
complex_000411,0.2631578947368421,1.0,
complex_000411,0.3333333333333333,0.8,
complex_000411,0.4444444444444444,0.8,
complex_000411,0.45454545454545453,1.0,
complex_000411,0.21428571428571427,0.6,
complex_000411,0.3333333333333333,0.8,
complex_000411,0.2777777777777778,1.0,
complex_000411,0.375,0.6,
complex_000411,0.25,0.8,
complex_000411,0.3125,1.0,
complex_000411,0.36363636363636365,0.8,
complex_000411,0.3333333333333333,1.0,
complex_000411,0.25,1.0,
complex_000411,0.26666666666666666,0.8,
complex_000411,0.5,0.8,
complex_000411,0.4444444444444444,0.8,
complex_000411,0.21052631578947367,0.8,
complex_000411,0.25,0.6,
complex_000411,0.3333333333333333,0.8,
complex_000411,0.26666666666666666,0.8,
complex_000411,0.3333333333333333,0.6,
complex_000411,0.4444444444444444,0.8,
complex_000411,0.16666666666666666,0.4,
complex_000411,0.2857142857142857,0.8,
complex_000411,0.4444444444444444,0.8,
complex_000411,0.35714285714285715,1.0,
complex_000411,0.5,0.8,
complex_000411,0.2727272727272727,0.6,
complex_000411,0.3333333333333333,1.0,
complex_000411,0.16666666666666666,0.4,
complex_000411,0.2857142857142857,0.8,
complex_000411,0.4,0.8,
complex_000411,0.5714285714285714,0.8,
complex_000411,0.3,0.6,
complex_000411,0.19047619047619047,0.8,
complex_000411,0.29411764705882354,1.0,
complex_000411,0.3076923076923077,0.8,
complex_000411,0.4166666666666667,1.0,
complex_000411,0.5555555555555556,1.0,
complex_000411,0.6666666666666666,0.8,
complex_000411,0.6666666666666666,0.8,
complex_000411,0.14285714285714285,0.4,
complex_000411,0.2857142857142857,0.8,
complex_000411,0.23076923076923078,0.6,
complex_000411,0.3076923076923077,0.8,
complex_000411,0.3333333333333333,0.8,
complex_000411,0.36363636363636365,0.8,
complex_000411,0.45454545454545453,1.0,
complex_000411,0.3333333333333333,0.6,
complex_000411,0.375,0.6,
complex_000411,0.5,0.8,
complex_000411,0.26666666666666666,0.8,
complex_000411,0.3333333333333333,0.8,
complex_000411,0.15384615384615385,0.4,
complex_000411,0.35714285714285715,1.0,
complex_000411,0.2222222222222222,0.8,
complex_000411,0.36363636363636365,0.8,
complex_000426,0.4,0.75,
complex_000426,0.375,0.75,
complex_000426,0.3333333333333333,0.5,
complex_000426,0.5555555555555556,0.625,
complex_000426,0.375,0.75,
complex_000426,0.375,0.75,
complex_000426,0.19047619047619047,0.5,
complex_000426,0.11764705882352941,0.25,
complex_000426,0.25,0.5,
complex_000426,0.3333333333333333,0.5,
complex_000426,0.5,0.5,
complex_000426,0.375,0.75,
complex_000426,0.3125,0.625,
complex_000426,0.3333333333333333,0.375,
complex_000426,0.23529411764705882,0.5,
complex_000426,0.2727272727272727,0.375,
complex_000426,0.19047619047619047,0.5,
complex_000426,0.3157894736842105,0.75,
complex_000426,0.35294117647058826,0.75,
complex_000426,0.35714285714285715,0.625,
complex_000426,0.21052631578947367,0.5,
complex_000426,0.3,0.375,
complex_000426,0.25,0.375,
complex_000426,0.36363636363636365,0.5,
complex_000426,0.4,0.75,
complex_000426,0.45454545454545453,0.625,
complex_000426,0.2727272727272727,0.375,
complex_000426,0.5454545454545454,0.75,
complex_000426,0.34782608695652173,1.0,
complex_000426,0.4166666666666667,0.625,
complex_000426,0.2777777777777778,0.625,
complex_000426,0.25,0.25,
complex_000426,0.5,0.875,
complex_000426,0.5,0.625,
complex_000426,0.3,0.375,
complex_000426,0.3333333333333333,0.625,
complex_000426,0.7,0.875,
complex_000426,0.375,0.75,
complex_000426,0.35714285714285715,0.625,
complex_000426,0.5454545454545454,0.75,
complex_000426,0.36363636363636365,0.5,
complex_000426,0.3,0.375,
complex_000426,0.26666666666666666,0.5,
complex_000426,0.4166666666666667,0.625,
complex_000426,0.45454545454545453,0.625,
complex_000426,0.2777777777777778,0.625,
complex_000426,0.46153846153846156,0.75,
complex_000426,0.4,0.75,
complex_000426,0.3333333333333333,0.625,
complex_000426,0.46153846153846156,0.75,
complex_000426,0.21428571428571427,0.375,
complex_000426,0.2222222222222222,0.75,
complex_000426,0.38461538461538464,0.625,
complex_000426,0.18181818181818182,0.25,
complex_000426,0.2,0.5,
complex_000426,0.4375,0.875,
complex_000426,0.18181818181818182,0.25,
complex_000426,0.5,0.875,
complex_000426,0.25,0.25,
complex_000426,0.4,0.75,
complex_000426,0.26666666666666666,0.5,
complex_000426,0.3,0.75,
complex_000426,0.3,0.75,
complex_000426,0.35294117647058826,0.75,
complex_000426,0.29411764705882354,0.625,
complex_000426,0.4666666666666667,0.875,
complex_000426,0.38461538461538464,0.625,
complex_000426,0.5,0.875,
complex_000426,0.3,0.75,
complex_000426,0.375,0.75,
complex_000426,0.1111111111111111,0.125,
complex_000426,0.3333333333333333,0.75,
complex_000426,0.3125,0.625,
complex_000426,0.6666666666666666,0.75,
complex_000426,0.4,0.75,
complex_000426,0.4117647058823529,0.875,
complex_000426,0.4,0.75,
complex_000426,0.3,0.75,
complex_000426,0.25,0.375,
complex_000426,0.25,0.5,
complex_000426,0.35,0.875,
complex_000426,0.3076923076923077,0.5,
complex_000426,0.3333333333333333,0.875,
complex_000426,0.21052631578947367,0.5,
complex_000426,0.2857142857142857,0.5,
complex_000426,0.375,0.375,
complex_000426,0.4444444444444444,0.5,
complex_000426,0.46153846153846156,0.75,
complex_000426,0.3333333333333333,0.875,
complex_000426,0.2631578947368421,0.625,
complex_000426,0.3,0.375,
complex_000426,0.2857142857142857,0.75,
complex_000426,0.36363636363636365,0.5,
complex_000426,0.5,0.625,
complex_000426,0.4117647058823529,0.875,
complex_000426,0.375,0.75,
complex_000426,0.25,0.5,
complex_000426,0.4444444444444444,0.5,
complex_000426,0.29411764705882354,0.625,
complex_000426,0.125,0.125,
complex_000456,0.2727272727272727,0.3333333333333333,
complex_000456,0.3333333333333333,0.6666666666666666,
complex_000456,0.21052631578947367,0.4444444444444444,
complex_000456,0.4,0.4444444444444444,
complex_000456,0.3684210526315789,0.7777777777777778,
complex_000456,0.3076923076923077,0.4444444444444444,
complex_000456,0.2857142857142857,0.4444444444444444,
complex_000456,0.38461538461538464,0.5555555555555556,
complex_000456,0.09090909090909091,0.1111111111111111,
complex_000456,0.36363636363636365,0.4444444444444444,
complex_000456,0.2727272727272727,0.3333333333333333,
complex_000456,0.5,0.6666666666666666,
complex_000456,0.42105263157894735,0.8888888888888888,
complex_000456,0.2857142857142857,0.4444444444444444,
complex_000456,0.4,0.6666666666666666,
complex_000456,0.25,0.4444444444444444,
complex_000456,0.36363636363636365,0.4444444444444444,
complex_000456,0.3076923076923077,0.4444444444444444,
complex_000456,0.2857142857142857,0.6666666666666666,
complex_000456,0.25,0.5555555555555556,
complex_000456,0.25,0.6666666666666666,
complex_000456,0.5,0.7777777777777778,
complex_000456,0.5454545454545454,0.6666666666666666,
complex_000456,0.45454545454545453,0.5555555555555556,
complex_000456,0.2727272727272727,0.6666666666666666,
complex_000456,0.3333333333333333,0.3333333333333333,
complex_000456,0.16666666666666666,0.2222222222222222,
complex_000456,0.29411764705882354,0.5555555555555556,
complex_000456,0.46153846153846156,0.6666666666666666,
complex_000456,0.2,0.4444444444444444,
complex_000456,0.3333333333333333,0.5555555555555556,
complex_000456,0.4166666666666667,0.5555555555555556,
complex_000456,0.5,0.8888888888888888,
complex_000456,0.18181818181818182,0.2222222222222222,
complex_000456,0.3157894736842105,0.6666666666666666,
complex_000456,0.38461538461538464,0.5555555555555556,
complex_000456,0.2777777777777778,0.5555555555555556,
complex_000456,0.36363636363636365,0.4444444444444444,
complex_000456,0.5555555555555556,0.5555555555555556,
complex_000456,0.4,0.6666666666666666,
complex_000456,0.2857142857142857,0.6666666666666666,
complex_000456,0.22727272727272727,0.5555555555555556,
complex_000456,0.4166666666666667,0.5555555555555556,
complex_000456,0.4117647058823529,0.7777777777777778,
complex_000456,0.38461538461538464,0.5555555555555556,
complex_000456,0.3888888888888889,0.7777777777777778,
complex_000456,0.29411764705882354,0.5555555555555556,
complex_000456,0.4,0.4444444444444444,
complex_000456,0.29411764705882354,0.5555555555555556,
complex_000456,0.2857142857142857,0.4444444444444444,
complex_000456,0.3333333333333333,0.4444444444444444,
complex_000456,0.21428571428571427,0.3333333333333333,
complex_000456,0.23529411764705882,0.4444444444444444,
complex_000456,0.11764705882352941,0.2222222222222222,
complex_000456,0.36363636363636365,0.4444444444444444,
complex_000456,0.25,0.4444444444444444,
complex_000456,0.35294117647058826,0.6666666666666666,
complex_000456,0.14285714285714285,0.3333333333333333,
complex_000456,0.5555555555555556,0.5555555555555556,
complex_000456,0.3333333333333333,0.3333333333333333,
complex_000456,0.23076923076923078,0.3333333333333333,
complex_000456,0.35294117647058826,0.6666666666666666,
complex_000456,0.46153846153846156,0.6666666666666666,
complex_000456,0.3333333333333333,0.5555555555555556,
complex_000456,0.3333333333333333,0.5555555555555556,
complex_000456,0.46153846153846156,0.6666666666666666,
complex_000456,0.45454545454545453,0.5555555555555556,
complex_000456,0.23076923076923078,0.3333333333333333,
complex_000456,0.46153846153846156,0.6666666666666666,
complex_000456,0.4166666666666667,0.5555555555555556,
complex_000456,0.2727272727272727,0.6666666666666666,
complex_000456,0.2857142857142857,0.6666666666666666,
complex_000456,0.29411764705882354,0.5555555555555556,
complex_000456,0.3333333333333333,0.3333333333333333,
complex_000456,0.3333333333333333,0.4444444444444444,
complex_000456,0.45454545454545453,0.5555555555555556,
complex_000456,0.35714285714285715,0.5555555555555556,
complex_000456,0.3,0.3333333333333333,
complex_000456,0.35714285714285715,0.5555555555555556,
complex_000456,0.3125,0.5555555555555556,
complex_000456,0.4444444444444444,0.8888888888888888,
complex_000456,0.46153846153846156,0.6666666666666666,
complex_000456,0.23076923076923078,0.3333333333333333,
complex_000456,0.4166666666666667,0.5555555555555556,
complex_000456,0.16666666666666666,0.2222222222222222,
complex_000456,0.3,0.3333333333333333,
complex_000456,0.38461538461538464,0.5555555555555556,
complex_000456,0.4,0.6666666666666666,
complex_000456,0.25,0.4444444444444444,
complex_000456,0.3,0.3333333333333333,
complex_000456,0.2777777777777778,0.5555555555555556,
complex_000456,0.36363636363636365,0.4444444444444444,
complex_000456,0.29411764705882354,0.5555555555555556,
complex_000456,0.5333333333333333,0.8888888888888888,
complex_000456,0.3333333333333333,0.3333333333333333,
complex_000456,0.375,0.6666666666666666,
complex_000456,0.3157894736842105,0.6666666666666666,
complex_000456,0.3333333333333333,0.5555555555555556,
complex_000456,0.38461538461538464,0.5555555555555556,
complex_000456,0.13636363636363635,0.3333333333333333,
complex_000472,0.3333333333333333,0.6666666666666666,
complex_000472,0.2222222222222222,0.6666666666666666,
complex_000472,0.3333333333333333,0.6666666666666666,
complex_000472,0.2,1.0,
complex_000472,0.3333333333333333,1.0,
complex_000472,0.3333333333333333,1.0,
complex_000472,0.2727272727272727,1.0,
complex_000472,0.5,1.0,
complex_000472,0.4,0.6666666666666666,
complex_000472,0.375,1.0,
complex_000472,0.23076923076923078,1.0,
complex_000472,0.3333333333333333,1.0,
complex_000472,0.23076923076923078,1.0,
complex_000472,0.2857142857142857,0.6666666666666666,
complex_000472,0.18181818181818182,0.6666666666666666,
complex_000472,0.0,0.0,
complex_000472,0.3333333333333333,1.0,
complex_000472,0.25,0.6666666666666666,
complex_000472,0.18181818181818182,0.6666666666666666,
complex_000472,0.4,0.6666666666666666,
complex_000472,0.3,1.0,
complex_000472,0.2,0.3333333333333333,
complex_000472,0.3333333333333333,1.0,
complex_000472,0.2727272727272727,1.0,
complex_000472,0.2,0.3333333333333333,
complex_000472,0.14285714285714285,0.6666666666666666,
complex_000472,0.14285714285714285,0.6666666666666666,
complex_000472,0.6666666666666666,0.6666666666666666,
complex_000472,0.23076923076923078,1.0,
complex_000472,0.4,0.6666666666666666,
complex_000472,0.5,1.0,
complex_000472,0.2,0.3333333333333333,
complex_000472,0.2857142857142857,0.6666666666666666,
complex_000472,0.1111111111111111,0.6666666666666666,
complex_000472,0.75,1.0,
complex_000472,0.3,1.0,
complex_000472,0.6666666666666666,0.6666666666666666,
complex_000472,0.4,0.6666666666666666,
complex_000472,0.3,1.0,
complex_000472,0.3333333333333333,1.0,
complex_000472,0.2222222222222222,0.6666666666666666,
complex_000472,0.3,1.0,
complex_000472,0.25,0.3333333333333333,
complex_000472,0.2,0.6666666666666666,
complex_000472,0.25,0.6666666666666666,
complex_000472,0.375,1.0,
complex_000472,0.2222222222222222,0.6666666666666666,
complex_000472,0.6666666666666666,0.6666666666666666,
complex_000472,0.3333333333333333,1.0,
complex_000472,0.42857142857142855,1.0,
complex_000472,0.25,0.3333333333333333,
complex_000472,0.1111111111111111,0.6666666666666666,
complex_000472,0.4,0.6666666666666666,
complex_000472,0.42857142857142855,1.0,
complex_000472,0.5,1.0,
complex_000472,0.05263157894736842,0.3333333333333333,
complex_000472,0.2222222222222222,0.6666666666666666,
complex_000472,0.3333333333333333,1.0,
complex_000472,0.2727272727272727,1.0,
complex_000472,0.25,0.6666666666666666,
complex_000472,0.6,1.0,
complex_000472,0.75,1.0,
complex_000472,0.3,1.0,
complex_000472,0.42857142857142855,1.0,
complex_000472,0.25,0.3333333333333333,
complex_000472,0.3333333333333333,0.3333333333333333,
complex_000472,0.375,1.0,
complex_000472,0.5,1.0,
complex_000472,0.2,1.0,
complex_000472,0.2,1.0,
complex_000472,0.5,0.6666666666666666,
complex_000472,0.2727272727272727,1.0,
complex_000472,0.25,0.6666666666666666,
complex_000472,0.15,1.0,
complex_000472,1.0,1.0,
complex_000472,0.4,0.6666666666666666,
complex_000472,0.2,0.6666666666666666,
complex_000472,0.23076923076923078,1.0,
complex_000472,0.3333333333333333,0.6666666666666666,
complex_000472,0.058823529411764705,0.3333333333333333,
complex_000472,0.3333333333333333,1.0,
complex_000472,0.25,0.6666666666666666,
complex_000472,0.3333333333333333,0.3333333333333333,
complex_000472,0.23076923076923078,1.0,
complex_000472,0.6666666666666666,0.6666666666666666,
complex_000472,0.3333333333333333,1.0,
complex_000472,0.15,1.0,
complex_000472,0.42857142857142855,1.0,
complex_000472,0.375,1.0,
complex_000472,0.2857142857142857,0.6666666666666666,
complex_000472,0.1875,1.0,
complex_000472,0.5,1.0,
complex_000472,0.2222222222222222,0.6666666666666666,
complex_000472,0.18181818181818182,0.6666666666666666,
complex_000472,0.2857142857142857,0.6666666666666666,
complex_000472,0.3333333333333333,1.0,
complex_000472,0.375,1.0,
complex_000472,0.23076923076923078,1.0,
complex_000472,0.4,0.6666666666666666,
complex_000472,0.6,1.0,
complex_000473,0.391304347826087,0.5,
complex_000473,0.05555555555555555,0.05555555555555555,
complex_000473,0.2,0.2222222222222222,
complex_000473,0.1111111111111111,0.1111111111111111,
complex_000473,0.05263157894736842,0.05555555555555555,
complex_000473,0.2727272727272727,0.3333333333333333,
complex_000473,0.32,0.4444444444444444,
complex_000473,0.05555555555555555,0.05555555555555555,
complex_000473,0.45,0.5,
complex_000473,0.2,0.2222222222222222,
complex_000473,0.0,0.0,
complex_000473,0.2631578947368421,0.2777777777777778,
complex_000473,0.2,0.2222222222222222,
complex_000473,0.25,0.3333333333333333,
complex_000473,0.2222222222222222,0.3333333333333333,
complex_000473,0.36363636363636365,0.4444444444444444,
complex_000473,0.20833333333333334,0.2777777777777778,
complex_000473,0.0,0.0,
complex_000473,0.1111111111111111,0.1111111111111111,
complex_000473,0.2631578947368421,0.2777777777777778,
complex_000473,0.4090909090909091,0.5,
complex_000473,0.21739130434782608,0.2777777777777778,
complex_000473,0.15,0.16666666666666666,
complex_000473,0.23809523809523808,0.2777777777777778,
complex_000473,0.23809523809523808,0.2777777777777778,
complex_000473,0.21052631578947367,0.2222222222222222,
complex_000473,0.15789473684210525,0.16666666666666666,
complex_000473,0.38095238095238093,0.4444444444444444,
complex_000473,0.2857142857142857,0.3333333333333333,
complex_000473,0.21052631578947367,0.2222222222222222,
complex_000473,0.15,0.16666666666666666,
complex_000473,0.15384615384615385,0.2222222222222222,
complex_000473,0.2,0.2222222222222222,
complex_000473,0.3,0.3333333333333333,
complex_000473,0.1111111111111111,0.1111111111111111,
complex_000473,0.2,0.2777777777777778,
complex_000473,0.20833333333333334,0.2777777777777778,
complex_000473,0.2857142857142857,0.3333333333333333,
complex_000473,0.21052631578947367,0.2222222222222222,
complex_000473,0.21052631578947367,0.2222222222222222,
complex_000473,0.20833333333333334,0.2777777777777778,
complex_000473,0.19047619047619047,0.2222222222222222,
complex_000473,0.2222222222222222,0.3333333333333333,
complex_000473,0.2777777777777778,0.2777777777777778,
complex_000473,0.27586206896551724,0.4444444444444444,
complex_000473,0.25,0.2777777777777778,
complex_000473,0.0,0.0,
complex_000473,0.375,0.5,
complex_000473,0.3076923076923077,0.4444444444444444,
complex_000473,0.2222222222222222,0.2222222222222222,
complex_000473,0.14285714285714285,0.16666666666666666,
complex_000473,0.15,0.16666666666666666,
complex_000473,0.21739130434782608,0.2777777777777778,
complex_000473,0.24,0.3333333333333333,
complex_000473,0.15789473684210525,0.16666666666666666,
complex_000473,0.16666666666666666,0.16666666666666666,
complex_000473,0.2,0.2222222222222222,
complex_000473,0.20689655172413793,0.3333333333333333,
complex_000473,0.2631578947368421,0.2777777777777778,
complex_000473,0.16666666666666666,0.16666666666666666,
complex_000473,0.42105263157894735,0.4444444444444444,
complex_000473,0.15789473684210525,0.16666666666666666,
complex_000473,0.15789473684210525,0.16666666666666666,
complex_000473,0.2,0.2222222222222222,
complex_000473,0.2857142857142857,0.3333333333333333,
complex_000473,0.1935483870967742,0.3333333333333333,
complex_000473,0.20833333333333334,0.2777777777777778,
complex_000473,0.15,0.16666666666666666,
complex_000473,0.38095238095238093,0.4444444444444444,
complex_000473,0.375,0.5,
complex_000473,0.21052631578947367,0.2222222222222222,
complex_000473,0.2631578947368421,0.2777777777777778,
complex_000473,0.05263157894736842,0.05555555555555555,
complex_000473,0.42857142857142855,0.5,
complex_000473,0.16666666666666666,0.16666666666666666,
complex_000473,0.45454545454545453,0.5555555555555556,
complex_000473,0.14285714285714285,0.16666666666666666,
complex_000473,0.1724137931034483,0.2777777777777778,
complex_000473,0.3157894736842105,0.3333333333333333,
complex_000473,0.2,0.2777777777777778,
complex_000473,0.375,0.5,
complex_000473,0.19230769230769232,0.2777777777777778,
complex_000473,0.42857142857142855,0.5,
complex_000473,0.17391304347826086,0.2222222222222222,
complex_000473,0.19230769230769232,0.2777777777777778,
complex_000473,0.3684210526315789,0.3888888888888889,
complex_000473,0.3181818181818182,0.3888888888888889,
complex_000473,0.21739130434782608,0.2777777777777778,
complex_000473,0.32,0.4444444444444444,
complex_000473,0.2727272727272727,0.3333333333333333,
complex_000473,0.3,0.3333333333333333,
complex_000473,0.2857142857142857,0.3333333333333333,
complex_000473,0.2222222222222222,0.3333333333333333,
complex_000473,0.3,0.3333333333333333,
complex_000473,0.17391304347826086,0.2222222222222222,
complex_000473,0.3,0.3333333333333333,
complex_000473,0.4090909090909091,0.5,
complex_000473,0.4,0.4444444444444444,
complex_000473,0.1,0.1111111111111111,
complex_000473,0.1111111111111111,0.1111111111111111,
complex_000477,0.4,0.4,
complex_000477,0.29411764705882354,0.3333333333333333,
complex_000477,0.15789473684210525,0.2,
complex_000477,0.2631578947368421,0.3333333333333333,
complex_000477,0.3125,0.3333333333333333,
complex_000477,0.22727272727272727,0.3333333333333333,
complex_000477,0.29411764705882354,0.3333333333333333,
complex_000477,0.2857142857142857,0.4,
complex_000477,0.125,0.13333333333333333,
complex_000477,0.17647058823529413,0.2,
complex_000477,0.3684210526315789,0.4666666666666667,
complex_000477,0.1875,0.2,
complex_000477,0.3333333333333333,0.4,
complex_000477,0.2727272727272727,0.4,
complex_000477,0.21052631578947367,0.26666666666666666,
complex_000477,0.23529411764705882,0.26666666666666666,
complex_000477,0.4117647058823529,0.4666666666666667,
complex_000477,0.4,0.5333333333333333,
complex_000477,0.4,0.4,
complex_000477,0.25,0.3333333333333333,
complex_000477,0.17647058823529413,0.2,
complex_000477,0.3125,0.3333333333333333,
complex_000477,0.29411764705882354,0.3333333333333333,
complex_000477,0.17647058823529413,0.2,
complex_000477,0.35,0.4666666666666667,
complex_000477,0.2857142857142857,0.4,
complex_000477,0.25,0.26666666666666666,
complex_000477,0.2,0.2,
complex_000477,0.2,0.2,
complex_000477,0.19047619047619047,0.26666666666666666,
complex_000477,0.375,0.4,
complex_000477,0.29411764705882354,0.3333333333333333,
complex_000477,0.29411764705882354,0.3333333333333333,
complex_000477,0.3333333333333333,0.4,
complex_000477,0.3333333333333333,0.3333333333333333,
complex_000477,0.22727272727272727,0.3333333333333333,
complex_000477,0.21428571428571427,0.4,
complex_000477,0.2222222222222222,0.26666666666666666,
complex_000477,0.3684210526315789,0.4666666666666667,
complex_000477,0.4,0.5333333333333333,
complex_000477,0.17647058823529413,0.2,
complex_000477,0.2222222222222222,0.26666666666666666,
complex_000477,0.29411764705882354,0.3333333333333333,
complex_000477,0.23529411764705882,0.26666666666666666,
complex_000477,0.17647058823529413,0.2,
complex_000477,0.4117647058823529,0.4666666666666667,
complex_000477,0.1875,0.2,
complex_000477,0.17391304347826086,0.26666666666666666,
complex_000477,0.3157894736842105,0.4,
complex_000477,0.3125,0.3333333333333333,
complex_000477,0.4117647058823529,0.4666666666666667,
complex_000477,0.3888888888888889,0.4666666666666667,
complex_000477,0.16666666666666666,0.2,
complex_000477,0.23529411764705882,0.26666666666666666,
complex_000477,0.3684210526315789,0.4666666666666667,
complex_000477,0.45,0.6,
complex_000477,0.4375,0.4666666666666667,
complex_000477,0.26666666666666666,0.26666666666666666,
complex_000477,0.4117647058823529,0.4666666666666667,
complex_000477,0.1875,0.2,
complex_000477,0.2608695652173913,0.4,
complex_000477,0.4,0.5333333333333333,
complex_000477,0.25,0.3333333333333333,
complex_000477,0.2222222222222222,0.26666666666666666,
complex_000477,0.25,0.3333333333333333,
complex_000477,0.3,0.4,
complex_000477,0.3157894736842105,0.4,
complex_000477,0.3333333333333333,0.3333333333333333,
complex_000477,0.25,0.26666666666666666,
complex_000477,0.2857142857142857,0.4,
complex_000477,0.2631578947368421,0.3333333333333333,
complex_000477,0.21052631578947367,0.26666666666666666,
complex_000477,0.21052631578947367,0.26666666666666666,
complex_000477,0.26666666666666666,0.26666666666666666,
complex_000477,0.1875,0.2,
complex_000477,0.36363636363636365,0.5333333333333333,
complex_000477,0.2631578947368421,0.3333333333333333,
complex_000477,0.25,0.26666666666666666,
complex_000477,0.38095238095238093,0.5333333333333333,
complex_000477,0.35294117647058826,0.4,
complex_000477,0.34782608695652173,0.5333333333333333,
complex_000477,0.5,0.6,
complex_000477,0.17647058823529413,0.2,
complex_000477,0.17647058823529413,0.2,
complex_000477,0.35,0.4666666666666667,
complex_000477,0.2222222222222222,0.26666666666666666,
complex_000477,0.4444444444444444,0.5333333333333333,
complex_000477,0.2608695652173913,0.4,
complex_000477,0.2,0.2,
complex_000477,0.17647058823529413,0.2,
complex_000477,0.26666666666666666,0.26666666666666666,
complex_000477,0.25,0.26666666666666666,
complex_000477,0.4375,0.4666666666666667,
complex_000477,0.2,0.2,
complex_000477,0.3333333333333333,0.3333333333333333,
complex_000477,0.17647058823529413,0.2,
complex_000477,0.15789473684210525,0.2,
complex_000477,0.3,0.4,
complex_000477,0.23529411764705882,0.26666666666666666,
complex_000477,0.2608695652173913,0.4,
complex_000506,0.29411764705882354,0.4166666666666667,
complex_000506,0.5,0.5833333333333334,
complex_000506,0.5384615384615384,0.5833333333333334,
complex_000506,0.5714285714285714,0.6666666666666666,
complex_000506,0.5,0.5833333333333334,
complex_000506,0.46153846153846156,0.5,
complex_000506,0.5,0.5833333333333334,
complex_000506,0.3333333333333333,0.3333333333333333,
complex_000506,0.42857142857142855,0.5,
complex_000506,0.375,0.5,
complex_000506,0.5384615384615384,0.5833333333333334,
complex_000506,0.5384615384615384,0.5833333333333334,
complex_000506,0.6153846153846154,0.6666666666666666,
complex_000506,0.46153846153846156,0.5,
complex_000506,0.38461538461538464,0.4166666666666667,
complex_000506,0.25,0.25,
complex_000506,0.5,0.5833333333333334,
complex_000506,0.42857142857142855,0.5,
complex_000506,0.5384615384615384,0.5833333333333334,
complex_000506,0.3333333333333333,0.3333333333333333,
complex_000506,0.4666666666666667,0.5833333333333334,
complex_000506,0.3333333333333333,0.3333333333333333,
complex_000506,0.4,0.5,
complex_000506,0.5333333333333333,0.6666666666666666,
complex_000506,0.5333333333333333,0.6666666666666666,
complex_000506,0.23076923076923078,0.25,
complex_000506,0.5833333333333334,0.5833333333333334,
complex_000506,0.5,0.75,
complex_000506,0.5384615384615384,0.5833333333333334,
complex_000506,0.42857142857142855,0.5,
complex_000506,0.4666666666666667,0.5833333333333334,
complex_000506,0.5714285714285714,0.6666666666666666,
complex_000506,0.38461538461538464,0.4166666666666667,
complex_000506,0.5384615384615384,0.5833333333333334,
complex_000506,0.5,0.5833333333333334,
complex_000506,0.5,0.5833333333333334,
complex_000506,0.5,0.6666666666666666,
complex_000506,0.6923076923076923,0.75,
complex_000506,0.36363636363636365,0.6666666666666666,
complex_000506,0.46153846153846156,0.5,
complex_000506,0.4666666666666667,0.5833333333333334,
complex_000506,0.5,0.5833333333333334,
complex_000506,0.46153846153846156,0.5,
complex_000506,0.6666666666666666,0.6666666666666666,
complex_000506,0.35714285714285715,0.4166666666666667,
complex_000506,0.38461538461538464,0.4166666666666667,
complex_000506,0.5833333333333334,0.5833333333333334,
complex_000506,0.5714285714285714,0.6666666666666666,
complex_000506,0.23076923076923078,0.25,
complex_000506,0.5,0.5833333333333334,
complex_000506,0.4166666666666667,0.4166666666666667,
complex_000506,0.4166666666666667,0.4166666666666667,
complex_000506,0.38461538461538464,0.4166666666666667,
complex_000506,0.42857142857142855,0.5,
complex_000506,0.6153846153846154,0.6666666666666666,
complex_000506,0.5714285714285714,0.6666666666666666,
complex_000506,0.4375,0.5833333333333334,
complex_000506,0.5,0.5,
complex_000506,0.46153846153846156,0.5,
complex_000506,0.4,0.5,
complex_000506,0.42857142857142855,0.5,
complex_000506,0.38461538461538464,0.4166666666666667,
complex_000506,0.375,0.5,
complex_000506,0.5,0.5,
complex_000506,0.5833333333333334,0.5833333333333334,
complex_000506,0.5384615384615384,0.5833333333333334,
complex_000506,0.6,0.75,
complex_000506,0.6923076923076923,0.75,
complex_000506,0.5384615384615384,0.5833333333333334,
complex_000506,0.4375,0.5833333333333334,
complex_000506,0.5,0.5,
complex_000506,0.4666666666666667,0.5833333333333334,
complex_000506,0.4,0.5,
complex_000506,0.5294117647058824,0.75,
complex_000506,0.38461538461538464,0.4166666666666667,
complex_000506,0.6153846153846154,0.6666666666666666,
complex_000506,0.25,0.4166666666666667,
complex_000506,0.6,0.75,
complex_000506,0.42857142857142855,0.5,
complex_000506,0.47368421052631576,0.75,
complex_000506,0.35714285714285715,0.4166666666666667,
complex_000506,0.42857142857142855,0.5,
complex_000506,0.42857142857142855,0.5,
complex_000506,0.5714285714285714,0.6666666666666666,
complex_000506,0.3333333333333333,0.3333333333333333,
complex_000506,0.5,0.5,
complex_000506,0.38461538461538464,0.4166666666666667,
complex_000506,0.5714285714285714,0.6666666666666666,
complex_000506,0.35714285714285715,0.4166666666666667,
complex_000506,0.3333333333333333,0.3333333333333333,
complex_000506,0.47058823529411764,0.6666666666666666,
complex_000506,0.5294117647058824,0.75,
complex_000506,0.4375,0.5833333333333334,
complex_000506,0.15384615384615385,0.16666666666666666,
complex_000506,0.4666666666666667,0.5833333333333334,
complex_000506,0.4666666666666667,0.5833333333333334,
complex_000506,0.38461538461538464,0.4166666666666667,
complex_000506,0.5,0.5,
complex_000506,0.46153846153846156,0.5,
complex_000506,0.4375,0.5833333333333334,
complex_000535,0.13636363636363635,0.1875,
complex_000535,0.2857142857142857,0.375,
complex_000535,0.10526315789473684,0.125,
complex_000535,0.25,0.3125,
complex_000535,0.21739130434782608,0.3125,
complex_000535,0.15,0.1875,
complex_000535,0.2727272727272727,0.375,
complex_000535,0.2222222222222222,0.25,
complex_000535,0.15789473684210525,0.1875,
complex_000535,0.21739130434782608,0.3125,
complex_000535,0.16666666666666666,0.1875,
complex_000535,0.2,0.25,
complex_000535,0.21052631578947367,0.25,
complex_000535,0.14285714285714285,0.1875,
complex_000535,0.21052631578947367,0.25,
complex_000535,0.23809523809523808,0.3125,
complex_000535,0.16666666666666666,0.25,
complex_000535,0.25,0.3125,
complex_000535,0.15789473684210525,0.1875,
complex_000535,0.3157894736842105,0.375,
complex_000535,0.22727272727272727,0.3125,
complex_000535,0.15384615384615385,0.25,
complex_000535,0.24,0.375,
complex_000535,0.20833333333333334,0.3125,
complex_000535,0.17647058823529413,0.1875,
complex_000535,0.17647058823529413,0.1875,
complex_000535,0.23809523809523808,0.3125,
complex_000535,0.2,0.25,
complex_000535,0.2777777777777778,0.3125,
complex_000535,0.16666666666666666,0.1875,
complex_000535,0.09523809523809523,0.125,
complex_000535,0.22727272727272727,0.3125,
complex_000535,0.23809523809523808,0.3125,
complex_000535,0.21052631578947367,0.25,
complex_000535,0.25,0.3125,
complex_000535,0.2631578947368421,0.3125,
complex_000535,0.375,0.375,
complex_000535,0.1,0.125,
complex_000535,0.21052631578947367,0.25,
complex_000535,0.3157894736842105,0.375,
complex_000535,0.16666666666666666,0.1875,
complex_000535,0.2631578947368421,0.3125,
complex_000535,0.23809523809523808,0.3125,
complex_000535,0.17647058823529413,0.1875,
complex_000535,0.23076923076923078,0.375,
complex_000535,0.23809523809523808,0.3125,
complex_000535,0.3157894736842105,0.375,
complex_000535,0.3333333333333333,0.375,
complex_000535,0.23529411764705882,0.25,
complex_000535,0.2222222222222222,0.25,
complex_000535,0.21739130434782608,0.3125,
complex_000535,0.2222222222222222,0.25,
complex_000535,0.25,0.3125,
complex_000535,0.3157894736842105,0.375,
complex_000535,0.4,0.5,
complex_000535,0.2631578947368421,0.3125,
complex_000535,0.25,0.3125,
complex_000535,0.23529411764705882,0.25,
complex_000535,0.17647058823529413,0.1875,
complex_000535,0.25,0.3125,
complex_000535,0.21739130434782608,0.3125,
complex_000535,0.2631578947368421,0.3125,
complex_000535,0.2631578947368421,0.3125,
complex_000535,0.2,0.25,
complex_000535,0.30434782608695654,0.4375,
complex_000535,0.058823529411764705,0.0625,
complex_000535,0.3333333333333333,0.375,
complex_000535,0.2777777777777778,0.3125,
complex_000535,0.2,0.25,
complex_000535,0.13636363636363635,0.1875,
complex_000535,0.2,0.25,
complex_000535,0.29411764705882354,0.3125,
complex_000535,0.21739130434782608,0.3125,
complex_000535,0.21739130434782608,0.3125,
complex_000535,0.23809523809523808,0.3125,
complex_000535,0.23529411764705882,0.25,
complex_000535,0.25,0.3125,
complex_000535,0.17647058823529413,0.1875,
complex_000535,0.15,0.1875,
complex_000535,0.1,0.125,
complex_000535,0.09523809523809523,0.125,
complex_000535,0.19047619047619047,0.25,
complex_000535,0.16666666666666666,0.1875,
complex_000535,0.3157894736842105,0.375,
complex_000535,0.3157894736842105,0.375,
complex_000535,0.19047619047619047,0.25,
complex_000535,0.043478260869565216,0.0625,
complex_000535,0.2777777777777778,0.3125,
complex_000535,0.2727272727272727,0.375,
complex_000535,0.20833333333333334,0.3125,
complex_000535,0.2857142857142857,0.375,
complex_000535,0.2631578947368421,0.3125,
complex_000535,0.23809523809523808,0.3125,
complex_000535,0.2631578947368421,0.3125,
complex_000535,0.2608695652173913,0.375,
complex_000535,0.2727272727272727,0.375,
complex_000535,0.25,0.3125,
complex_000535,0.2631578947368421,0.3125,
complex_000535,0.19047619047619047,0.25,
complex_000535,0.16666666666666666,0.25,
complex_000540,0.21052631578947367,0.23529411764705882,
complex_000540,0.13636363636363635,0.17647058823529413,
complex_000540,0.16666666666666666,0.17647058823529413,
complex_000540,0.15789473684210525,0.17647058823529413,
complex_000540,0.15789473684210525,0.17647058823529413,
complex_000540,0.25,0.29411764705882354,
complex_000540,0.1111111111111111,0.11764705882352941,
complex_000540,0.19047619047619047,0.23529411764705882,
complex_000540,0.1111111111111111,0.11764705882352941,
complex_000540,0.16,0.23529411764705882,
complex_000540,0.21052631578947367,0.23529411764705882,
complex_000540,0.16129032258064516,0.29411764705882354,
complex_000540,0.15,0.17647058823529413,
complex_000540,0.15789473684210525,0.17647058823529413,
complex_000540,0.19047619047619047,0.23529411764705882,
complex_000540,0.36363636363636365,0.47058823529411764,
complex_000540,0.14285714285714285,0.17647058823529413,
complex_000540,0.16666666666666666,0.23529411764705882,
complex_000540,0.3157894736842105,0.35294117647058826,
complex_000540,0.058823529411764705,0.058823529411764705,
complex_000540,0.2631578947368421,0.29411764705882354,
complex_000540,0.24,0.35294117647058826,
complex_000540,0.23809523809523808,0.29411764705882354,
complex_000540,0.15789473684210525,0.17647058823529413,
complex_000540,0.18181818181818182,0.23529411764705882,
complex_000540,0.21739130434782608,0.29411764705882354,
complex_000540,0.21739130434782608,0.29411764705882354,
complex_000540,0.22727272727272727,0.29411764705882354,
complex_000540,0.05263157894736842,0.058823529411764705,
complex_000540,0.22727272727272727,0.29411764705882354,
complex_000540,0.19047619047619047,0.23529411764705882,
complex_000540,0.16666666666666666,0.29411764705882354,
complex_000540,0.15384615384615385,0.23529411764705882,
complex_000540,0.1111111111111111,0.11764705882352941,
complex_000540,0.18181818181818182,0.23529411764705882,
complex_000540,0.19047619047619047,0.23529411764705882,
complex_000540,0.35,0.4117647058823529,
complex_000540,0.21052631578947367,0.23529411764705882,
complex_000540,0.15,0.17647058823529413,
complex_000540,0.21052631578947367,0.23529411764705882,
complex_000540,0.25,0.29411764705882354,
complex_000540,0.2,0.29411764705882354,
complex_000540,0.21739130434782608,0.29411764705882354,
complex_000540,0.16666666666666666,0.17647058823529413,
complex_000540,0.25,0.35294117647058826,
complex_000540,0.19047619047619047,0.23529411764705882,
complex_000540,0.3333333333333333,0.4117647058823529,
complex_000540,0.15,0.17647058823529413,
complex_000540,0.2,0.23529411764705882,
complex_000540,0.16,0.23529411764705882,
complex_000540,0.2916666666666667,0.4117647058823529,
complex_000540,0.22727272727272727,0.29411764705882354,
complex_000540,0.15384615384615385,0.23529411764705882,
complex_000540,0.1111111111111111,0.11764705882352941,
complex_000540,0.09523809523809523,0.11764705882352941,
complex_000540,0.2608695652173913,0.35294117647058826,
complex_000540,0.20833333333333334,0.29411764705882354,
complex_000540,0.18181818181818182,0.23529411764705882,
complex_000540,0.16666666666666666,0.17647058823529413,
complex_000540,0.21739130434782608,0.29411764705882354,
complex_000540,0.15,0.17647058823529413,
complex_000540,0.25,0.29411764705882354,
complex_000540,0.15384615384615385,0.23529411764705882,
complex_000540,0.14285714285714285,0.23529411764705882,
complex_000540,0.18181818181818182,0.23529411764705882,
complex_000540,0.24,0.35294117647058826,
complex_000540,0.23333333333333334,0.4117647058823529,
complex_000540,0.22727272727272727,0.29411764705882354,
complex_000540,0.16,0.23529411764705882,
complex_000540,0.16666666666666666,0.17647058823529413,
complex_000540,0.1111111111111111,0.11764705882352941,
complex_000540,0.2727272727272727,0.35294117647058826,
complex_000540,0.13043478260869565,0.17647058823529413,
complex_000540,0.15789473684210525,0.17647058823529413,
complex_000540,0.125,0.17647058823529413,
complex_000540,0.2222222222222222,0.23529411764705882,
complex_000540,0.2,0.23529411764705882,
complex_000540,0.1111111111111111,0.11764705882352941,
complex_000540,0.15,0.17647058823529413,
complex_000540,0.34782608695652173,0.47058823529411764,
complex_000540,0.15,0.17647058823529413,
complex_000540,0.25,0.35294117647058826,
complex_000540,0.14285714285714285,0.17647058823529413,
complex_000540,0.16666666666666666,0.17647058823529413,
complex_000540,0.21739130434782608,0.29411764705882354,
complex_000540,0.3157894736842105,0.35294117647058826,
complex_000540,0.19047619047619047,0.23529411764705882,
complex_000540,0.14285714285714285,0.17647058823529413,
complex_000540,0.2916666666666667,0.4117647058823529,
complex_000540,0.25,0.35294117647058826,
complex_000540,0.19230769230769232,0.29411764705882354,
complex_000540,0.23076923076923078,0.35294117647058826,
complex_000540,0.18181818181818182,0.23529411764705882,
complex_000540,0.05263157894736842,0.058823529411764705,
complex_000540,0.2727272727272727,0.35294117647058826,
complex_000540,0.21052631578947367,0.23529411764705882,
complex_000540,0.2,0.23529411764705882,
complex_000540,0.13043478260869565,0.17647058823529413,
complex_000540,0.05555555555555555,0.058823529411764705,
complex_000540,0.2608695652173913,0.35294117647058826,
