pocket,tanimoto,recall
complex_000001,0.5263157894736842,0.6666666666666666
complex_000001,0.6470588235294118,0.7333333333333333
complex_000001,0.5625,0.6
complex_000001,0.5,0.5333333333333333
complex_000001,0.5,0.5333333333333333
complex_000001,0.4666666666666667,0.4666666666666667
complex_000001,0.35,0.4666666666666667
complex_000001,0.6,0.6
complex_000001,0.5,0.5333333333333333
complex_000001,0.5,0.6
complex_000001,0.26666666666666666,0.26666666666666666
complex_000001,0.4375,0.4666666666666667
complex_000001,0.26666666666666666,0.26666666666666666
complex_000001,0.38095238095238093,0.5333333333333333
complex_000001,0.2,0.2
complex_000001,0.6666666666666666,0.8
complex_000001,0.3333333333333333,0.4
complex_000001,0.4666666666666667,0.4666666666666667
complex_000001,0.26666666666666666,0.26666666666666666
complex_000001,0.55,0.7333333333333333
complex_000001,0.3333333333333333,0.3333333333333333
complex_000001,0.5,0.6
complex_000001,0.4,0.4
complex_000001,0.5263157894736842,0.6666666666666666
complex_000001,0.5263157894736842,0.6666666666666666
complex_000001,0.4375,0.4666666666666667
complex_000001,0.8125,0.8666666666666667
complex_000001,0.4666666666666667,0.4666666666666667
complex_000001,0.35,0.4666666666666667
complex_000001,0.47368421052631576,0.6
complex_000001,0.6666666666666666,0.6666666666666666
complex_000001,0.3333333333333333,0.3333333333333333
complex_000001,0.5238095238095238,0.7333333333333333
complex_000001,0.5333333333333333,0.5333333333333333
complex_000001,0.5,0.5333333333333333
complex_000001,0.3333333333333333,0.3333333333333333
complex_000001,0.26666666666666666,0.26666666666666666
complex_000001,0.3333333333333333,0.3333333333333333
complex_000001,0.5,0.5333333333333333
complex_000001,0.6,0.6
complex_000001,0.5333333333333333,0.5333333333333333
complex_000001,0.26666666666666666,0.26666666666666666
complex_000001,0.625,0.6666666666666666
complex_000001,0.26666666666666666,0.26666666666666666
complex_000001,0.4375,0.4666666666666667
complex_000001,0.4666666666666667,0.4666666666666667
complex_000001,0.4375,0.4666666666666667
complex_000001,0.6875,0.7333333333333333
complex_000001,0.3333333333333333,0.3333333333333333
complex_000001,0.47058823529411764,0.5333333333333333
complex_000001,0.45,0.6
complex_000001,0.3333333333333333,0.3333333333333333
complex_000001,0.5,0.5333333333333333
complex_000001,0.3157894736842105,0.4
complex_000001,0.4375,0.4666666666666667
complex_000001,0.4,0.4
complex_000001,0.2,0.2
complex_000001,0.5555555555555556,0.6666666666666666
complex_000001,0.3125,0.3333333333333333
complex_000001,0.625,0.6666666666666666
complex_000001,0.5333333333333333,0.5333333333333333
complex_000001,0.4,0.4
complex_000001,0.5882352941176471,0.6666666666666666
complex_000001,0.5882352941176471,0.6666666666666666
complex_000001,0.3888888888888889,0.4666666666666667
complex_000001,0.35294117647058826,0.4
complex_000001,0.47368421052631576,0.6
complex_000001,0.3125,0.3333333333333333
complex_000001,0.375,0.4
complex_000001,0.3,0.4
complex_000001,0.26666666666666666,0.26666666666666666
complex_000001,0.8125,0.8666666666666667
complex_000001,0.3888888888888889,0.4666666666666667
complex_000001,0.3333333333333333,0.3333333333333333
complex_000001,0.4375,0.4666666666666667
complex_000001,0.6470588235294118,0.7333333333333333
complex_000001,0.3333333333333333,0.3333333333333333
complex_000001,0.2,0.2
complex_000001,0.4375,0.4666666666666667
complex_000001,0.2857142857142857,0.4
complex_000001,0.6111111111111112,0.7333333333333333
complex_000001,0.6,0.6
complex_000001,0.4,0.4
complex_000001,0.29411764705882354,0.3333333333333333
complex_000001,0.4375,0.4666666666666667
complex_000001,0.47058823529411764,0.5333333333333333
complex_000001,0.26666666666666666,0.26666666666666666
complex_000001,0.35294117647058826,0.4
complex_000001,0.3333333333333333,0.3333333333333333
complex_000001,0.4117647058823529,0.4666666666666667
complex_000001,0.5,0.6
complex_000001,0.4,0.5333333333333333
complex_000001,0.4,0.5333333333333333
complex_000001,0.4375,0.4666666666666667
complex_000001,0.375,0.4
complex_000001,0.3333333333333333,0.3333333333333333
complex_000001,0.6470588235294118,0.7333333333333333
complex_000001,0.3684210526315789,0.4666666666666667
complex_000001,0.3333333333333333,0.3333333333333333
complex_000001,0.4375,0.4666666666666667
complex_000026,0.7142857142857143,0.8333333333333334
complex_000026,0.5,0.6666666666666666
complex_000026,0.5,0.5
complex_000026,0.6153846153846154,0.6666666666666666
complex_000026,0.47368421052631576,0.75
complex_000026,0.4166666666666667,0.4166666666666667
complex_000026,0.75,0.75
complex_000026,0.5833333333333334,0.5833333333333334
complex_000026,0.6923076923076923,0.75
complex_000026,0.75,0.75
complex_000026,0.5882352941176471,0.8333333333333334
complex_000026,0.75,0.75
complex_000026,0.8461538461538461,0.9166666666666666
complex_000026,0.25,0.25
complex_000026,0.7857142857142857,0.9166666666666666
complex_000026,0.4166666666666667,0.4166666666666667
complex_000026,0.6,0.75
complex_000026,0.5384615384615384,0.5833333333333334
complex_000026,0.5625,0.75
complex_000026,0.5882352941176471,0.8333333333333334
complex_000026,0.8333333333333334,0.8333333333333334
complex_000026,0.5,0.5
complex_000026,0.75,0.75
complex_000026,0.25,0.25
complex_000026,0.5294117647058824,0.75
complex_000026,0.46153846153846156,0.5
complex_000026,0.5625,0.75
complex_000026,0.6875,0.9166666666666666
complex_000026,0.5833333333333334,0.5833333333333334
complex_000026,0.5,0.5
complex_000026,0.5625,0.75
complex_000026,0.4444444444444444,0.6666666666666666
complex_000026,0.4166666666666667,0.4166666666666667
complex_000026,0.8,1.0
complex_000026,0.75,0.75
complex_000026,0.8,1.0
complex_000026,0.8333333333333334,0.8333333333333334
complex_000026,0.6153846153846154,0.6666666666666666
complex_000026,0.4166666666666667,0.4166666666666667
complex_000026,0.3333333333333333,0.3333333333333333
complex_000026,0.43478260869565216,0.8333333333333334
complex_000026,0.7692307692307693,0.8333333333333334
complex_000026,0.75,1.0
complex_000026,0.5,0.75
complex_000026,0.8571428571428571,1.0
complex_000026,0.6666666666666666,0.6666666666666666
complex_000026,0.6666666666666666,0.6666666666666666
complex_000026,0.6923076923076923,0.75
complex_000026,0.5,0.5
complex_000026,0.6666666666666666,0.6666666666666666
complex_000026,0.8461538461538461,0.9166666666666666
complex_000026,0.9166666666666666,0.9166666666666666
complex_000026,0.6153846153846154,0.6666666666666666
complex_000026,0.46153846153846156,0.5
complex_000026,0.5,0.5
complex_000026,0.75,0.75
complex_000026,0.5833333333333334,0.5833333333333334
complex_000026,0.8333333333333334,0.8333333333333334
complex_000026,0.38461538461538464,0.4166666666666667
complex_000026,0.7333333333333333,0.9166666666666666
complex_000026,0.5333333333333333,0.6666666666666666
complex_000026,0.6923076923076923,0.75
complex_000026,0.5625,0.75
complex_000026,0.7857142857142857,0.9166666666666666
complex_000026,0.4166666666666667,0.4166666666666667
complex_000026,0.5263157894736842,0.8333333333333334
complex_000026,0.5625,0.75
complex_000026,0.75,0.75
complex_000026,0.4166666666666667,0.4166666666666667
complex_000026,0.5,0.8333333333333334
complex_000026,0.6428571428571429,0.75
complex_000026,0.6,0.75
complex_000026,0.5,0.5
complex_000026,0.75,0.75
complex_000026,0.6428571428571429,0.75
complex_000026,0.6153846153846154,0.6666666666666666
complex_000026,0.8461538461538461,0.9166666666666666
complex_000026,0.6153846153846154,0.6666666666666666
complex_000026,0.625,0.8333333333333334
complex_000026,0.6428571428571429,0.75
complex_000026,0.47058823529411764,0.6666666666666666
complex_000026,0.8333333333333334,0.8333333333333334
complex_000026,0.6923076923076923,0.75
complex_000026,0.5625,0.75
complex_000026,0.5,0.5
complex_000026,0.5714285714285714,0.6666666666666666
complex_000026,0.5833333333333334,0.5833333333333334
complex_000026,0.6153846153846154,0.6666666666666666
complex_000026,0.5833333333333334,0.5833333333333334
complex_000026,0.5,0.5
complex_000026,0.5833333333333334,0.5833333333333334
complex_000026,0.5833333333333334,0.5833333333333334
complex_000026,0.5625,0.75
complex_000026,0.6666666666666666,0.6666666666666666
complex_000026,0.7692307692307693,0.8333333333333334
complex_000026,0.7857142857142857,0.9166666666666666
complex_000026,0.4666666666666667,0.5833333333333334
complex_000026,0.5,0.5
complex_000026,0.5,0.5
complex_000026,0.7692307692307693,0.8333333333333334
complex_000051,0.48,0.631578947368421
complex_000051,0.3333333333333333,0.42105263157894735
complex_000051,0.2962962962962963,0.42105263157894735
complex_000051,0.3333333333333333,0.47368421052631576
complex_000051,0.4583333333333333,0.5789473684210527
complex_000051,0.48,0.631578947368421
complex_000051,0.42105263157894735,0.42105263157894735
complex_000051,0.375,0.47368421052631576
complex_000051,0.35,0.3684210526315789
complex_000051,0.5238095238095238,0.5789473684210527
complex_000051,0.3333333333333333,0.5263157894736842
complex_000051,0.3684210526315789,0.3684210526315789
complex_000051,0.48,0.631578947368421
complex_000051,0.47368421052631576,0.47368421052631576
complex_000051,0.6842105263157895,0.6842105263157895
complex_000051,0.5,0.5789473684210527
complex_000051,0.5714285714285714,0.631578947368421
complex_000051,0.36363636363636365,0.42105263157894735
complex_000051,0.38095238095238093,0.42105263157894735
complex_000051,0.5217391304347826,0.631578947368421
complex_000051,0.4074074074074074,0.5789473684210527
complex_000051,0.34615384615384615,0.47368421052631576
complex_000051,0.391304347826087,0.47368421052631576
complex_000051,0.7272727272727273,0.8421052631578947
complex_000051,0.391304347826087,0.47368421052631576
complex_000051,0.35,0.3684210526315789
complex_000051,0.35,0.3684210526315789
complex_000051,0.36363636363636365,0.42105263157894735
complex_000051,0.2916666666666667,0.3684210526315789
complex_000051,0.45454545454545453,0.5263157894736842
complex_000051,0.6363636363636364,0.7368421052631579
complex_000051,0.36363636363636365,0.42105263157894735
complex_000051,0.39285714285714285,0.5789473684210527
complex_000051,0.6190476190476191,0.6842105263157895
complex_000051,0.42105263157894735,0.42105263157894735
complex_000051,0.5263157894736842,0.5263157894736842
complex_000051,0.5,0.5789473684210527
complex_000051,0.6666666666666666,0.7368421052631579
complex_000051,0.4782608695652174,0.5789473684210527
complex_000051,0.3333333333333333,0.3684210526315789
complex_000051,0.3157894736842105,0.3157894736842105
complex_000051,0.4074074074074074,0.5789473684210527
complex_000051,0.38095238095238093,0.42105263157894735
complex_000051,0.5384615384615384,0.7368421052631579
complex_000051,0.5714285714285714,0.631578947368421
complex_000051,0.6190476190476191,0.6842105263157895
complex_000051,0.4166666666666667,0.5263157894736842
complex_000051,0.35,0.3684210526315789
complex_000051,0.5,0.6842105263157895
complex_000051,0.3225806451612903,0.5263157894736842
complex_000051,0.5909090909090909,0.6842105263157895
complex_000051,0.21052631578947367,0.21052631578947367
complex_000051,0.42105263157894735,0.42105263157894735
complex_000051,0.42857142857142855,0.631578947368421
complex_000051,0.3684210526315789,0.3684210526315789
complex_000051,0.3157894736842105,0.3157894736842105
complex_000051,0.25,0.2631578947368421
complex_000051,0.6363636363636364,0.7368421052631579
complex_000051,0.4,0.42105263157894735
complex_000051,0.44,0.5789473684210527
complex_000051,0.375,0.47368421052631576
complex_000051,0.2857142857142857,0.3157894736842105
complex_000051,0.25,0.2631578947368421
complex_000051,0.45,0.47368421052631576
complex_000051,0.32142857142857145,0.47368421052631576
complex_000051,0.28,0.3684210526315789
complex_000051,0.3076923076923077,0.42105263157894735
complex_000051,0.631578947368421,0.631578947368421
complex_000051,0.391304347826087,0.47368421052631576
complex_000051,0.6,0.631578947368421
complex_000051,0.6086956521739131,0.7368421052631579
complex_000051,0.3333333333333333,0.3684210526315789
complex_000051,0.37037037037037035,0.5263157894736842
complex_000051,0.34782608695652173,0.42105263157894735
complex_000051,0.3333333333333333,0.3684210526315789
complex_000051,0.6666666666666666,0.7368421052631579
complex_000051,0.3157894736842105,0.3157894736842105
complex_000051,0.38095238095238093,0.42105263157894735
complex_000051,0.5238095238095238,0.5789473684210527
complex_000051,0.4583333333333333,0.5789473684210527
complex_000051,0.4090909090909091,0.47368421052631576
complex_000051,0.22727272727272727,0.2631578947368421
complex_000051,0.4444444444444444,0.631578947368421
complex_000051,0.5217391304347826,0.631578947368421
complex_000051,0.34615384615384615,0.47368421052631576
complex_000051,0.42105263157894735,0.42105263157894735
complex_000051,0.5416666666666666,0.6842105263157895
complex_000051,0.38095238095238093,0.42105263157894735
complex_000051,0.5,0.5789473684210527
complex_000051,0.42105263157894735,0.42105263157894735
complex_000051,0.6666666666666666,0.7368421052631579
complex_000051,0.6190476190476191,0.6842105263157895
complex_000051,0.3333333333333333,0.3684210526315789
complex_000051,0.42857142857142855,0.47368421052631576
complex_000051,0.34782608695652173,0.42105263157894735
complex_000051,0.38095238095238093,0.42105263157894735
complex_000051,0.5,0.5263157894736842
complex_000051,0.2631578947368421,0.2631578947368421
complex_000051,0.34782608695652173,0.42105263157894735
complex_000051,0.5,0.6842105263157895
complex_000059,0.47058823529411764,0.5
complex_000059,0.5714285714285714,0.75
complex_000059,0.5789473684210527,0.6875
complex_000059,0.4444444444444444,0.5
complex_000059,0.5625,0.5625
complex_000059,0.5263157894736842,0.625
complex_000059,0.7222222222222222,0.8125
complex_000059,0.5,0.5
complex_000059,0.625,0.625
complex_000059,0.5882352941176471,0.625
complex_000059,0.625,0.625
complex_000059,0.55,0.6875
complex_000059,0.631578947368421,0.75
complex_000059,0.5625,0.5625
complex_000059,0.5789473684210527,0.6875
complex_000059,0.5,0.5
complex_000059,0.5789473684210527,0.6875
complex_000059,0.5789473684210527,0.6875
complex_000059,0.5625,0.5625
complex_000059,0.4444444444444444,0.5
complex_000059,0.4375,0.4375
complex_000059,0.625,0.625
complex_000059,0.4444444444444444,0.5
complex_000059,0.6111111111111112,0.6875
complex_000059,0.3888888888888889,0.4375
complex_000059,0.5,0.625
complex_000059,0.625,0.625
complex_000059,0.6,0.75
complex_000059,0.625,0.625
complex_000059,0.4117647058823529,0.4375
complex_000059,0.5294117647058824,0.5625
complex_000059,0.75,0.75
complex_000059,0.5,0.5
complex_000059,0.2916666666666667,0.4375
complex_000059,0.5,0.5
complex_000059,0.7647058823529411,0.8125
complex_000059,0.3888888888888889,0.4375
complex_000059,0.42105263157894735,0.5
complex_000059,0.5,0.5
complex_000059,0.5,0.5625
complex_000059,0.5882352941176471,0.625
complex_000059,0.5625,0.5625
complex_000059,0.5,0.5625
complex_000059,0.5714285714285714,0.75
complex_000059,0.6875,0.6875
complex_000059,0.6666666666666666,0.75
complex_000059,0.55,0.6875
complex_000059,0.5555555555555556,0.625
complex_000059,0.47619047619047616,0.625
complex_000059,0.625,0.625
complex_000059,0.5294117647058824,0.5625
complex_000059,0.5294117647058824,0.5625
complex_000059,0.5882352941176471,0.625
complex_000059,0.5882352941176471,0.625
complex_000059,0.5555555555555556,0.625
complex_000059,0.5555555555555556,0.625
complex_000059,0.6,0.75
complex_000059,0.6875,0.6875
complex_000059,0.5714285714285714,0.75
complex_000059,0.5882352941176471,0.625
complex_000059,0.7222222222222222,0.8125
complex_000059,0.5238095238095238,0.6875
complex_000059,0.47058823529411764,0.5
complex_000059,0.5263157894736842,0.625
complex_000059,0.5625,0.5625
complex_000059,0.7058823529411765,0.75
complex_000059,0.7,0.875
complex_000059,0.4090909090909091,0.5625
complex_000059,0.6842105263157895,0.8125
complex_000059,0.45,0.5625
complex_000059,0.631578947368421,0.75
complex_000059,0.5882352941176471,0.625
complex_000059,0.5294117647058824,0.5625
complex_000059,0.5,0.5
complex_000059,0.65,0.8125
complex_000059,0.5882352941176471,0.625
complex_000059,0.5,0.5
complex_000059,0.5789473684210527,0.6875
complex_000059,0.7,0.875
complex_000059,0.6470588235294118,0.6875
complex_000059,0.625,0.625
complex_000059,0.5294117647058824,0.5625
complex_000059,0.5263157894736842,0.625
complex_000059,0.5789473684210527,0.6875
complex_000059,0.6470588235294118,0.6875
complex_000059,0.47058823529411764,0.5
complex_000059,0.6111111111111112,0.6875
complex_000059,0.6,0.75
complex_000059,0.35294117647058826,0.375
complex_000059,0.47058823529411764,0.5
complex_000059,0.6470588235294118,0.6875
complex_000059,0.625,0.625
complex_000059,0.5294117647058824,0.5625
complex_000059,0.375,0.375
complex_000059,0.47058823529411764,0.5
complex_000059,0.3125,0.3125
complex_000059,0.5,0.5625
complex_000059,0.7647058823529411,0.8125
complex_000059,0.5625,0.5625
complex_000059,0.6470588235294118,0.6875
complex_000063,0.625,0.7142857142857143
complex_000063,0.4444444444444444,0.5714285714285714
complex_000063,0.4166666666666667,0.7142857142857143
complex_000063,0.4,0.5714285714285714
complex_000063,0.26666666666666666,0.5714285714285714
complex_000063,0.36363636363636365,0.5714285714285714
complex_000063,0.2857142857142857,0.2857142857142857
complex_000063,0.38461538461538464,0.7142857142857143
complex_000063,0.3333333333333333,0.5714285714285714
complex_000063,0.38461538461538464,0.7142857142857143
complex_000063,0.3333333333333333,0.42857142857142855
complex_000063,0.3,0.42857142857142855
complex_000063,0.5833333333333334,1.0
complex_000063,0.4,0.5714285714285714
complex_000063,0.3,0.42857142857142855
complex_000063,0.3,0.42857142857142855
complex_000063,0.3,0.42857142857142855
complex_000063,0.23076923076923078,0.42857142857142855
complex_000063,0.6,0.8571428571428571
complex_000063,0.2857142857142857,0.2857142857142857
complex_000063,0.2857142857142857,0.2857142857142857
complex_000063,0.36363636363636365,0.5714285714285714
complex_000063,0.5555555555555556,0.7142857142857143
complex_000063,0.375,0.42857142857142855
complex_000063,0.375,0.42857142857142855
complex_000063,0.18181818181818182,0.2857142857142857
complex_000063,0.5384615384615384,1.0
complex_000063,0.4166666666666667,0.7142857142857143
complex_000063,0.23076923076923078,0.42857142857142855
complex_000063,0.25,0.42857142857142855
complex_000063,0.375,0.42857142857142855
complex_000063,0.2222222222222222,0.2857142857142857
complex_000063,0.5,0.5714285714285714
complex_000063,0.4166666666666667,0.7142857142857143
complex_000063,0.4,0.8571428571428571
complex_000063,0.3333333333333333,0.42857142857142855
complex_000063,0.4444444444444444,0.5714285714285714
complex_000063,0.36363636363636365,0.5714285714285714
complex_000063,0.3333333333333333,0.5714285714285714
complex_000063,0.42857142857142855,0.42857142857142855
complex_000063,0.38461538461538464,0.7142857142857143
complex_000063,0.45454545454545453,0.7142857142857143
complex_000063,0.42857142857142855,0.42857142857142855
complex_000063,0.42857142857142855,0.42857142857142855
complex_000063,0.42857142857142855,0.42857142857142855
complex_000063,0.42857142857142855,0.42857142857142855
complex_000063,0.3,0.42857142857142855
complex_000063,0.45454545454545453,0.7142857142857143
complex_000063,0.3333333333333333,0.42857142857142855
complex_000063,0.2222222222222222,0.2857142857142857
complex_000063,0.5,0.7142857142857143
complex_000063,0.4166666666666667,0.7142857142857143
complex_000063,0.2,0.2857142857142857
complex_000063,0.4,0.5714285714285714
complex_000063,0.42857142857142855,0.42857142857142855
complex_000063,0.375,0.42857142857142855
complex_000063,0.5,0.7142857142857143
complex_000063,0.7777777777777778,1.0
complex_000063,0.42857142857142855,0.8571428571428571
complex_000063,0.42857142857142855,0.42857142857142855
complex_000063,0.2857142857142857,0.2857142857142857
complex_000063,0.4,0.8571428571428571
complex_000063,0.2857142857142857,0.2857142857142857
complex_000063,0.4,0.5714285714285714
complex_000063,0.3125,0.7142857142857143
complex_000063,0.5714285714285714,0.5714285714285714
complex_000063,0.3333333333333333,0.42857142857142855
complex_000063,0.35714285714285715,0.7142857142857143
complex_000063,0.375,0.42857142857142855
complex_000063,0.5,0.7142857142857143
complex_000063,0.5,0.5714285714285714
complex_000063,0.5714285714285714,0.5714285714285714
complex_000063,0.5555555555555556,0.7142857142857143
complex_000063,0.2857142857142857,0.2857142857142857
complex_000063,0.5714285714285714,0.5714285714285714
complex_000063,0.42857142857142855,0.42857142857142855
complex_000063,0.6,0.8571428571428571
complex_000063,0.4166666666666667,0.7142857142857143
complex_000063,0.38461538461538464,0.7142857142857143
complex_000063,0.4,0.5714285714285714
complex_000063,0.36363636363636365,0.5714285714285714
complex_000063,0.625,0.7142857142857143
complex_000063,0.16666666666666666,0.2857142857142857
complex_000063,0.4,0.5714285714285714
complex_000063,0.5,0.8571428571428571
complex_000063,0.4444444444444444,0.5714285714285714
complex_000063,0.3333333333333333,0.42857142857142855
complex_000063,0.3333333333333333,0.5714285714285714
complex_000063,0.4,0.5714285714285714
complex_000063,0.5555555555555556,0.7142857142857143
complex_000063,0.2857142857142857,0.2857142857142857
complex_000063,0.3333333333333333,0.7142857142857143
complex_000063,0.3,0.42857142857142855
complex_000063,0.3076923076923077,0.5714285714285714
complex_000063,0.4444444444444444,0.5714285714285714
complex_000063,0.4444444444444444,0.5714285714285714
complex_000063,0.6666666666666666,0.8571428571428571
complex_000063,0.6,0.8571428571428571
complex_000063,0.5555555555555556,0.7142857142857143
complex_000063,0.375,0.42857142857142855
complex_000069,0.45454545454545453,0.5
complex_000069,0.375,0.6
complex_000069,0.5,0.5
complex_000069,0.6363636363636364,0.7
complex_000069,0.5,0.5
complex_000069,0.7272727272727273,0.8
complex_000069,0.5,0.6
complex_000069,0.6666666666666666,0.8
complex_000069,0.6,0.6
complex_000069,0.5,0.6
complex_000069,0.45454545454545453,0.5
complex_000069,0.6666666666666666,0.8
complex_000069,0.46153846153846156,0.6
complex_000069,0.42857142857142855,0.6
complex_000069,0.5,0.6
complex_000069,0.6363636363636364,0.7
complex_000069,0.6,0.6
complex_000069,0.6363636363636364,0.7
complex_000069,0.5,0.5
complex_000069,0.46153846153846156,0.6
complex_000069,0.8,0.8
complex_000069,0.7,0.7
complex_000069,0.6,0.6
complex_000069,0.6428571428571429,0.9
complex_000069,0.5833333333333334,0.7
complex_000069,0.6153846153846154,0.8
complex_000069,0.3,0.3
complex_000069,0.4117647058823529,0.7
complex_000069,0.6,0.6
complex_000069,0.4375,0.7
complex_000069,0.6,0.6
complex_000069,0.6,0.6
complex_000069,0.2727272727272727,0.3
complex_000069,0.5454545454545454,0.6
complex_000069,0.5,0.5
complex_000069,0.42857142857142855,0.6
complex_000069,0.5,0.5
complex_000069,0.6666666666666666,0.8
complex_000069,0.6363636363636364,0.7
complex_000069,0.5714285714285714,0.8
complex_000069,0.6153846153846154,0.8
complex_000069,0.5,0.5
complex_000069,0.7272727272727273,0.8
complex_000069,0.5833333333333334,0.7
complex_000069,0.7,0.7
complex_000069,0.6666666666666666,0.8
complex_000069,0.4666666666666667,0.7
complex_000069,0.5454545454545454,0.6
complex_000069,0.6,0.9
complex_000069,0.75,0.9
complex_000069,0.5454545454545454,0.6
complex_000069,0.6363636363636364,0.7
complex_000069,0.7,0.7
complex_000069,0.6363636363636364,0.7
complex_000069,0.6,0.6
complex_000069,0.7,0.7
complex_000069,0.3,0.3
complex_000069,0.5714285714285714,0.8
complex_000069,0.6666666666666666,0.8
complex_000069,0.6,0.6
complex_000069,0.4,0.4
complex_000069,0.6666666666666666,0.8
complex_000069,0.4666666666666667,0.7
complex_000069,0.6666666666666666,0.8
complex_000069,0.5833333333333334,0.7
complex_000069,0.4117647058823529,0.7
complex_000069,0.7272727272727273,0.8
complex_000069,0.3,0.3
complex_000069,0.7272727272727273,0.8
complex_000069,0.42857142857142855,0.6
complex_000069,0.4666666666666667,0.7
complex_000069,0.5833333333333334,0.7
complex_000069,0.7272727272727273,0.8
complex_000069,0.7,0.7
complex_000069,0.8,0.8
complex_000069,0.6153846153846154,0.8
complex_000069,0.5,0.6
complex_000069,0.6,0.6
complex_000069,0.7,0.7
complex_000069,0.3333333333333333,0.5
complex_000069,0.7,0.7
complex_000069,0.45454545454545453,0.5
complex_000069,0.5,0.5
complex_000069,0.6153846153846154,0.8
complex_000069,0.75,0.9
complex_000069,0.4444444444444444,0.8
complex_000069,0.4,0.4
complex_000069,0.5,0.6
complex_000069,0.5454545454545454,0.6
complex_000069,0.5454545454545454,0.6
complex_000069,0.6153846153846154,0.8
complex_000069,0.7272727272727273,0.8
complex_000069,0.7272727272727273,0.8
complex_000069,0.46153846153846156,0.6
complex_000069,0.7272727272727273,0.8
complex_000069,0.7,0.7
complex_000069,0.7272727272727273,0.8
complex_000069,0.5833333333333334,0.7
complex_000069,0.35714285714285715,0.5
complex_000069,0.45454545454545453,0.5
complex_000085,0.3125,0.3333333333333333
complex_000085,0.2631578947368421,0.3333333333333333
complex_000085,0.3333333333333333,0.4666666666666667
complex_000085,0.34782608695652173,0.5333333333333333
complex_000085,0.4117647058823529,0.4666666666666667
complex_000085,0.3888888888888889,0.4666666666666667
complex_000085,0.25,0.26666666666666666
complex_000085,0.4,0.4
complex_000085,0.3333333333333333,0.4666666666666667
complex_000085,0.47058823529411764,0.5333333333333333
complex_000085,0.3125,0.3333333333333333
complex_000085,0.3888888888888889,0.4666666666666667
complex_000085,0.4,0.5333333333333333
complex_000085,0.3333333333333333,0.4
complex_000085,0.3684210526315789,0.4666666666666667
complex_000085,0.3888888888888889,0.4666666666666667
complex_000085,0.2777777777777778,0.3333333333333333
complex_000085,0.3333333333333333,0.4
complex_000085,0.4375,0.4666666666666667
complex_000085,0.47058823529411764,0.5333333333333333
complex_000085,0.4117647058823529,0.4666666666666667
complex_000085,0.2,0.2
complex_000085,0.3333333333333333,0.4
complex_000085,0.5,0.6666666666666666
complex_000085,0.375,0.6
complex_000085,0.625,0.6666666666666666
complex_000085,0.4,0.5333333333333333
complex_000085,0.3888888888888889,0.4666666666666667
complex_000085,0.3333333333333333,0.3333333333333333
complex_000085,0.3333333333333333,0.4
complex_000085,0.3888888888888889,0.4666666666666667
complex_000085,0.4375,0.4666666666666667
complex_000085,0.2777777777777778,0.3333333333333333
complex_000085,0.3125,0.3333333333333333
complex_000085,0.5294117647058824,0.6
complex_000085,0.5263157894736842,0.6666666666666666
complex_000085,0.47058823529411764,0.5333333333333333
complex_000085,0.35,0.4666666666666667
complex_000085,0.3,0.4
complex_000085,0.4444444444444444,0.5333333333333333
complex_000085,0.26666666666666666,0.26666666666666666
complex_000085,0.25,0.26666666666666666
complex_000085,0.4117647058823529,0.4666666666666667
complex_000085,0.4444444444444444,0.5333333333333333
complex_000085,0.25,0.26666666666666666
complex_000085,0.35294117647058826,0.4
complex_000085,0.47058823529411764,0.5333333333333333
complex_000085,0.5,0.5333333333333333
complex_000085,0.25,0.26666666666666666
complex_000085,0.25,0.26666666666666666
complex_000085,0.3888888888888889,0.4666666666666667
complex_000085,0.26666666666666666,0.26666666666666666
complex_000085,0.13333333333333333,0.13333333333333333
complex_000085,0.45454545454545453,0.6666666666666666
complex_000085,0.375,0.4
complex_000085,0.3157894736842105,0.4
complex_000085,0.3333333333333333,0.4
complex_000085,0.6111111111111112,0.7333333333333333
complex_000085,0.5789473684210527,0.7333333333333333
complex_000085,0.38095238095238093,0.5333333333333333
complex_000085,0.42857142857142855,0.6
complex_000085,0.5294117647058824,0.6
complex_000085,0.5,0.5333333333333333
complex_000085,0.5882352941176471,0.6666666666666666
complex_000085,0.5,0.6
complex_000085,0.375,0.4
complex_000085,0.2,0.2
complex_000085,0.24,0.4
complex_000085,0.1875,0.2
complex_000085,0.4375,0.4666666666666667
complex_000085,0.4,0.4
complex_000085,0.6666666666666666,0.8
complex_000085,0.1875,0.2
complex_000085,0.3125,0.3333333333333333
complex_000085,0.4,0.5333333333333333
complex_000085,0.25,0.4
complex_000085,0.35294117647058826,0.4
complex_000085,0.38095238095238093,0.5333333333333333
complex_000085,0.4375,0.4666666666666667
complex_000085,0.26666666666666666,0.26666666666666666
complex_000085,0.47058823529411764,0.5333333333333333
complex_000085,0.3181818181818182,0.4666666666666667
complex_000085,0.4444444444444444,0.5333333333333333
complex_000085,0.4,0.4
complex_000085,0.3333333333333333,0.4
complex_000085,0.3888888888888889,0.4666666666666667
complex_000085,0.4375,0.4666666666666667
complex_000085,0.35294117647058826,0.4
complex_000085,0.4375,0.4666666666666667
complex_000085,0.3333333333333333,0.4
complex_000085,0.5294117647058824,0.6
complex_000085,0.35,0.4666666666666667
complex_000085,0.3684210526315789,0.4666666666666667
complex_000085,0.4444444444444444,0.5333333333333333
complex_000085,0.5,0.5333333333333333
complex_000085,0.4,0.4
complex_000085,0.375,0.4
complex_000085,0.4,0.4
complex_000085,0.36363636363636365,0.5333333333333333
complex_000085,0.2777777777777778,0.3333333333333333
complex_000112,0.46153846153846156,0.5454545454545454
complex_000112,0.5,0.6363636363636364
complex_000112,0.5,0.7272727272727273
complex_000112,0.5,0.6363636363636364
complex_000112,0.3888888888888889,0.6363636363636364
complex_000112,0.6363636363636364,0.6363636363636364
complex_000112,0.7272727272727273,0.7272727272727273
complex_000112,0.5,0.6363636363636364
complex_000112,0.6363636363636364,0.6363636363636364
complex_000112,0.5294117647058824,0.8181818181818182
complex_000112,0.5,0.7272727272727273
complex_000112,0.5714285714285714,0.7272727272727273
complex_000112,0.4166666666666667,0.45454545454545453
complex_000112,0.5714285714285714,0.7272727272727273
complex_000112,0.45454545454545453,0.45454545454545453
complex_000112,0.8333333333333334,0.9090909090909091
complex_000112,0.4666666666666667,0.6363636363636364
complex_000112,0.5714285714285714,0.7272727272727273
complex_000112,0.7272727272727273,0.7272727272727273
complex_000112,0.7272727272727273,0.7272727272727273
complex_000112,0.6363636363636364,0.6363636363636364
complex_000112,0.5333333333333333,0.7272727272727273
complex_000112,0.45454545454545453,0.45454545454545453
complex_000112,0.6153846153846154,0.7272727272727273
complex_000112,0.7272727272727273,0.7272727272727273
complex_000112,0.6363636363636364,0.6363636363636364
complex_000112,0.6363636363636364,0.6363636363636364
complex_000112,0.7272727272727273,0.7272727272727273
complex_000112,0.5,0.5454545454545454
complex_000112,0.6666666666666666,0.7272727272727273
complex_000112,0.5,0.6363636363636364
complex_000112,0.5,0.5454545454545454
complex_000112,0.6666666666666666,0.7272727272727273
complex_000112,0.46153846153846156,0.5454545454545454
complex_000112,0.5625,0.8181818181818182
complex_000112,0.5833333333333334,0.6363636363636364
complex_000112,0.5714285714285714,0.7272727272727273
complex_000112,0.5294117647058824,0.8181818181818182
complex_000112,0.5294117647058824,0.8181818181818182
complex_000112,0.3888888888888889,0.6363636363636364
complex_000112,0.6666666666666666,0.7272727272727273
complex_000112,0.6363636363636364,0.6363636363636364
complex_000112,0.3333333333333333,0.45454545454545453
complex_000112,0.5,0.6363636363636364
complex_000112,0.7272727272727273,0.7272727272727273
complex_000112,0.6666666666666666,0.7272727272727273
complex_000112,0.35294117647058826,0.5454545454545454
complex_000112,0.5714285714285714,0.7272727272727273
complex_000112,0.5714285714285714,0.7272727272727273
complex_000112,0.6923076923076923,0.8181818181818182
complex_000112,0.7272727272727273,0.7272727272727273
complex_000112,0.6923076923076923,0.8181818181818182
complex_000112,0.6428571428571429,0.8181818181818182
complex_000112,0.6363636363636364,0.6363636363636364
complex_000112,0.6363636363636364,0.6363636363636364
complex_000112,0.5454545454545454,0.5454545454545454
complex_000112,0.5833333333333334,0.6363636363636364
complex_000112,0.5833333333333334,0.6363636363636364
complex_000112,0.5,0.5454545454545454
complex_000112,0.4666666666666667,0.6363636363636364
complex_000112,0.5454545454545454,0.5454545454545454
complex_000112,0.8333333333333334,0.9090909090909091
complex_000112,0.6923076923076923,0.8181818181818182
complex_000112,0.6923076923076923,0.8181818181818182
complex_000112,0.6153846153846154,0.7272727272727273
complex_000112,0.5833333333333334,0.6363636363636364
complex_000112,0.3684210526315789,0.6363636363636364
complex_000112,0.6153846153846154,0.7272727272727273
complex_000112,0.6428571428571429,0.8181818181818182
complex_000112,0.6153846153846154,0.7272727272727273
complex_000112,0.6666666666666666,0.7272727272727273
complex_000112,0.6363636363636364,0.6363636363636364
complex_000112,0.3333333333333333,0.6363636363636364
complex_000112,0.5384615384615384,0.6363636363636364
complex_000112,0.6666666666666666,0.9090909090909091
complex_000112,0.4166666666666667,0.45454545454545453
complex_000112,0.6363636363636364,0.6363636363636364
complex_000112,0.5,0.7272727272727273
complex_000112,0.6666666666666666,0.7272727272727273
complex_000112,0.4444444444444444,0.7272727272727273
complex_000112,0.9166666666666666,1.0
complex_000112,0.3181818181818182,0.6363636363636364
complex_000112,0.6923076923076923,0.8181818181818182
complex_000112,0.5833333333333334,0.6363636363636364
complex_000112,0.7692307692307693,0.9090909090909091
complex_000112,0.45,0.8181818181818182
complex_000112,0.8333333333333334,0.9090909090909091
complex_000112,0.5625,0.8181818181818182
complex_000112,0.6666666666666666,0.7272727272727273
complex_000112,0.47058823529411764,0.7272727272727273
complex_000112,0.5294117647058824,0.8181818181818182
complex_000112,0.5833333333333334,0.6363636363636364
complex_000112,0.4666666666666667,0.6363636363636364
complex_000112,0.5833333333333334,0.6363636363636364
complex_000112,0.5,0.7272727272727273
complex_000112,0.6363636363636364,0.6363636363636364
complex_000112,0.5,0.7272727272727273
complex_000112,0.5384615384615384,0.6363636363636364
complex_000112,0.7272727272727273,0.7272727272727273
complex_000112,0.5384615384615384,0.6363636363636364
complex_000117,0.4444444444444444,1.0
complex_000117,0.2631578947368421,0.625
complex_000117,0.375,0.75
complex_000117,0.5454545454545454,0.75
complex_000117,0.5714285714285714,1.0
complex_000117,0.5714285714285714,1.0
complex_000117,0.5,0.625
complex_000117,0.35294117647058826,0.75
complex_000117,0.6,0.75
complex_000117,0.4666666666666667,0.875
complex_000117,0.4,1.0
complex_000117,0.2727272727272727,0.75
complex_000117,0.5555555555555556,0.625
complex_000117,0.42105263157894735,1.0
complex_000117,0.6153846153846154,1.0
complex_000117,0.6153846153846154,1.0
complex_000117,0.4375,0.875
complex_000117,0.6153846153846154,1.0
complex_000117,0.3888888888888889,0.875
complex_000117,0.38095238095238093,1.0
complex_000117,0.4444444444444444,1.0
complex_000117,0.5714285714285714,1.0
complex_000117,0.5384615384615384,0.875
complex_000117,0.5,0.875
complex_000117,0.4117647058823529,0.875
complex_000117,0.3684210526315789,0.875
complex_000117,0.5333333333333333,1.0
complex_000117,0.6666666666666666,0.75
complex_000117,0.4666666666666667,0.875
complex_000117,0.4166666666666667,0.625
complex_000117,0.5384615384615384,0.875
complex_000117,0.375,0.75
complex_000117,0.5833333333333334,0.875
complex_000117,0.5,1.0
complex_000117,0.47058823529411764,1.0
complex_000117,0.5714285714285714,1.0
complex_000117,0.5384615384615384,0.875
complex_000117,0.5333333333333333,1.0
complex_000117,0.5833333333333334,0.875
complex_000117,0.5384615384615384,0.875
complex_000117,0.46153846153846156,0.75
complex_000117,0.6363636363636364,0.875
complex_000117,0.5,1.0
complex_000117,0.4,0.75
complex_000117,0.3157894736842105,0.75
complex_000117,0.375,0.75
complex_000117,0.4117647058823529,0.875
complex_000117,0.5,1.0
complex_000117,0.7,0.875
complex_000117,0.7,0.875
complex_000117,0.4666666666666667,0.875
complex_000117,0.30434782608695654,0.875
complex_000117,0.45454545454545453,0.625
complex_000117,0.4117647058823529,0.875
complex_000117,0.5333333333333333,1.0
complex_000117,0.3333333333333333,0.625
complex_000117,0.5,1.0
complex_000117,0.6153846153846154,1.0
complex_000117,0.6666666666666666,1.0
complex_000117,0.3888888888888889,0.875
complex_000117,0.7,0.875
complex_000117,0.5833333333333334,0.875
complex_000117,0.42105263157894735,1.0
complex_000117,0.4375,0.875
complex_000117,0.6153846153846154,1.0
complex_000117,0.6363636363636364,0.875
complex_000117,0.3333333333333333,0.75
complex_000117,0.5454545454545454,0.75
complex_000117,0.4444444444444444,1.0
complex_000117,0.7272727272727273,1.0
complex_000117,0.5333333333333333,1.0
complex_000117,0.3333333333333333,0.5
complex_000117,0.5333333333333333,1.0
complex_000117,0.4375,0.875
complex_000117,0.6363636363636364,0.875
complex_000117,0.6153846153846154,1.0
complex_000117,0.5833333333333334,0.875
complex_000117,0.4,1.0
complex_000117,0.5833333333333334,0.875
complex_000117,0.7777777777777778,0.875
complex_000117,0.35714285714285715,0.625
complex_000117,0.4375,0.875
complex_000117,0.4444444444444444,1.0
complex_000117,0.5714285714285714,1.0
complex_000117,0.5333333333333333,1.0
complex_000117,0.46153846153846156,0.75
complex_000117,0.5714285714285714,1.0
complex_000117,0.4375,0.875
complex_000117,0.7272727272727273,1.0
complex_000117,0.5384615384615384,0.875
complex_000117,0.5,0.75
complex_000117,0.6363636363636364,0.875
complex_000117,0.47058823529411764,1.0
complex_000117,0.6363636363636364,0.875
complex_000117,0.7272727272727273,1.0
complex_000117,0.5,1.0
complex_000117,0.45454545454545453,0.625
complex_000117,0.4444444444444444,1.0
complex_000117,0.5384615384615384,0.875
complex_000117,0.7272727272727273,1.0
complex_000140,0.3333333333333333,0.35
complex_000140,0.3,0.3
complex_000140,0.3333333333333333,0.35
complex_000140,0.36363636363636365,0.4
complex_000140,0.19047619047619047,0.2
complex_000140,0.5714285714285714,0.6
complex_000140,0.5,0.6
complex_000140,0.3333333333333333,0.35
complex_000140,0.5238095238095238,0.55
complex_000140,0.3333333333333333,0.35
complex_000140,0.4090909090909091,0.45
complex_000140,0.5714285714285714,0.6
complex_000140,0.23809523809523808,0.25
complex_000140,0.35714285714285715,0.5
complex_000140,0.43478260869565216,0.5
complex_000140,0.7142857142857143,0.75
complex_000140,0.2,0.2
complex_000140,0.391304347826087,0.45
complex_000140,0.4090909090909091,0.45
complex_000140,0.2857142857142857,0.3
complex_000140,0.5454545454545454,0.6
complex_000140,0.45454545454545453,0.5
complex_000140,0.09523809523809523,0.1
complex_000140,0.38095238095238093,0.4
complex_000140,0.2,0.2
complex_000140,0.2857142857142857,0.3
complex_000140,0.45454545454545453,0.5
complex_000140,0.38095238095238093,0.4
complex_000140,0.5652173913043478,0.65
complex_000140,0.38095238095238093,0.4
complex_000140,0.45454545454545453,0.5
complex_000140,0.15,0.15
complex_000140,0.5238095238095238,0.55
complex_000140,0.42857142857142855,0.45
complex_000140,0.5714285714285714,0.6
complex_000140,0.6190476190476191,0.65
complex_000140,0.6190476190476191,0.65
complex_000140,0.09523809523809523,0.1
complex_000140,0.6666666666666666,0.7
complex_000140,0.23809523809523808,0.25
complex_000140,0.38095238095238093,0.4
complex_000140,0.3333333333333333,0.35
complex_000140,0.7142857142857143,0.75
complex_000140,0.4,0.5
complex_000140,0.47619047619047616,0.5
complex_000140,0.3,0.3
complex_000140,0.47619047619047616,0.5
complex_000140,0.47619047619047616,0.5
complex_000140,0.38095238095238093,0.4
complex_000140,0.2,0.2
complex_000140,0.4583333333333333,0.55
complex_000140,0.6363636363636364,0.7
complex_000140,0.5714285714285714,0.6
complex_000140,0.4090909090909091,0.45
complex_000140,0.3333333333333333,0.35
complex_000140,0.47619047619047616,0.5
complex_000140,0.4782608695652174,0.55
complex_000140,0.4583333333333333,0.55
complex_000140,0.5454545454545454,0.6
complex_000140,0.23809523809523808,0.25
complex_000140,0.7142857142857143,0.75
complex_000140,0.19047619047619047,0.2
complex_000140,0.42857142857142855,0.45
complex_000140,0.3,0.3
complex_000140,0.44,0.55
complex_000140,0.42857142857142855,0.45
complex_000140,0.43478260869565216,0.5
complex_000140,0.45,0.45
complex_000140,0.42857142857142855,0.45
complex_000140,0.19047619047619047,0.2
complex_000140,0.7619047619047619,0.8
complex_000140,0.4,0.4
complex_000140,0.38095238095238093,0.4
complex_000140,0.6190476190476191,0.65
complex_000140,0.48,0.6
complex_000140,0.42857142857142855,0.6
complex_000140,0.391304347826087,0.45
complex_000140,0.6818181818181818,0.75
complex_000140,0.3333333333333333,0.35
complex_000140,0.5217391304347826,0.6
complex_000140,0.38095238095238093,0.4
complex_000140,0.3,0.3
complex_000140,0.5,0.55
complex_000140,0.52,0.65
complex_000140,0.5,0.55
complex_000140,0.5454545454545454,0.6
complex_000140,0.46153846153846156,0.6
complex_000140,0.38095238095238093,0.4
complex_000140,0.4230769230769231,0.55
complex_000140,0.38095238095238093,0.4
complex_000140,0.391304347826087,0.45
complex_000140,0.5238095238095238,0.55
complex_000140,0.3333333333333333,0.35
complex_000140,0.2,0.2
complex_000140,0.14285714285714285,0.15
complex_000140,0.38095238095238093,0.4
complex_000140,0.375,0.45
complex_000140,0.42857142857142855,0.45
complex_000140,0.42857142857142855,0.45
complex_000140,0.38095238095238093,0.4
complex_000141,0.6666666666666666,0.8571428571428571
complex_000141,0.6,0.8571428571428571
complex_000141,0.7142857142857143,0.7142857142857143
complex_000141,0.46153846153846156,0.8571428571428571
complex_000141,0.3333333333333333,0.42857142857142855
complex_000141,0.4444444444444444,0.5714285714285714
complex_000141,0.42857142857142855,0.8571428571428571
complex_000141,0.5,0.5714285714285714
complex_000141,0.75,0.8571428571428571
complex_000141,0.5,0.8571428571428571
complex_000141,0.5384615384615384,1.0
complex_000141,0.6666666666666666,0.8571428571428571
complex_000141,0.5714285714285714,0.5714285714285714
complex_000141,0.42857142857142855,0.8571428571428571
complex_000141,0.5833333333333334,1.0
complex_000141,0.5,0.8571428571428571
complex_000141,0.6363636363636364,1.0
complex_000141,0.5,0.7142857142857143
complex_000141,0.4166666666666667,0.7142857142857143
complex_000141,0.2857142857142857,0.2857142857142857
complex_000141,0.7142857142857143,0.7142857142857143
complex_000141,0.5555555555555556,0.7142857142857143
complex_000141,0.5714285714285714,0.5714285714285714
complex_000141,0.6666666666666666,0.8571428571428571
complex_000141,0.5,0.5714285714285714
complex_000141,0.5,0.5714285714285714
complex_000141,0.8571428571428571,0.8571428571428571
complex_000141,0.5714285714285714,0.5714285714285714
complex_000141,0.6,0.8571428571428571
complex_000141,0.6,0.8571428571428571
complex_000141,0.7,1.0
complex_000141,0.7,1.0
complex_000141,0.5555555555555556,0.7142857142857143
complex_000141,0.45454545454545453,0.7142857142857143
complex_000141,0.7777777777777778,1.0
complex_000141,0.6363636363636364,1.0
complex_000141,0.4166666666666667,0.7142857142857143
complex_000141,0.5714285714285714,0.5714285714285714
complex_000141,0.36363636363636365,0.5714285714285714
complex_000141,0.7777777777777778,1.0
complex_000141,0.6363636363636364,1.0
complex_000141,0.5555555555555556,0.7142857142857143
complex_000141,0.5,1.0
complex_000141,0.5,0.7142857142857143
complex_000141,0.5454545454545454,0.8571428571428571
complex_000141,0.8571428571428571,0.8571428571428571
complex_000141,0.6666666666666666,0.8571428571428571
complex_000141,0.75,0.8571428571428571
complex_000141,0.5833333333333334,1.0
complex_000141,0.5833333333333334,1.0
complex_000141,0.6,0.8571428571428571
complex_000141,0.75,0.8571428571428571
complex_000141,0.625,0.7142857142857143
complex_000141,0.5833333333333334,1.0
complex_000141,0.5,0.5714285714285714
complex_000141,0.75,0.8571428571428571
complex_000141,0.5,0.7142857142857143
complex_000141,0.6666666666666666,0.8571428571428571
complex_000141,0.5454545454545454,0.8571428571428571
complex_000141,0.3,0.42857142857142855
complex_000141,0.625,0.7142857142857143
complex_000141,0.7142857142857143,0.7142857142857143
complex_000141,0.5,0.8571428571428571
complex_000141,0.6,0.8571428571428571
complex_000141,0.7142857142857143,0.7142857142857143
complex_000141,0.4444444444444444,0.5714285714285714
complex_000141,0.4375,1.0
complex_000141,0.5,0.8571428571428571
complex_000141,0.5384615384615384,1.0
complex_000141,0.5555555555555556,0.7142857142857143
complex_000141,0.7777777777777778,1.0
complex_000141,0.35714285714285715,0.7142857142857143
complex_000141,0.5454545454545454,0.8571428571428571
complex_000141,0.5454545454545454,0.8571428571428571
complex_000141,0.6666666666666666,0.8571428571428571
complex_000141,0.5,0.7142857142857143
complex_000141,0.2857142857142857,0.5714285714285714
complex_000141,0.875,1.0
complex_000141,0.6363636363636364,1.0
complex_000141,0.7142857142857143,0.7142857142857143
complex_000141,0.38461538461538464,0.7142857142857143
complex_000141,0.4166666666666667,0.7142857142857143
complex_000141,0.75,0.8571428571428571
complex_000141,0.5833333333333334,1.0
complex_000141,0.8571428571428571,0.8571428571428571
complex_000141,0.75,0.8571428571428571
complex_000141,0.7,1.0
complex_000141,0.6,0.8571428571428571
complex_000141,0.38461538461538464,0.7142857142857143
complex_000141,0.45454545454545453,0.7142857142857143
complex_000141,0.6666666666666666,0.8571428571428571
complex_000141,0.8571428571428571,0.8571428571428571
complex_000141,0.6,0.8571428571428571
complex_000141,0.75,0.8571428571428571
complex_000141,0.7142857142857143,0.7142857142857143
complex_000141,0.46153846153846156,0.8571428571428571
complex_000141,0.5454545454545454,0.8571428571428571
complex_000141,0.6,0.8571428571428571
complex_000141,0.5833333333333334,1.0
complex_000141,0.7777777777777778,1.0
complex_000145,0.1111111111111111,0.1111111111111111
complex_000145,0.4,0.4444444444444444
complex_000145,0.1111111111111111,0.1111111111111111
complex_000145,0.6,0.6666666666666666
complex_000145,0.8181818181818182,1.0
complex_000145,0.3076923076923077,0.4444444444444444
complex_000145,0.5,0.7777777777777778
complex_000145,0.5833333333333334,0.7777777777777778
complex_000145,0.45454545454545453,0.5555555555555556
complex_000145,0.2,0.2222222222222222
complex_000145,0.5,0.6666666666666666
complex_000145,0.25,0.3333333333333333
complex_000145,0.45454545454545453,0.5555555555555556
complex_000145,0.45454545454545453,0.5555555555555556
complex_000145,0.3333333333333333,0.3333333333333333
complex_000145,0.6363636363636364,0.7777777777777778
complex_000145,0.5454545454545454,0.6666666666666666
complex_000145,0.36363636363636365,0.4444444444444444
complex_000145,0.7,0.7777777777777778
complex_000145,0.5384615384615384,0.7777777777777778
complex_000145,0.2222222222222222,0.2222222222222222
complex_000145,0.4444444444444444,0.4444444444444444
complex_000145,0.46153846153846156,0.6666666666666666
complex_000145,0.5454545454545454,0.6666666666666666
complex_000145,0.7,0.7777777777777778
complex_000145,0.36363636363636365,0.4444444444444444
complex_000145,0.5,0.6666666666666666
complex_000145,0.3333333333333333,0.3333333333333333
complex_000145,0.5384615384615384,0.7777777777777778
complex_000145,0.2727272727272727,0.3333333333333333
complex_000145,0.5384615384615384,0.7777777777777778
complex_000145,0.4444444444444444,0.4444444444444444
complex_000145,0.4117647058823529,0.7777777777777778
complex_000145,0.2222222222222222,0.2222222222222222
complex_000145,0.4166666666666667,0.5555555555555556
complex_000145,0.5833333333333334,0.7777777777777778
complex_000145,0.6153846153846154,0.8888888888888888
complex_000145,0.1,0.1111111111111111
complex_000145,0.6363636363636364,0.7777777777777778
complex_000145,0.5,0.6666666666666666
complex_000145,0.38461538461538464,0.5555555555555556
complex_000145,0.4,0.6666666666666666
complex_000145,0.4444444444444444,0.4444444444444444
complex_000145,0.6,0.6666666666666666
complex_000145,0.3333333333333333,0.3333333333333333
complex_000145,0.2222222222222222,0.2222222222222222
complex_000145,0.5384615384615384,0.7777777777777778
complex_000145,0.2222222222222222,0.2222222222222222
complex_000145,0.42857142857142855,0.6666666666666666
complex_000145,0.35714285714285715,0.5555555555555556
complex_000145,0.36363636363636365,0.4444444444444444
complex_000145,0.29411764705882354,0.5555555555555556
complex_000145,0.6363636363636364,0.7777777777777778
complex_000145,0.5384615384615384,0.7777777777777778
complex_000145,0.3333333333333333,0.4444444444444444
complex_000145,1.0,1.0
complex_000145,0.46153846153846156,0.6666666666666666
complex_000145,0.4,0.4444444444444444
complex_000145,0.8888888888888888,0.8888888888888888
complex_000145,0.46153846153846156,0.6666666666666666
complex_000145,0.46153846153846156,0.6666666666666666
complex_000145,0.6,0.6666666666666666
complex_000145,0.2727272727272727,0.3333333333333333
complex_000145,0.45454545454545453,0.5555555555555556
complex_000145,0.5454545454545454,0.6666666666666666
complex_000145,0.47058823529411764,0.8888888888888888
complex_000145,0.4,0.4444444444444444
complex_000145,0.45454545454545453,0.5555555555555556
complex_000145,0.38461538461538464,0.5555555555555556
complex_000145,0.7,0.7777777777777778
complex_000145,0.5384615384615384,0.7777777777777778
complex_000145,0.5,0.5555555555555556
complex_000145,0.45454545454545453,0.5555555555555556
complex_000145,0.38461538461538464,0.5555555555555556
complex_000145,0.38461538461538464,0.5555555555555556
complex_000145,0.3333333333333333,0.3333333333333333
complex_000145,0.36363636363636365,0.4444444444444444
complex_000145,0.7272727272727273,0.8888888888888888
complex_000145,0.2222222222222222,0.2222222222222222
complex_000145,0.2222222222222222,0.2222222222222222
complex_000145,0.5,0.6666666666666666
complex_000145,0.42857142857142855,0.6666666666666666
complex_000145,0.5555555555555556,0.5555555555555556
complex_000145,0.4166666666666667,0.5555555555555556
complex_000145,0.5833333333333334,0.7777777777777778
complex_000145,0.3333333333333333,0.3333333333333333
complex_000145,0.2727272727272727,0.3333333333333333
complex_000145,0.4444444444444444,0.4444444444444444
complex_000145,0.5,0.5555555555555556
complex_000145,0.5833333333333334,0.7777777777777778
complex_000145,0.3,0.3333333333333333
complex_000145,0.4,0.4444444444444444
complex_000145,0.5,0.5555555555555556
complex_000145,0.5833333333333334,0.7777777777777778
complex_000145,0.6666666666666666,0.8888888888888888
complex_000145,0.5555555555555556,0.5555555555555556
complex_000145,0.5833333333333334,0.7777777777777778
complex_000145,0.3076923076923077,0.4444444444444444
complex_000145,0.5,0.5555555555555556
complex_000145,0.36363636363636365,0.4444444444444444
complex_000148,0.7142857142857143,0.8333333333333334
complex_000148,0.5555555555555556,0.8333333333333334
complex_000148,0.3333333333333333,0.6666666666666666
complex_000148,0.375,0.5
complex_000148,0.18181818181818182,0.3333333333333333
complex_000148,0.2,0.3333333333333333
complex_000148,0.625,0.8333333333333334
complex_000148,0.4,0.6666666666666666
complex_000148,0.3,0.5
complex_000148,0.4,0.6666666666666666
complex_000148,0.21428571428571427,0.5
complex_000148,0.3333333333333333,0.3333333333333333
complex_000148,0.45454545454545453,0.8333333333333334
complex_000148,0.25,0.5
complex_000148,0.7142857142857143,0.8333333333333334
complex_000148,0.3076923076923077,0.6666666666666666
complex_000148,0.5714285714285714,0.6666666666666666
complex_000148,0.3,0.5
complex_000148,0.5714285714285714,0.6666666666666666
complex_000148,0.3333333333333333,0.3333333333333333
complex_000148,0.3333333333333333,0.3333333333333333
complex_000148,0.2857142857142857,0.3333333333333333
complex_000148,0.42857142857142855,0.5
complex_000148,0.5,0.6666666666666666
complex_000148,0.625,0.8333333333333334
complex_000148,0.3076923076923077,0.6666666666666666
complex_000148,0.2857142857142857,0.6666666666666666
complex_000148,0.42857142857142855,0.5
complex_000148,0.5,0.8333333333333334
complex_000148,0.42857142857142855,0.5
complex_000148,0.36363636363636365,0.6666666666666666
complex_000148,0.4,0.6666666666666666
complex_000148,0.5,0.8333333333333334
complex_000148,0.4,0.6666666666666666
complex_000148,0.42857142857142855,0.5
complex_000148,0.42857142857142855,0.5
complex_000148,0.4,0.6666666666666666
complex_000148,0.5,0.6666666666666666
complex_000148,0.5,0.6666666666666666
complex_000148,0.5,0.5
complex_000148,0.1111111111111111,0.16666666666666666
complex_000148,0.6666666666666666,1.0
complex_000148,0.375,0.5
complex_000148,0.3333333333333333,0.3333333333333333
complex_000148,0.6666666666666666,0.6666666666666666
complex_000148,0.3333333333333333,0.3333333333333333
complex_000148,0.36363636363636365,0.6666666666666666
complex_000148,0.3333333333333333,0.6666666666666666
complex_000148,0.3333333333333333,0.6666666666666666
complex_000148,0.7142857142857143,0.8333333333333334
complex_000148,0.25,0.5
complex_000148,0.2727272727272727,0.5
complex_000148,0.2857142857142857,0.3333333333333333
complex_000148,0.42857142857142855,0.5
complex_000148,0.16666666666666666,0.3333333333333333
complex_000148,0.16666666666666666,0.16666666666666666
complex_000148,0.4,0.6666666666666666
complex_000148,0.4,1.0
complex_000148,0.6666666666666666,0.6666666666666666
complex_000148,0.16666666666666666,0.16666666666666666
complex_000148,0.25,0.6666666666666666
complex_000148,0.625,0.8333333333333334
complex_000148,0.3333333333333333,0.3333333333333333
complex_000148,0.375,0.5
complex_000148,0.2857142857142857,0.3333333333333333
complex_000148,0.375,0.5
complex_000148,0.2727272727272727,0.5
complex_000148,0.3333333333333333,0.3333333333333333
complex_000148,0.42857142857142855,0.5
complex_000148,0.5555555555555556,0.8333333333333334
complex_000148,0.375,0.5
complex_000148,0.3,0.5
complex_000148,0.3333333333333333,0.5
complex_000148,0.6666666666666666,0.6666666666666666
complex_000148,0.7142857142857143,0.8333333333333334
complex_000148,0.4444444444444444,0.6666666666666666
complex_000148,0.3333333333333333,0.3333333333333333
complex_000148,0.4,0.6666666666666666
complex_000148,0.2857142857142857,0.6666666666666666
complex_000148,0.3,0.5
complex_000148,0.5714285714285714,0.6666666666666666
complex_000148,0.35714285714285715,0.8333333333333334
complex_000148,0.4166666666666667,0.8333333333333334
complex_000148,0.6666666666666666,0.6666666666666666
complex_000148,0.6666666666666666,1.0
complex_000148,0.2857142857142857,0.3333333333333333
complex_000148,0.4,1.0
complex_000148,0.42857142857142855,0.5
complex_000148,0.38461538461538464,0.8333333333333334
complex_000148,0.42857142857142855,0.5
complex_000148,0.3333333333333333,0.6666666666666666
complex_000148,0.6666666666666666,1.0
complex_000148,0.3333333333333333,0.6666666666666666
complex_000148,0.5,0.6666666666666666
complex_000148,0.4444444444444444,0.6666666666666666
complex_000148,0.5555555555555556,0.8333333333333334
complex_000148,0.5,1.0
complex_000148,0.4,0.6666666666666666
complex_000148,0.5,0.8333333333333334
complex_000148,0.375,0.5
complex_000149,0.47058823529411764,0.5
complex_000149,0.7058823529411765,0.75
complex_000149,0.55,0.6875
complex_000149,0.6842105263157895,0.8125
complex_000149,0.47368421052631576,0.5625
complex_000149,0.5263157894736842,0.625
complex_000149,0.5263157894736842,0.625
complex_000149,0.6111111111111112,0.6875
complex_000149,0.7777777777777778,0.875
complex_000149,0.7058823529411765,0.75
complex_000149,0.3125,0.3125
complex_000149,0.5882352941176471,0.625
complex_000149,0.5263157894736842,0.625
complex_000149,0.5789473684210527,0.6875
complex_000149,0.7647058823529411,0.8125
complex_000149,0.4444444444444444,0.5
complex_000149,0.6,0.75
complex_000149,0.6111111111111112,0.6875
complex_000149,0.6666666666666666,0.75
complex_000149,0.5882352941176471,0.625
complex_000149,0.7058823529411765,0.75
complex_000149,0.4117647058823529,0.4375
complex_000149,0.5,0.5
complex_000149,0.7222222222222222,0.8125
complex_000149,0.7222222222222222,0.8125
complex_000149,0.6842105263157895,0.8125
complex_000149,0.5454545454545454,0.75
complex_000149,0.5882352941176471,0.625
complex_000149,0.5882352941176471,0.625
complex_000149,0.8235294117647058,0.875
complex_000149,0.35294117647058826,0.375
complex_000149,0.375,0.375
complex_000149,0.5909090909090909,0.8125
complex_000149,0.5294117647058824,0.5625
complex_000149,0.7,0.875
complex_000149,0.631578947368421,0.75
complex_000149,0.7368421052631579,0.875
complex_000149,0.5,0.5625
complex_000149,0.47368421052631576,0.5625
complex_000149,0.75,0.75
complex_000149,0.5555555555555556,0.625
complex_000149,0.5294117647058824,0.5625
complex_000149,0.8,1.0
complex_000149,0.5263157894736842,0.625
complex_000149,0.5789473684210527,0.6875
complex_000149,0.5789473684210527,0.6875
complex_000149,0.8823529411764706,0.9375
complex_000149,0.47368421052631576,0.5625
complex_000149,0.35294117647058826,0.375
complex_000149,0.6111111111111112,0.6875
complex_000149,0.5294117647058824,0.5625
complex_000149,0.5,0.5625
complex_000149,0.4117647058823529,0.4375
complex_000149,0.6470588235294118,0.6875
complex_000149,0.5882352941176471,0.625
complex_000149,0.46153846153846156,0.75
complex_000149,0.7222222222222222,0.8125
complex_000149,0.5555555555555556,0.625
complex_000149,0.5,0.6875
complex_000149,0.55,0.6875
complex_000149,0.5625,0.5625
complex_000149,0.8823529411764706,0.9375
complex_000149,0.6111111111111112,0.6875
complex_000149,0.5,0.6875
complex_000149,0.5,0.5625
complex_000149,0.2222222222222222,0.25
complex_000149,0.631578947368421,0.75
complex_000149,0.5263157894736842,0.625
complex_000149,0.631578947368421,0.75
complex_000149,0.7222222222222222,0.8125
complex_000149,0.5,0.5625
complex_000149,0.5714285714285714,0.75
complex_000149,0.5,0.6875
complex_000149,0.55,0.6875
complex_000149,0.4117647058823529,0.4375
complex_000149,0.7647058823529411,0.8125
complex_000149,0.5882352941176471,0.625
complex_000149,0.8235294117647058,0.875
complex_000149,0.4117647058823529,0.4375
complex_000149,0.6666666666666666,0.75
complex_000149,0.3333333333333333,0.375
complex_000149,0.45,0.5625
complex_000149,0.7058823529411765,0.75
complex_000149,0.6666666666666666,0.75
complex_000149,0.631578947368421,0.75
complex_000149,0.47058823529411764,0.5
complex_000149,0.5294117647058824,0.5625
complex_000149,0.5909090909090909,0.8125
complex_000149,0.6666666666666666,0.75
complex_000149,0.5789473684210527,0.6875
complex_000149,0.6111111111111112,0.6875
complex_000149,0.7777777777777778,0.875
complex_000149,0.625,0.625
complex_000149,0.7368421052631579,0.875
complex_000149,0.5555555555555556,0.625
complex_000149,0.6666666666666666,0.75
complex_000149,0.29411764705882354,0.3125
complex_000149,0.5714285714285714,0.75
complex_000149,0.5789473684210527,0.6875
complex_000149,0.5555555555555556,0.625
complex_000165,0.5882352941176471,0.7692307692307693
complex_000165,0.4666666666666667,0.5384615384615384
complex_000165,0.6190476190476191,1.0
complex_000165,0.8125,1.0
complex_000165,0.6428571428571429,0.6923076923076923
complex_000165,0.6428571428571429,0.6923076923076923
complex_000165,0.75,0.9230769230769231
complex_000165,0.625,0.7692307692307693
complex_000165,0.6111111111111112,0.8461538461538461
complex_000165,0.625,0.7692307692307693
complex_000165,0.5333333333333333,0.6153846153846154
complex_000165,0.4666666666666667,0.5384615384615384
complex_000165,0.6153846153846154,0.6153846153846154
complex_000165,0.6666666666666666,0.7692307692307693
complex_000165,0.5882352941176471,0.7692307692307693
complex_000165,0.6,0.9230769230769231
complex_000165,0.7058823529411765,0.9230769230769231
complex_000165,0.8571428571428571,0.9230769230769231
complex_000165,0.75,0.9230769230769231
complex_000165,0.4666666666666667,0.5384615384615384
complex_000165,0.6842105263157895,1.0
complex_000165,0.6428571428571429,0.6923076923076923
complex_000165,0.6875,0.8461538461538461
complex_000165,0.5238095238095238,0.8461538461538461
complex_000165,0.8571428571428571,0.9230769230769231
complex_000165,0.5882352941176471,0.7692307692307693
complex_000165,0.4666666666666667,0.5384615384615384
complex_000165,0.7333333333333333,0.8461538461538461
complex_000165,0.5625,0.6923076923076923
complex_000165,0.6470588235294118,0.8461538461538461
complex_000165,0.6111111111111112,0.8461538461538461
complex_000165,0.6153846153846154,0.6153846153846154
complex_000165,0.75,0.9230769230769231
complex_000165,0.5,0.7692307692307693
complex_000165,0.5,0.6153846153846154
complex_000165,0.5882352941176471,0.7692307692307693
complex_000165,0.3333333333333333,0.5384615384615384
complex_000165,0.5555555555555556,0.7692307692307693
complex_000165,0.5555555555555556,0.7692307692307693
complex_000165,0.5625,0.6923076923076923
complex_000165,0.7142857142857143,0.7692307692307693
complex_000165,0.5294117647058824,0.6923076923076923
complex_000165,0.47058823529411764,0.6153846153846154
complex_000165,0.4666666666666667,0.5384615384615384
complex_000165,0.7857142857142857,0.8461538461538461
complex_000165,0.6470588235294118,0.8461538461538461
complex_000165,0.65,1.0
complex_000165,0.47619047619047616,0.7692307692307693
complex_000165,0.6875,0.8461538461538461
complex_000165,0.3181818181818182,0.5384615384615384
complex_000165,0.6111111111111112,0.8461538461538461
complex_000165,0.8571428571428571,0.9230769230769231
complex_000165,0.43478260869565216,0.7692307692307693
complex_000165,0.5714285714285714,0.9230769230769231
complex_000165,0.5333333333333333,0.6153846153846154
complex_000165,0.6666666666666666,0.7692307692307693
complex_000165,0.6,0.6923076923076923
complex_000165,0.5555555555555556,0.7692307692307693
complex_000165,0.47058823529411764,0.6153846153846154
complex_000165,0.45,0.6923076923076923
complex_000165,0.6666666666666666,0.7692307692307693
complex_000165,0.5,0.5384615384615384
complex_000165,0.7857142857142857,0.8461538461538461
complex_000165,0.8,0.9230769230769231
complex_000165,0.6153846153846154,0.6153846153846154
complex_000165,0.6153846153846154,0.6153846153846154
complex_000165,0.55,0.8461538461538461
complex_000165,0.7058823529411765,0.9230769230769231
complex_000165,0.4666666666666667,0.5384615384615384
complex_000165,0.6111111111111112,0.8461538461538461
complex_000165,0.4375,0.5384615384615384
complex_000165,0.42857142857142855,0.6923076923076923
complex_000165,0.6875,0.8461538461538461
complex_000165,0.4,0.6153846153846154
complex_000165,0.5555555555555556,0.7692307692307693
complex_000165,0.5882352941176471,0.7692307692307693
complex_000165,0.7333333333333333,0.8461538461538461
complex_000165,0.5714285714285714,0.6153846153846154
complex_000165,0.5,0.6923076923076923
complex_000165,0.28,0.5384615384615384
complex_000165,0.42857142857142855,0.46153846153846156
complex_000165,0.6,0.6923076923076923
complex_000165,0.6842105263157895,1.0
complex_000165,0.6470588235294118,0.8461538461538461
complex_000165,0.5238095238095238,0.8461538461538461
complex_000165,0.55,0.8461538461538461
complex_000165,0.6875,0.8461538461538461
complex_000165,0.5333333333333333,0.6153846153846154
complex_000165,0.8666666666666667,1.0
complex_000165,0.5,0.7692307692307693
complex_000165,0.5,0.6153846153846154
complex_000165,0.5882352941176471,0.7692307692307693
complex_000165,0.631578947368421,0.9230769230769231
complex_000165,0.631578947368421,0.9230769230769231
complex_000165,0.5714285714285714,0.6153846153846154
complex_000165,0.6470588235294118,0.8461538461538461
complex_000165,0.5714285714285714,0.6153846153846154
complex_000165,0.6666666666666666,0.7692307692307693
complex_000165,0.5714285714285714,0.6153846153846154
complex_000165,0.625,0.7692307692307693
complex_000170,0.42857142857142855,0.9
complex_000170,0.5454545454545454,0.6
complex_000170,0.7142857142857143,1.0
complex_000170,0.5625,0.9
complex_000170,0.4,0.8
complex_000170,0.4666666666666667,0.7
complex_000170,0.6153846153846154,0.8
complex_000170,0.47058823529411764,0.8
complex_000170,0.47058823529411764,0.8
complex_000170,0.9,0.9
complex_000170,0.5384615384615384,0.7
complex_000170,0.6,0.6
complex_000170,0.5333333333333333,0.8
complex_000170,0.5294117647058824,0.9
complex_000170,0.5,0.6
complex_000170,0.6666666666666666,0.8
complex_000170,0.6363636363636364,0.7
complex_000170,0.46153846153846156,0.6
complex_000170,0.7,0.7
complex_000170,0.5,0.9
complex_000170,0.75,0.9
complex_000170,0.6428571428571429,0.9
complex_000170,0.6,0.9
complex_000170,0.7,0.7
complex_000170,0.5625,0.9
complex_000170,0.5454545454545454,0.6
complex_000170,0.5294117647058824,0.9
complex_000170,0.6153846153846154,0.8
complex_000170,0.5294117647058824,0.9
complex_000170,0.35,0.7
complex_000170,0.45454545454545453,0.5
complex_000170,0.5833333333333334,0.7
complex_000170,0.47058823529411764,0.8
complex_000170,0.4,0.4
complex_000170,0.45454545454545453,0.5
complex_000170,0.5294117647058824,0.9
complex_000170,0.6666666666666666,0.8
complex_000170,0.6,0.9
complex_000170,0.45454545454545453,0.5
complex_000170,0.7272727272727273,0.8
complex_000170,0.5,0.5
complex_000170,0.6153846153846154,0.8
complex_000170,0.5833333333333334,0.7
complex_000170,0.6666666666666666,0.8
complex_000170,0.6363636363636364,0.7
complex_000170,0.5625,0.9
complex_000170,0.6428571428571429,0.9
complex_000170,0.6666666666666666,0.8
complex_000170,0.6666666666666666,0.8
complex_000170,0.5625,0.9
complex_000170,0.5,0.6
complex_000170,0.6428571428571429,0.9
complex_000170,0.5,0.8
complex_000170,0.7,0.7
complex_000170,0.4666666666666667,0.7
complex_000170,0.5555555555555556,1.0
complex_000170,0.5625,0.9
complex_000170,0.47368421052631576,0.9
complex_000170,0.7,0.7
complex_000170,0.7142857142857143,1.0
complex_000170,0.45,0.9
complex_000170,0.5,0.8
complex_000170,0.4375,0.7
complex_000170,0.7,0.7
complex_000170,0.6363636363636364,0.7
complex_000170,0.8,0.8
complex_000170,0.4,0.4
complex_000170,0.6153846153846154,0.8
complex_000170,0.47058823529411764,0.8
complex_000170,0.6666666666666666,0.8
complex_000170,0.6363636363636364,0.7
complex_000170,0.4,0.8
complex_000170,0.4166666666666667,0.5
complex_000170,0.7,0.7
complex_000170,0.5333333333333333,0.8
complex_000170,0.5333333333333333,0.8
complex_000170,0.5384615384615384,0.7
complex_000170,0.6153846153846154,0.8
complex_000170,0.5833333333333334,0.7
complex_000170,0.3157894736842105,0.6
complex_000170,0.45,0.9
complex_000170,0.5833333333333334,0.7
complex_000170,0.5,0.8
complex_000170,0.5384615384615384,0.7
complex_000170,0.75,0.9
complex_000170,0.6923076923076923,0.9
complex_000170,0.5294117647058824,0.9
complex_000170,0.5,0.7
complex_000170,0.5333333333333333,0.8
complex_000170,0.8,0.8
complex_000170,0.7692307692307693,1.0
complex_000170,0.6,0.9
complex_000170,0.6,0.9
complex_000170,0.6,0.6
complex_000170,0.47058823529411764,0.8
complex_000170,0.6666666666666666,1.0
complex_000170,0.5294117647058824,0.9
complex_000170,0.47368421052631576,0.9
complex_000170,0.4117647058823529,0.7
complex_000170,0.47368421052631576,0.9
complex_000177,0.7272727272727273,0.7272727272727273
complex_000177,0.625,0.9090909090909091
complex_000177,0.5882352941176471,0.9090909090909091
complex_000177,0.5833333333333334,0.6363636363636364
complex_000177,0.7692307692307693,0.9090909090909091
complex_000177,0.5,0.6363636363636364
complex_000177,0.6875,1.0
complex_000177,0.75,0.8181818181818182
complex_000177,0.6666666666666666,0.9090909090909091
complex_000177,0.47368421052631576,0.8181818181818182
complex_000177,0.5625,0.8181818181818182
complex_000177,0.8181818181818182,0.8181818181818182
complex_000177,0.9090909090909091,0.9090909090909091
complex_000177,0.6666666666666666,0.7272727272727273
complex_000177,0.9166666666666666,1.0
complex_000177,0.6363636363636364,0.6363636363636364
complex_000177,0.5,0.5454545454545454
complex_000177,0.6666666666666666,0.9090909090909091
complex_000177,0.5882352941176471,0.9090909090909091
complex_000177,0.45454545454545453,0.45454545454545453
complex_000177,0.5,0.8181818181818182
complex_000177,0.75,0.8181818181818182
complex_000177,0.4444444444444444,0.7272727272727273
complex_000177,0.55,1.0
complex_000177,0.6666666666666666,0.7272727272727273
complex_000177,0.6428571428571429,0.8181818181818182
complex_000177,0.8181818181818182,0.8181818181818182
complex_000177,0.8181818181818182,0.8181818181818182
complex_000177,0.8181818181818182,0.8181818181818182
complex_000177,0.7272727272727273,0.7272727272727273
complex_000177,0.5789473684210527,1.0
complex_000177,0.6363636363636364,0.6363636363636364
complex_000177,0.6,0.8181818181818182
complex_000177,0.8333333333333334,0.9090909090909091
complex_000177,0.6666666666666666,0.7272727272727273
complex_000177,0.6666666666666666,0.9090909090909091
complex_000177,0.8333333333333334,0.9090909090909091
complex_000177,0.7692307692307693,0.9090909090909091
complex_000177,0.5882352941176471,0.9090909090909091
complex_000177,0.5625,0.8181818181818182
complex_000177,0.7692307692307693,0.9090909090909091
complex_000177,0.55,1.0
complex_000177,0.7142857142857143,0.9090909090909091
complex_000177,0.6666666666666666,0.7272727272727273
complex_000177,0.5294117647058824,0.8181818181818182
complex_000177,0.8461538461538461,1.0
complex_000177,0.6428571428571429,0.8181818181818182
complex_000177,0.75,0.8181818181818182
complex_000177,0.7692307692307693,0.9090909090909091
complex_000177,0.7333333333333333,1.0
complex_000177,0.8461538461538461,1.0
complex_000177,0.6923076923076923,0.8181818181818182
complex_000177,0.7692307692307693,0.9090909090909091
complex_000177,0.6470588235294118,1.0
complex_000177,0.9166666666666666,1.0
complex_000177,0.75,0.8181818181818182
complex_000177,0.7272727272727273,0.7272727272727273
complex_000177,0.45,0.8181818181818182
complex_000177,0.8333333333333334,0.9090909090909091
complex_000177,0.5714285714285714,0.7272727272727273
complex_000177,0.6428571428571429,0.8181818181818182
complex_000177,0.6363636363636364,0.6363636363636364
complex_000177,0.5555555555555556,0.9090909090909091
complex_000177,0.5882352941176471,0.9090909090909091
complex_000177,0.625,0.9090909090909091
complex_000177,0.6363636363636364,0.6363636363636364
complex_000177,0.6666666666666666,0.9090909090909091
complex_000177,0.7857142857142857,1.0
complex_000177,0.9090909090909091,0.9090909090909091
complex_000177,0.7692307692307693,0.9090909090909091
complex_000177,0.8461538461538461,1.0
complex_000177,0.9166666666666666,1.0
complex_000177,0.8333333333333334,0.9090909090909091
complex_000177,0.5333333333333333,0.7272727272727273
complex_000177,0.6923076923076923,0.8181818181818182
complex_000177,0.7333333333333333,1.0
complex_000177,0.7142857142857143,0.9090909090909091
complex_000177,0.7692307692307693,0.9090909090909091
complex_000177,0.6875,1.0
complex_000177,0.5,0.7272727272727273
complex_000177,0.8181818181818182,0.8181818181818182
complex_000177,0.7272727272727273,0.7272727272727273
complex_000177,0.8333333333333334,0.9090909090909091
complex_000177,0.75,0.8181818181818182
complex_000177,0.5625,0.8181818181818182
complex_000177,0.9090909090909091,0.9090909090909091
complex_000177,0.5263157894736842,0.9090909090909091
complex_000177,0.8333333333333334,0.9090909090909091
complex_000177,0.8333333333333334,0.9090909090909091
complex_000177,0.5384615384615384,0.6363636363636364
complex_000177,0.7857142857142857,1.0
complex_000177,0.8333333333333334,0.9090909090909091
complex_000177,0.4375,0.6363636363636364
complex_000177,0.6875,1.0
complex_000177,0.8181818181818182,0.8181818181818182
complex_000177,0.4666666666666667,0.6363636363636364
complex_000177,0.5882352941176471,0.9090909090909091
complex_000177,0.75,0.8181818181818182
complex_000177,0.6363636363636364,0.6363636363636364
complex_000177,0.7692307692307693,0.9090909090909091
complex_000179,0.5833333333333334,0.7777777777777778
complex_000179,0.42105263157894735,0.8888888888888888
complex_000179,0.4,0.4444444444444444
complex_000179,0.4,0.4444444444444444
complex_000179,0.5384615384615384,0.7777777777777778
complex_000179,0.5625,1.0
complex_000179,0.6666666666666666,0.8888888888888888
complex_000179,0.4,0.8888888888888888
complex_000179,0.5714285714285714,0.8888888888888888
complex_000179,0.4375,0.7777777777777778
complex_000179,0.6666666666666666,0.8888888888888888
complex_000179,0.4117647058823529,0.7777777777777778
complex_000179,0.38095238095238093,0.8888888888888888
complex_000179,0.5714285714285714,0.8888888888888888
complex_000179,0.5625,1.0
complex_000179,0.5833333333333334,0.7777777777777778
complex_000179,0.6153846153846154,0.8888888888888888
complex_000179,0.6666666666666666,0.8888888888888888
complex_000179,0.5294117647058824,1.0
complex_000179,0.5,0.6666666666666666
complex_000179,0.42857142857142855,0.6666666666666666
complex_000179,0.5833333333333334,0.7777777777777778
complex_000179,0.6,0.6666666666666666
complex_000179,0.375,0.6666666666666666
complex_000179,0.3333333333333333,0.6666666666666666
complex_000179,0.5555555555555556,0.5555555555555556
complex_000179,0.6363636363636364,0.7777777777777778
complex_000179,0.3684210526315789,0.7777777777777778
complex_000179,0.5454545454545454,0.6666666666666666
complex_000179,0.375,0.6666666666666666
complex_000179,0.5625,1.0
complex_000179,0.6666666666666666,0.8888888888888888
complex_000179,0.46153846153846156,0.6666666666666666
complex_000179,0.3,0.6666666666666666
complex_000179,0.4666666666666667,0.7777777777777778
complex_000179,0.5454545454545454,0.6666666666666666
complex_000179,0.5833333333333334,0.7777777777777778
complex_000179,0.6,0.6666666666666666
complex_000179,0.5454545454545454,0.6666666666666666
complex_000179,0.5833333333333334,0.7777777777777778
complex_000179,0.4,0.6666666666666666
complex_000179,0.3125,0.5555555555555556
complex_000179,0.23076923076923078,0.3333333333333333
complex_000179,0.5454545454545454,0.6666666666666666
complex_000179,0.47058823529411764,0.8888888888888888
complex_000179,0.5714285714285714,0.8888888888888888
complex_000179,0.6363636363636364,0.7777777777777778
complex_000179,0.6666666666666666,0.8888888888888888
complex_000179,0.5714285714285714,0.8888888888888888
complex_000179,0.6153846153846154,0.8888888888888888
complex_000179,0.6153846153846154,0.8888888888888888
complex_000179,0.7,0.7777777777777778
complex_000179,0.3333333333333333,0.8888888888888888
complex_000179,0.5,0.5555555555555556
complex_000179,0.7272727272727273,0.8888888888888888
complex_000179,0.5,0.8888888888888888
complex_000179,0.4117647058823529,0.7777777777777778
complex_000179,0.5625,1.0
complex_000179,0.3076923076923077,0.4444444444444444
complex_000179,0.4117647058823529,0.7777777777777778
complex_000179,0.35294117647058826,0.6666666666666666
complex_000179,0.3684210526315789,0.7777777777777778
complex_000179,0.5,0.8888888888888888
complex_000179,0.35714285714285715,0.5555555555555556
complex_000179,0.75,1.0
complex_000179,0.4375,0.7777777777777778
complex_000179,0.4,0.4444444444444444
complex_000179,0.4117647058823529,0.7777777777777778
complex_000179,0.4117647058823529,0.7777777777777778
complex_000179,0.5333333333333333,0.8888888888888888
complex_000179,0.6,1.0
complex_000179,0.4,0.4444444444444444
complex_000179,0.6363636363636364,0.7777777777777778
complex_000179,0.6363636363636364,0.7777777777777778
complex_000179,0.6428571428571429,1.0
complex_000179,0.4117647058823529,0.7777777777777778
complex_000179,0.5384615384615384,0.7777777777777778
complex_000179,0.6363636363636364,0.7777777777777778
complex_000179,0.6153846153846154,0.8888888888888888
complex_000179,0.4444444444444444,0.8888888888888888
complex_000179,0.5333333333333333,0.8888888888888888
complex_000179,0.4166666666666667,0.5555555555555556
complex_000179,0.5,0.5555555555555556
complex_000179,0.6428571428571429,1.0
complex_000179,0.4375,0.7777777777777778
complex_000179,0.36363636363636365,0.4444444444444444
complex_000179,0.5,0.8888888888888888
complex_000179,0.5,0.7777777777777778
complex_000179,0.8181818181818182,1.0
complex_000179,0.5,0.5555555555555556
complex_000179,0.4444444444444444,0.8888888888888888
complex_000179,0.3076923076923077,0.4444444444444444
complex_000179,0.4,0.4444444444444444
complex_000179,0.5625,1.0
complex_000179,0.45454545454545453,0.5555555555555556
complex_000179,0.4666666666666667,0.7777777777777778
complex_000179,0.6363636363636364,0.7777777777777778
complex_000179,0.5,0.7777777777777778
complex_000179,0.5833333333333334,0.7777777777777778
complex_000179,0.6666666666666666,0.8888888888888888
complex_000191,0.6,0.6
complex_000191,0.47058823529411764,0.5333333333333333
complex_000191,0.5333333333333333,0.5333333333333333
complex_000191,0.4375,0.4666666666666667
complex_000191,0.4666666666666667,0.4666666666666667
complex_000191,0.5333333333333333,0.5333333333333333
complex_000191,0.4,0.4
complex_000191,0.6666666666666666,0.6666666666666666
complex_000191,0.6666666666666666,0.6666666666666666
complex_000191,0.5333333333333333,0.5333333333333333
complex_000191,0.5625,0.6
complex_000191,0.5,0.5333333333333333
complex_000191,0.4666666666666667,0.4666666666666667
complex_000191,0.47368421052631576,0.6
complex_000191,0.6666666666666666,0.6666666666666666
complex_000191,0.5625,0.6
complex_000191,0.5294117647058824,0.6
complex_000191,0.5625,0.6
complex_000191,0.4,0.4
complex_000191,0.5625,0.6
complex_000191,0.5333333333333333,0.5333333333333333
complex_000191,0.4666666666666667,0.4666666666666667
complex_000191,0.47058823529411764,0.5333333333333333
complex_000191,0.625,0.6666666666666666
complex_000191,0.6666666666666666,0.6666666666666666
complex_000191,0.4,0.4
complex_000191,0.4666666666666667,0.4666666666666667
complex_000191,0.6875,0.7333333333333333
complex_000191,0.4666666666666667,0.4666666666666667
complex_000191,0.625,0.6666666666666666
complex_000191,0.4666666666666667,0.4666666666666667
complex_000191,0.5294117647058824,0.6
complex_000191,0.5,0.6
complex_000191,0.5333333333333333,0.5333333333333333
complex_000191,0.5625,0.6
complex_000191,0.5294117647058824,0.6
complex_000191,0.625,0.6666666666666666
complex_000191,0.5294117647058824,0.6
complex_000191,0.5333333333333333,0.5333333333333333
complex_000191,0.5,0.6
complex_000191,0.5,0.5333333333333333
complex_000191,0.625,0.6666666666666666
complex_000191,0.5294117647058824,0.6
complex_000191,0.625,0.6666666666666666
complex_000191,0.4666666666666667,0.4666666666666667
complex_000191,0.5882352941176471,0.6666666666666666
complex_000191,0.625,0.6666666666666666
complex_000191,0.4666666666666667,0.4666666666666667
complex_000191,0.5,0.5333333333333333
complex_000191,0.5625,0.6
complex_000191,0.4666666666666667,0.4666666666666667
complex_000191,0.6,0.6
complex_000191,0.5333333333333333,0.5333333333333333
complex_000191,0.4666666666666667,0.4666666666666667
complex_000191,0.5333333333333333,0.5333333333333333
complex_000191,0.8,0.8
complex_000191,0.4666666666666667,0.4666666666666667
complex_000191,0.4,0.4
complex_000191,0.4,0.4
complex_000191,0.5625,0.6
complex_000191,0.625,0.6666666666666666
complex_000191,0.5333333333333333,0.5333333333333333
complex_000191,0.8,0.8
complex_000191,0.5333333333333333,0.5333333333333333
complex_000191,0.5,0.5333333333333333
complex_000191,0.4,0.4
complex_000191,0.5882352941176471,0.6666666666666666
complex_000191,0.4,0.4
complex_000191,0.5,0.5333333333333333
complex_000191,0.5625,0.6
complex_000191,0.5294117647058824,0.6
complex_000191,0.5333333333333333,0.5333333333333333
complex_000191,0.47058823529411764,0.5333333333333333
complex_000191,0.5294117647058824,0.6
complex_000191,0.5,0.5333333333333333
complex_000191,0.4,0.4
complex_000191,0.3333333333333333,0.3333333333333333
complex_000191,0.625,0.6666666666666666
complex_000191,0.6,0.6
complex_000191,0.5625,0.6
complex_000191,0.6666666666666666,0.6666666666666666
complex_000191,0.5882352941176471,0.6666666666666666
complex_000191,0.4375,0.4666666666666667
complex_000191,0.625,0.6666666666666666
complex_000191,0.4,0.4
complex_000191,0.6111111111111112,0.7333333333333333
complex_000191,0.8125,0.8666666666666667
complex_000191,0.4,0.4
complex_000191,0.5,0.5333333333333333
complex_000191,0.4444444444444444,0.5333333333333333
complex_000191,0.5,0.5333333333333333
complex_000191,0.6,0.6
complex_000191,0.4,0.4
complex_000191,0.5333333333333333,0.5333333333333333
complex_000191,0.6875,0.7333333333333333
complex_000191,0.5,0.5333333333333333
complex_000191,0.6,0.6
complex_000191,0.47058823529411764,0.5333333333333333
complex_000191,0.75,0.8
complex_000191,0.5333333333333333,0.5333333333333333
complex_000193,0.46153846153846156,0.46153846153846156
complex_000193,0.5384615384615384,0.5384615384615384
complex_000193,0.6153846153846154,0.6153846153846154
complex_000193,0.42857142857142855,0.46153846153846156
complex_000193,0.46153846153846156,0.46153846153846156
complex_000193,0.5,0.5384615384615384
complex_000193,0.6875,0.8461538461538461
complex_000193,0.7142857142857143,0.7692307692307693
complex_000193,0.38095238095238093,0.6153846153846154
complex_000193,0.46153846153846156,0.46153846153846156
complex_000193,0.6875,0.8461538461538461
complex_000193,0.6153846153846154,0.6153846153846154
complex_000193,0.8125,1.0
complex_000193,0.5384615384615384,0.5384615384615384
complex_000193,0.6153846153846154,0.6153846153846154
complex_000193,0.625,0.7692307692307693
complex_000193,0.7333333333333333,0.8461538461538461
complex_000193,0.42857142857142855,0.46153846153846156
complex_000193,0.5882352941176471,0.7692307692307693
complex_000193,0.8,0.9230769230769231
complex_000193,0.8571428571428571,0.9230769230769231
complex_000193,0.6,0.6923076923076923
complex_000193,0.6,0.6923076923076923
complex_000193,0.6153846153846154,0.6153846153846154
complex_000193,0.5,0.6923076923076923
complex_000193,0.8571428571428571,0.9230769230769231
complex_000193,0.75,0.9230769230769231
complex_000193,0.6875,0.8461538461538461
complex_000193,0.9230769230769231,0.9230769230769231
complex_000193,0.6666666666666666,0.7692307692307693
complex_000193,0.5714285714285714,0.6153846153846154
complex_000193,0.5555555555555556,0.7692307692307693
complex_000193,0.625,0.7692307692307693
complex_000193,0.6111111111111112,0.8461538461538461
complex_000193,0.7142857142857143,0.7692307692307693
complex_000193,0.6428571428571429,0.6923076923076923
complex_000193,0.6428571428571429,0.6923076923076923
complex_000193,0.5625,0.6923076923076923
complex_000193,0.5,0.6923076923076923
complex_000193,0.42857142857142855,0.46153846153846156
complex_000193,0.631578947368421,0.9230769230769231
complex_000193,0.5,0.5384615384615384
complex_000193,0.6428571428571429,0.6923076923076923
complex_000193,0.9285714285714286,1.0
complex_000193,0.6,0.6923076923076923
complex_000193,0.5625,0.6923076923076923
complex_000193,0.6666666666666666,0.9230769230769231
complex_000193,0.6470588235294118,0.8461538461538461
complex_000193,0.5625,0.6923076923076923
complex_000193,0.6666666666666666,0.7692307692307693
complex_000193,0.6153846153846154,0.6153846153846154
complex_000193,0.625,0.7692307692307693
complex_000193,0.7857142857142857,0.8461538461538461
complex_000193,0.6875,0.8461538461538461
complex_000193,0.6666666666666666,0.9230769230769231
complex_000193,0.6875,0.8461538461538461
complex_000193,0.5333333333333333,0.6153846153846154
complex_000193,0.7142857142857143,0.7692307692307693
complex_000193,0.5384615384615384,0.5384615384615384
complex_000193,0.8,0.9230769230769231
complex_000193,0.7333333333333333,0.8461538461538461
complex_000193,0.5,0.6923076923076923
complex_000193,0.75,0.9230769230769231
complex_000193,0.625,0.7692307692307693
complex_000193,0.5882352941176471,0.7692307692307693
complex_000193,0.5,0.5384615384615384
complex_000193,0.7142857142857143,0.7692307692307693
complex_000193,0.5,0.5384615384615384
complex_000193,0.6666666666666666,0.9230769230769231
complex_000193,0.7333333333333333,0.8461538461538461
complex_000193,0.5,0.6153846153846154
complex_000193,0.8571428571428571,0.9230769230769231
complex_000193,0.5,0.5384615384615384
complex_000193,0.6428571428571429,0.6923076923076923
complex_000193,0.46153846153846156,0.46153846153846156
complex_000193,0.4666666666666667,0.5384615384615384
complex_000193,0.5294117647058824,0.6923076923076923
complex_000193,0.6923076923076923,0.6923076923076923
complex_000193,0.6666666666666666,0.9230769230769231
complex_000193,0.7692307692307693,0.7692307692307693
complex_000193,0.4666666666666667,0.5384615384615384
complex_000193,0.3888888888888889,0.5384615384615384
complex_000193,0.6153846153846154,0.6153846153846154
complex_000193,0.5238095238095238,0.8461538461538461
complex_000193,0.7692307692307693,0.7692307692307693
complex_000193,0.35294117647058826,0.46153846153846156
complex_000193,0.2857142857142857,0.3076923076923077
complex_000193,0.6666666666666666,0.7692307692307693
complex_000193,0.5,0.6923076923076923
complex_000193,0.6666666666666666,0.7692307692307693
complex_000193,0.6428571428571429,0.6923076923076923
complex_000193,0.7692307692307693,0.7692307692307693
complex_000193,0.7142857142857143,0.7692307692307693
complex_000193,0.5294117647058824,0.6923076923076923
complex_000193,0.7142857142857143,0.7692307692307693
complex_000193,0.38461538461538464,0.38461538461538464
complex_000193,0.6923076923076923,0.6923076923076923
complex_000193,0.38461538461538464,0.38461538461538464
complex_000193,0.8461538461538461,0.8461538461538461
complex_000193,0.5,0.6153846153846154
complex_000223,0.3333333333333333,0.4444444444444444
complex_000223,0.5,0.5555555555555556
complex_000223,0.45454545454545453,0.5555555555555556
complex_000223,0.5833333333333334,0.7777777777777778
complex_000223,0.4444444444444444,0.4444444444444444
complex_000223,0.6,0.6666666666666666
complex_000223,0.5,0.5555555555555556
complex_000223,0.5555555555555556,0.5555555555555556
complex_000223,0.6,0.6666666666666666
complex_000223,0.7777777777777778,0.7777777777777778
complex_000223,0.5,0.5555555555555556
complex_000223,0.5,0.5555555555555556
complex_000223,0.5,0.6666666666666666
complex_000223,0.5555555555555556,0.5555555555555556
complex_000223,0.6,0.6666666666666666
complex_000223,0.5,0.5555555555555556
complex_000223,0.4,0.4444444444444444
complex_000223,0.7,0.7777777777777778
complex_000223,0.3333333333333333,0.3333333333333333
complex_000223,0.5555555555555556,0.5555555555555556
complex_000223,0.5555555555555556,0.5555555555555556
complex_000223,0.4444444444444444,0.4444444444444444
complex_000223,0.5454545454545454,0.6666666666666666
complex_000223,0.5555555555555556,0.5555555555555556
complex_000223,0.38461538461538464,0.5555555555555556
complex_000223,0.45454545454545453,0.5555555555555556
complex_000223,0.3333333333333333,0.3333333333333333
complex_000223,0.4166666666666667,0.5555555555555556
complex_000223,0.5555555555555556,0.5555555555555556
complex_000223,0.5555555555555556,0.5555555555555556
complex_000223,0.3333333333333333,0.3333333333333333
complex_000223,0.45454545454545453,0.5555555555555556
complex_000223,0.4,0.4444444444444444
complex_000223,0.5,0.5555555555555556
complex_000223,0.45454545454545453,0.5555555555555556
complex_000223,0.7777777777777778,0.7777777777777778
complex_000223,0.4444444444444444,0.4444444444444444
complex_000223,0.5555555555555556,0.5555555555555556
complex_000223,0.6,0.6666666666666666
complex_000223,0.6,0.6666666666666666
complex_000223,0.36363636363636365,0.4444444444444444
complex_000223,0.6,0.6666666666666666
complex_000223,0.7,0.7777777777777778
complex_000223,0.45454545454545453,0.5555555555555556
complex_000223,0.4166666666666667,0.5555555555555556
complex_000223,0.5,0.6666666666666666
complex_000223,0.6,0.6666666666666666
complex_000223,0.7,0.7777777777777778
complex_000223,0.3333333333333333,0.4444444444444444
complex_000223,0.3333333333333333,0.3333333333333333
complex_000223,0.45454545454545453,0.5555555555555556
complex_000223,0.46153846153846156,0.6666666666666666
complex_000223,0.5555555555555556,0.5555555555555556
complex_000223,0.5555555555555556,0.5555555555555556
complex_000223,0.45454545454545453,0.5555555555555556
complex_000223,0.6,0.6666666666666666
complex_000223,0.3333333333333333,0.3333333333333333
complex_000223,0.5,0.5555555555555556
complex_000223,0.4444444444444444,0.4444444444444444
complex_000223,0.3333333333333333,0.3333333333333333
complex_000223,0.5555555555555556,0.5555555555555556
complex_000223,0.4444444444444444,0.4444444444444444
complex_000223,0.4,0.4444444444444444
complex_000223,0.46153846153846156,0.6666666666666666
complex_000223,0.5555555555555556,0.5555555555555556
complex_000223,0.5454545454545454,0.6666666666666666
complex_000223,0.5555555555555556,0.5555555555555556
complex_000223,0.5,0.6666666666666666
complex_000223,0.4,0.4444444444444444
complex_000223,0.4444444444444444,0.4444444444444444
complex_000223,0.5555555555555556,0.5555555555555556
complex_000223,0.7,0.7777777777777778
complex_000223,0.5454545454545454,0.6666666666666666
complex_000223,0.4444444444444444,0.4444444444444444
complex_000223,0.5,0.6666666666666666
complex_000223,0.35714285714285715,0.5555555555555556
complex_000223,0.45454545454545453,0.5555555555555556
complex_000223,0.6666666666666666,0.8888888888888888
complex_000223,0.6666666666666666,0.6666666666666666
complex_000223,0.6666666666666666,0.6666666666666666
complex_000223,0.3333333333333333,0.4444444444444444
complex_000223,0.45454545454545453,0.5555555555555556
complex_000223,0.42857142857142855,0.6666666666666666
complex_000223,0.5555555555555556,0.5555555555555556
complex_000223,0.5555555555555556,0.5555555555555556
complex_000223,0.5555555555555556,0.5555555555555556
complex_000223,0.2222222222222222,0.2222222222222222
complex_000223,0.3333333333333333,0.3333333333333333
complex_000223,0.3125,0.5555555555555556
complex_000223,0.4444444444444444,0.4444444444444444
complex_000223,0.5,0.6666666666666666
complex_000223,0.5,0.5555555555555556
complex_000223,0.45454545454545453,0.5555555555555556
complex_000223,0.6666666666666666,0.6666666666666666
complex_000223,0.6,0.6666666666666666
complex_000223,0.5,0.6666666666666666
complex_000223,0.4444444444444444,0.4444444444444444
complex_000223,0.45454545454545453,0.5555555555555556
complex_000223,0.5,0.5555555555555556
complex_000223,0.5,0.5555555555555556
complex_000236,0.18181818181818182,0.18181818181818182
complex_000236,0.23076923076923078,0.2727272727272727
complex_000236,0.4166666666666667,0.45454545454545453
complex_000236,0.18181818181818182,0.18181818181818182
complex_000236,0.6363636363636364,0.6363636363636364
complex_000236,0.15384615384615385,0.18181818181818182
complex_000236,0.46153846153846156,0.5454545454545454
complex_000236,0.6153846153846154,0.7272727272727273
complex_000236,0.18181818181818182,0.18181818181818182
complex_000236,0.23076923076923078,0.2727272727272727
complex_000236,0.16666666666666666,0.18181818181818182
complex_000236,0.4,0.5454545454545454
complex_000236,0.18181818181818182,0.18181818181818182
complex_000236,0.3888888888888889,0.6363636363636364
complex_000236,0.18181818181818182,0.18181818181818182
complex_000236,0.5454545454545454,0.5454545454545454
complex_000236,0.3076923076923077,0.36363636363636365
complex_000236,0.21052631578947367,0.36363636363636365
complex_000236,0.5384615384615384,0.6363636363636364
complex_000236,0.4666666666666667,0.6363636363636364
complex_000236,0.4666666666666667,0.6363636363636364
complex_000236,0.4166666666666667,0.45454545454545453
complex_000236,0.23076923076923078,0.2727272727272727
complex_000236,0.4666666666666667,0.6363636363636364
complex_000236,0.21428571428571427,0.2727272727272727
complex_000236,0.25,0.2727272727272727
complex_000236,0.46153846153846156,0.5454545454545454
complex_000236,0.36363636363636365,0.36363636363636365
complex_000236,0.42857142857142855,0.5454545454545454
complex_000236,0.25,0.2727272727272727
complex_000236,0.35714285714285715,0.45454545454545453
complex_000236,0.2727272727272727,0.2727272727272727
complex_000236,0.3125,0.45454545454545453
complex_000236,0.36363636363636365,0.36363636363636365
complex_000236,0.2631578947368421,0.45454545454545453
complex_000236,0.6666666666666666,0.7272727272727273
complex_000236,0.45454545454545453,0.45454545454545453
complex_000236,0.23529411764705882,0.36363636363636365
complex_000236,0.375,0.5454545454545454
complex_000236,0.16666666666666666,0.18181818181818182
complex_000236,0.35714285714285715,0.45454545454545453
complex_000236,0.5454545454545454,0.5454545454545454
complex_000236,0.5,0.6363636363636364
complex_000236,0.4444444444444444,0.7272727272727273
complex_000236,0.36363636363636365,0.36363636363636365
complex_000236,0.38461538461538464,0.45454545454545453
complex_000236,0.16666666666666666,0.18181818181818182
complex_000236,0.5,0.6363636363636364
complex_000236,0.25,0.2727272727272727
complex_000236,0.45454545454545453,0.45454545454545453
complex_000236,0.23076923076923078,0.2727272727272727
complex_000236,0.35714285714285715,0.45454545454545453
complex_000236,0.2,0.2727272727272727
complex_000236,0.42857142857142855,0.5454545454545454
complex_000236,0.16666666666666666,0.18181818181818182
complex_000236,0.2727272727272727,0.2727272727272727
complex_000236,0.35714285714285715,0.45454545454545453
complex_000236,0.25,0.36363636363636365
complex_000236,0.2,0.2727272727272727
complex_000236,0.42857142857142855,0.5454545454545454
complex_000236,0.18181818181818182,0.18181818181818182
complex_000236,0.45454545454545453,0.45454545454545453
complex_000236,0.36363636363636365,0.36363636363636365
complex_000236,0.45454545454545453,0.45454545454545453
complex_000236,0.2222222222222222,0.36363636363636365
complex_000236,0.5625,0.8181818181818182
complex_000236,0.45454545454545453,0.45454545454545453
complex_000236,0.6363636363636364,0.6363636363636364
complex_000236,0.3076923076923077,0.36363636363636365
complex_000236,0.3333333333333333,0.36363636363636365
complex_000236,0.5384615384615384,0.6363636363636364
complex_000236,0.4117647058823529,0.6363636363636364
complex_000236,0.45454545454545453,0.45454545454545453
complex_000236,0.45454545454545453,0.45454545454545453
complex_000236,0.16666666666666666,0.18181818181818182
complex_000236,0.2727272727272727,0.2727272727272727
complex_000236,0.4166666666666667,0.45454545454545453
complex_000236,0.18181818181818182,0.18181818181818182
complex_000236,0.25,0.2727272727272727
complex_000236,0.3333333333333333,0.5454545454545454
complex_000236,0.21428571428571427,0.2727272727272727
complex_000236,0.3076923076923077,0.36363636363636365
complex_000236,0.5384615384615384,0.6363636363636364
complex_000236,0.3076923076923077,0.36363636363636365
complex_000236,0.36363636363636365,0.36363636363636365
complex_000236,0.26666666666666666,0.36363636363636365
complex_000236,0.5833333333333334,0.6363636363636364
complex_000236,0.18181818181818182,0.18181818181818182
complex_000236,0.23529411764705882,0.36363636363636365
complex_000236,0.5,0.5454545454545454
complex_000236,0.3125,0.45454545454545453
complex_000236,0.23076923076923078,0.2727272727272727
complex_000236,0.5714285714285714,0.7272727272727273
complex_000236,0.2857142857142857,0.36363636363636365
complex_000236,0.375,0.5454545454545454
complex_000236,0.2857142857142857,0.36363636363636365
complex_000236,0.4166666666666667,0.45454545454545453
complex_000236,0.38461538461538464,0.45454545454545453
complex_000236,0.46153846153846156,0.5454545454545454
complex_000236,0.4166666666666667,0.45454545454545453
complex_000266,0.35714285714285715,0.38461538461538464
complex_000266,0.35714285714285715,0.38461538461538464
complex_000266,0.5882352941176471,0.7692307692307693
complex_000266,0.42857142857142855,0.46153846153846156
complex_000266,0.47058823529411764,0.6153846153846154
complex_000266,0.375,0.46153846153846156
complex_000266,0.47058823529411764,0.6153846153846154
complex_000266,0.35714285714285715,0.38461538461538464
complex_000266,0.7333333333333333,0.8461538461538461
complex_000266,0.375,0.46153846153846156
complex_000266,0.35714285714285715,0.38461538461538464
complex_000266,0.35714285714285715,0.38461538461538464
complex_000266,0.5714285714285714,0.6153846153846154
complex_000266,0.4117647058823529,0.5384615384615384
complex_000266,0.42857142857142855,0.46153846153846156
complex_000266,0.5625,0.6923076923076923
complex_000266,0.2857142857142857,0.3076923076923077
complex_000266,0.47058823529411764,0.6153846153846154
complex_000266,0.42857142857142855,0.46153846153846156
complex_000266,0.35714285714285715,0.38461538461538464
complex_000266,0.38461538461538464,0.38461538461538464
complex_000266,0.47058823529411764,0.6153846153846154
complex_000266,0.2857142857142857,0.3076923076923077
complex_000266,0.35714285714285715,0.38461538461538464
complex_000266,0.5,0.5384615384615384
complex_000266,0.6153846153846154,0.6153846153846154
complex_000266,0.3125,0.38461538461538464
complex_000266,0.5625,0.6923076923076923
complex_000266,0.3125,0.38461538461538464
complex_000266,0.35294117647058826,0.46153846153846156
complex_000266,0.42857142857142855,0.46153846153846156
complex_000266,0.4375,0.5384615384615384
complex_000266,0.35294117647058826,0.46153846153846156
complex_000266,0.5,0.5384615384615384
complex_000266,0.4375,0.5384615384615384
complex_000266,0.35714285714285715,0.38461538461538464
complex_000266,0.6470588235294118,0.8461538461538461
complex_000266,0.5333333333333333,0.6153846153846154
complex_000266,0.5,0.6153846153846154
complex_000266,0.4,0.46153846153846156
complex_000266,0.4,0.46153846153846156
complex_000266,0.35714285714285715,0.38461538461538464
complex_000266,0.4666666666666667,0.5384615384615384
complex_000266,0.5882352941176471,0.7692307692307693
complex_000266,0.3076923076923077,0.3076923076923077
complex_000266,0.5333333333333333,0.6153846153846154
complex_000266,0.35714285714285715,0.38461538461538464
complex_000266,0.42857142857142855,0.46153846153846156
complex_000266,0.35714285714285715,0.38461538461538464
complex_000266,0.35714285714285715,0.38461538461538464
complex_000266,0.3333333333333333,0.38461538461538464
complex_000266,0.3333333333333333,0.38461538461538464
complex_000266,0.4666666666666667,0.5384615384615384
complex_000266,0.6875,0.8461538461538461
complex_000266,0.3333333333333333,0.38461538461538464
complex_000266,0.35714285714285715,0.38461538461538464
complex_000266,0.6,0.6923076923076923
complex_000266,0.42857142857142855,0.46153846153846156
complex_000266,0.4,0.46153846153846156
complex_000266,0.5714285714285714,0.6153846153846154
complex_000266,0.21428571428571427,0.23076923076923078
complex_000266,0.4,0.46153846153846156
complex_000266,0.375,0.46153846153846156
complex_000266,0.35714285714285715,0.38461538461538464
complex_000266,0.5333333333333333,0.6153846153846154
complex_000266,0.5,0.5384615384615384
complex_000266,0.4444444444444444,0.6153846153846154
complex_000266,0.35714285714285715,0.38461538461538464
complex_000266,0.375,0.46153846153846156
complex_000266,0.625,0.7692307692307693
complex_000266,0.375,0.46153846153846156
complex_000266,0.42857142857142855,0.46153846153846156
complex_000266,0.35714285714285715,0.38461538461538464
complex_000266,0.5384615384615384,0.5384615384615384
complex_000266,0.5,0.6153846153846154
complex_000266,0.4444444444444444,0.6153846153846154
complex_000266,0.5,0.5384615384615384
complex_000266,0.4117647058823529,0.5384615384615384
complex_000266,0.5,0.6153846153846154
complex_000266,0.2857142857142857,0.3076923076923077
complex_000266,0.2857142857142857,0.3076923076923077
complex_000266,0.4666666666666667,0.5384615384615384
complex_000266,0.5333333333333333,0.6153846153846154
complex_000266,0.4375,0.5384615384615384
complex_000266,0.5,0.6153846153846154
complex_000266,0.42857142857142855,0.46153846153846156
complex_000266,0.4666666666666667,0.5384615384615384
complex_000266,0.4666666666666667,0.5384615384615384
complex_000266,0.35294117647058826,0.46153846153846156
complex_000266,0.375,0.46153846153846156
complex_000266,0.35714285714285715,0.38461538461538464
complex_000266,0.35294117647058826,0.46153846153846156
complex_000266,0.42857142857142855,0.6923076923076923
complex_000266,0.2857142857142857,0.46153846153846156
complex_000266,0.4,0.46153846153846156
complex_000266,0.5,0.6153846153846154
complex_000266,0.3888888888888889,0.5384615384615384
complex_000266,0.35714285714285715,0.38461538461538464
complex_000266,0.2857142857142857,0.3076923076923077
complex_000266,0.3333333333333333,0.46153846153846156
complex_000269,0.5625,0.8181818181818182
complex_000269,0.625,0.9090909090909091
complex_000269,0.4,0.9090909090909091
complex_000269,1.0,1.0
complex_000269,0.6428571428571429,0.8181818181818182
complex_000269,0.6111111111111112,1.0
complex_000269,0.8333333333333334,0.9090909090909091
complex_000269,0.6923076923076923,0.8181818181818182
complex_000269,0.7333333333333333,1.0
complex_000269,0.7333333333333333,1.0
complex_000269,0.6111111111111112,1.0
complex_000269,0.5625,0.8181818181818182
complex_000269,0.7692307692307693,0.9090909090909091
complex_000269,0.8333333333333334,0.9090909090909091
complex_000269,0.6875,1.0
complex_000269,0.9090909090909091,0.9090909090909091
complex_000269,0.4782608695652174,1.0
complex_000269,0.5789473684210527,1.0
complex_000269,0.6666666666666666,0.9090909090909091
complex_000269,0.5882352941176471,0.9090909090909091
complex_000269,0.375,0.8181818181818182
complex_000269,0.6,0.8181818181818182
complex_000269,0.55,1.0
complex_000269,0.75,0.8181818181818182
complex_000269,0.5789473684210527,1.0
complex_000269,0.8461538461538461,1.0
complex_000269,0.75,0.8181818181818182
complex_000269,0.5625,0.8181818181818182
complex_000269,0.5294117647058824,0.8181818181818182
complex_000269,0.625,0.9090909090909091
complex_000269,0.5555555555555556,0.9090909090909091
complex_000269,0.9166666666666666,1.0
complex_000269,0.5789473684210527,1.0
complex_000269,0.7142857142857143,0.9090909090909091
complex_000269,0.7272727272727273,0.7272727272727273
complex_000269,0.9090909090909091,0.9090909090909091
complex_000269,0.6666666666666666,0.9090909090909091
complex_000269,0.6111111111111112,1.0
complex_000269,0.8461538461538461,1.0
complex_000269,0.5,0.8181818181818182
complex_000269,0.6923076923076923,0.8181818181818182
complex_000269,0.7333333333333333,1.0
complex_000269,0.6111111111111112,1.0
complex_000269,0.5833333333333334,0.6363636363636364
complex_000269,0.625,0.9090909090909091
complex_000269,0.55,1.0
complex_000269,0.7333333333333333,1.0
complex_000269,0.7857142857142857,1.0
complex_000269,0.5333333333333333,0.7272727272727273
complex_000269,0.7692307692307693,0.9090909090909091
complex_000269,0.7333333333333333,1.0
complex_000269,0.7857142857142857,1.0
complex_000269,0.6875,1.0
complex_000269,0.5625,0.8181818181818182
complex_000269,0.45454545454545453,0.9090909090909091
complex_000269,0.6,0.8181818181818182
complex_000269,0.5384615384615384,0.6363636363636364
complex_000269,0.7333333333333333,1.0
complex_000269,0.7857142857142857,1.0
complex_000269,0.6875,1.0
complex_000269,0.8333333333333334,0.9090909090909091
complex_000269,0.6111111111111112,1.0
complex_000269,0.6875,1.0
complex_000269,0.55,1.0
complex_000269,0.7333333333333333,1.0
complex_000269,0.625,0.9090909090909091
complex_000269,0.5555555555555556,0.9090909090909091
complex_000269,0.6111111111111112,1.0
complex_000269,0.625,0.9090909090909091
complex_000269,0.7272727272727273,0.7272727272727273
complex_000269,0.625,0.9090909090909091
complex_000269,0.75,0.8181818181818182
complex_000269,0.5625,0.8181818181818182
complex_000269,0.6875,1.0
complex_000269,0.6875,1.0
complex_000269,0.7142857142857143,0.9090909090909091
complex_000269,0.5,0.7272727272727273
complex_000269,0.5833333333333334,0.6363636363636364
complex_000269,0.7142857142857143,0.9090909090909091
complex_000269,0.7272727272727273,0.7272727272727273
complex_000269,0.6470588235294118,1.0
complex_000269,0.5238095238095238,1.0
complex_000269,0.6428571428571429,0.8181818181818182
complex_000269,0.8333333333333334,0.9090909090909091
complex_000269,0.8461538461538461,1.0
complex_000269,0.5294117647058824,0.8181818181818182
complex_000269,0.45454545454545453,0.9090909090909091
complex_000269,0.43478260869565216,0.9090909090909091
complex_000269,0.8181818181818182,0.8181818181818182
complex_000269,0.7333333333333333,1.0
complex_000269,0.4782608695652174,1.0
complex_000269,0.6,0.8181818181818182
complex_000269,0.5882352941176471,0.9090909090909091
complex_000269,0.5555555555555556,0.9090909090909091
complex_000269,0.6875,1.0
complex_000269,0.6111111111111112,1.0
complex_000269,0.6923076923076923,0.8181818181818182
complex_000269,0.5555555555555556,0.9090909090909091
complex_000269,0.5625,0.8181818181818182
complex_000269,0.5238095238095238,1.0
complex_000292,0.375,0.375
complex_000292,0.25,0.25
complex_000292,0.625,0.625
complex_000292,0.3,0.375
complex_000292,0.375,0.375
complex_000292,0.625,0.625
complex_000292,0.3333333333333333,0.375
complex_000292,0.375,0.375
complex_000292,0.3333333333333333,0.375
complex_000292,0.4444444444444444,0.5
complex_000292,0.5,0.5
complex_000292,0.4,0.5
complex_000292,0.4444444444444444,0.5
complex_000292,0.38461538461538464,0.625
complex_000292,0.625,0.625
complex_000292,0.3,0.375
complex_000292,0.3333333333333333,0.375
complex_000292,0.2,0.25
complex_000292,0.4444444444444444,0.5
complex_000292,0.25,0.25
complex_000292,0.375,0.375
complex_000292,0.2,0.25
complex_000292,0.3333333333333333,0.375
complex_000292,0.3,0.375
complex_000292,0.375,0.375
complex_000292,0.2,0.25
complex_000292,0.5,0.5
complex_000292,0.375,0.375
complex_000292,0.125,0.125
complex_000292,0.2222222222222222,0.25
complex_000292,0.375,0.375
complex_000292,0.25,0.25
complex_000292,0.2222222222222222,0.25
complex_000292,0.38461538461538464,0.625
complex_000292,0.5,0.5
complex_000292,0.3333333333333333,0.375
complex_000292,0.5,0.625
complex_000292,0.4444444444444444,0.5
complex_000292,0.4,0.5
complex_000292,0.25,0.25
complex_000292,0.45454545454545453,0.625
complex_000292,0.3333333333333333,0.375
complex_000292,0.5,0.5
complex_000292,0.4444444444444444,0.5
complex_000292,0.3333333333333333,0.375
complex_000292,0.2727272727272727,0.375
complex_000292,0.625,0.625
complex_000292,0.25,0.25
complex_000292,0.5,0.625
complex_000292,0.375,0.375
complex_000292,0.2222222222222222,0.25
complex_000292,0.2727272727272727,0.375
complex_000292,0.2222222222222222,0.25
complex_000292,0.125,0.125
complex_000292,0.36363636363636365,0.5
complex_000292,0.5555555555555556,0.625
complex_000292,0.4444444444444444,0.5
complex_000292,0.25,0.25
complex_000292,0.25,0.25
complex_000292,0.25,0.25
complex_000292,0.5555555555555556,0.625
complex_000292,0.25,0.25
complex_000292,0.125,0.125
complex_000292,0.5555555555555556,0.625
complex_000292,0.3333333333333333,0.375
complex_000292,0.375,0.375
complex_000292,0.375,0.375
complex_000292,0.375,0.375
complex_000292,0.5555555555555556,0.625
complex_000292,0.36363636363636365,0.5
complex_000292,0.5,0.5
complex_000292,0.5,0.5
complex_000292,0.18181818181818182,0.25
complex_000292,0.2727272727272727,0.375
complex_000292,0.125,0.125
complex_000292,0.3333333333333333,0.375
complex_000292,0.5,0.625
complex_000292,0.5,0.5
complex_000292,0.625,0.625
complex_000292,0.4444444444444444,0.5
complex_000292,0.2222222222222222,0.25
complex_000292,0.125,0.125
complex_000292,0.125,0.125
complex_000292,0.125,0.125
complex_000292,0.4444444444444444,0.5
complex_000292,0.36363636363636365,0.5
complex_000292,0.625,0.625
complex_000292,0.25,0.25
complex_000292,0.25,0.25
complex_000292,0.5,0.5
complex_000292,0.4444444444444444,0.5
complex_000292,0.4444444444444444,0.5
complex_000292,0.375,0.375
complex_000292,0.25,0.25
complex_000292,0.3333333333333333,0.375
complex_000292,0.5,0.5
complex_000292,0.25,0.25
complex_000292,0.3,0.375
complex_000292,0.3333333333333333,0.5
complex_000292,0.3,0.375
complex_000305,0.4375,0.5833333333333334
complex_000305,0.5333333333333333,0.6666666666666666
complex_000305,0.38461538461538464,0.4166666666666667
complex_000305,0.5294117647058824,0.75
complex_000305,0.5833333333333334,0.5833333333333334
complex_000305,0.6923076923076923,0.75
complex_000305,0.5,0.5833333333333334
complex_000305,0.35714285714285715,0.4166666666666667
complex_000305,0.6,0.75
complex_000305,0.34782608695652173,0.6666666666666666
complex_000305,0.42857142857142855,0.75
complex_000305,0.4375,0.5833333333333334
complex_000305,0.6923076923076923,0.75
complex_000305,0.6923076923076923,0.75
complex_000305,0.3684210526315789,0.5833333333333334
complex_000305,0.4444444444444444,0.6666666666666666
complex_000305,0.5625,0.75
complex_000305,0.5714285714285714,0.6666666666666666
complex_000305,0.47368421052631576,0.75
complex_000305,0.23809523809523808,0.4166666666666667
complex_000305,0.5,0.5
complex_000305,0.6153846153846154,0.6666666666666666
complex_000305,0.32,0.6666666666666666
complex_000305,0.46153846153846156,0.5
complex_000305,0.47058823529411764,0.6666666666666666
complex_000305,0.45,0.75
complex_000305,0.47058823529411764,0.6666666666666666
complex_000305,0.5294117647058824,0.75
complex_000305,0.47368421052631576,0.75
complex_000305,0.38461538461538464,0.4166666666666667
complex_000305,0.3333333333333333,0.6666666666666666
complex_000305,0.6875,0.9166666666666666
complex_000305,0.5,0.6666666666666666
complex_000305,0.5,0.5
complex_000305,0.46153846153846156,0.5
complex_000305,0.47058823529411764,0.6666666666666666
complex_000305,0.5,0.75
complex_000305,0.3333333333333333,0.5833333333333334
complex_000305,0.5384615384615384,0.5833333333333334
complex_000305,0.5,0.6666666666666666
complex_000305,0.3181818181818182,0.5833333333333334
complex_000305,0.43478260869565216,0.8333333333333334
complex_000305,0.5625,0.75
complex_000305,0.6666666666666666,0.8333333333333334
complex_000305,0.46153846153846156,0.5
complex_000305,0.5333333333333333,0.6666666666666666
complex_000305,0.5833333333333334,0.5833333333333334
complex_000305,0.5,0.5833333333333334
complex_000305,0.38461538461538464,0.4166666666666667
complex_000305,0.5333333333333333,0.6666666666666666
complex_000305,0.55,0.9166666666666666
complex_000305,0.5714285714285714,0.6666666666666666
complex_000305,0.625,0.8333333333333334
complex_000305,0.5333333333333333,0.6666666666666666
complex_000305,0.4166666666666667,0.4166666666666667
complex_000305,0.4666666666666667,0.5833333333333334
complex_000305,0.4117647058823529,0.5833333333333334
complex_000305,0.4444444444444444,0.6666666666666666
complex_000305,0.4375,0.5833333333333334
complex_000305,0.3333333333333333,0.3333333333333333
complex_000305,0.4666666666666667,0.5833333333333334
complex_000305,0.45454545454545453,0.8333333333333334
complex_000305,0.42857142857142855,0.5
complex_000305,0.35714285714285715,0.4166666666666667
complex_000305,0.5833333333333334,0.5833333333333334
complex_000305,0.5384615384615384,0.5833333333333334
complex_000305,0.5333333333333333,0.6666666666666666
complex_000305,0.4166666666666667,0.4166666666666667
complex_000305,0.46153846153846156,0.5
complex_000305,0.4,0.6666666666666666
complex_000305,0.4090909090909091,0.75
complex_000305,0.5333333333333333,0.6666666666666666
complex_000305,0.5833333333333334,0.5833333333333334
complex_000305,0.6,0.75
complex_000305,0.4117647058823529,0.5833333333333334
complex_000305,0.6428571428571429,0.75
complex_000305,0.5,0.6666666666666666
complex_000305,0.42105263157894735,0.6666666666666666
complex_000305,0.5,0.5833333333333334
complex_000305,0.3684210526315789,0.5833333333333334
complex_000305,0.8461538461538461,0.9166666666666666
complex_000305,0.5384615384615384,0.5833333333333334
complex_000305,0.6,0.75
complex_000305,0.375,0.5
complex_000305,0.4666666666666667,0.5833333333333334
complex_000305,0.5,0.5833333333333334
complex_000305,0.6666666666666666,0.8333333333333334
complex_000305,0.36363636363636365,0.6666666666666666
complex_000305,0.6,0.75
complex_000305,0.42857142857142855,0.5
complex_000305,0.38461538461538464,0.4166666666666667
complex_000305,0.625,0.8333333333333334
complex_000305,0.5,0.8333333333333334
complex_000305,0.5384615384615384,0.5833333333333334
complex_000305,0.5263157894736842,0.8333333333333334
complex_000305,0.4117647058823529,0.5833333333333334
complex_000305,0.4117647058823529,0.5833333333333334
complex_000305,0.5882352941176471,0.8333333333333334
complex_000305,0.375,0.5
complex_000305,0.625,0.8333333333333334
complex_000335,0.7777777777777778,0.7777777777777778
complex_000335,0.8,0.8888888888888888
complex_000335,0.7777777777777778,0.7777777777777778
complex_000335,0.4444444444444444,0.4444444444444444
complex_000335,0.2222222222222222,0.2222222222222222
complex_000335,0.5,0.5555555555555556
complex_000335,0.5555555555555556,0.5555555555555556
complex_000335,0.7777777777777778,0.7777777777777778
complex_000335,0.3333333333333333,0.3333333333333333
complex_000335,0.2222222222222222,0.2222222222222222
complex_000335,0.7777777777777778,0.7777777777777778
complex_000335,0.7777777777777778,0.7777777777777778
complex_000335,0.5454545454545454,0.6666666666666666
complex_000335,0.4444444444444444,0.4444444444444444
complex_000335,0.4444444444444444,0.4444444444444444
complex_000335,0.5,0.5555555555555556
complex_000335,0.6,0.6666666666666666
complex_000335,0.8,0.8888888888888888
complex_000335,0.7777777777777778,0.7777777777777778
complex_000335,0.5555555555555556,0.5555555555555556
complex_000335,0.6,0.6666666666666666
complex_000335,0.4444444444444444,0.4444444444444444
complex_000335,0.6666666666666666,0.6666666666666666
complex_000335,0.3333333333333333,0.3333333333333333
complex_000335,0.3333333333333333,0.3333333333333333
complex_000335,0.6666666666666666,0.8888888888888888
complex_000335,0.4444444444444444,0.4444444444444444
complex_000335,0.5555555555555556,0.5555555555555556
complex_000335,0.7,0.7777777777777778
complex_000335,0.5555555555555556,0.5555555555555556
complex_000335,0.7777777777777778,0.7777777777777778
complex_000335,0.4,0.4444444444444444
complex_000335,0.8888888888888888,0.8888888888888888
complex_000335,0.4166666666666667,0.5555555555555556
complex_000335,0.6,0.6666666666666666
complex_000335,0.7777777777777778,0.7777777777777778
complex_000335,0.7777777777777778,0.7777777777777778
complex_000335,0.7777777777777778,0.7777777777777778
complex_000335,0.3333333333333333,0.3333333333333333
complex_000335,0.7,0.7777777777777778
complex_000335,0.4444444444444444,0.4444444444444444
complex_000335,0.6666666666666666,0.6666666666666666
complex_000335,0.4444444444444444,0.4444444444444444
complex_000335,0.4444444444444444,0.4444444444444444
complex_000335,0.5555555555555556,0.5555555555555556
complex_000335,0.7272727272727273,0.8888888888888888
complex_000335,0.8888888888888888,0.8888888888888888
complex_000335,0.5454545454545454,0.6666666666666666
complex_000335,0.7777777777777778,0.7777777777777778
complex_000335,0.5555555555555556,0.5555555555555556
complex_000335,0.2222222222222222,0.2222222222222222
complex_000335,0.6,0.6666666666666666
complex_000335,0.5555555555555556,0.5555555555555556
complex_000335,0.5555555555555556,0.5555555555555556
complex_000335,0.6666666666666666,0.8888888888888888
complex_000335,0.5555555555555556,0.5555555555555556
complex_000335,0.6,0.6666666666666666
complex_000335,0.2222222222222222,0.2222222222222222
complex_000335,0.5555555555555556,0.5555555555555556
complex_000335,0.5555555555555556,0.5555555555555556
complex_000335,0.4444444444444444,0.4444444444444444
complex_000335,0.5555555555555556,0.5555555555555556
complex_000335,0.7777777777777778,0.7777777777777778
complex_000335,0.6666666666666666,0.6666666666666666
complex_000335,0.6363636363636364,0.7777777777777778
complex_000335,0.5454545454545454,0.6666666666666666
complex_000335,0.6666666666666666,0.6666666666666666
complex_000335,0.6666666666666666,0.6666666666666666
complex_000335,0.6666666666666666,0.6666666666666666
complex_000335,0.6666666666666666,0.6666666666666666
complex_000335,0.5,0.5555555555555556
complex_000335,0.5555555555555556,0.5555555555555556
complex_000335,0.6,0.6666666666666666
complex_000335,0.7777777777777778,0.7777777777777778
complex_000335,0.7777777777777778,0.7777777777777778
complex_000335,0.5,0.5555555555555556
complex_000335,0.5555555555555556,0.5555555555555556
complex_000335,0.5454545454545454,0.6666666666666666
complex_000335,0.45454545454545453,0.5555555555555556
complex_000335,0.4,0.4444444444444444
complex_000335,0.7777777777777778,0.7777777777777778
complex_000335,0.7,0.7777777777777778
complex_000335,0.5454545454545454,0.6666666666666666
complex_000335,0.5,0.5555555555555556
complex_000335,0.7,0.7777777777777778
complex_000335,0.6666666666666666,0.6666666666666666
complex_000335,0.3333333333333333,0.3333333333333333
complex_000335,0.6666666666666666,0.6666666666666666
complex_000335,0.7,0.7777777777777778
complex_000335,0.5555555555555556,0.5555555555555556
complex_000335,0.6666666666666666,0.6666666666666666
complex_000335,0.3333333333333333,0.3333333333333333
complex_000335,0.6666666666666666,0.6666666666666666
complex_000335,0.4444444444444444,0.4444444444444444
complex_000335,0.6666666666666666,0.6666666666666666
complex_000335,0.3333333333333333,0.3333333333333333
complex_000335,0.8888888888888888,0.8888888888888888
complex_000335,0.4444444444444444,0.4444444444444444
complex_000335,0.6666666666666666,0.6666666666666666
complex_000335,0.6666666666666666,0.6666666666666666
complex_000363,0.6428571428571429,0.6428571428571429
complex_000363,0.5,0.5
complex_000363,0.4583333333333333,0.7857142857142857
complex_000363,0.47058823529411764,0.5714285714285714
complex_000363,0.6428571428571429,0.6428571428571429
complex_000363,0.5714285714285714,0.5714285714285714
complex_000363,0.45454545454545453,0.7142857142857143
complex_000363,0.5714285714285714,0.5714285714285714
complex_000363,0.4166666666666667,0.7142857142857143
complex_000363,0.8571428571428571,0.8571428571428571
complex_000363,0.42857142857142855,0.6428571428571429
complex_000363,0.6666666666666666,0.8571428571428571
complex_000363,0.5714285714285714,0.5714285714285714
complex_000363,0.6428571428571429,0.6428571428571429
complex_000363,0.47368421052631576,0.6428571428571429
complex_000363,0.5,0.5
complex_000363,0.5,0.7857142857142857
complex_000363,0.7142857142857143,0.7142857142857143
complex_000363,0.6875,0.7857142857142857
complex_000363,0.45454545454545453,0.7142857142857143
complex_000363,0.5,0.5
complex_000363,0.4,0.42857142857142855
complex_000363,0.5,0.5
complex_000363,0.47368421052631576,0.6428571428571429
complex_000363,0.5,0.6428571428571429
complex_000363,0.5238095238095238,0.7857142857142857
complex_000363,0.6666666666666666,0.7142857142857143
complex_000363,0.5789473684210527,0.7857142857142857
complex_000363,0.75,0.8571428571428571
complex_000363,0.5882352941176471,0.7142857142857143
complex_000363,0.42857142857142855,0.42857142857142855
complex_000363,0.5714285714285714,0.5714285714285714
complex_000363,0.391304347826087,0.6428571428571429
complex_000363,0.8571428571428571,0.8571428571428571
complex_000363,0.7857142857142857,0.7857142857142857
complex_000363,0.5882352941176471,0.7142857142857143
complex_000363,0.5625,0.6428571428571429
complex_000363,0.5882352941176471,0.7142857142857143
complex_000363,0.5714285714285714,0.5714285714285714
complex_000363,0.5714285714285714,0.5714285714285714
complex_000363,0.625,0.7142857142857143
complex_000363,0.6,0.8571428571428571
complex_000363,0.5714285714285714,0.5714285714285714
complex_000363,0.5238095238095238,0.7857142857142857
complex_000363,0.5333333333333333,0.5714285714285714
complex_000363,0.7222222222222222,0.9285714285714286
complex_000363,0.5,0.6428571428571429
complex_000363,0.6,0.6428571428571429
complex_000363,0.5333333333333333,0.5714285714285714
complex_000363,0.6666666666666666,0.8571428571428571
complex_000363,0.5333333333333333,0.5714285714285714
complex_000363,0.42857142857142855,0.6428571428571429
complex_000363,0.44,0.7857142857142857
complex_000363,0.42105263157894735,0.5714285714285714
complex_000363,0.6666666666666666,0.7142857142857143
complex_000363,0.42105263157894735,0.5714285714285714
complex_000363,0.6666666666666666,0.7142857142857143
complex_000363,0.5714285714285714,0.5714285714285714
complex_000363,0.55,0.7857142857142857
complex_000363,0.6428571428571429,0.6428571428571429
complex_000363,0.5294117647058824,0.6428571428571429
complex_000363,0.47058823529411764,0.5714285714285714
complex_000363,0.5,0.5
complex_000363,0.5333333333333333,0.5714285714285714
complex_000363,0.6111111111111112,0.7857142857142857
complex_000363,0.5,0.6428571428571429
complex_000363,0.45454545454545453,0.7142857142857143
complex_000363,0.5714285714285714,0.8571428571428571
complex_000363,0.5294117647058824,0.6428571428571429
complex_000363,0.5294117647058824,0.6428571428571429
complex_000363,0.5333333333333333,0.5714285714285714
complex_000363,0.5714285714285714,0.5714285714285714
complex_000363,0.6428571428571429,0.6428571428571429
complex_000363,0.7333333333333333,0.7857142857142857
complex_000363,0.5,0.7142857142857143
complex_000363,0.7142857142857143,0.7142857142857143
complex_000363,0.4782608695652174,0.7857142857142857
complex_000363,0.36,0.6428571428571429
complex_000363,0.5263157894736842,0.7142857142857143
complex_000363,0.5,0.7142857142857143
complex_000363,0.32,0.5714285714285714
complex_000363,0.5,0.7857142857142857
complex_000363,0.5714285714285714,0.5714285714285714
complex_000363,0.7333333333333333,0.7857142857142857
complex_000363,0.5,0.5
complex_000363,0.5714285714285714,0.5714285714285714
complex_000363,0.5,0.6428571428571429
complex_000363,0.5714285714285714,0.5714285714285714
complex_000363,0.5714285714285714,0.5714285714285714
complex_000363,0.4666666666666667,0.5
complex_000363,0.6875,0.7857142857142857
complex_000363,0.5333333333333333,0.5714285714285714
complex_000363,0.5882352941176471,0.7142857142857143
complex_000363,0.6666666666666666,0.8571428571428571
complex_000363,0.5,0.7142857142857143
complex_000363,0.5294117647058824,0.6428571428571429
complex_000363,0.5,0.6428571428571429
complex_000363,0.42857142857142855,0.6428571428571429
complex_000363,0.6428571428571429,0.6428571428571429
complex_000363,0.5,0.5
complex_000374,0.3,0.3
complex_000374,0.38095238095238093,0.4
complex_000374,0.38095238095238093,0.4
complex_000374,0.38095238095238093,0.4
complex_000374,0.25,0.25
complex_000374,0.3076923076923077,0.4
complex_000374,0.44,0.55
complex_000374,0.15,0.15
complex_000374,0.5454545454545454,0.6
complex_000374,0.3181818181818182,0.35
complex_000374,0.38095238095238093,0.4
complex_000374,0.2,0.2
complex_000374,0.34782608695652173,0.4
complex_000374,0.4782608695652174,0.55
complex_000374,0.2857142857142857,0.3
complex_000374,0.38095238095238093,0.4
complex_000374,0.3333333333333333,0.35
complex_000374,0.3181818181818182,0.35
complex_000374,0.5,0.5
complex_000374,0.5,0.6
complex_000374,0.5217391304347826,0.6
complex_000374,0.45454545454545453,0.5
complex_000374,0.3333333333333333,0.4
complex_000374,0.45,0.45
complex_000374,0.4,0.4
complex_000374,0.38461538461538464,0.5
complex_000374,0.3,0.3
complex_000374,0.4,0.4
complex_000374,0.25,0.25
complex_000374,0.23809523809523808,0.25
complex_000374,0.2,0.2
complex_000374,0.5217391304347826,0.6
complex_000374,0.4,0.4
complex_000374,0.3333333333333333,0.45
complex_000374,0.391304347826087,0.45
complex_000374,0.42857142857142855,0.45
complex_000374,0.5238095238095238,0.55
complex_000374,0.4090909090909091,0.45
complex_000374,0.5454545454545454,0.6
complex_000374,0.3,0.3
complex_000374,0.43478260869565216,0.5
complex_000374,0.36,0.45
complex_000374,0.2857142857142857,0.3
complex_000374,0.43478260869565216,0.5
complex_000374,0.2857142857142857,0.4
complex_000374,0.42857142857142855,0.45
complex_000374,0.4,0.4
complex_000374,0.3,0.3
complex_000374,0.38095238095238093,0.4
complex_000374,0.5,0.55
complex_000374,0.3,0.3
complex_000374,0.391304347826087,0.45
complex_000374,0.5,0.55
complex_000374,0.5652173913043478,0.65
complex_000374,0.3333333333333333,0.45
complex_000374,0.42857142857142855,0.45
complex_000374,0.4,0.4
complex_000374,0.2727272727272727,0.3
complex_000374,0.5416666666666666,0.65
complex_000374,0.38095238095238093,0.4
complex_000374,0.32,0.4
complex_000374,0.47619047619047616,0.5
complex_000374,0.43478260869565216,0.5
complex_000374,0.25,0.25
complex_000374,0.25925925925925924,0.35
complex_000374,0.34782608695652173,0.4
complex_000374,0.42857142857142855,0.45
complex_000374,0.2,0.2
complex_000374,0.375,0.45
complex_000374,0.38095238095238093,0.4
complex_000374,0.4166666666666667,0.5
complex_000374,0.3333333333333333,0.35
complex_000374,0.3103448275862069,0.45
complex_000374,0.45454545454545453,0.5
complex_000374,0.34782608695652173,0.4
complex_000374,0.391304347826087,0.45
complex_000374,0.32,0.4
complex_000374,0.34782608695652173,0.4
complex_000374,0.42857142857142855,0.45
complex_000374,0.35,0.35
complex_000374,0.4782608695652174,0.55
complex_000374,0.25,0.25
complex_000374,0.52,0.65
complex_000374,0.45454545454545453,0.5
complex_000374,0.4090909090909091,0.45
complex_000374,0.55,0.55
complex_000374,0.4166666666666667,0.5
complex_000374,0.3,0.3
complex_000374,0.3333333333333333,0.35
complex_000374,0.5652173913043478,0.65
complex_000374,0.45,0.45
complex_000374,0.52,0.65
complex_000374,0.3181818181818182,0.35
complex_000374,0.3,0.3
complex_000374,0.6818181818181818,0.75
complex_000374,0.4583333333333333,0.55
complex_000374,0.3,0.3
complex_000374,0.5238095238095238,0.55
complex_000374,0.23809523809523808,0.25
complex_000374,0.3,0.3
complex_000376,0.8181818181818182,0.9
complex_000376,0.5,0.7
complex_000376,0.2727272727272727,0.3
complex_000376,0.6363636363636364,0.7
complex_000376,0.6428571428571429,0.9
complex_000376,0.8181818181818182,0.9
complex_000376,0.6,0.6
complex_000376,0.9090909090909091,1.0
complex_000376,0.5,0.5
complex_000376,0.45454545454545453,0.5
complex_000376,0.8181818181818182,0.9
complex_000376,0.3,0.3
complex_000376,0.4666666666666667,0.7
complex_000376,0.5333333333333333,0.8
complex_000376,0.7,0.7
complex_000376,0.7,0.7
complex_000376,0.5833333333333334,0.7
complex_000376,0.75,0.9
complex_000376,0.2222222222222222,0.4
complex_000376,0.5,0.6
complex_000376,1.0,1.0
complex_000376,0.5384615384615384,0.7
complex_000376,0.75,0.9
complex_000376,0.5714285714285714,0.8
complex_000376,0.5333333333333333,0.8
complex_000376,0.4,0.6
complex_000376,0.4,0.4
complex_000376,0.29411764705882354,0.5
complex_000376,0.75,0.9
complex_000376,0.6,0.9
complex_000376,0.625,1.0
complex_000376,0.7,0.7
complex_000376,0.75,0.9
complex_000376,0.6363636363636364,0.7
complex_000376,0.6363636363636364,0.7
complex_000376,0.35,0.7
complex_000376,0.5714285714285714,0.8
complex_000376,0.7,0.7
complex_000376,0.6666666666666666,0.8
complex_000376,0.45454545454545453,0.5
complex_000376,0.47058823529411764,0.8
complex_000376,0.6,0.6
complex_000376,0.5333333333333333,0.8
complex_000376,0.46153846153846156,0.6
complex_000376,0.6363636363636364,0.7
complex_000376,0.5384615384615384,0.7
complex_000376,0.6428571428571429,0.9
complex_000376,0.6153846153846154,0.8
complex_000376,0.5454545454545454,0.6
complex_000376,0.5833333333333334,0.7
complex_000376,0.6,0.9
complex_000376,0.5,0.5
complex_000376,0.4666666666666667,0.7
complex_000376,0.5714285714285714,0.8
complex_000376,0.6,0.9
complex_000376,0.7272727272727273,0.8
complex_000376,0.5454545454545454,0.6
complex_000376,0.7142857142857143,1.0
complex_000376,0.6153846153846154,0.8
complex_000376,0.8181818181818182,0.9
complex_000376,0.6923076923076923,0.9
complex_000376,0.6,0.6
complex_000376,0.46153846153846156,0.6
complex_000376,0.9,0.9
complex_000376,0.5454545454545454,0.6
complex_000376,0.45454545454545453,0.5
complex_000376,0.5,0.6
complex_000376,0.3,0.3
complex_000376,0.7272727272727273,0.8
complex_000376,0.6153846153846154,0.8
complex_000376,0.5294117647058824,0.9
complex_000376,0.8333333333333334,1.0
complex_000376,0.6153846153846154,0.8
complex_000376,0.8181818181818182,0.9
complex_000376,0.5294117647058824,0.9
complex_000376,0.5,0.8
complex_000376,0.8181818181818182,0.9
complex_000376,0.8181818181818182,0.9
complex_000376,0.45454545454545453,0.5
complex_000376,0.6363636363636364,0.7
complex_000376,0.5384615384615384,0.7
complex_000376,1.0,1.0
complex_000376,0.2857142857142857,0.4
complex_000376,0.4166666666666667,0.5
complex_000376,0.6428571428571429,0.9
complex_000376,0.5294117647058824,0.9
complex_000376,0.7692307692307693,1.0
complex_000376,0.625,1.0
complex_000376,0.7142857142857143,1.0
complex_000376,0.6153846153846154,0.8
complex_000376,0.6923076923076923,0.9
complex_000376,0.6428571428571429,0.9
complex_000376,0.7272727272727273,0.8
complex_000376,0.6,0.9
complex_000376,0.5333333333333333,0.8
complex_000376,0.46153846153846156,0.6
complex_000376,0.6923076923076923,0.9
complex_000376,0.6428571428571429,0.9
complex_000376,0.75,0.9
complex_000376,0.75,0.9
complex_000382,0.5,0.5333333333333333
complex_000382,0.3888888888888889,0.4666666666666667
complex_000382,0.5,0.6
complex_000382,0.5,0.5333333333333333
complex_000382,0.8125,0.8666666666666667
complex_000382,0.38095238095238093,0.5333333333333333
complex_000382,0.4444444444444444,0.5333333333333333
complex_000382,0.5,0.5333333333333333
complex_000382,0.3125,0.3333333333333333
complex_000382,0.4375,0.4666666666666667
complex_000382,0.4666666666666667,0.4666666666666667
complex_000382,0.375,0.4
complex_000382,0.5625,0.6
complex_000382,0.3333333333333333,0.3333333333333333
complex_000382,0.6875,0.7333333333333333
complex_000382,0.5294117647058824,0.6
complex_000382,0.3888888888888889,0.4666666666666667
complex_000382,0.26666666666666666,0.26666666666666666
complex_000382,0.75,0.8
complex_000382,0.5,0.6
complex_000382,0.47368421052631576,0.6
complex_000382,0.35294117647058826,0.4
complex_000382,0.6,0.6
complex_000382,0.5333333333333333,0.5333333333333333
complex_000382,0.4444444444444444,0.5333333333333333
complex_000382,0.26666666666666666,0.26666666666666666
complex_000382,0.3333333333333333,0.3333333333333333
complex_000382,0.4117647058823529,0.4666666666666667
complex_000382,0.5625,0.6
complex_000382,0.625,0.6666666666666666
complex_000382,0.5625,0.6
complex_000382,0.42857142857142855,0.6
complex_000382,0.4444444444444444,0.5333333333333333
complex_000382,0.3333333333333333,0.3333333333333333
complex_000382,0.42105263157894735,0.5333333333333333
complex_000382,0.6,0.6
complex_000382,0.3888888888888889,0.4666666666666667
complex_000382,0.47058823529411764,0.5333333333333333
complex_000382,0.5,0.6
complex_000382,0.5,0.5333333333333333
complex_000382,0.375,0.4
complex_000382,0.5789473684210527,0.7333333333333333
complex_000382,0.4666666666666667,0.4666666666666667
complex_000382,0.5625,0.6
complex_000382,0.4,0.5333333333333333
complex_000382,0.5555555555555556,0.6666666666666666
complex_000382,0.4117647058823529,0.4666666666666667
complex_000382,0.5625,0.6
complex_000382,0.47058823529411764,0.5333333333333333
complex_000382,0.5,0.5333333333333333
complex_000382,0.4117647058823529,0.4666666666666667
complex_000382,0.5,0.5333333333333333
complex_000382,0.4,0.4
complex_000382,0.5294117647058824,0.6
complex_000382,0.4,0.4
complex_000382,0.5625,0.6
complex_000382,0.4,0.4
complex_000382,0.3333333333333333,0.3333333333333333
complex_000382,0.5,0.6666666666666666
complex_000382,0.6470588235294118,0.7333333333333333
complex_000382,0.47058823529411764,0.5333333333333333
complex_000382,0.42105263157894735,0.5333333333333333
complex_000382,0.4444444444444444,0.5333333333333333
complex_000382,0.5,0.5333333333333333
complex_000382,0.375,0.4
complex_000382,0.26666666666666666,0.26666666666666666
complex_000382,0.5882352941176471,0.6666666666666666
complex_000382,0.47058823529411764,0.5333333333333333
complex_000382,0.375,0.4
complex_000382,0.5,0.5333333333333333
complex_000382,0.47619047619047616,0.6666666666666666
complex_000382,0.5,0.6
complex_000382,0.5882352941176471,0.6666666666666666
complex_000382,0.5882352941176471,0.6666666666666666
complex_000382,0.4,0.4
complex_000382,0.5555555555555556,0.6666666666666666
complex_000382,0.5294117647058824,0.6
complex_000382,0.6,0.6
complex_000382,0.47368421052631576,0.6
complex_000382,0.3888888888888889,0.4666666666666667
complex_000382,0.4666666666666667,0.4666666666666667
complex_000382,0.375,0.4
complex_000382,0.5333333333333333,0.5333333333333333
complex_000382,0.6,0.6
complex_000382,0.5625,0.6
complex_000382,0.5625,0.6
complex_000382,0.4444444444444444,0.5333333333333333
complex_000382,0.625,0.6666666666666666
complex_000382,0.5625,0.6
complex_000382,0.4,0.4
complex_000382,0.625,0.6666666666666666
complex_000382,0.5882352941176471,0.6666666666666666
complex_000382,0.4444444444444444,0.5333333333333333
complex_000382,0.6875,0.7333333333333333
complex_000382,0.5,0.5333333333333333
complex_000382,0.4375,0.4666666666666667
complex_000382,0.6470588235294118,0.7333333333333333
complex_000382,0.5,0.5333333333333333
complex_000382,0.5,0.6
complex_000382,0.5333333333333333,0.5333333333333333
complex_000387,0.6666666666666666,0.7368421052631579
complex_000387,0.631578947368421,0.631578947368421
complex_000387,0.45,0.47368421052631576
complex_000387,0.5263157894736842,0.5263157894736842
complex_000387,0.5454545454545454,0.631578947368421
complex_000387,0.7,0.7368421052631579
complex_000387,0.47368421052631576,0.47368421052631576
complex_000387,0.55,0.5789473684210527
complex_000387,0.3684210526315789,0.3684210526315789
complex_000387,0.55,0.5789473684210527
complex_000387,0.5263157894736842,0.5263157894736842
complex_000387,0.42105263157894735,0.42105263157894735
complex_000387,0.631578947368421,0.631578947368421
complex_000387,0.7368421052631579,0.7368421052631579
complex_000387,0.8421052631578947,0.8421052631578947
complex_000387,0.47368421052631576,0.47368421052631576
complex_000387,0.6666666666666666,0.7368421052631579
complex_000387,0.6666666666666666,0.7368421052631579
complex_000387,0.6,0.631578947368421
complex_000387,0.47368421052631576,0.47368421052631576
complex_000387,0.7,0.7368421052631579
complex_000387,0.5238095238095238,0.5789473684210527
complex_000387,0.42105263157894735,0.42105263157894735
complex_000387,0.65,0.6842105263157895
complex_000387,0.75,0.7894736842105263
complex_000387,0.42105263157894735,0.42105263157894735
complex_000387,0.47368421052631576,0.47368421052631576
complex_000387,0.7619047619047619,0.8421052631578947
complex_000387,0.5263157894736842,0.5263157894736842
complex_000387,0.631578947368421,0.631578947368421
complex_000387,0.7368421052631579,0.7368421052631579
complex_000387,0.45,0.47368421052631576
complex_000387,0.5652173913043478,0.6842105263157895
complex_000387,0.631578947368421,0.631578947368421
complex_000387,0.47368421052631576,0.47368421052631576
complex_000387,0.5263157894736842,0.5263157894736842
complex_000387,0.6190476190476191,0.6842105263157895
complex_000387,0.42105263157894735,0.42105263157894735
complex_000387,0.5789473684210527,0.5789473684210527
complex_000387,0.8,0.8421052631578947
complex_000387,0.7,0.7368421052631579
complex_000387,0.6,0.631578947368421
complex_000387,0.6363636363636364,0.7368421052631579
complex_000387,0.47368421052631576,0.47368421052631576
complex_000387,0.47368421052631576,0.47368421052631576
complex_000387,0.7142857142857143,0.7894736842105263
complex_000387,0.6818181818181818,0.7894736842105263
complex_000387,0.65,0.6842105263157895
complex_000387,0.5263157894736842,0.5263157894736842
complex_000387,0.631578947368421,0.631578947368421
complex_000387,0.47368421052631576,0.47368421052631576
complex_000387,0.5384615384615384,0.7368421052631579
complex_000387,0.75,0.7894736842105263
complex_000387,0.5789473684210527,0.5789473684210527
complex_000387,0.631578947368421,0.631578947368421
complex_000387,0.5789473684210527,0.5789473684210527
complex_000387,0.5263157894736842,0.5263157894736842
complex_000387,0.5833333333333334,0.7368421052631579
complex_000387,0.47368421052631576,0.47368421052631576
complex_000387,0.7,0.7368421052631579
complex_000387,0.6842105263157895,0.6842105263157895
complex_000387,0.65,0.6842105263157895
complex_000387,0.5789473684210527,0.5789473684210527
complex_000387,0.5789473684210527,0.5789473684210527
complex_000387,0.5263157894736842,0.5263157894736842
complex_000387,0.6,0.631578947368421
complex_000387,0.5454545454545454,0.631578947368421
complex_000387,0.5714285714285714,0.631578947368421
complex_000387,0.47368421052631576,0.47368421052631576
complex_000387,0.42105263157894735,0.42105263157894735
complex_000387,0.6,0.631578947368421
complex_000387,0.47368421052631576,0.47368421052631576
complex_000387,0.6,0.631578947368421
complex_000387,0.47368421052631576,0.47368421052631576
complex_000387,0.6842105263157895,0.6842105263157895
complex_000387,0.5238095238095238,0.5789473684210527
complex_000387,0.65,0.6842105263157895
complex_000387,0.55,0.5789473684210527
complex_000387,0.5789473684210527,0.5789473684210527
complex_000387,0.631578947368421,0.631578947368421
complex_000387,0.7142857142857143,0.7894736842105263
complex_000387,0.7,0.7368421052631579
complex_000387,0.5789473684210527,0.5789473684210527
complex_000387,0.5714285714285714,0.631578947368421
complex_000387,0.631578947368421,0.631578947368421
complex_000387,0.631578947368421,0.631578947368421
complex_000387,0.42105263157894735,0.42105263157894735
complex_000387,0.75,0.7894736842105263
complex_000387,0.6666666666666666,0.7368421052631579
complex_000387,0.8421052631578947,0.8421052631578947
complex_000387,0.6666666666666666,0.7368421052631579
complex_000387,0.5238095238095238,0.5789473684210527
complex_000387,0.5789473684210527,0.5789473684210527
complex_000387,0.47368421052631576,0.47368421052631576
complex_000387,0.7,0.7368421052631579
complex_000387,0.5,0.5263157894736842
complex_000387,0.6842105263157895,0.6842105263157895
complex_000387,0.7368421052631579,0.7368421052631579
complex_000387,0.3157894736842105,0.3157894736842105
complex_000387,0.47368421052631576,0.47368421052631576
complex_000394,0.46153846153846156,0.5454545454545454
complex_000394,0.7272727272727273,0.7272727272727273
complex_000394,0.4666666666666667,0.6363636363636364
complex_000394,0.5,0.6363636363636364
complex_000394,0.5333333333333333,0.7272727272727273
complex_000394,0.35,0.6363636363636364
complex_000394,0.7142857142857143,0.9090909090909091
complex_000394,0.6363636363636364,0.6363636363636364
complex_000394,0.6153846153846154,0.7272727272727273
complex_000394,0.8333333333333334,0.9090909090909091
complex_000394,0.5454545454545454,0.5454545454545454
complex_000394,0.35294117647058826,0.5454545454545454
complex_000394,0.5384615384615384,0.6363636363636364
complex_000394,0.42857142857142855,0.5454545454545454
complex_000394,0.4166666666666667,0.45454545454545453
complex_000394,0.5,0.6363636363636364
complex_000394,0.4,0.5454545454545454
complex_000394,0.5833333333333334,0.6363636363636364
complex_000394,0.6923076923076923,0.8181818181818182
complex_000394,0.5882352941176471,0.9090909090909091
complex_000394,0.5833333333333334,0.6363636363636364
complex_000394,0.4666666666666667,0.6363636363636364
complex_000394,0.45454545454545453,0.45454545454545453
complex_000394,0.5454545454545454,0.5454545454545454
complex_000394,0.5454545454545454,0.5454545454545454
complex_000394,0.5384615384615384,0.6363636363636364
complex_000394,0.36363636363636365,0.36363636363636365
complex_000394,0.6,0.8181818181818182
complex_000394,0.6363636363636364,0.6363636363636364
complex_000394,0.5714285714285714,0.7272727272727273
complex_000394,0.5333333333333333,0.7272727272727273
complex_000394,0.36363636363636365,0.36363636363636365
complex_000394,0.5,0.8181818181818182
complex_000394,0.5454545454545454,0.5454545454545454
complex_000394,0.5,0.5454545454545454
complex_000394,0.3333333333333333,0.45454545454545453
complex_000394,0.5454545454545454,0.5454545454545454
complex_000394,0.6153846153846154,0.7272727272727273
complex_000394,0.5625,0.8181818181818182
complex_000394,0.6363636363636364,0.6363636363636364
complex_000394,0.5,0.7272727272727273
complex_000394,0.46153846153846156,0.5454545454545454
complex_000394,0.8181818181818182,0.8181818181818182
complex_000394,0.625,0.9090909090909091
complex_000394,0.3,0.5454545454545454
complex_000394,0.3,0.5454545454545454
complex_000394,0.46153846153846156,0.5454545454545454
complex_000394,0.5833333333333334,0.6363636363636364
complex_000394,0.5714285714285714,0.7272727272727273
complex_000394,0.6923076923076923,0.8181818181818182
complex_000394,0.5,0.8181818181818182
complex_000394,0.6153846153846154,0.7272727272727273
complex_000394,0.625,0.9090909090909091
complex_000394,0.6666666666666666,0.7272727272727273
complex_000394,0.5454545454545454,0.5454545454545454
complex_000394,0.5714285714285714,0.7272727272727273
complex_000394,0.5714285714285714,0.7272727272727273
complex_000394,0.5833333333333334,0.6363636363636364
complex_000394,0.5882352941176471,0.9090909090909091
complex_000394,0.5454545454545454,0.5454545454545454
complex_000394,0.42105263157894735,0.7272727272727273
complex_000394,0.5263157894736842,0.9090909090909091
complex_000394,0.4444444444444444,0.7272727272727273
complex_000394,0.6666666666666666,0.7272727272727273
complex_000394,0.7692307692307693,0.9090909090909091
complex_000394,0.6666666666666666,0.9090909090909091
complex_000394,0.45454545454545453,0.45454545454545453
complex_000394,0.5,0.7272727272727273
complex_000394,0.6363636363636364,0.6363636363636364
complex_000394,0.7692307692307693,0.9090909090909091
complex_000394,0.6428571428571429,0.8181818181818182
complex_000394,0.5714285714285714,0.7272727272727273
complex_000394,0.5,0.5454545454545454
complex_000394,0.6666666666666666,0.9090909090909091
complex_000394,0.625,0.9090909090909091
complex_000394,0.6875,1.0
complex_000394,0.6428571428571429,0.8181818181818182
complex_000394,0.6470588235294118,1.0
complex_000394,0.5384615384615384,0.6363636363636364
complex_000394,0.6153846153846154,0.7272727272727273
complex_000394,0.5882352941176471,0.9090909090909091
complex_000394,0.6,0.8181818181818182
complex_000394,0.2916666666666667,0.6363636363636364
complex_000394,0.75,0.8181818181818182
complex_000394,0.6666666666666666,0.9090909090909091
complex_000394,0.5,0.7272727272727273
complex_000394,0.5,0.5454545454545454
complex_000394,0.6153846153846154,0.7272727272727273
complex_000394,0.5454545454545454,0.5454545454545454
complex_000394,0.45454545454545453,0.45454545454545453
complex_000394,0.6923076923076923,0.8181818181818182
complex_000394,0.5454545454545454,0.5454545454545454
complex_000394,0.5833333333333334,0.6363636363636364
complex_000394,0.7272727272727273,0.7272727272727273
complex_000394,0.5,0.7272727272727273
complex_000394,0.8181818181818182,0.8181818181818182
complex_000394,0.6363636363636364,0.6363636363636364
complex_000394,0.5714285714285714,0.7272727272727273
complex_000394,0.5,0.8181818181818182
complex_000394,0.6666666666666666,0.7272727272727273
complex_000400,0.2631578947368421,0.2631578947368421
complex_000400,0.1,0.10526315789473684
complex_000400,0.631578947368421,0.631578947368421
complex_000400,0.4090909090909091,0.47368421052631576
complex_000400,0.5714285714285714,0.631578947368421
complex_000400,0.4,0.42105263157894735
complex_000400,0.42857142857142855,0.47368421052631576
complex_000400,0.15789473684210525,0.15789473684210525
complex_000400,0.25,0.2631578947368421
complex_000400,0.3181818181818182,0.3684210526315789
complex_000400,0.3157894736842105,0.3157894736842105
complex_000400,0.3,0.3157894736842105
complex_000400,0.3157894736842105,0.3157894736842105
complex_000400,0.55,0.5789473684210527
complex_000400,0.42105263157894735,0.42105263157894735
complex_000400,0.35,0.3684210526315789
complex_000400,0.5,0.5263157894736842
complex_000400,0.2631578947368421,0.2631578947368421
complex_000400,0.2631578947368421,0.2631578947368421
complex_000400,0.45,0.47368421052631576
complex_000400,0.45,0.47368421052631576
complex_000400,0.25,0.2631578947368421
complex_000400,0.2608695652173913,0.3157894736842105
complex_000400,0.55,0.5789473684210527
complex_000400,0.25,0.2631578947368421
complex_000400,0.35,0.3684210526315789
complex_000400,0.5,0.5263157894736842
complex_000400,0.2857142857142857,0.3157894736842105
complex_000400,0.45,0.47368421052631576
complex_000400,0.3684210526315789,0.3684210526315789
complex_000400,0.6842105263157895,0.6842105263157895
complex_000400,0.5714285714285714,0.631578947368421
complex_000400,0.3,0.3157894736842105
complex_000400,0.4,0.42105263157894735
complex_000400,0.21052631578947367,0.21052631578947367
complex_000400,0.4090909090909091,0.47368421052631576
complex_000400,0.15789473684210525,0.15789473684210525
complex_000400,0.3684210526315789,0.3684210526315789
complex_000400,0.2631578947368421,0.2631578947368421
complex_000400,0.4,0.42105263157894735
complex_000400,0.15,0.15789473684210525
complex_000400,0.47368421052631576,0.47368421052631576
complex_000400,0.42105263157894735,0.42105263157894735
complex_000400,0.35,0.3684210526315789
complex_000400,0.47368421052631576,0.47368421052631576
complex_000400,0.55,0.5789473684210527
complex_000400,0.5714285714285714,0.631578947368421
complex_000400,0.3684210526315789,0.3684210526315789
complex_000400,0.5238095238095238,0.5789473684210527
complex_000400,0.42105263157894735,0.42105263157894735
complex_000400,0.3157894736842105,0.3157894736842105
complex_000400,0.4444444444444444,0.631578947368421
complex_000400,0.6842105263157895,0.6842105263157895
complex_000400,0.47619047619047616,0.5263157894736842
complex_000400,0.2631578947368421,0.2631578947368421
complex_000400,0.3684210526315789,0.3684210526315789
complex_000400,0.43478260869565216,0.5263157894736842
complex_000400,0.2631578947368421,0.2631578947368421
complex_000400,0.2631578947368421,0.2631578947368421
complex_000400,0.3181818181818182,0.3684210526315789
complex_000400,0.45,0.47368421052631576
complex_000400,0.4,0.42105263157894735
complex_000400,0.38461538461538464,0.5263157894736842
complex_000400,0.5,0.5263157894736842
complex_000400,0.47619047619047616,0.5263157894736842
complex_000400,0.45454545454545453,0.5263157894736842
complex_000400,0.55,0.5789473684210527
complex_000400,0.42857142857142855,0.47368421052631576
complex_000400,0.45,0.47368421052631576
complex_000400,0.5,0.5263157894736842
complex_000400,0.3684210526315789,0.3684210526315789
complex_000400,0.45,0.47368421052631576
complex_000400,0.65,0.6842105263157895
complex_000400,0.5909090909090909,0.6842105263157895
complex_000400,0.35,0.3684210526315789
complex_000400,0.47368421052631576,0.47368421052631576
complex_000400,0.55,0.5789473684210527
complex_000400,0.3157894736842105,0.3157894736842105
complex_000400,0.3157894736842105,0.3157894736842105
complex_000400,0.4,0.42105263157894735
complex_000400,0.3157894736842105,0.3157894736842105
complex_000400,0.5789473684210527,0.5789473684210527
complex_000400,0.4,0.42105263157894735
complex_000400,0.47368421052631576,0.47368421052631576
complex_000400,0.5,0.5263157894736842
complex_000400,0.4,0.42105263157894735
complex_000400,0.5,0.5263157894736842
complex_000400,0.5238095238095238,0.5789473684210527
complex_000400,0.38095238095238093,0.42105263157894735
complex_000400,0.4,0.42105263157894735
complex_000400,0.45,0.47368421052631576
complex_000400,0.6842105263157895,0.6842105263157895
complex_000400,0.38095238095238093,0.42105263157894735
complex_000400,0.5789473684210527,0.5789473684210527
complex_000400,0.10526315789473684,0.10526315789473684
complex_000400,0.5,0.5263157894736842
complex_000400,0.47368421052631576,0.47368421052631576
complex_000400,0.45,0.47368421052631576
complex_000400,0.3157894736842105,0.3157894736842105
complex_000400,0.5,0.5789473684210527
complex_000403,0.6153846153846154,0.8
complex_000403,0.8181818181818182,0.9
complex_000403,0.7,0.7
complex_000403,0.7,0.7
complex_000403,0.6923076923076923,0.9
complex_000403,0.5,0.7
complex_000403,0.8333333333333334,1.0
complex_000403,0.6,0.9
complex_000403,0.5,0.7
complex_000403,0.7692307692307693,1.0
complex_000403,0.5384615384615384,0.7
complex_000403,0.8181818181818182,0.9
complex_000403,0.5833333333333334,0.7
complex_000403,0.8,0.8
complex_000403,0.8,0.8
complex_000403,0.8333333333333334,1.0
complex_000403,0.5,0.8
complex_000403,0.5625,0.9
complex_000403,0.8,0.8
complex_000403,0.8,0.8
complex_000403,0.75,0.9
complex_000403,0.75,0.9
complex_000403,0.5,0.6
complex_000403,0.6428571428571429,0.9
complex_000403,0.4375,0.7
complex_000403,0.625,1.0
complex_000403,0.5454545454545454,0.6
complex_000403,0.5384615384615384,0.7
complex_000403,0.5454545454545454,0.6
complex_000403,0.6666666666666666,1.0
complex_000403,0.6,0.9
complex_000403,0.4117647058823529,0.7
complex_000403,0.625,1.0
complex_000403,0.6923076923076923,0.9
complex_000403,0.5714285714285714,0.8
complex_000403,0.6,0.6
complex_000403,0.6,0.9
complex_000403,0.5,0.9
complex_000403,0.5833333333333334,0.7
complex_000403,0.5882352941176471,1.0
complex_000403,0.7,0.7
complex_000403,0.6666666666666666,0.8
complex_000403,0.5714285714285714,0.8
complex_000403,0.5833333333333334,0.7
complex_000403,0.9,0.9
complex_000403,0.5454545454545454,0.6
complex_000403,0.9,0.9
complex_000403,0.46153846153846156,0.6
complex_000403,0.7692307692307693,1.0
complex_000403,0.9,0.9
complex_000403,0.6,0.9
complex_000403,0.8,0.8
complex_000403,0.6428571428571429,0.9
complex_000403,0.5,0.7
complex_000403,0.6153846153846154,0.8
complex_000403,0.5,0.7
complex_000403,0.6153846153846154,0.8
complex_000403,0.7692307692307693,1.0
complex_000403,0.6153846153846154,0.8
complex_000403,0.6363636363636364,0.7
complex_000403,0.6923076923076923,0.9
complex_000403,0.8181818181818182,0.9
complex_000403,0.6923076923076923,0.9
complex_000403,0.5,0.7
complex_000403,0.5,0.5
complex_000403,0.5714285714285714,0.8
complex_000403,0.7272727272727273,0.8
complex_000403,0.5882352941176471,1.0
complex_000403,0.6923076923076923,0.9
complex_000403,0.6,0.6
complex_000403,0.5,0.8
complex_000403,0.3684210526315789,0.7
complex_000403,0.46153846153846156,0.6
complex_000403,0.625,1.0
complex_000403,0.6153846153846154,0.8
complex_000403,0.5333333333333333,0.8
complex_000403,0.45,0.9
complex_000403,0.8181818181818182,0.9
complex_000403,0.8181818181818182,0.9
complex_000403,0.6153846153846154,0.8
complex_000403,0.7,0.7
complex_000403,0.6923076923076923,0.9
complex_000403,0.4375,0.7
complex_000403,0.5714285714285714,0.8
complex_000403,0.47058823529411764,0.8
complex_000403,0.7,0.7
complex_000403,0.6666666666666666,0.8
complex_000403,0.8,0.8
complex_000403,0.75,0.9
complex_000403,0.5833333333333334,0.7
complex_000403,0.9090909090909091,1.0
complex_000403,0.7142857142857143,1.0
complex_000403,0.7142857142857143,1.0
complex_000403,0.9,0.9
complex_000403,0.8333333333333334,1.0
complex_000403,0.9090909090909091,1.0
complex_000403,0.8,0.8
complex_000403,0.6923076923076923,0.9
complex_000403,0.5833333333333334,0.7
complex_000403,0.625,1.0
complex_000411,0.75,0.8181818181818182
complex_000411,0.75,0.8181818181818182
complex_000411,0.6666666666666666,0.7272727272727273
complex_000411,0.75,0.8181818181818182
complex_000411,0.6153846153846154,0.7272727272727273
complex_000411,0.6428571428571429,0.8181818181818182
complex_000411,0.6428571428571429,0.8181818181818182
complex_000411,0.6923076923076923,0.8181818181818182
complex_000411,0.8181818181818182,0.8181818181818182
complex_000411,0.6666666666666666,0.7272727272727273
complex_000411,0.7272727272727273,0.7272727272727273
complex_000411,0.6923076923076923,0.8181818181818182
complex_000411,0.5294117647058824,0.8181818181818182
complex_000411,0.6666666666666666,0.9090909090909091
complex_000411,0.5,0.8181818181818182
complex_000411,0.9166666666666666,1.0
complex_000411,0.9166666666666666,1.0
complex_000411,0.6153846153846154,0.7272727272727273
complex_000411,0.6153846153846154,0.7272727272727273
complex_000411,0.6923076923076923,0.8181818181818182
complex_000411,0.5384615384615384,0.6363636363636364
complex_000411,0.5882352941176471,0.9090909090909091
complex_000411,0.6,0.8181818181818182
complex_000411,0.5,0.7272727272727273
complex_000411,0.8181818181818182,0.8181818181818182
complex_000411,0.6153846153846154,0.7272727272727273
complex_000411,0.8181818181818182,0.8181818181818182
complex_000411,0.5454545454545454,0.5454545454545454
complex_000411,0.4444444444444444,0.7272727272727273
complex_000411,0.8181818181818182,0.8181818181818182
complex_000411,0.5882352941176471,0.9090909090909091
complex_000411,0.75,0.8181818181818182
complex_000411,0.6666666666666666,0.9090909090909091
complex_000411,0.42105263157894735,0.7272727272727273
complex_000411,0.75,0.8181818181818182
complex_000411,0.8333333333333334,0.9090909090909091
complex_000411,0.6923076923076923,0.8181818181818182
complex_000411,0.9166666666666666,1.0
complex_000411,0.6363636363636364,0.6363636363636364
complex_000411,0.6428571428571429,0.8181818181818182
complex_000411,0.6666666666666666,0.7272727272727273
complex_000411,0.9090909090909091,0.9090909090909091
complex_000411,0.625,0.9090909090909091
complex_000411,0.7692307692307693,0.9090909090909091
complex_000411,0.5714285714285714,0.7272727272727273
complex_000411,0.45454545454545453,0.45454545454545453
complex_000411,0.7142857142857143,0.9090909090909091
complex_000411,0.5263157894736842,0.9090909090909091
complex_000411,0.75,0.8181818181818182
complex_000411,0.7857142857142857,1.0
complex_000411,0.6363636363636364,0.6363636363636364
complex_000411,0.7272727272727273,0.7272727272727273
complex_000411,0.625,0.9090909090909091
complex_000411,0.6923076923076923,0.8181818181818182
complex_000411,0.5263157894736842,0.9090909090909091
complex_000411,0.7692307692307693,0.9090909090909091
complex_000411,0.6666666666666666,0.9090909090909091
complex_000411,0.9090909090909091,0.9090909090909091
complex_000411,0.75,0.8181818181818182
complex_000411,0.6153846153846154,0.7272727272727273
complex_000411,0.5714285714285714,0.7272727272727273
complex_000411,0.6923076923076923,0.8181818181818182
complex_000411,0.9166666666666666,1.0
complex_000411,0.6666666666666666,0.7272727272727273
complex_000411,0.8181818181818182,0.8181818181818182
complex_000411,0.6,0.8181818181818182
complex_000411,0.5625,0.8181818181818182
complex_000411,0.6666666666666666,0.7272727272727273
complex_000411,0.5625,0.8181818181818182
complex_000411,0.5,0.8181818181818182
complex_000411,0.75,0.8181818181818182
complex_000411,0.7272727272727273,0.7272727272727273
complex_000411,0.5625,0.8181818181818182
complex_000411,0.5625,0.8181818181818182
complex_000411,0.75,0.8181818181818182
complex_000411,0.7272727272727273,0.7272727272727273
complex_000411,0.5714285714285714,0.7272727272727273
complex_000411,0.6923076923076923,0.8181818181818182
complex_000411,0.7142857142857143,0.9090909090909091
complex_000411,0.6666666666666666,0.7272727272727273
complex_000411,0.8461538461538461,1.0
complex_000411,0.7272727272727273,0.7272727272727273
complex_000411,0.5833333333333334,0.6363636363636364
complex_000411,0.9166666666666666,1.0
complex_000411,0.4666666666666667,0.6363636363636364
complex_000411,0.625,0.9090909090909091
complex_000411,0.7272727272727273,0.7272727272727273
complex_000411,0.5625,0.8181818181818182
complex_000411,0.5625,0.8181818181818182
complex_000411,0.5882352941176471,0.9090909090909091
complex_000411,0.7272727272727273,0.7272727272727273
complex_000411,0.8181818181818182,0.8181818181818182
complex_000411,0.6666666666666666,0.7272727272727273
complex_000411,0.9090909090909091,0.9090909090909091
complex_000411,0.6923076923076923,0.8181818181818182
complex_000411,0.75,0.8181818181818182
complex_000411,0.625,0.9090909090909091
complex_000411,0.7142857142857143,0.9090909090909091
complex_000411,0.7857142857142857,1.0
complex_000411,0.7142857142857143,0.9090909090909091
complex_000426,0.4444444444444444,0.8
complex_000426,0.6666666666666666,0.8
complex_000426,0.5,0.6
complex_000426,0.5625,0.9
complex_000426,0.5625,0.9
complex_000426,0.6153846153846154,0.8
complex_000426,0.35294117647058826,0.6
complex_000426,0.4,0.8
complex_000426,0.42857142857142855,0.6
complex_000426,0.47058823529411764,0.8
complex_000426,0.7272727272727273,0.8
complex_000426,0.5454545454545454,0.6
complex_000426,0.4444444444444444,0.8
complex_000426,0.4117647058823529,0.7
complex_000426,0.5625,0.9
complex_000426,0.3076923076923077,0.4
complex_000426,0.4,0.4
complex_000426,0.46153846153846156,0.6
complex_000426,0.4666666666666667,0.7
complex_000426,0.6666666666666666,0.8
complex_000426,0.5454545454545454,0.6
complex_000426,0.375,0.6
complex_000426,0.5,0.5
complex_000426,0.4666666666666667,0.7
complex_000426,0.4666666666666667,0.7
complex_000426,0.4,0.4
complex_000426,0.4,0.6
complex_000426,0.5,0.6
complex_000426,0.6666666666666666,0.8
complex_000426,0.6153846153846154,0.8
complex_000426,0.5333333333333333,0.8
complex_000426,0.5,0.5
complex_000426,0.75,0.9
complex_000426,0.5,0.7
complex_000426,0.7,0.7
complex_000426,0.36363636363636365,0.4
complex_000426,0.45454545454545453,0.5
complex_000426,0.45454545454545453,0.5
complex_000426,0.35,0.7
complex_000426,0.8,0.8
complex_000426,0.4,0.4
complex_000426,0.5,0.8
complex_000426,0.36363636363636365,0.4
complex_000426,0.5833333333333334,0.7
complex_000426,0.15384615384615385,0.2
complex_000426,0.4666666666666667,0.7
complex_000426,0.45454545454545453,0.5
complex_000426,0.5,0.6
complex_000426,0.6,0.9
complex_000426,0.6153846153846154,0.8
complex_000426,0.47058823529411764,0.8
complex_000426,0.35294117647058826,0.6
complex_000426,0.6363636363636364,0.7
complex_000426,0.36363636363636365,0.4
complex_000426,0.3888888888888889,0.7
complex_000426,0.6666666666666666,0.8
complex_000426,0.42857142857142855,0.6
complex_000426,0.6666666666666666,0.8
complex_000426,0.5,0.6
complex_000426,0.7142857142857143,1.0
complex_000426,0.5714285714285714,0.8
complex_000426,0.5714285714285714,0.8
complex_000426,0.6666666666666666,0.8
complex_000426,0.5384615384615384,0.7
complex_000426,0.5,0.7
complex_000426,0.5,0.7
complex_000426,0.3333333333333333,0.4
complex_000426,0.35714285714285715,0.5
complex_000426,0.5555555555555556,1.0
complex_000426,0.6,0.6
complex_000426,0.3333333333333333,0.4
complex_000426,0.5333333333333333,0.8
complex_000426,0.5,0.6
complex_000426,0.4375,0.7
complex_000426,0.5714285714285714,0.8
complex_000426,0.5384615384615384,0.7
complex_000426,0.5,0.5
complex_000426,0.4666666666666667,0.7
complex_000426,0.6363636363636364,0.7
complex_000426,0.35714285714285715,0.5
complex_000426,0.3,0.3
complex_000426,0.4,0.6
complex_000426,0.4,0.8
complex_000426,0.4375,0.7
complex_000426,0.36363636363636365,0.4
complex_000426,0.5,0.8
complex_000426,0.2727272727272727,0.3
complex_000426,0.42857142857142855,0.6
complex_000426,0.5714285714285714,0.8
complex_000426,0.4,0.4
complex_000426,0.5833333333333334,0.7
complex_000426,0.8,0.8
complex_000426,0.5384615384615384,0.7
complex_000426,0.42857142857142855,0.6
complex_000426,0.7272727272727273,0.8
complex_000426,0.6153846153846154,0.8
complex_000426,0.6,0.9
complex_000426,0.6153846153846154,0.8
complex_000426,0.5454545454545454,0.6
complex_000426,0.5454545454545454,0.6
complex_000456,0.5882352941176471,1.0
complex_000456,0.5714285714285714,0.8
complex_000456,0.3,0.3
complex_000456,0.5833333333333334,0.7
complex_000456,0.5,0.6
complex_000456,0.5454545454545454,0.6
complex_000456,0.6923076923076923,0.9
complex_000456,0.47058823529411764,0.8
complex_000456,0.5384615384615384,0.7
complex_000456,0.5384615384615384,0.7
complex_000456,0.38461538461538464,0.5
complex_000456,0.42857142857142855,0.6
complex_000456,0.6153846153846154,0.8
complex_000456,0.4666666666666667,0.7
complex_000456,0.5333333333333333,0.8
complex_000456,0.4375,0.7
complex_000456,0.4666666666666667,0.7
complex_000456,0.4666666666666667,0.7
complex_000456,0.3684210526315789,0.7
complex_000456,0.4666666666666667,0.7
complex_000456,0.6666666666666666,0.8
complex_000456,0.375,0.6
complex_000456,0.375,0.6
complex_000456,0.3888888888888889,0.7
complex_000456,0.5333333333333333,0.8
complex_000456,0.4375,0.7
complex_000456,0.6428571428571429,0.9
complex_000456,0.3157894736842105,0.6
complex_000456,0.5454545454545454,0.6
complex_000456,0.4,0.8
complex_000456,0.5833333333333334,0.7
complex_000456,0.4444444444444444,0.8
complex_000456,0.5,0.7
complex_000456,0.5,0.6
complex_000456,0.4666666666666667,0.7
complex_000456,0.5,0.8
complex_000456,0.5714285714285714,0.8
complex_000456,0.46153846153846156,0.6
complex_000456,0.6363636363636364,0.7
complex_000456,0.3333333333333333,0.6
complex_000456,0.2857142857142857,0.4
complex_000456,0.5333333333333333,0.8
complex_000456,0.2857142857142857,0.6
complex_000456,0.75,0.9
complex_000456,0.38095238095238093,0.8
complex_000456,0.5454545454545454,0.6
complex_000456,0.4117647058823529,0.7
complex_000456,0.5333333333333333,0.8
complex_000456,0.45454545454545453,0.5
complex_000456,0.3333333333333333,0.7
complex_000456,0.5,0.6
complex_000456,0.5833333333333334,0.7
complex_000456,0.4666666666666667,0.7
complex_000456,0.4444444444444444,0.8
complex_000456,0.46153846153846156,0.6
complex_000456,0.3333333333333333,0.6
complex_000456,0.47058823529411764,0.8
complex_000456,0.4444444444444444,0.8
complex_000456,0.6363636363636364,0.7
complex_000456,0.5,0.7
complex_000456,0.6153846153846154,0.8
complex_000456,0.5833333333333334,0.7
complex_000456,0.5714285714285714,0.8
complex_000456,0.5,0.5
complex_000456,0.4117647058823529,0.7
complex_000456,0.4666666666666667,0.7
complex_000456,0.5,0.6
complex_000456,0.5,0.7
complex_000456,0.5555555555555556,1.0
complex_000456,0.3333333333333333,0.7
complex_000456,0.4117647058823529,0.7
complex_000456,0.4444444444444444,0.8
complex_000456,0.42857142857142855,0.6
complex_000456,0.5333333333333333,0.8
complex_000456,0.5625,0.9
complex_000456,0.3157894736842105,0.6
complex_000456,0.5,0.6
complex_000456,0.45454545454545453,0.5
complex_000456,0.5714285714285714,0.8
complex_000456,0.5,0.8
complex_000456,0.6,0.9
complex_000456,0.5,0.5
complex_000456,0.5882352941176471,1.0
complex_000456,0.35714285714285715,0.5
complex_000456,0.5,0.7
complex_000456,0.42857142857142855,0.6
complex_000456,0.9090909090909091,1.0
complex_000456,0.6,0.9
complex_000456,0.35714285714285715,0.5
complex_000456,0.375,0.6
complex_000456,0.5,0.7
complex_000456,0.5625,0.9
complex_000456,0.5714285714285714,0.8
complex_000456,0.5294117647058824,0.9
complex_000456,0.5833333333333334,0.7
complex_000456,0.5,0.8
complex_000456,0.625,1.0
complex_000456,0.3333333333333333,0.7
complex_000456,0.3157894736842105,0.6
complex_000456,0.5,0.6
complex_000472,0.5454545454545454,1.0
complex_000472,0.4166666666666667,0.8333333333333334
complex_000472,0.7142857142857143,0.8333333333333334
complex_000472,0.6666666666666666,1.0
complex_000472,0.6666666666666666,1.0
complex_000472,0.42857142857142855,0.5
complex_000472,0.5,0.8333333333333334
complex_000472,0.36363636363636365,0.6666666666666666
complex_000472,0.2857142857142857,0.3333333333333333
complex_000472,0.25,0.3333333333333333
complex_000472,0.25,0.5
complex_000472,0.42857142857142855,1.0
complex_000472,0.5714285714285714,0.6666666666666666
complex_000472,0.6666666666666666,1.0
complex_000472,0.625,0.8333333333333334
complex_000472,0.375,0.5
complex_000472,0.14285714285714285,0.16666666666666666
complex_000472,0.4,0.6666666666666666
complex_000472,0.4,0.6666666666666666
complex_000472,0.625,0.8333333333333334
complex_000472,0.4166666666666667,0.8333333333333334
complex_000472,0.5,1.0
complex_000472,0.625,0.8333333333333334
complex_000472,0.625,0.8333333333333334
complex_000472,0.3,0.5
complex_000472,0.6666666666666666,1.0
complex_000472,0.42857142857142855,0.5
complex_000472,0.5555555555555556,0.8333333333333334
complex_000472,0.35714285714285715,0.8333333333333334
complex_000472,0.5454545454545454,1.0
complex_000472,0.38461538461538464,0.8333333333333334
complex_000472,0.5,0.6666666666666666
complex_000472,0.5,0.8333333333333334
complex_000472,0.46153846153846156,1.0
complex_000472,0.25,0.3333333333333333
complex_000472,0.5,0.6666666666666666
complex_000472,0.6,1.0
complex_000472,0.3333333333333333,0.6666666666666666
complex_000472,0.4166666666666667,0.8333333333333334
complex_000472,0.625,0.8333333333333334
complex_000472,0.3076923076923077,0.6666666666666666
complex_000472,0.8571428571428571,1.0
complex_000472,0.5555555555555556,0.8333333333333334
complex_000472,0.25,0.5
complex_000472,0.8571428571428571,1.0
complex_000472,0.3333333333333333,0.5
complex_000472,0.3,0.5
complex_000472,0.6666666666666666,1.0
complex_000472,0.45454545454545453,0.8333333333333334
complex_000472,0.35294117647058826,1.0
complex_000472,0.6,1.0
complex_000472,0.29411764705882354,0.8333333333333334
complex_000472,0.4166666666666667,0.8333333333333334
complex_000472,0.7142857142857143,0.8333333333333334
complex_000472,0.625,0.8333333333333334
complex_000472,0.23529411764705882,0.6666666666666666
complex_000472,0.5714285714285714,0.6666666666666666
complex_000472,0.5,0.8333333333333334
complex_000472,0.8571428571428571,1.0
complex_000472,0.46153846153846156,1.0
complex_000472,0.375,0.5
complex_000472,0.4,0.6666666666666666
complex_000472,0.45454545454545453,0.8333333333333334
complex_000472,0.375,0.5
complex_000472,0.625,0.8333333333333334
complex_000472,0.42857142857142855,0.5
complex_000472,0.5555555555555556,0.8333333333333334
complex_000472,0.375,0.5
complex_000472,0.5555555555555556,0.8333333333333334
complex_000472,0.25,0.6666666666666666
complex_000472,0.42857142857142855,1.0
complex_000472,0.42857142857142855,0.5
complex_000472,0.5555555555555556,0.8333333333333334
complex_000472,0.5,1.0
complex_000472,0.625,0.8333333333333334
complex_000472,0.2727272727272727,0.5
complex_000472,0.2727272727272727,0.5
complex_000472,0.6,1.0
complex_000472,0.2857142857142857,0.3333333333333333
complex_000472,0.2631578947368421,0.8333333333333334
complex_000472,0.625,0.8333333333333334
complex_000472,0.5,0.6666666666666666
complex_000472,0.35714285714285715,0.8333333333333334
complex_000472,0.25,0.3333333333333333
complex_000472,0.3333333333333333,0.5
complex_000472,0.75,1.0
complex_000472,0.5,0.6666666666666666
complex_000472,0.4166666666666667,0.8333333333333334
complex_000472,0.38461538461538464,0.8333333333333334
complex_000472,0.5,1.0
complex_000472,0.375,0.5
complex_000472,0.5454545454545454,1.0
complex_000472,0.625,0.8333333333333334
complex_000472,0.4444444444444444,0.6666666666666666
complex_000472,0.3333333333333333,0.5
complex_000472,0.625,0.8333333333333334
complex_000472,0.5714285714285714,0.6666666666666666
complex_000472,0.5,1.0
complex_000472,0.38461538461538464,0.8333333333333334
complex_000472,0.5454545454545454,1.0
complex_000473,0.1111111111111111,0.1111111111111111
complex_000473,0.5555555555555556,0.5555555555555556
complex_000473,0.5789473684210527,0.6111111111111112
complex_000473,0.5555555555555556,0.5555555555555556
complex_000473,0.2777777777777778,0.2777777777777778
complex_000473,0.3333333333333333,0.3333333333333333
complex_000473,0.42105263157894735,0.4444444444444444
complex_000473,0.47619047619047616,0.5555555555555556
complex_000473,0.5,0.5
complex_000473,0.5217391304347826,0.6666666666666666
complex_000473,0.4444444444444444,0.4444444444444444
complex_000473,0.55,0.6111111111111112
complex_000473,0.42857142857142855,0.5
complex_000473,0.5,0.5
complex_000473,0.4444444444444444,0.4444444444444444
complex_000473,0.45,0.5
complex_000473,0.6666666666666666,0.6666666666666666
complex_000473,0.7,0.7777777777777778
complex_000473,0.5263157894736842,0.5555555555555556
complex_000473,0.1111111111111111,0.1111111111111111
complex_000473,0.5,0.5555555555555556
complex_000473,0.38095238095238093,0.4444444444444444
complex_000473,0.3684210526315789,0.3888888888888889
complex_000473,0.5789473684210527,0.6111111111111112
complex_000473,0.4,0.4444444444444444
complex_000473,0.6,0.6666666666666666
complex_000473,0.2777777777777778,0.2777777777777778
complex_000473,0.43478260869565216,0.5555555555555556
complex_000473,0.4,0.4444444444444444
complex_000473,0.3888888888888889,0.3888888888888889
complex_000473,0.2777777777777778,0.2777777777777778
complex_000473,0.3333333333333333,0.3333333333333333
complex_000473,0.4444444444444444,0.4444444444444444
complex_000473,0.2777777777777778,0.2777777777777778
complex_000473,0.5263157894736842,0.5555555555555556
complex_000473,0.5,0.5555555555555556
complex_000473,0.38095238095238093,0.4444444444444444
complex_000473,0.3888888888888889,0.3888888888888889
complex_000473,0.5789473684210527,0.6111111111111112
complex_000473,0.16666666666666666,0.16666666666666666
complex_000473,0.38095238095238093,0.4444444444444444
complex_000473,0.5263157894736842,0.5555555555555556
complex_000473,0.55,0.6111111111111112
complex_000473,0.3333333333333333,0.3333333333333333
complex_000473,0.3684210526315789,0.3888888888888889
complex_000473,0.2222222222222222,0.2222222222222222
complex_000473,0.2222222222222222,0.2222222222222222
complex_000473,0.3888888888888889,0.3888888888888889
complex_000473,0.1111111111111111,0.1111111111111111
complex_000473,0.3888888888888889,0.3888888888888889
complex_000473,0.3888888888888889,0.3888888888888889
complex_000473,0.5,0.5555555555555556
complex_000473,0.3333333333333333,0.3888888888888889
complex_000473,0.4444444444444444,0.4444444444444444
complex_000473,0.5,0.5
complex_000473,0.2777777777777778,0.2777777777777778
complex_000473,0.3333333333333333,0.3333333333333333
complex_000473,0.5714285714285714,0.6666666666666666
complex_000473,0.5263157894736842,0.5555555555555556
complex_000473,0.631578947368421,0.6666666666666666
complex_000473,0.6,0.6666666666666666
complex_000473,0.2222222222222222,0.2222222222222222
complex_000473,0.7222222222222222,0.7222222222222222
complex_000473,0.3333333333333333,0.3888888888888889
complex_000473,0.16666666666666666,0.16666666666666666
complex_000473,0.38095238095238093,0.4444444444444444
complex_000473,0.45,0.5
complex_000473,0.2222222222222222,0.2222222222222222
complex_000473,0.2777777777777778,0.2777777777777778
complex_000473,0.5555555555555556,0.5555555555555556
complex_000473,0.5263157894736842,0.5555555555555556
complex_000473,0.4444444444444444,0.4444444444444444
complex_000473,0.16666666666666666,0.16666666666666666
complex_000473,0.47368421052631576,0.5
complex_000473,0.3684210526315789,0.3888888888888889
complex_000473,0.5555555555555556,0.5555555555555556
complex_000473,0.7222222222222222,0.7222222222222222
complex_000473,0.5263157894736842,0.5555555555555556
complex_000473,0.47368421052631576,0.5
complex_000473,0.4166666666666667,0.5555555555555556
complex_000473,0.5,0.5
complex_000473,0.4090909090909091,0.5
complex_000473,0.3333333333333333,0.3333333333333333
complex_000473,0.4,0.4444444444444444
complex_000473,0.16666666666666666,0.16666666666666666
complex_000473,0.42105263157894735,0.4444444444444444
complex_000473,0.3684210526315789,0.3888888888888889
complex_000473,0.6086956521739131,0.7777777777777778
complex_000473,0.4444444444444444,0.4444444444444444
complex_000473,0.6111111111111112,0.6111111111111112
complex_000473,0.47619047619047616,0.5555555555555556
complex_000473,0.3333333333333333,0.3333333333333333
complex_000473,0.2857142857142857,0.3333333333333333
complex_000473,0.5,0.5
complex_000473,0.3333333333333333,0.3888888888888889
complex_000473,0.16666666666666666,0.16666666666666666
complex_000473,0.2222222222222222,0.2222222222222222
complex_000473,0.2222222222222222,0.2222222222222222
complex_000473,0.631578947368421,0.6666666666666666
complex_000473,0.631578947368421,0.6666666666666666
complex_000477,0.6363636363636364,0.6363636363636364
complex_000477,0.6428571428571429,0.8181818181818182
complex_000477,0.4375,0.6363636363636364
complex_000477,0.2727272727272727,0.2727272727272727
complex_000477,0.5454545454545454,0.5454545454545454
complex_000477,0.35714285714285715,0.45454545454545453
complex_000477,0.36363636363636365,0.36363636363636365
complex_000477,0.46153846153846156,0.5454545454545454
complex_000477,0.2727272727272727,0.2727272727272727
complex_000477,0.7692307692307693,0.9090909090909091
complex_000477,0.5384615384615384,0.6363636363636364
complex_000477,0.45454545454545453,0.45454545454545453
complex_000477,0.6363636363636364,0.6363636363636364
complex_000477,0.45454545454545453,0.45454545454545453
complex_000477,0.4666666666666667,0.6363636363636364
complex_000477,0.2777777777777778,0.45454545454545453
complex_000477,0.6363636363636364,0.6363636363636364
complex_000477,0.6363636363636364,0.6363636363636364
complex_000477,0.7272727272727273,0.7272727272727273
complex_000477,0.2727272727272727,0.2727272727272727
complex_000477,0.5454545454545454,0.5454545454545454
complex_000477,0.46153846153846156,0.5454545454545454
complex_000477,0.5333333333333333,0.7272727272727273
complex_000477,0.6923076923076923,0.8181818181818182
complex_000477,0.6153846153846154,0.7272727272727273
complex_000477,0.42857142857142855,0.5454545454545454
complex_000477,0.45454545454545453,0.45454545454545453
complex_000477,0.2727272727272727,0.2727272727272727
complex_000477,0.25,0.2727272727272727
complex_000477,0.35714285714285715,0.45454545454545453
complex_000477,0.5714285714285714,0.7272727272727273
complex_000477,0.375,0.5454545454545454
complex_000477,0.6428571428571429,0.8181818181818182
complex_000477,0.42857142857142855,0.5454545454545454
complex_000477,0.5714285714285714,0.7272727272727273
complex_000477,0.35714285714285715,0.45454545454545453
complex_000477,0.5,0.6363636363636364
complex_000477,0.3333333333333333,0.45454545454545453
complex_000477,0.5454545454545454,0.5454545454545454
complex_000477,0.3076923076923077,0.36363636363636365
complex_000477,0.45454545454545453,0.45454545454545453
complex_000477,0.42857142857142855,0.5454545454545454
complex_000477,0.5454545454545454,0.5454545454545454
complex_000477,0.45454545454545453,0.45454545454545453
complex_000477,0.38461538461538464,0.45454545454545453
complex_000477,0.8333333333333334,0.9090909090909091
complex_000477,0.3333333333333333,0.45454545454545453
complex_000477,0.3333333333333333,0.45454545454545453
complex_000477,0.5333333333333333,0.7272727272727273
complex_000477,0.5833333333333334,0.6363636363636364
complex_000477,0.45454545454545453,0.45454545454545453
complex_000477,0.2727272727272727,0.2727272727272727
complex_000477,0.2727272727272727,0.2727272727272727
complex_000477,0.5833333333333334,0.6363636363636364
complex_000477,0.8181818181818182,0.8181818181818182
complex_000477,0.5833333333333334,0.6363636363636364
complex_000477,0.18181818181818182,0.18181818181818182
complex_000477,0.5833333333333334,0.6363636363636364
complex_000477,0.45454545454545453,0.45454545454545453
complex_000477,0.2727272727272727,0.2727272727272727
complex_000477,0.2631578947368421,0.45454545454545453
complex_000477,0.6666666666666666,0.7272727272727273
complex_000477,0.3125,0.45454545454545453
complex_000477,0.36363636363636365,0.36363636363636365
complex_000477,0.36363636363636365,0.36363636363636365
complex_000477,0.46153846153846156,0.5454545454545454
complex_000477,0.3333333333333333,0.36363636363636365
complex_000477,0.5384615384615384,0.6363636363636364
complex_000477,0.45454545454545453,0.45454545454545453
complex_000477,0.4375,0.6363636363636364
complex_000477,0.2857142857142857,0.36363636363636365
complex_000477,0.375,0.5454545454545454
complex_000477,0.6363636363636364,0.6363636363636364
complex_000477,0.7272727272727273,0.7272727272727273
complex_000477,0.36363636363636365,0.36363636363636365
complex_000477,0.3333333333333333,0.36363636363636365
complex_000477,0.5454545454545454,0.5454545454545454
complex_000477,0.2727272727272727,0.2727272727272727
complex_000477,0.38461538461538464,0.45454545454545453
complex_000477,0.45454545454545453,0.45454545454545453
complex_000477,0.2,0.2727272727272727
complex_000477,0.5,0.5454545454545454
complex_000477,0.36363636363636365,0.36363636363636365
complex_000477,0.45454545454545453,0.45454545454545453
complex_000477,0.46153846153846156,0.5454545454545454
complex_000477,0.45454545454545453,0.45454545454545453
complex_000477,0.8181818181818182,0.8181818181818182
complex_000477,0.5,0.5454545454545454
complex_000477,0.2727272727272727,0.2727272727272727
complex_000477,0.35714285714285715,0.45454545454545453
complex_000477,0.46153846153846156,0.5454545454545454
complex_000477,0.45454545454545453,0.45454545454545453
complex_000477,0.5384615384615384,0.6363636363636364
complex_000477,0.5,0.6363636363636364
complex_000477,0.6666666666666666,0.7272727272727273
complex_000477,0.6666666666666666,0.7272727272727273
complex_000477,0.2,0.2727272727272727
complex_000477,0.6153846153846154,0.7272727272727273
complex_000477,0.5,0.5454545454545454
complex_000477,0.35294117647058826,0.5454545454545454
complex_000506,0.4,0.4444444444444444
complex_000506,0.5555555555555556,0.5555555555555556
complex_000506,0.4444444444444444,0.4444444444444444
complex_000506,0.45454545454545453,0.5555555555555556
complex_000506,0.4,0.4444444444444444
complex_000506,0.7777777777777778,0.7777777777777778
complex_000506,0.7,0.7777777777777778
complex_000506,0.6666666666666666,0.6666666666666666
complex_000506,0.5555555555555556,0.5555555555555556
complex_000506,0.3333333333333333,0.4444444444444444
complex_000506,0.7,0.7777777777777778
complex_000506,0.4,0.4444444444444444
complex_000506,0.4,0.4444444444444444
complex_000506,0.2222222222222222,0.2222222222222222
complex_000506,0.4166666666666667,0.5555555555555556
complex_000506,0.5,0.5555555555555556
complex_000506,0.5,0.6666666666666666
complex_000506,0.6,0.6666666666666666
complex_000506,0.5,0.5555555555555556
complex_000506,0.7,0.7777777777777778
complex_000506,0.7777777777777778,0.7777777777777778
complex_000506,0.6,0.6666666666666666
complex_000506,0.7,0.7777777777777778
complex_000506,0.45454545454545453,0.5555555555555556
complex_000506,0.5454545454545454,0.6666666666666666
complex_000506,0.4,0.4444444444444444
complex_000506,0.7,0.7777777777777778
complex_000506,0.5454545454545454,0.6666666666666666
complex_000506,0.6,0.6666666666666666
complex_000506,0.4444444444444444,0.4444444444444444
complex_000506,0.45454545454545453,0.5555555555555556
complex_000506,0.45454545454545453,0.5555555555555556
complex_000506,0.4,0.4444444444444444
complex_000506,0.45454545454545453,0.5555555555555556
complex_000506,0.45454545454545453,0.5555555555555556
complex_000506,0.6,0.6666666666666666
complex_000506,0.5555555555555556,0.5555555555555556
complex_000506,0.35714285714285715,0.5555555555555556
complex_000506,0.35714285714285715,0.5555555555555556
complex_000506,0.6,0.6666666666666666
complex_000506,0.5,0.5555555555555556
complex_000506,0.4166666666666667,0.5555555555555556
complex_000506,0.5555555555555556,0.5555555555555556
complex_000506,0.5,0.7777777777777778
complex_000506,0.45454545454545453,0.5555555555555556
complex_000506,0.45454545454545453,0.5555555555555556
complex_000506,0.6,0.6666666666666666
complex_000506,0.5555555555555556,0.5555555555555556
complex_000506,0.3,0.3333333333333333
complex_000506,0.5454545454545454,0.6666666666666666
complex_000506,0.45454545454545453,0.5555555555555556
complex_000506,0.5,0.5555555555555556
complex_000506,0.45454545454545453,0.5555555555555556
complex_000506,0.6,0.6666666666666666
complex_000506,0.6,0.6666666666666666
complex_000506,0.5555555555555556,0.5555555555555556
complex_000506,0.4166666666666667,0.5555555555555556
complex_000506,0.5454545454545454,0.6666666666666666
complex_000506,0.35714285714285715,0.5555555555555556
complex_000506,0.38461538461538464,0.5555555555555556
complex_000506,0.5,0.5555555555555556
complex_000506,0.5384615384615384,0.7777777777777778
complex_000506,0.5,0.5555555555555556
complex_000506,0.5454545454545454,0.6666666666666666
complex_000506,0.6666666666666666,0.6666666666666666
complex_000506,0.6363636363636364,0.7777777777777778
complex_000506,0.5,0.5555555555555556
complex_000506,0.7777777777777778,0.7777777777777778
complex_000506,0.4166666666666667,0.5555555555555556
complex_000506,0.6,0.6666666666666666
complex_000506,0.6,0.6666666666666666
complex_000506,0.5,0.6666666666666666
complex_000506,0.7,0.7777777777777778
complex_000506,0.4,0.4444444444444444
complex_000506,0.5,0.5555555555555556
complex_000506,0.7,0.7777777777777778
complex_000506,0.5384615384615384,0.7777777777777778
complex_000506,0.6,0.6666666666666666
complex_000506,0.6,0.6666666666666666
complex_000506,0.5454545454545454,0.6666666666666666
complex_000506,0.4444444444444444,0.4444444444444444
complex_000506,0.5,0.5555555555555556
complex_000506,0.5,0.5555555555555556
complex_000506,0.7,0.7777777777777778
complex_000506,0.4444444444444444,0.4444444444444444
complex_000506,0.5555555555555556,0.5555555555555556
complex_000506,0.36363636363636365,0.4444444444444444
complex_000506,0.5555555555555556,0.5555555555555556
complex_000506,0.45454545454545453,0.5555555555555556
complex_000506,0.5,0.5555555555555556
complex_000506,0.6,0.6666666666666666
complex_000506,0.5,0.5555555555555556
complex_000506,0.6363636363636364,0.7777777777777778
complex_000506,0.5454545454545454,0.6666666666666666
complex_000506,0.6,0.6666666666666666
complex_000506,0.5555555555555556,0.5555555555555556
complex_000506,0.6,0.6666666666666666
complex_000506,0.45454545454545453,0.5555555555555556
complex_000506,0.3076923076923077,0.4444444444444444
complex_000506,0.45454545454545453,0.5555555555555556
complex_000535,0.45454545454545453,0.5555555555555556
complex_000535,0.3333333333333333,0.3333333333333333
complex_000535,0.47619047619047616,0.5555555555555556
complex_000535,0.3333333333333333,0.3333333333333333
complex_000535,0.5789473684210527,0.6111111111111112
complex_000535,0.4444444444444444,0.4444444444444444
complex_000535,0.55,0.6111111111111112
complex_000535,0.5,0.6111111111111112
complex_000535,0.4782608695652174,0.6111111111111112
complex_000535,0.42857142857142855,0.5
complex_000535,0.3333333333333333,0.3333333333333333
complex_000535,0.3333333333333333,0.3333333333333333
complex_000535,0.3888888888888889,0.3888888888888889
complex_000535,0.6111111111111112,0.6111111111111112
complex_000535,0.6,0.6666666666666666
complex_000535,0.2777777777777778,0.2777777777777778
complex_000535,0.5263157894736842,0.5555555555555556
complex_000535,0.3888888888888889,0.3888888888888889
complex_000535,0.4444444444444444,0.4444444444444444
complex_000535,0.5,0.5555555555555556
complex_000535,0.3333333333333333,0.3888888888888889
complex_000535,0.3157894736842105,0.3333333333333333
complex_000535,0.4782608695652174,0.6111111111111112
complex_000535,0.5238095238095238,0.6111111111111112
complex_000535,0.3888888888888889,0.3888888888888889
complex_000535,0.5263157894736842,0.5555555555555556
complex_000535,0.5555555555555556,0.5555555555555556
complex_000535,0.3888888888888889,0.3888888888888889
complex_000535,0.4444444444444444,0.4444444444444444
complex_000535,0.5454545454545454,0.6666666666666666
complex_000535,0.6111111111111112,0.6111111111111112
complex_000535,0.5263157894736842,0.5555555555555556
complex_000535,0.5263157894736842,0.5555555555555556
complex_000535,0.5,0.5
complex_000535,0.42105263157894735,0.4444444444444444
complex_000535,0.4444444444444444,0.4444444444444444
complex_000535,0.5238095238095238,0.6111111111111112
complex_000535,0.5,0.5
complex_000535,0.47368421052631576,0.5
complex_000535,0.36363636363636365,0.4444444444444444
complex_000535,0.5,0.5
complex_000535,0.5555555555555556,0.5555555555555556
complex_000535,0.47368421052631576,0.5
complex_000535,0.3333333333333333,0.3333333333333333
complex_000535,0.5789473684210527,0.6111111111111112
complex_000535,0.42105263157894735,0.4444444444444444
complex_000535,0.47368421052631576,0.5
complex_000535,0.3888888888888889,0.3888888888888889
complex_000535,0.5263157894736842,0.5555555555555556
complex_000535,0.5,0.5555555555555556
complex_000535,0.42857142857142855,0.5
complex_000535,0.4444444444444444,0.4444444444444444
complex_000535,0.3888888888888889,0.3888888888888889
complex_000535,0.45454545454545453,0.5555555555555556
complex_000535,0.4,0.4444444444444444
complex_000535,0.5,0.5
complex_000535,0.5,0.5
complex_000535,0.47368421052631576,0.5
complex_000535,0.42857142857142855,0.5
complex_000535,0.55,0.6111111111111112
complex_000535,0.43478260869565216,0.5555555555555556
complex_000535,0.45454545454545453,0.5555555555555556
complex_000535,0.34782608695652173,0.4444444444444444
complex_000535,0.4444444444444444,0.4444444444444444
complex_000535,0.43478260869565216,0.5555555555555556
complex_000535,0.3888888888888889,0.3888888888888889
complex_000535,0.3333333333333333,0.3333333333333333
complex_000535,0.4444444444444444,0.4444444444444444
complex_000535,0.65,0.7222222222222222
complex_000535,0.43478260869565216,0.5555555555555556
complex_000535,0.47368421052631576,0.5
complex_000535,0.5,0.5555555555555556
complex_000535,0.3888888888888889,0.3888888888888889
complex_000535,0.42105263157894735,0.4444444444444444
complex_000535,0.5263157894736842,0.5555555555555556
complex_000535,0.3888888888888889,0.3888888888888889
complex_000535,0.4,0.4444444444444444
complex_000535,0.5,0.5
complex_000535,0.5789473684210527,0.6111111111111112
complex_000535,0.3888888888888889,0.3888888888888889
complex_000535,0.2777777777777778,0.2777777777777778
complex_000535,0.4444444444444444,0.4444444444444444
complex_000535,0.5,0.5
complex_000535,0.3888888888888889,0.3888888888888889
complex_000535,0.3888888888888889,0.3888888888888889
complex_000535,0.45,0.5
complex_000535,0.4230769230769231,0.6111111111111112
complex_000535,0.5238095238095238,0.6111111111111112
complex_000535,0.47368421052631576,0.5
complex_000535,0.4090909090909091,0.5
complex_000535,0.2777777777777778,0.2777777777777778
complex_000535,0.4444444444444444,0.4444444444444444
complex_000535,0.5238095238095238,0.6111111111111112
complex_000535,0.5,0.6111111111111112
complex_000535,0.5555555555555556,0.5555555555555556
complex_000535,0.5263157894736842,0.5555555555555556
complex_000535,0.3888888888888889,0.3888888888888889
complex_000535,0.3333333333333333,0.3333333333333333
complex_000535,0.3888888888888889,0.3888888888888889
complex_000535,0.46153846153846156,0.6666666666666666
complex_000540,0.6,0.631578947368421
complex_000540,0.42857142857142855,0.47368421052631576
complex_000540,0.5263157894736842,0.5263157894736842
complex_000540,0.5,0.5263157894736842
complex_000540,0.5238095238095238,0.5789473684210527
complex_000540,0.5714285714285714,0.631578947368421
complex_000540,0.38095238095238093,0.42105263157894735
complex_000540,0.5,0.5263157894736842
complex_000540,0.391304347826087,0.47368421052631576
complex_000540,0.4,0.42105263157894735
complex_000540,0.38095238095238093,0.42105263157894735
complex_000540,0.3,0.3157894736842105
complex_000540,0.42857142857142855,0.47368421052631576
complex_000540,0.25,0.3157894736842105
complex_000540,0.4166666666666667,0.5263157894736842
complex_000540,0.47368421052631576,0.47368421052631576
complex_000540,0.21052631578947367,0.21052631578947367
complex_000540,0.43478260869565216,0.5263157894736842
complex_000540,0.5,0.5263157894736842
complex_000540,0.4583333333333333,0.5789473684210527
complex_000540,0.55,0.5789473684210527
complex_000540,0.55,0.5789473684210527
complex_000540,0.38095238095238093,0.42105263157894735
complex_000540,0.3157894736842105,0.3157894736842105
complex_000540,0.45,0.47368421052631576
complex_000540,0.4166666666666667,0.5263157894736842
complex_000540,0.5714285714285714,0.631578947368421
complex_000540,0.3684210526315789,0.3684210526315789
complex_000540,0.3684210526315789,0.3684210526315789
complex_000540,0.42105263157894735,0.42105263157894735
complex_000540,0.5,0.631578947368421
complex_000540,0.3333333333333333,0.3684210526315789
complex_000540,0.45,0.47368421052631576
complex_000540,0.2631578947368421,0.2631578947368421
complex_000540,0.42857142857142855,0.47368421052631576
complex_000540,0.4090909090909091,0.47368421052631576
complex_000540,0.5,0.6842105263157895
complex_000540,0.42105263157894735,0.42105263157894735
complex_000540,0.3684210526315789,0.3684210526315789
complex_000540,0.34782608695652173,0.42105263157894735
complex_000540,0.47368421052631576,0.47368421052631576
complex_000540,0.45454545454545453,0.5263157894736842
complex_000540,0.4166666666666667,0.5263157894736842
complex_000540,0.3684210526315789,0.3684210526315789
complex_000540,0.21052631578947367,0.21052631578947367
complex_000540,0.6,0.631578947368421
complex_000540,0.6,0.631578947368421
complex_000540,0.45,0.47368421052631576
complex_000540,0.35,0.3684210526315789
complex_000540,0.45,0.47368421052631576
complex_000540,0.42105263157894735,0.42105263157894735
complex_000540,0.47368421052631576,0.47368421052631576
complex_000540,0.42857142857142855,0.47368421052631576
complex_000540,0.47368421052631576,0.47368421052631576
complex_000540,0.5909090909090909,0.6842105263157895
complex_000540,0.3684210526315789,0.3684210526315789
complex_000540,0.4,0.5263157894736842
complex_000540,0.6,0.631578947368421
complex_000540,0.3684210526315789,0.3684210526315789
complex_000540,0.3157894736842105,0.3157894736842105
complex_000540,0.3157894736842105,0.3157894736842105
complex_000540,0.5454545454545454,0.631578947368421
complex_000540,0.3157894736842105,0.3157894736842105
complex_000540,0.4,0.42105263157894735
complex_000540,0.45,0.47368421052631576
complex_000540,0.45454545454545453,0.5263157894736842
complex_000540,0.21052631578947367,0.21052631578947367
complex_000540,0.55,0.5789473684210527
complex_000540,0.4583333333333333,0.5789473684210527
complex_000540,0.3157894736842105,0.3157894736842105
complex_000540,0.4782608695652174,0.5789473684210527
complex_000540,0.4,0.5263157894736842
complex_000540,0.47619047619047616,0.5263157894736842
complex_000540,0.3157894736842105,0.3157894736842105
complex_000540,0.391304347826087,0.47368421052631576
complex_000540,0.55,0.5789473684210527
complex_000540,0.6,0.631578947368421
complex_000540,0.47368421052631576,0.47368421052631576
complex_000540,0.55,0.5789473684210527
complex_000540,0.4166666666666667,0.5263157894736842
complex_000540,0.45,0.47368421052631576
complex_000540,0.35,0.3684210526315789
complex_000540,0.65,0.6842105263157895
complex_000540,0.42105263157894735,0.42105263157894735
complex_000540,0.35,0.3684210526315789
complex_000540,0.3157894736842105,0.3157894736842105
complex_000540,0.25,0.2631578947368421
complex_000540,0.4,0.5263157894736842
complex_000540,0.45,0.47368421052631576
complex_000540,0.36,0.47368421052631576
complex_000540,0.5238095238095238,0.5789473684210527
complex_000540,0.2916666666666667,0.3684210526315789
complex_000540,0.4,0.42105263157894735
complex_000540,0.2631578947368421,0.2631578947368421
complex_000540,0.6,0.631578947368421
complex_000540,0.3181818181818182,0.3684210526315789
complex_000540,0.44,0.5789473684210527
complex_000540,0.45454545454545453,0.5263157894736842
complex_000540,0.3157894736842105,0.3157894736842105
complex_000540,0.43478260869565216,0.5263157894736842
