arm,pocket,receptor,mol_idx,score
critic_r0,complex_000069,complex_000426,0,-10.17619
critic_r0,complex_000069,complex_000426,1,-6.77149
critic_r0,complex_000069,complex_000426,2,-9.15562
critic_r0,complex_000069,complex_000426,3,-7.10388
critic_r0,complex_000069,complex_000426,4,-7.27673
critic_r0,complex_000069,complex_000426,5,-6.06833
critic_r0,complex_000069,complex_000426,6,-8.79596
critic_r0,complex_000069,complex_000426,7,-7.22787
critic_r0,complex_000069,complex_000426,8,-7.9517
critic_r0,complex_000069,complex_000426,9,-7.26561
critic_r0,complex_000069,complex_000426,10,-7.30005
critic_r0,complex_000069,complex_000426,11,-4.56399
critic_r0,complex_000069,complex_000426,12,-8.39286
critic_r0,complex_000069,complex_000426,13,-10.4746
critic_r0,complex_000069,complex_000426,14,-8.97238
critic_r0,complex_000069,complex_000426,15,-7.3044
critic_r0,complex_000069,complex_000426,16,-8.52094
critic_r0,complex_000069,complex_000426,17,-6.0412
critic_r0,complex_000069,complex_000426,18,-7.48866
critic_r0,complex_000069,complex_000426,19,-7.06636
critic_r0,complex_000069,complex_000069,0,-11.6088
critic_r0,complex_000069,complex_000069,1,-7.58508
critic_r0,complex_000069,complex_000069,2,-9.26158
critic_r0,complex_000069,complex_000069,3,-7.63474
critic_r0,complex_000069,complex_000069,4,-7.75012
critic_r0,complex_000069,complex_000069,5,-6.36618
critic_r0,complex_000069,complex_000069,6,-9.86949
critic_r0,complex_000069,complex_000069,7,-7.91627
critic_r0,complex_000069,complex_000069,8,-7.59834
critic_r0,complex_000069,complex_000069,9,-7.72337
critic_r0,complex_000069,complex_000069,10,-9.15077
critic_r0,complex_000069,complex_000069,11,-5.1549
critic_r0,complex_000069,complex_000069,12,-8.1703
critic_r0,complex_000069,complex_000069,13,-10.46209
critic_r0,complex_000069,complex_000069,14,-9.34231
critic_r0,complex_000069,complex_000069,15,-7.70387
critic_r0,complex_000069,complex_000069,16,-10.37296
critic_r0,complex_000069,complex_000069,17,-6.85087
critic_r0,complex_000069,complex_000069,18,-7.61853
critic_r0,complex_000069,complex_000069,19,-7.39578
critic_r0,complex_000069,complex_000292,0,-7.74873
critic_r0,complex_000069,complex_000292,1,-5.77654
critic_r0,complex_000069,complex_000292,2,-7.56034
critic_r0,complex_000069,complex_000292,3,-6.24132
critic_r0,complex_000069,complex_000292,4,-6.52658
critic_r0,complex_000069,complex_000292,5,-5.3613
critic_r0,complex_000069,complex_000292,6,-7.43175
critic_r0,complex_000069,complex_000292,7,-6.98702
critic_r0,complex_000069,complex_000292,8,-5.88654
critic_r0,complex_000069,complex_000292,9,-5.84651
critic_r0,complex_000069,complex_000292,10,-6.17843
critic_r0,complex_000069,complex_000292,11,-4.35497
critic_r0,complex_000069,complex_000292,12,-7.26779
critic_r0,complex_000069,complex_000292,13,-8.1843
critic_r0,complex_000069,complex_000292,14,-7.76133
critic_r0,complex_000069,complex_000292,15,-6.32677
critic_r0,complex_000069,complex_000292,16,-6.70254
critic_r0,complex_000069,complex_000292,17,-5.64538
critic_r0,complex_000069,complex_000292,18,-6.10211
critic_r0,complex_000069,complex_000292,19,-5.93489
critic_r0,complex_000069,complex_000026,0,-9.98994
critic_r0,complex_000069,complex_000026,1,-7.26739
critic_r0,complex_000069,complex_000026,2,-8.69608
critic_r0,complex_000069,complex_000026,3,-7.08661
critic_r0,complex_000069,complex_000026,4,-8.32232
critic_r0,complex_000069,complex_000026,5,-6.07053
critic_r0,complex_000069,complex_000026,6,-9.0365
critic_r0,complex_000069,complex_000026,7,-7.67398
critic_r0,complex_000069,complex_000026,8,-7.29583
critic_r0,complex_000069,complex_000026,9,-6.84278
critic_r0,complex_000069,complex_000026,10,-7.80022
critic_r0,complex_000069,complex_000026,11,-4.76759
critic_r0,complex_000069,complex_000026,12,-7.97686
critic_r0,complex_000069,complex_000026,13,-9.47001
critic_r0,complex_000069,complex_000026,14,-8.20618
critic_r0,complex_000069,complex_000026,15,-7.3078
critic_r0,complex_000069,complex_000026,16,-8.55526
critic_r0,complex_000069,complex_000026,17,-6.69679
critic_r0,complex_000069,complex_000026,18,-7.37529
critic_r0,complex_000069,complex_000026,19,-6.96387
critic_r0,complex_000063,complex_000148,0,-8.65198
critic_r0,complex_000063,complex_000148,1,-7.71294
critic_r0,complex_000063,complex_000148,2,-5.7651
critic_r0,complex_000063,complex_000148,3,-5.07825
critic_r0,complex_000063,complex_000148,4,-8.23384
critic_r0,complex_000063,complex_000148,5,-9.21632
critic_r0,complex_000063,complex_000148,6,-8.07985
critic_r0,complex_000063,complex_000148,7,-7.70105
critic_r0,complex_000063,complex_000148,8,-8.21944
critic_r0,complex_000063,complex_000148,9,-7.07937
critic_r0,complex_000063,complex_000148,10,-6.26271
critic_r0,complex_000063,complex_000148,11,-6.24542
critic_r0,complex_000063,complex_000148,12,-4.68677
critic_r0,complex_000063,complex_000148,13,-6.21825
critic_r0,complex_000063,complex_000148,14,-4.91622
critic_r0,complex_000063,complex_000148,15,-4.66065
critic_r0,complex_000063,complex_000148,16,-4.52514
critic_r0,complex_000063,complex_000148,17,-5.31034
critic_r0,complex_000063,complex_000148,18,-4.47106
critic_r0,complex_000063,complex_000148,19,-6.72661
critic_r0,complex_000063,complex_000063,0,-9.31339
critic_r0,complex_000063,complex_000063,1,-8.05443
critic_r0,complex_000063,complex_000063,2,-5.96061
critic_r0,complex_000063,complex_000063,3,-5.55393
critic_r0,complex_000063,complex_000063,4,-8.10453
critic_r0,complex_000063,complex_000063,5,-9.50206
critic_r0,complex_000063,complex_000063,6,-8.2962
critic_r0,complex_000063,complex_000063,7,-7.68269
critic_r0,complex_000063,complex_000063,8,-9.10262
critic_r0,complex_000063,complex_000063,9,-7.68431
critic_r0,complex_000063,complex_000063,10,-6.45564
critic_r0,complex_000063,complex_000063,11,-6.71008
critic_r0,complex_000063,complex_000063,12,-5.11538
critic_r0,complex_000063,complex_000063,13,-7.32411
critic_r0,complex_000063,complex_000063,14,-5.19005
critic_r0,complex_000063,complex_000063,15,-5.2943
critic_r0,complex_000063,complex_000063,16,-5.15463
critic_r0,complex_000063,complex_000063,17,-5.86215
critic_r0,complex_000063,complex_000063,18,-4.37035
critic_r0,complex_000063,complex_000063,19,-7.5962
critic_r0,complex_000051,complex_000266,0,-7.87393
critic_r0,complex_000051,complex_000266,1,-9.74466
critic_r0,complex_000051,complex_000266,2,-9.69263
critic_r0,complex_000051,complex_000266,3,-8.65648
critic_r0,complex_000051,complex_000266,4,-8.44745
critic_r0,complex_000051,complex_000266,5,-8.51471
critic_r0,complex_000051,complex_000266,6,-10.52211
critic_r0,complex_000051,complex_000266,7,-7.28681
critic_r0,complex_000051,complex_000266,8,-8.40463
critic_r0,complex_000051,complex_000266,9,-8.78253
critic_r0,complex_000051,complex_000266,10,-6.27414
critic_r0,complex_000051,complex_000266,11,-6.92188
critic_r0,complex_000051,complex_000266,12,-8.79449
critic_r0,complex_000051,complex_000266,13,-8.71148
critic_r0,complex_000051,complex_000266,14,-5.52925
critic_r0,complex_000051,complex_000266,15,-5.57035
critic_r0,complex_000051,complex_000266,16,-8.2014
critic_r0,complex_000051,complex_000266,17,-8.01141
critic_r0,complex_000051,complex_000266,18,-4.89021
critic_r0,complex_000051,complex_000266,19,-9.6567
critic_r0,complex_000051,complex_000363,0,-8.84333
critic_r0,complex_000051,complex_000363,1,-10.94035
critic_r0,complex_000051,complex_000363,2,-11.08021
critic_r0,complex_000051,complex_000363,3,-9.69737
critic_r0,complex_000051,complex_000363,4,-8.96917
critic_r0,complex_000051,complex_000363,5,-8.0331
critic_r0,complex_000051,complex_000363,6,-10.34998
critic_r0,complex_000051,complex_000363,7,-8.28839
critic_r0,complex_000051,complex_000363,8,-8.63374
critic_r0,complex_000051,complex_000363,9,-9.67319
critic_r0,complex_000051,complex_000363,10,-6.14083
critic_r0,complex_000051,complex_000363,11,-8.20908
critic_r0,complex_000051,complex_000363,12,-8.99871
critic_r0,complex_000051,complex_000363,13,-9.02715
critic_r0,complex_000051,complex_000363,14,-6.08828
critic_r0,complex_000051,complex_000363,15,-5.55841
critic_r0,complex_000051,complex_000363,16,-9.45284
critic_r0,complex_000051,complex_000363,17,-7.25562
critic_r0,complex_000051,complex_000363,18,-5.28844
critic_r0,complex_000051,complex_000363,19,-10.38341
critic_r0,complex_000059,complex_000059,0,-6.99482
critic_r0,complex_000059,complex_000059,1,-6.81965
critic_r0,complex_000059,complex_000059,2,-6.68174
critic_r0,complex_000059,complex_000059,3,-7.08318
critic_r0,complex_000059,complex_000059,4,-10.35788
critic_r0,complex_000059,complex_000059,5,-7.72027
critic_r0,complex_000059,complex_000059,6,-9.30849
critic_r0,complex_000059,complex_000059,7,-7.49794
critic_r0,complex_000059,complex_000059,8,-6.3243
critic_r0,complex_000059,complex_000059,9,-10.07376
critic_r0,complex_000059,complex_000059,10,-7.28107
critic_r0,complex_000059,complex_000059,11,-7.98864
critic_r0,complex_000059,complex_000059,12,-9.34562
critic_r0,complex_000059,complex_000059,13,-8.64981
critic_r0,complex_000059,complex_000059,14,-9.82952
critic_r0,complex_000059,complex_000059,15,-7.68835
critic_r0,complex_000059,complex_000059,16,-9.68428
critic_r0,complex_000059,complex_000059,17,-8.14787
critic_r0,complex_000059,complex_000059,18,-9.5533
critic_r0,complex_000059,complex_000059,19,-7.70551
critic_r0,complex_000063,complex_000376,0,-10.61038
critic_r0,complex_000063,complex_000376,1,-9.01768
critic_r0,complex_000063,complex_000376,2,-6.5594
critic_r0,complex_000063,complex_000376,3,-6.2309
critic_r0,complex_000063,complex_000376,4,-9.5083
critic_r0,complex_000063,complex_000376,5,-10.15104
critic_r0,complex_000063,complex_000376,6,-8.7374
critic_r0,complex_000063,complex_000376,7,-8.37937
critic_r0,complex_000063,complex_000376,8,-9.5008
critic_r0,complex_000063,complex_000376,9,-8.92316
critic_r0,complex_000063,complex_000376,10,-7.6955
critic_r0,complex_000063,complex_000376,11,-7.62487
critic_r0,complex_000063,complex_000376,12,-5.9794
critic_r0,complex_000063,complex_000376,13,-7.47606
critic_r0,complex_000063,complex_000376,14,-5.36873
critic_r0,complex_000063,complex_000376,15,-5.58157
critic_r0,complex_000063,complex_000376,16,-6.07704
critic_r0,complex_000063,complex_000376,17,-6.45625
critic_r0,complex_000063,complex_000376,18,-5.51394
critic_r0,complex_000063,complex_000376,19,-8.3121
critic_r0,complex_000001,complex_000266,0,-8.03514
critic_r0,complex_000001,complex_000266,1,-6.32258
critic_r0,complex_000001,complex_000266,2,-7.72177
critic_r0,complex_000001,complex_000266,3,-7.98102
critic_r0,complex_000001,complex_000266,4,-6.02963
critic_r0,complex_000001,complex_000266,5,-9.23423
critic_r0,complex_000001,complex_000266,6,-5.5492
critic_r0,complex_000001,complex_000266,7,-6.75378
critic_r0,complex_000001,complex_000266,8,-5.37149
critic_r0,complex_000001,complex_000266,9,-8.36836
critic_r0,complex_000001,complex_000266,10,-9.41682
critic_r0,complex_000001,complex_000266,11,-7.9913
critic_r0,complex_000001,complex_000266,12,-10.74066
critic_r0,complex_000001,complex_000266,13,-8.998
critic_r0,complex_000001,complex_000266,14,-7.15605
critic_r0,complex_000001,complex_000266,15,-7.79986
critic_r0,complex_000001,complex_000266,16,-7.22519
critic_r0,complex_000001,complex_000266,17,-7.47627
critic_r0,complex_000001,complex_000266,18,-8.32473
critic_r0,complex_000001,complex_000266,19,-6.75573
critic_r0,complex_000059,complex_000363,0,-7.84712
critic_r0,complex_000059,complex_000363,1,-7.41137
critic_r0,complex_000059,complex_000363,2,-6.49664
critic_r0,complex_000059,complex_000363,3,-7.52775
critic_r0,complex_000059,complex_000363,4,-10.78786
critic_r0,complex_000059,complex_000363,5,-8.51563
critic_r0,complex_000059,complex_000363,6,-9.24368
critic_r0,complex_000059,complex_000363,7,-7.9374
critic_r0,complex_000059,complex_000363,8,-6.68244
critic_r0,complex_000059,complex_000363,9,-10.59818
critic_r0,complex_000059,complex_000363,10,-7.27769
critic_r0,complex_000059,complex_000363,11,-8.17337
critic_r0,complex_000059,complex_000363,12,-9.40519
critic_r0,complex_000059,complex_000363,13,-9.8909
critic_r0,complex_000059,complex_000363,14,-11.21282
critic_r0,complex_000059,complex_000363,15,-8.22815
critic_r0,complex_000059,complex_000363,16,-9.68459
critic_r0,complex_000059,complex_000363,17,-8.3702
critic_r0,complex_000059,complex_000363,18,-8.70008
critic_r0,complex_000059,complex_000363,19,-8.23129
critic_r0,complex_000059,complex_000382,0,-7.28188
critic_r0,complex_000059,complex_000382,1,-7.13988
critic_r0,complex_000059,complex_000382,2,-6.78373
critic_r0,complex_000059,complex_000382,3,-7.11303
critic_r0,complex_000059,complex_000382,4,-10.2164
critic_r0,complex_000059,complex_000382,5,-8.69154
critic_r0,complex_000059,complex_000382,6,-8.93598
critic_r0,complex_000059,complex_000382,7,-6.97464
critic_r0,complex_000059,complex_000382,8,-6.87708
critic_r0,complex_000059,complex_000382,9,-10.77252
critic_r0,complex_000059,complex_000382,10,-7.35812
critic_r0,complex_000059,complex_000382,11,-8.45972
critic_r0,complex_000059,complex_000382,12,-10.02848
critic_r0,complex_000059,complex_000382,13,-9.6364
critic_r0,complex_000059,complex_000382,14,-10.87936
critic_r0,complex_000059,complex_000382,15,-8.51316
critic_r0,complex_000059,complex_000382,16,-9.62439
critic_r0,complex_000059,complex_000382,17,-9.26198
critic_r0,complex_000059,complex_000382,18,-9.06537
critic_r0,complex_000059,complex_000382,19,-8.21044
critic_r0,complex_000063,complex_000411,0,-10.5359
critic_r0,complex_000063,complex_000411,1,-8.49072
critic_r0,complex_000063,complex_000411,2,-6.40056
critic_r0,complex_000063,complex_000411,3,-5.63374
critic_r0,complex_000063,complex_000411,4,-8.42055
critic_r0,complex_000063,complex_000411,5,-10.15791
critic_r0,complex_000063,complex_000411,6,-8.76972
critic_r0,complex_000063,complex_000411,7,-8.0119
critic_r0,complex_000063,complex_000411,8,-9.28115
critic_r0,complex_000063,complex_000411,9,-8.19136
critic_r0,complex_000063,complex_000411,10,-7.07494
critic_r0,complex_000063,complex_000411,11,-7.0149
critic_r0,complex_000063,complex_000411,12,-5.49989
critic_r0,complex_000063,complex_000411,13,-7.10577
critic_r0,complex_000063,complex_000411,14,-5.83013
critic_r0,complex_000063,complex_000411,15,-5.48307
critic_r0,complex_000063,complex_000411,16,-5.46503
critic_r0,complex_000063,complex_000411,17,-6.27345
critic_r0,complex_000063,complex_000411,18,-5.0886
critic_r0,complex_000063,complex_000411,19,-7.3188
critic_r0,complex_000051,complex_000473,0,-6.62475
critic_r0,complex_000051,complex_000473,1,-8.40127
critic_r0,complex_000051,complex_000473,2,-7.68245
critic_r0,complex_000051,complex_000473,3,-6.69623
critic_r0,complex_000051,complex_000473,4,-6.65911
critic_r0,complex_000051,complex_000473,5,-7.14131
critic_r0,complex_000051,complex_000473,6,-7.998
critic_r0,complex_000051,complex_000473,7,-6.43266
critic_r0,complex_000051,complex_000473,8,-6.89637
critic_r0,complex_000051,complex_000473,9,-6.83731
critic_r0,complex_000051,complex_000473,10,-5.56912
critic_r0,complex_000051,complex_000473,11,-5.41107
critic_r0,complex_000051,complex_000473,12,-7.25856
critic_r0,complex_000051,complex_000473,13,-6.88979
critic_r0,complex_000051,complex_000473,14,-4.96489
critic_r0,complex_000051,complex_000473,15,-4.96333
critic_r0,complex_000051,complex_000473,16,-6.47936
critic_r0,complex_000051,complex_000473,17,-5.84594
critic_r0,complex_000051,complex_000473,18,-4.3369
critic_r0,complex_000051,complex_000473,19,-7.05474
critic_r0,complex_000001,complex_000363,0,-9.05979
critic_r0,complex_000001,complex_000363,1,-6.52334
critic_r0,complex_000001,complex_000363,2,-8.74511
critic_r0,complex_000001,complex_000363,3,-7.46872
critic_r0,complex_000001,complex_000363,4,-6.79765
critic_r0,complex_000001,complex_000363,5,-9.44454
critic_r0,complex_000001,complex_000363,6,-5.90206
critic_r0,complex_000001,complex_000363,7,-7.35703
critic_r0,complex_000001,complex_000363,8,-5.406
critic_r0,complex_000001,complex_000363,9,-8.18571
critic_r0,complex_000001,complex_000363,10,-10.05163
critic_r0,complex_000001,complex_000363,11,-8.78015
critic_r0,complex_000001,complex_000363,12,-9.28001
critic_r0,complex_000001,complex_000363,13,-8.48242
critic_r0,complex_000001,complex_000363,14,-6.91513
critic_r0,complex_000001,complex_000363,15,-9.79327
critic_r0,complex_000001,complex_000363,16,-8.28347
critic_r0,complex_000001,complex_000363,17,-7.72205
critic_r0,complex_000001,complex_000363,18,-8.39792
critic_r0,complex_000001,complex_000363,19,-7.3911
critic_r0,complex_000026,complex_000063,0,-6.27647
critic_r0,complex_000026,complex_000063,1,-8.77604
critic_r0,complex_000026,complex_000063,2,-7.15637
critic_r0,complex_000026,complex_000063,3,-7.71803
critic_r0,complex_000026,complex_000063,4,-4.82386
critic_r0,complex_000026,complex_000063,5,-7.60117
critic_r0,complex_000026,complex_000063,6,-8.77335
critic_r0,complex_000026,complex_000063,7,-7.02266
critic_r0,complex_000026,complex_000063,8,-6.92081
critic_r0,complex_000026,complex_000063,9,-8.05163
critic_r0,complex_000026,complex_000063,10,-10.21263
critic_r0,complex_000026,complex_000063,11,-7.25923
critic_r0,complex_000026,complex_000063,12,-6.17604
critic_r0,complex_000026,complex_000063,13,-8.28899
critic_r0,complex_000026,complex_000063,14,-7.76241
critic_r0,complex_000026,complex_000063,15,-7.11126
critic_r0,complex_000026,complex_000063,16,-8.03434
critic_r0,complex_000026,complex_000063,17,-5.05983
critic_r0,complex_000026,complex_000063,18,-5.36038
critic_r0,complex_000026,complex_000063,19,-8.61326
critic_r0,complex_000051,complex_000051,0,-7.85557
critic_r0,complex_000051,complex_000051,1,-9.64186
critic_r0,complex_000051,complex_000051,2,-9.35692
critic_r0,complex_000051,complex_000051,3,-8.11483
critic_r0,complex_000051,complex_000051,4,-8.62356
critic_r0,complex_000051,complex_000051,5,-8.25174
critic_r0,complex_000051,complex_000051,6,-8.39427
critic_r0,complex_000051,complex_000051,7,-7.01749
critic_r0,complex_000051,complex_000051,8,-8.10723
critic_r0,complex_000051,complex_000051,9,-8.26063
critic_r0,complex_000051,complex_000051,10,-5.33435
critic_r0,complex_000051,complex_000051,11,-6.54162
critic_r0,complex_000051,complex_000051,12,-8.73865
critic_r0,complex_000051,complex_000051,13,-8.29031
critic_r0,complex_000051,complex_000051,14,-5.30486
critic_r0,complex_000051,complex_000051,15,-5.0388
critic_r0,complex_000051,complex_000051,16,-8.83376
critic_r0,complex_000051,complex_000051,17,-6.78771
critic_r0,complex_000051,complex_000051,18,-4.57287
critic_r0,complex_000051,complex_000051,19,-9.07835
critic_r0,complex_000001,complex_000001,0,-7.70815
critic_r0,complex_000001,complex_000001,1,-6.04143
critic_r0,complex_000001,complex_000001,2,-6.62584
critic_r0,complex_000001,complex_000001,3,-7.54667
critic_r0,complex_000001,complex_000001,4,-6.4795
critic_r0,complex_000001,complex_000001,5,-8.71413
critic_r0,complex_000001,complex_000001,6,-5.50663
critic_r0,complex_000001,complex_000001,7,-7.73108
critic_r0,complex_000001,complex_000001,8,-4.46095
critic_r0,complex_000001,complex_000001,9,-10.14148
critic_r0,complex_000001,complex_000001,10,-8.99202
critic_r0,complex_000001,complex_000001,11,-8.42004
critic_r0,complex_000001,complex_000001,12,-8.93188
critic_r0,complex_000001,complex_000001,13,-7.34245
critic_r0,complex_000001,complex_000001,14,-6.72811
critic_r0,complex_000001,complex_000001,15,-8.28848
critic_r0,complex_000001,complex_000001,16,-7.02283
critic_r0,complex_000001,complex_000001,17,-8.27389
critic_r0,complex_000001,complex_000001,18,-9.50032
critic_r0,complex_000001,complex_000001,19,-6.38481
critic_r0,complex_000059,complex_000292,0,-6.07491
critic_r0,complex_000059,complex_000292,1,-5.40105
critic_r0,complex_000059,complex_000292,2,-5.28379
critic_r0,complex_000059,complex_000292,3,-5.82786
critic_r0,complex_000059,complex_000292,4,-7.5339
critic_r0,complex_000059,complex_000292,5,-6.23818
critic_r0,complex_000059,complex_000292,6,-6.7685
critic_r0,complex_000059,complex_000292,7,-5.93772
critic_r0,complex_000059,complex_000292,8,-5.3006
critic_r0,complex_000059,complex_000292,9,-7.64427
critic_r0,complex_000059,complex_000292,10,-6.04835
critic_r0,complex_000059,complex_000292,11,-5.75221
critic_r0,complex_000059,complex_000292,12,-7.11688
critic_r0,complex_000059,complex_000292,13,-6.88515
critic_r0,complex_000059,complex_000292,14,-8.31007
critic_r0,complex_000059,complex_000292,15,-6.72163
critic_r0,complex_000059,complex_000292,16,-6.91132
critic_r0,complex_000059,complex_000292,17,-7.09543
critic_r0,complex_000059,complex_000292,18,-6.61264
critic_r0,complex_000059,complex_000292,19,-6.25996
critic_r0,complex_000026,complex_000001,0,-5.79545
critic_r0,complex_000026,complex_000001,1,-8.56179
critic_r0,complex_000026,complex_000001,2,-6.71994
critic_r0,complex_000026,complex_000001,3,-7.38942
critic_r0,complex_000026,complex_000001,4,-4.33866
critic_r0,complex_000026,complex_000001,5,-7.79177
critic_r0,complex_000026,complex_000001,6,-8.64156
critic_r0,complex_000026,complex_000001,7,-7.47775
critic_r0,complex_000026,complex_000001,8,-6.0864
critic_r0,complex_000026,complex_000001,9,-8.62067
critic_r0,complex_000026,complex_000001,10,-10.70078
critic_r0,complex_000026,complex_000001,11,-7.0281
critic_r0,complex_000026,complex_000001,12,-6.5112
critic_r0,complex_000026,complex_000001,13,-7.71802
critic_r0,complex_000026,complex_000001,14,-7.16761
critic_r0,complex_000026,complex_000001,15,-7.52949
critic_r0,complex_000026,complex_000001,16,-7.70571
critic_r0,complex_000026,complex_000001,17,-5.22962
critic_r0,complex_000026,complex_000001,18,-5.08883
critic_r0,complex_000026,complex_000001,19,-7.76016
critic_r0,complex_000026,complex_000026,0,-7.1105
critic_r0,complex_000026,complex_000026,1,-8.63558
critic_r0,complex_000026,complex_000026,2,-7.60618
critic_r0,complex_000026,complex_000026,3,-7.71649
critic_r0,complex_000026,complex_000026,4,-5.2003
critic_r0,complex_000026,complex_000026,5,-8.4824
critic_r0,complex_000026,complex_000026,6,-8.72916
critic_r0,complex_000026,complex_000026,7,-7.17635
critic_r0,complex_000026,complex_000026,8,-8.07467
critic_r0,complex_000026,complex_000026,9,-8.63138
critic_r0,complex_000026,complex_000026,10,-9.60132
critic_r0,complex_000026,complex_000026,11,-7.80255
critic_r0,complex_000026,complex_000026,12,-6.561
critic_r0,complex_000026,complex_000026,13,-9.02534
critic_r0,complex_000026,complex_000026,14,-8.78472
critic_r0,complex_000026,complex_000026,15,-7.84528
critic_r0,complex_000026,complex_000026,16,-9.48771
critic_r0,complex_000026,complex_000026,17,-5.33051
critic_r0,complex_000026,complex_000026,18,-5.7214
critic_r0,complex_000026,complex_000026,19,-8.22697
critic_r0,complex_000001,complex_000411,0,-8.27445
critic_r0,complex_000001,complex_000411,1,-6.10583
critic_r0,complex_000001,complex_000411,2,-7.76202
critic_r0,complex_000001,complex_000411,3,-7.67526
critic_r0,complex_000001,complex_000411,4,-6.28749
critic_r0,complex_000001,complex_000411,5,-7.91107
critic_r0,complex_000001,complex_000411,6,-5.65582
critic_r0,complex_000001,complex_000411,7,-6.75365
critic_r0,complex_000001,complex_000411,8,-4.89655
critic_r0,complex_000001,complex_000411,9,-9.41141
critic_r0,complex_000001,complex_000411,10,-9.82108
critic_r0,complex_000001,complex_000411,11,-9.17073
critic_r0,complex_000001,complex_000411,12,-9.49387
critic_r0,complex_000001,complex_000411,13,-7.9739
critic_r0,complex_000001,complex_000411,14,-7.12638
critic_r0,complex_000001,complex_000411,15,-8.73171
critic_r0,complex_000001,complex_000411,16,-7.19828
critic_r0,complex_000001,complex_000411,17,-7.2121
critic_r0,complex_000001,complex_000411,18,-8.10151
critic_r0,complex_000001,complex_000411,19,-7.1017
critic_r0,complex_000026,complex_000051,0,-6.27116
critic_r0,complex_000026,complex_000051,1,-7.52107
critic_r0,complex_000026,complex_000051,2,-7.04496
critic_r0,complex_000026,complex_000051,3,-7.51493
critic_r0,complex_000026,complex_000051,4,-4.82642
critic_r0,complex_000026,complex_000051,5,-8.47819
critic_r0,complex_000026,complex_000051,6,-9.56978
critic_r0,complex_000026,complex_000051,7,-7.77044
critic_r0,complex_000026,complex_000051,8,-7.57385
critic_r0,complex_000026,complex_000051,9,-8.68411
critic_r0,complex_000026,complex_000051,10,-3.77239
critic_r0,complex_000026,complex_000051,11,-7.51878
critic_r0,complex_000026,complex_000051,12,-7.49296
critic_r0,complex_000026,complex_000051,13,-8.50329
critic_r0,complex_000026,complex_000051,14,-8.03606
critic_r0,complex_000026,complex_000051,15,-7.78779
critic_r0,complex_000026,complex_000051,16,-8.94825
critic_r0,complex_000026,complex_000051,17,-4.88748
critic_r0,complex_000026,complex_000051,18,-5.42388
critic_r0,complex_000026,complex_000051,19,-7.9896
critic_r0,complex_000085,complex_000085,0,-8.45133
critic_r0,complex_000085,complex_000085,1,-9.25412
critic_r0,complex_000085,complex_000085,2,-8.32442
critic_r0,complex_000085,complex_000085,3,-9.14126
critic_r0,complex_000085,complex_000085,4,-10.17567
critic_r0,complex_000085,complex_000085,5,-10.65116
critic_r0,complex_000085,complex_000085,6,-8.28847
critic_r0,complex_000085,complex_000085,7,-9.83195
critic_r0,complex_000085,complex_000085,8,-10.11727
critic_r0,complex_000085,complex_000085,9,-12.13354
critic_r0,complex_000085,complex_000085,10,-8.54449
critic_r0,complex_000085,complex_000085,11,-9.33522
critic_r0,complex_000085,complex_000085,12,-5.37751
critic_r0,complex_000085,complex_000085,13,-10.0387
critic_r0,complex_000085,complex_000085,14,-9.23375
critic_r0,complex_000085,complex_000085,15,-9.42668
critic_r0,complex_000085,complex_000085,16,-8.07012
critic_r0,complex_000085,complex_000085,17,-7.47732
critic_r0,complex_000085,complex_000085,18,-11.55055
critic_r0,complex_000085,complex_000085,19,-10.90808
critic_r0,complex_000112,complex_000149,0,-8.68283
critic_r0,complex_000112,complex_000149,1,-5.24662
critic_r0,complex_000112,complex_000149,2,-8.65669
critic_r0,complex_000112,complex_000149,3,-9.9564
critic_r0,complex_000112,complex_000149,4,-5.25791
critic_r0,complex_000112,complex_000149,5,-7.34662
critic_r0,complex_000112,complex_000149,6,-7.10438
critic_r0,complex_000112,complex_000149,7,-9.65727
critic_r0,complex_000112,complex_000149,8,-7.86364
critic_r0,complex_000112,complex_000149,9,-6.19482
critic_r0,complex_000112,complex_000149,10,-7.8497
critic_r0,complex_000112,complex_000149,11,-7.21969
critic_r0,complex_000112,complex_000149,12,-8.34769
critic_r0,complex_000112,complex_000149,13,-7.49339
critic_r0,complex_000112,complex_000149,14,-7.55949
critic_r0,complex_000112,complex_000149,15,-8.29701
critic_r0,complex_000112,complex_000149,16,-9.60607
critic_r0,complex_000112,complex_000149,17,-5.71832
critic_r0,complex_000112,complex_000149,18,-8.62983
critic_r0,complex_000112,complex_000149,19,-6.85104
critic_r0,complex_000112,complex_000112,0,-7.46264
critic_r0,complex_000112,complex_000112,1,-6.53457
critic_r0,complex_000112,complex_000112,2,-8.87082
critic_r0,complex_000112,complex_000112,3,-8.92282
critic_r0,complex_000112,complex_000112,4,-5.18103
critic_r0,complex_000112,complex_000112,5,-7.2431
critic_r0,complex_000112,complex_000112,6,-6.89028
critic_r0,complex_000112,complex_000112,7,-8.35853
critic_r0,complex_000112,complex_000112,8,-7.84313
critic_r0,complex_000112,complex_000112,9,-6.48195
critic_r0,complex_000112,complex_000112,10,-7.276
critic_r0,complex_000112,complex_000112,11,-6.48412
critic_r0,complex_000112,complex_000112,12,-6.61706
critic_r0,complex_000112,complex_000112,13,-6.62996
critic_r0,complex_000112,complex_000112,14,-6.705
critic_r0,complex_000112,complex_000112,15,-7.45069
critic_r0,complex_000112,complex_000112,16,-7.68465
critic_r0,complex_000112,complex_000112,17,-6.09773
critic_r0,complex_000112,complex_000112,18,-6.37533
critic_r0,complex_000112,complex_000112,19,-6.38038
critic_r0,complex_000112,complex_000059,0,-7.91277
critic_r0,complex_000112,complex_000059,1,-5.48658
critic_r0,complex_000112,complex_000059,2,-7.74568
critic_r0,complex_000112,complex_000059,3,-6.30725
critic_r0,complex_000112,complex_000059,4,-4.76002
critic_r0,complex_000112,complex_000059,5,-7.55526
critic_r0,complex_000112,complex_000059,6,-7.04359
critic_r0,complex_000112,complex_000059,7,-7.45124
critic_r0,complex_000112,complex_000059,8,-8.94644
critic_r0,complex_000112,complex_000059,9,-6.25437
critic_r0,complex_000112,complex_000059,10,-7.73348
critic_r0,complex_000112,complex_000059,11,-6.32096
critic_r0,complex_000112,complex_000059,12,-8.19935
critic_r0,complex_000112,complex_000059,13,-6.85912
critic_r0,complex_000112,complex_000059,14,-7.55351
critic_r0,complex_000112,complex_000059,15,-8.86277
critic_r0,complex_000112,complex_000059,16,-8.38653
critic_r0,complex_000112,complex_000059,17,-5.89759
critic_r0,complex_000112,complex_000059,18,-9.0084
critic_r0,complex_000112,complex_000059,19,-6.15943
critic_r0,complex_000085,complex_000059,0,-7.95123
critic_r0,complex_000085,complex_000059,1,-8.56871
critic_r0,complex_000085,complex_000059,2,-8.11557
critic_r0,complex_000085,complex_000059,3,-9.23905
critic_r0,complex_000085,complex_000059,4,-10.21954
critic_r0,complex_000085,complex_000059,5,-6.83571
critic_r0,complex_000085,complex_000059,6,-7.30269
critic_r0,complex_000085,complex_000059,7,-7.957
critic_r0,complex_000085,complex_000059,8,-7.5689
critic_r0,complex_000085,complex_000059,9,-7.77768
critic_r0,complex_000085,complex_000059,10,-8.33643
critic_r0,complex_000085,complex_000059,11,-8.41018
critic_r0,complex_000085,complex_000059,12,-5.59073
critic_r0,complex_000085,complex_000059,13,-8.77873
critic_r0,complex_000085,complex_000059,14,-5.98652
critic_r0,complex_000085,complex_000059,15,-8.38205
critic_r0,complex_000085,complex_000059,16,-7.92283
critic_r0,complex_000085,complex_000059,17,-6.6221
critic_r0,complex_000085,complex_000059,18,-9.18605
critic_r0,complex_000085,complex_000059,19,-9.72284
critic_r0,complex_000085,complex_000117,0,
critic_r0,complex_000085,complex_000117,1,
critic_r0,complex_000085,complex_000117,2,
critic_r0,complex_000085,complex_000117,3,
critic_r0,complex_000085,complex_000117,4,
critic_r0,complex_000085,complex_000117,5,
critic_r0,complex_000085,complex_000117,6,
critic_r0,complex_000085,complex_000117,7,
critic_r0,complex_000085,complex_000117,8,
critic_r0,complex_000085,complex_000117,9,
critic_r0,complex_000085,complex_000117,10,
critic_r0,complex_000085,complex_000117,11,
critic_r0,complex_000085,complex_000117,12,
critic_r0,complex_000085,complex_000117,13,
critic_r0,complex_000085,complex_000117,14,
critic_r0,complex_000085,complex_000117,15,
critic_r0,complex_000085,complex_000117,16,
critic_r0,complex_000085,complex_000117,17,
critic_r0,complex_000085,complex_000117,18,
critic_r0,complex_000085,complex_000117,19,
critic_r0,complex_000085,complex_000411,0,
critic_r0,complex_000085,complex_000411,1,
critic_r0,complex_000085,complex_000411,2,
critic_r0,complex_000085,complex_000411,3,
critic_r0,complex_000085,complex_000411,4,
critic_r0,complex_000085,complex_000411,5,
critic_r0,complex_000085,complex_000411,6,
critic_r0,complex_000085,complex_000411,7,
critic_r0,complex_000085,complex_000411,8,
critic_r0,complex_000085,complex_000411,9,
critic_r0,complex_000085,complex_000411,10,
critic_r0,complex_000085,complex_000411,11,
critic_r0,complex_000085,complex_000411,12,
critic_r0,complex_000085,complex_000411,13,
critic_r0,complex_000085,complex_000411,14,
critic_r0,complex_000085,complex_000411,15,
critic_r0,complex_000085,complex_000411,16,
critic_r0,complex_000085,complex_000411,17,
critic_r0,complex_000085,complex_000411,18,
critic_r0,complex_000085,complex_000411,19,
critic_r0,complex_000117,complex_000026,0,-7.81889
critic_r0,complex_000117,complex_000026,1,-4.45169
critic_r0,complex_000117,complex_000026,2,-6.49873
critic_r0,complex_000117,complex_000026,3,-5.50967
critic_r0,complex_000117,complex_000026,4,-8.12471
critic_r0,complex_000117,complex_000026,5,-8.77102
critic_r0,complex_000117,complex_000026,6,-7.17994
critic_r0,complex_000117,complex_000026,7,-8.35709
critic_r0,complex_000117,complex_000026,8,-8.23132
critic_r0,complex_000117,complex_000026,9,-8.24594
critic_r0,complex_000117,complex_000026,10,-6.38356
critic_r0,complex_000117,complex_000026,11,-5.67388
critic_r0,complex_000117,complex_000026,12,-6.3268
critic_r0,complex_000117,complex_000026,13,-6.53011
critic_r0,complex_000117,complex_000026,14,-6.35145
critic_r0,complex_000117,complex_000026,15,-8.21163
critic_r0,complex_000117,complex_000026,16,-3.54487
critic_r0,complex_000117,complex_000026,17,-8.92502
critic_r0,complex_000117,complex_000026,18,-7.73024
critic_r0,complex_000117,complex_000026,19,-5.67776
critic_r0,complex_000117,complex_000001,0,-7.56336
critic_r0,complex_000117,complex_000001,1,-4.32818
critic_r0,complex_000117,complex_000001,2,-6.99479
critic_r0,complex_000117,complex_000001,3,-6.05218
critic_r0,complex_000117,complex_000001,4,-7.90908
critic_r0,complex_000117,complex_000001,5,-8.10879
critic_r0,complex_000117,complex_000001,6,-6.86674
critic_r0,complex_000117,complex_000001,7,-8.23515
critic_r0,complex_000117,complex_000001,8,-9.48583
critic_r0,complex_000117,complex_000001,9,-9.10108
critic_r0,complex_000117,complex_000001,10,-6.27953
critic_r0,complex_000117,complex_000001,11,-5.20568
critic_r0,complex_000117,complex_000001,12,-5.93694
critic_r0,complex_000117,complex_000001,13,-6.64671
critic_r0,complex_000117,complex_000001,14,-7.01956
critic_r0,complex_000117,complex_000001,15,-6.4797
critic_r0,complex_000117,complex_000001,16,-3.71335
critic_r0,complex_000117,complex_000001,17,-9.15503
critic_r0,complex_000117,complex_000001,18,-7.89158
critic_r0,complex_000117,complex_000001,19,-4.6594
critic_r0,complex_000117,complex_000179,0,-9.30609
critic_r0,complex_000117,complex_000179,1,-4.70616
critic_r0,complex_000117,complex_000179,2,-8.26781
critic_r0,complex_000117,complex_000179,3,-5.6115
critic_r0,complex_000117,complex_000179,4,-8.52152
critic_r0,complex_000117,complex_000179,5,-10.69633
critic_r0,complex_000117,complex_000179,6,-9.11521
critic_r0,complex_000117,complex_000179,7,-9.47556
critic_r0,complex_000117,complex_000179,8,-10.20009
critic_r0,complex_000117,complex_000179,9,-9.97723
critic_r0,complex_000117,complex_000179,10,-7.08954
critic_r0,complex_000117,complex_000179,11,-6.08722
critic_r0,complex_000117,complex_000179,12,-7.22314
critic_r0,complex_000117,complex_000179,13,-7.01799
critic_r0,complex_000117,complex_000179,14,-6.94856
critic_r0,complex_000117,complex_000179,15,-7.81953
critic_r0,complex_000117,complex_000179,16,-3.73414
critic_r0,complex_000117,complex_000179,17,-11.1317
critic_r0,complex_000117,complex_000179,18,-10.39432
critic_r0,complex_000117,complex_000179,19,-5.57855
critic_r0,complex_000117,complex_000117,0,-7.22664
critic_r0,complex_000117,complex_000117,1,-4.96204
critic_r0,complex_000117,complex_000117,2,-7.19503
critic_r0,complex_000117,complex_000117,3,-5.98137
critic_r0,complex_000117,complex_000117,4,-9.11049
critic_r0,complex_000117,complex_000117,5,-9.34027
critic_r0,complex_000117,complex_000117,6,-9.03165
critic_r0,complex_000117,complex_000117,7,-5.46072
critic_r0,complex_000117,complex_000117,8,-7.85928
critic_r0,complex_000117,complex_000117,9,-9.07876
critic_r0,complex_000117,complex_000117,10,-6.79142
critic_r0,complex_000117,complex_000117,11,-5.95549
critic_r0,complex_000117,complex_000117,12,-6.45435
critic_r0,complex_000117,complex_000117,13,-7.14191
critic_r0,complex_000117,complex_000117,14,-7.32678
critic_r0,complex_000117,complex_000117,15,-8.52523
critic_r0,complex_000117,complex_000117,16,-3.87242
critic_r0,complex_000117,complex_000117,17,-8.08252
critic_r0,complex_000117,complex_000117,18,-10.18503
critic_r0,complex_000117,complex_000117,19,-5.70678
critic_r0,complex_000112,complex_000269,0,-6.55123
critic_r0,complex_000112,complex_000269,1,-4.42027
critic_r0,complex_000112,complex_000269,2,-8.17852
critic_r0,complex_000112,complex_000269,3,-7.09504
critic_r0,complex_000112,complex_000269,4,-4.80975
critic_r0,complex_000112,complex_000269,5,-6.12059
critic_r0,complex_000112,complex_000269,6,-5.80497
critic_r0,complex_000112,complex_000269,7,-7.17424
critic_r0,complex_000112,complex_000269,8,-7.25733
critic_r0,complex_000112,complex_000269,9,-5.01305
critic_r0,complex_000112,complex_000269,10,-6.40474
critic_r0,complex_000112,complex_000269,11,-6.04464
critic_r0,complex_000112,complex_000269,12,-7.50402
critic_r0,complex_000112,complex_000269,13,-6.82215
critic_r0,complex_000112,complex_000269,14,-6.10444
critic_r0,complex_000112,complex_000269,15,-6.77414
critic_r0,complex_000112,complex_000269,16,-7.5476
critic_r0,complex_000112,complex_000269,17,-5.09768
critic_r0,complex_000112,complex_000269,18,-7.33842
critic_r0,complex_000112,complex_000269,19,-5.53292
critic_r0,complex_000148,complex_000148,0,-6.18113
critic_r0,complex_000148,complex_000148,1,-6.97905
critic_r0,complex_000148,complex_000148,2,-5.67217
critic_r0,complex_000148,complex_000148,3,-7.92315
critic_r0,complex_000148,complex_000148,4,-5.32732
critic_r0,complex_000148,complex_000148,5,-7.56541
critic_r0,complex_000148,complex_000148,6,-7.98276
critic_r0,complex_000148,complex_000148,7,-6.18073
critic_r0,complex_000148,complex_000148,8,-9.60249
critic_r0,complex_000148,complex_000148,9,-6.0375
critic_r0,complex_000148,complex_000148,10,-7.63117
critic_r0,complex_000148,complex_000148,11,-7.9757
critic_r0,complex_000148,complex_000148,12,-4.56739
critic_r0,complex_000148,complex_000148,13,-8.70791
critic_r0,complex_000148,complex_000148,14,-6.65994
critic_r0,complex_000148,complex_000148,15,-9.15309
critic_r0,complex_000148,complex_000148,16,-7.70471
critic_r0,complex_000148,complex_000148,17,-7.17809
critic_r0,complex_000148,complex_000148,18,-8.0268
critic_r0,complex_000148,complex_000148,19,-9.68281
critic_r0,complex_000145,complex_000145,0,-6.10674
critic_r0,complex_000145,complex_000145,1,-4.84263
critic_r0,complex_000145,complex_000145,2,-5.04577
critic_r0,complex_000145,complex_000145,3,-6.94381
critic_r0,complex_000145,complex_000145,4,-4.14248
critic_r0,complex_000145,complex_000145,5,-4.24426
critic_r0,complex_000145,complex_000145,6,-6.23879
critic_r0,complex_000145,complex_000145,7,-3.92696
critic_r0,complex_000145,complex_000145,8,-4.17876
critic_r0,complex_000145,complex_000145,9,-6.70238
critic_r0,complex_000145,complex_000145,10,-5.44598
critic_r0,complex_000145,complex_000145,11,-4.12356
critic_r0,complex_000145,complex_000145,12,-8.55542
critic_r0,complex_000145,complex_000145,13,-3.9846
critic_r0,complex_000145,complex_000145,14,-7.85368
critic_r0,complex_000145,complex_000145,15,-6.57468
critic_r0,complex_000145,complex_000145,16,-6.48703
critic_r0,complex_000145,complex_000145,17,-4.83868
critic_r0,complex_000145,complex_000145,18,-3.81598
critic_r0,complex_000145,complex_000145,19,-7.99744
critic_r0,complex_000145,complex_000506,0,-6.43425
critic_r0,complex_000145,complex_000506,1,-5.2033
critic_r0,complex_000145,complex_000506,2,-5.85733
critic_r0,complex_000145,complex_000506,3,-7.54119
critic_r0,complex_000145,complex_000506,4,-5.17487
critic_r0,complex_000145,complex_000506,5,-4.36429
critic_r0,complex_000145,complex_000506,6,-6.85349
critic_r0,complex_000145,complex_000506,7,-4.57719
critic_r0,complex_000145,complex_000506,8,-5.79312
critic_r0,complex_000145,complex_000506,9,-7.61094
critic_r0,complex_000145,complex_000506,10,-5.9569
critic_r0,complex_000145,complex_000506,11,-5.43493
critic_r0,complex_000145,complex_000506,12,-8.22525
critic_r0,complex_000145,complex_000506,13,-5.92239
critic_r0,complex_000145,complex_000506,14,-7.41766
critic_r0,complex_000145,complex_000506,15,-8.01068
critic_r0,complex_000145,complex_000506,16,-6.45951
critic_r0,complex_000145,complex_000506,17,-6.56494
critic_r0,complex_000145,complex_000506,18,-5.44847
critic_r0,complex_000145,complex_000506,19,-7.29468
critic_r0,complex_000140,complex_000140,0,-8.96643
critic_r0,complex_000140,complex_000140,1,-6.89206
critic_r0,complex_000140,complex_000140,2,-11.88818
critic_r0,complex_000140,complex_000140,3,-10.36201
critic_r0,complex_000140,complex_000140,4,-7.7111
critic_r0,complex_000140,complex_000140,5,-10.59103
critic_r0,complex_000140,complex_000140,6,-9.0084
critic_r0,complex_000140,complex_000140,7,-9.22287
critic_r0,complex_000140,complex_000140,8,-7.83391
critic_r0,complex_000140,complex_000140,9,-7.67476
critic_r0,complex_000140,complex_000140,10,-9.68779
critic_r0,complex_000140,complex_000140,11,-8.31377
critic_r0,complex_000140,complex_000140,12,-3.99819
critic_r0,complex_000140,complex_000140,13,-8.53521
critic_r0,complex_000140,complex_000140,14,-11.19283
critic_r0,complex_000140,complex_000140,15,-10.55718
critic_r0,complex_000140,complex_000140,16,-9.25945
critic_r0,complex_000140,complex_000140,17,-11.5927
critic_r0,complex_000140,complex_000140,18,-9.59721
critic_r0,complex_000140,complex_000140,19,-9.89356
critic_r0,complex_000145,complex_000382,0,-8.52438
critic_r0,complex_000145,complex_000382,1,-7.4977
critic_r0,complex_000145,complex_000382,2,-6.96285
critic_r0,complex_000145,complex_000382,3,-10.41616
critic_r0,complex_000145,complex_000382,4,-5.86119
critic_r0,complex_000145,complex_000382,5,-5.75926
critic_r0,complex_000145,complex_000382,6,-9.46801
critic_r0,complex_000145,complex_000382,7,-5.58383
critic_r0,complex_000145,complex_000382,8,-5.86257
critic_r0,complex_000145,complex_000382,9,-10.01494
critic_r0,complex_000145,complex_000382,10,-8.18904
critic_r0,complex_000145,complex_000382,11,-4.80834
critic_r0,complex_000145,complex_000382,12,-9.91848
critic_r0,complex_000145,complex_000382,13,-5.61351
critic_r0,complex_000145,complex_000382,14,-9.4228
critic_r0,complex_000145,complex_000382,15,-10.81207
critic_r0,complex_000145,complex_000382,16,-9.47486
critic_r0,complex_000145,complex_000382,17,-6.76583
critic_r0,complex_000145,complex_000382,18,-5.35137
critic_r0,complex_000145,complex_000382,19,-9.79302
critic_r0,complex_000141,complex_000141,0,-6.15682
critic_r0,complex_000141,complex_000141,1,-6.27492
critic_r0,complex_000141,complex_000141,2,-8.10361
critic_r0,complex_000141,complex_000141,3,-7.27251
critic_r0,complex_000141,complex_000141,4,-9.10552
critic_r0,complex_000141,complex_000141,5,-5.52177
critic_r0,complex_000141,complex_000141,6,-8.06805
critic_r0,complex_000141,complex_000141,7,-6.32509
critic_r0,complex_000141,complex_000141,8,-7.16592
critic_r0,complex_000141,complex_000141,9,-6.31255
critic_r0,complex_000141,complex_000141,10,-5.31438
critic_r0,complex_000141,complex_000141,11,-8.14793
critic_r0,complex_000141,complex_000141,12,-8.48316
critic_r0,complex_000141,complex_000141,13,-8.80817
critic_r0,complex_000141,complex_000141,14,-6.99361
critic_r0,complex_000141,complex_000141,15,-7.12427
critic_r0,complex_000141,complex_000141,16,-8.94309
critic_r0,complex_000141,complex_000141,17,-5.39217
critic_r0,complex_000141,complex_000141,18,-9.94221
critic_r0,complex_000141,complex_000141,19,-7.32744
critic_r0,complex_000148,complex_000411,0,-7.1822
critic_r0,complex_000148,complex_000411,1,-7.71655
critic_r0,complex_000148,complex_000411,2,-6.71857
critic_r0,complex_000148,complex_000411,3,-8.34491
critic_r0,complex_000148,complex_000411,4,-5.55464
critic_r0,complex_000148,complex_000411,5,-7.37423
critic_r0,complex_000148,complex_000411,6,-8.64142
critic_r0,complex_000148,complex_000411,7,-6.60751
critic_r0,complex_000148,complex_000411,8,-9.43789
critic_r0,complex_000148,complex_000411,9,-6.60672
critic_r0,complex_000148,complex_000411,10,-8.82254
critic_r0,complex_000148,complex_000411,11,-9.11903
critic_r0,complex_000148,complex_000411,12,-4.76095
critic_r0,complex_000148,complex_000411,13,-9.13273
critic_r0,complex_000148,complex_000411,14,-7.84998
critic_r0,complex_000148,complex_000411,15,-8.43605
critic_r0,complex_000148,complex_000411,16,-8.17128
critic_r0,complex_000148,complex_000411,17,-7.84507
critic_r0,complex_000148,complex_000411,18,-8.3799
critic_r0,complex_000148,complex_000411,19,-8.81028
critic_r0,complex_000145,complex_000177,0,-8.27624
critic_r0,complex_000145,complex_000177,1,-6.56845
critic_r0,complex_000145,complex_000177,2,-6.78217
critic_r0,complex_000145,complex_000177,3,-10.76102
critic_r0,complex_000145,complex_000177,4,-5.73788
critic_r0,complex_000145,complex_000177,5,-5.21184
critic_r0,complex_000145,complex_000177,6,-7.55617
critic_r0,complex_000145,complex_000177,7,-5.38189
critic_r0,complex_000145,complex_000177,8,-5.79232
critic_r0,complex_000145,complex_000177,9,-9.119
critic_r0,complex_000145,complex_000177,10,-8.0484
critic_r0,complex_000145,complex_000177,11,-5.07377
critic_r0,complex_000145,complex_000177,12,-8.73337
critic_r0,complex_000145,complex_000177,13,-5.07072
critic_r0,complex_000145,complex_000177,14,-8.91108
critic_r0,complex_000145,complex_000177,15,-9.12098
critic_r0,complex_000145,complex_000177,16,-8.52579
critic_r0,complex_000145,complex_000177,17,-6.62698
critic_r0,complex_000145,complex_000177,18,-5.52774
critic_r0,complex_000145,complex_000177,19,-4.12658
critic_r0,complex_000148,complex_000387,0,-7.50761
critic_r0,complex_000148,complex_000387,1,-7.79291
critic_r0,complex_000148,complex_000387,2,-7.73075
critic_r0,complex_000148,complex_000387,3,-9.65823
critic_r0,complex_000148,complex_000387,4,-6.43561
critic_r0,complex_000148,complex_000387,5,-8.61206
critic_r0,complex_000148,complex_000387,6,-8.87659
critic_r0,complex_000148,complex_000387,7,-7.61995
critic_r0,complex_000148,complex_000387,8,-8.92677
critic_r0,complex_000148,complex_000387,9,-7.20726
critic_r0,complex_000148,complex_000387,10,-9.40364
critic_r0,complex_000148,complex_000387,11,-9.10158
critic_r0,complex_000148,complex_000387,12,-5.76507
critic_r0,complex_000148,complex_000387,13,-9.57187
critic_r0,complex_000148,complex_000387,14,-8.76298
critic_r0,complex_000148,complex_000387,15,-8.26451
critic_r0,complex_000148,complex_000387,16,-9.75777
critic_r0,complex_000148,complex_000387,17,-8.28414
critic_r0,complex_000148,complex_000387,18,-8.36846
critic_r0,complex_000148,complex_000387,19,-5.25131
critic_r0,complex_000141,complex_000179,0,-6.24049
critic_r0,complex_000141,complex_000179,1,-7.03185
critic_r0,complex_000141,complex_000179,2,-9.15409
critic_r0,complex_000141,complex_000179,3,-8.02407
critic_r0,complex_000141,complex_000179,4,-9.40601
critic_r0,complex_000141,complex_000179,5,-6.2361
critic_r0,complex_000141,complex_000179,6,-8.79022
critic_r0,complex_000141,complex_000179,7,-6.74043
critic_r0,complex_000141,complex_000179,8,-7.54809
critic_r0,complex_000141,complex_000179,9,-7.69788
critic_r0,complex_000141,complex_000179,10,-6.16166
critic_r0,complex_000141,complex_000179,11,-9.55046
critic_r0,complex_000141,complex_000179,12,-10.10583
critic_r0,complex_000141,complex_000179,13,-9.21433
critic_r0,complex_000141,complex_000179,14,-7.6125
critic_r0,complex_000141,complex_000179,15,-8.6771
critic_r0,complex_000141,complex_000179,16,-9.65215
critic_r0,complex_000141,complex_000179,17,-5.68792
critic_r0,complex_000141,complex_000179,18,-10.56727
critic_r0,complex_000141,complex_000179,19,-7.11987
critic_r0,complex_000148,complex_000376,0,-7.0387
critic_r0,complex_000148,complex_000376,1,-7.7653
critic_r0,complex_000148,complex_000376,2,-7.32308
critic_r0,complex_000148,complex_000376,3,-8.56209
critic_r0,complex_000148,complex_000376,4,-5.48376
critic_r0,complex_000148,complex_000376,5,-8.47346
critic_r0,complex_000148,complex_000376,6,-8.30263
critic_r0,complex_000148,complex_000376,7,-6.94665
critic_r0,complex_000148,complex_000376,8,-9.22365
critic_r0,complex_000148,complex_000376,9,-6.88023
critic_r0,complex_000148,complex_000376,10,-8.58752
critic_r0,complex_000148,complex_000376,11,-8.67462
critic_r0,complex_000148,complex_000376,12,-5.07489
critic_r0,complex_000148,complex_000376,13,-9.82906
critic_r0,complex_000148,complex_000376,14,-7.57896
critic_r0,complex_000148,complex_000376,15,-9.0755
critic_r0,complex_000148,complex_000376,16,-8.83335
critic_r0,complex_000148,complex_000376,17,-8.07374
critic_r0,complex_000148,complex_000376,18,-9.17661
critic_r0,complex_000148,complex_000376,19,-9.51659
critic_r0,complex_000140,complex_000540,0,-8.00391
critic_r0,complex_000140,complex_000540,1,-6.47298
critic_r0,complex_000140,complex_000540,2,-8.94531
critic_r0,complex_000140,complex_000540,3,-8.65337
critic_r0,complex_000140,complex_000540,4,-7.59265
critic_r0,complex_000140,complex_000540,5,-9.14053
critic_r0,complex_000140,complex_000540,6,-8.50678
critic_r0,complex_000140,complex_000540,7,-9.04499
critic_r0,complex_000140,complex_000540,8,-7.05643
critic_r0,complex_000140,complex_000540,9,-7.04567
critic_r0,complex_000140,complex_000540,10,-8.86369
critic_r0,complex_000140,complex_000540,11,-7.55799
critic_r0,complex_000140,complex_000540,12,-4.18576
critic_r0,complex_000140,complex_000540,13,-6.65637
critic_r0,complex_000140,complex_000540,14,-10.09928
critic_r0,complex_000140,complex_000540,15,-9.24451
critic_r0,complex_000140,complex_000540,16,-8.25031
critic_r0,complex_000140,complex_000540,17,-9.12694
critic_r0,complex_000140,complex_000540,18,-9.11169
critic_r0,complex_000140,complex_000540,19,-8.2535
critic_r0,complex_000140,complex_000374,0,-9.16923
critic_r0,complex_000140,complex_000374,1,-6.93574
critic_r0,complex_000140,complex_000374,2,-8.71645
critic_r0,complex_000140,complex_000374,3,-9.50427
critic_r0,complex_000140,complex_000374,4,-8.01172
critic_r0,complex_000140,complex_000374,5,-9.64144
critic_r0,complex_000140,complex_000374,6,-8.81325
critic_r0,complex_000140,complex_000374,7,-9.3896
critic_r0,complex_000140,complex_000374,8,-7.61535
critic_r0,complex_000140,complex_000374,9,-7.34227
critic_r0,complex_000140,complex_000374,10,-10.03713
critic_r0,complex_000140,complex_000374,11,-8.82327
critic_r0,complex_000140,complex_000374,12,-4.0089
critic_r0,complex_000140,complex_000374,13,-7.76889
critic_r0,complex_000140,complex_000374,14,-9.80368
critic_r0,complex_000140,complex_000374,15,-9.68162
critic_r0,complex_000140,complex_000374,16,-9.14055
critic_r0,complex_000140,complex_000374,17,-12.08737
critic_r0,complex_000140,complex_000374,18,-9.89158
critic_r0,complex_000140,complex_000374,19,-9.82793
critic_r0,complex_000141,complex_000223,0,-4.91242
critic_r0,complex_000141,complex_000223,1,-5.58415
critic_r0,complex_000141,complex_000223,2,-6.43645
critic_r0,complex_000141,complex_000223,3,-5.78731
critic_r0,complex_000141,complex_000223,4,-6.79283
critic_r0,complex_000141,complex_000223,5,-4.89471
critic_r0,complex_000141,complex_000223,6,-6.38344
critic_r0,complex_000141,complex_000223,7,-5.05494
critic_r0,complex_000141,complex_000223,8,-5.43804
critic_r0,complex_000141,complex_000223,9,-5.38401
critic_r0,complex_000141,complex_000223,10,-4.47469
critic_r0,complex_000141,complex_000223,11,-5.67455
critic_r0,complex_000141,complex_000223,12,-6.82546
critic_r0,complex_000141,complex_000223,13,-6.95986
critic_r0,complex_000141,complex_000223,14,-5.50179
critic_r0,complex_000141,complex_000223,15,-5.49911
critic_r0,complex_000141,complex_000223,16,-7.0785
critic_r0,complex_000141,complex_000223,17,-4.60082
critic_r0,complex_000141,complex_000223,18,-7.4792
critic_r0,complex_000141,complex_000223,19,-5.19543
critic_r0,complex_000141,complex_000394,0,-5.49834
critic_r0,complex_000141,complex_000394,1,-6.48612
critic_r0,complex_000141,complex_000394,2,-8.2606
critic_r0,complex_000141,complex_000394,3,-6.96395
critic_r0,complex_000141,complex_000394,4,-8.56501
critic_r0,complex_000141,complex_000394,5,-5.43352
critic_r0,complex_000141,complex_000394,6,-8.05427
critic_r0,complex_000141,complex_000394,7,-6.4158
critic_r0,complex_000141,complex_000394,8,-6.91774
critic_r0,complex_000141,complex_000394,9,-5.98024
critic_r0,complex_000141,complex_000394,10,-5.05816
critic_r0,complex_000141,complex_000394,11,-7.39632
critic_r0,complex_000141,complex_000394,12,-9.27693
critic_r0,complex_000141,complex_000394,13,-8.67347
critic_r0,complex_000141,complex_000394,14,-7.39442
critic_r0,complex_000141,complex_000394,15,-8.21947
critic_r0,complex_000141,complex_000394,16,-8.4106
critic_r0,complex_000141,complex_000394,17,-5.37365
critic_r0,complex_000141,complex_000394,18,-9.45989
critic_r0,complex_000141,complex_000394,19,-7.32351
critic_r0,complex_000149,complex_000149,0,-8.66728
critic_r0,complex_000149,complex_000149,1,-8.12739
critic_r0,complex_000149,complex_000149,2,-5.34974
critic_r0,complex_000149,complex_000149,3,-6.75452
critic_r0,complex_000149,complex_000149,4,-8.64341
critic_r0,complex_000149,complex_000149,5,-8.80161
critic_r0,complex_000149,complex_000149,6,-9.14544
critic_r0,complex_000149,complex_000149,7,-7.64453
critic_r0,complex_000149,complex_000149,8,-5.99792
critic_r0,complex_000149,complex_000149,9,-6.34066
critic_r0,complex_000149,complex_000149,10,-6.92321
critic_r0,complex_000149,complex_000149,11,-6.49772
critic_r0,complex_000149,complex_000149,12,-7.12499
critic_r0,complex_000149,complex_000149,13,-8.5454
critic_r0,complex_000149,complex_000149,14,-7.05771
critic_r0,complex_000149,complex_000149,15,-5.68181
critic_r0,complex_000149,complex_000149,16,-6.77479
critic_r0,complex_000149,complex_000149,17,-6.23955
critic_r0,complex_000149,complex_000149,18,-6.79248
critic_r0,complex_000149,complex_000149,19,-8.03541
critic_r0,complex_000149,complex_000069,0,-8.74792
critic_r0,complex_000149,complex_000069,1,-6.77121
critic_r0,complex_000149,complex_000069,2,-4.78814
critic_r0,complex_000149,complex_000069,3,-5.58022
critic_r0,complex_000149,complex_000069,4,-6.50841
critic_r0,complex_000149,complex_000069,5,-7.6079
critic_r0,complex_000149,complex_000069,6,-9.20637
critic_r0,complex_000149,complex_000069,7,-6.40671
critic_r0,complex_000149,complex_000069,8,-5.03431
critic_r0,complex_000149,complex_000069,9,-5.5694
critic_r0,complex_000149,complex_000069,10,-5.21302
critic_r0,complex_000149,complex_000069,11,-7.00117
critic_r0,complex_000149,complex_000069,12,-6.03809
critic_r0,complex_000149,complex_000069,13,-7.11044
critic_r0,complex_000149,complex_000069,14,-7.40569
critic_r0,complex_000149,complex_000069,15,-5.18018
critic_r0,complex_000149,complex_000069,16,-5.70309
critic_r0,complex_000149,complex_000069,17,-5.7596
critic_r0,complex_000149,complex_000069,18,-5.87173
critic_r0,complex_000149,complex_000069,19,-8.24058
critic_r0,complex_000149,complex_000305,0,-8.45916
critic_r0,complex_000149,complex_000305,1,-7.01362
critic_r0,complex_000149,complex_000305,2,-4.41408
critic_r0,complex_000149,complex_000305,3,-5.27698
critic_r0,complex_000149,complex_000305,4,-7.00642
critic_r0,complex_000149,complex_000305,5,-8.02504
critic_r0,complex_000149,complex_000305,6,-10.04116
critic_r0,complex_000149,complex_000305,7,-6.37171
critic_r0,complex_000149,complex_000305,8,-4.87337
critic_r0,complex_000149,complex_000305,9,-5.42041
critic_r0,complex_000149,complex_000305,10,-5.01328
critic_r0,complex_000149,complex_000305,11,-6.95183
critic_r0,complex_000149,complex_000305,12,-6.01014
critic_r0,complex_000149,complex_000305,13,-7.81648
critic_r0,complex_000149,complex_000305,14,-6.84031
critic_r0,complex_000149,complex_000305,15,-5.31765
critic_r0,complex_000149,complex_000305,16,-6.07139
critic_r0,complex_000149,complex_000305,17,-6.15942
critic_r0,complex_000149,complex_000305,18,-6.07101
critic_r0,complex_000149,complex_000305,19,-7.84598
critic_r0,complex_000177,complex_000141,0,-5.72309
critic_r0,complex_000177,complex_000141,1,-7.40713
critic_r0,complex_000177,complex_000141,2,-7.44297
critic_r0,complex_000177,complex_000141,3,-8.4445
critic_r0,complex_000177,complex_000141,4,-6.75528
critic_r0,complex_000177,complex_000141,5,-8.22554
critic_r0,complex_000177,complex_000141,6,-7.39822
critic_r0,complex_000177,complex_000141,7,-5.74537
critic_r0,complex_000177,complex_000141,8,-8.90307
critic_r0,complex_000177,complex_000141,9,-5.8909
critic_r0,complex_000177,complex_000141,10,-7.01066
critic_r0,complex_000177,complex_000141,11,-4.59476
critic_r0,complex_000177,complex_000141,12,-6.90947
critic_r0,complex_000177,complex_000141,13,-7.31442
critic_r0,complex_000177,complex_000141,14,-8.06589
critic_r0,complex_000177,complex_000141,15,-5.29565
critic_r0,complex_000177,complex_000141,16,-7.6227
critic_r0,complex_000177,complex_000141,17,-5.16491
critic_r0,complex_000177,complex_000141,18,-7.82021
critic_r0,complex_000177,complex_000141,19,-6.48127
critic_r0,complex_000177,complex_000177,0,-5.76809
critic_r0,complex_000177,complex_000177,1,-8.24358
critic_r0,complex_000177,complex_000177,2,-7.84406
critic_r0,complex_000177,complex_000177,3,-8.59637
critic_r0,complex_000177,complex_000177,4,-6.5204
critic_r0,complex_000177,complex_000177,5,-7.94957
critic_r0,complex_000177,complex_000177,6,-7.70818
critic_r0,complex_000177,complex_000177,7,-6.4181
critic_r0,complex_000177,complex_000177,8,-6.33812
critic_r0,complex_000177,complex_000177,9,-6.81507
critic_r0,complex_000177,complex_000177,10,-7.96928
critic_r0,complex_000177,complex_000177,11,-4.81048
critic_r0,complex_000177,complex_000177,12,-7.6257
critic_r0,complex_000177,complex_000177,13,-7.91929
critic_r0,complex_000177,complex_000177,14,-8.2032
critic_r0,complex_000177,complex_000177,15,-5.71277
critic_r0,complex_000177,complex_000177,16,-7.81619
critic_r0,complex_000177,complex_000177,17,-5.16435
critic_r0,complex_000177,complex_000177,18,-9.51858
critic_r0,complex_000177,complex_000177,19,-7.16416
critic_r0,complex_000140,complex_000269,0,-8.01916
critic_r0,complex_000140,complex_000269,1,-6.35341
critic_r0,complex_000140,complex_000269,2,-8.37101
critic_r0,complex_000140,complex_000269,3,-7.4509
critic_r0,complex_000140,complex_000269,4,-6.41582
critic_r0,complex_000140,complex_000269,5,-8.272
critic_r0,complex_000140,complex_000269,6,-6.38934
critic_r0,complex_000140,complex_000269,7,-6.22723
critic_r0,complex_000140,complex_000269,8,-5.84829
critic_r0,complex_000140,complex_000269,9,-6.07242
critic_r0,complex_000140,complex_000269,10,-7.54863
critic_r0,complex_000140,complex_000269,11,-6.5991
critic_r0,complex_000140,complex_000269,12,-3.90685
critic_r0,complex_000140,complex_000269,13,-6.0915
critic_r0,complex_000140,complex_000269,14,-6.58884
critic_r0,complex_000140,complex_000269,15,-7.80886
critic_r0,complex_000140,complex_000269,16,-6.68138
critic_r0,complex_000140,complex_000269,17,-6.92202
critic_r0,complex_000140,complex_000269,18,-7.21561
critic_r0,complex_000140,complex_000269,19,-7.53626
critic_r0,complex_000177,complex_000374,0,-4.96778
critic_r0,complex_000177,complex_000374,1,-7.90907
critic_r0,complex_000177,complex_000374,2,-8.54242
critic_r0,complex_000177,complex_000374,3,-9.24692
critic_r0,complex_000177,complex_000374,4,-7.38517
critic_r0,complex_000177,complex_000374,5,-10.39327
critic_r0,complex_000177,complex_000374,6,-9.0047
critic_r0,complex_000177,complex_000374,7,-6.65227
critic_r0,complex_000177,complex_000374,8,-9.52656
critic_r0,complex_000177,complex_000374,9,-5.61464
critic_r0,complex_000177,complex_000374,10,-8.59078
critic_r0,complex_000177,complex_000374,11,-4.44624
critic_r0,complex_000177,complex_000374,12,-8.57157
critic_r0,complex_000177,complex_000374,13,-8.00746
critic_r0,complex_000177,complex_000374,14,-9.11677
critic_r0,complex_000177,complex_000374,15,-4.75779
critic_r0,complex_000177,complex_000374,16,-9.30852
critic_r0,complex_000177,complex_000374,17,-4.78674
critic_r0,complex_000177,complex_000374,18,-8.75733
critic_r0,complex_000177,complex_000374,19,-8.21571
critic_r0,complex_000177,complex_000305,0,-5.3072
critic_r0,complex_000177,complex_000305,1,-8.59964
critic_r0,complex_000177,complex_000305,2,-9.95384
critic_r0,complex_000177,complex_000305,3,-9.9937
critic_r0,complex_000177,complex_000305,4,-7.5425
critic_r0,complex_000177,complex_000305,5,-9.86821
critic_r0,complex_000177,complex_000305,6,-9.42685
critic_r0,complex_000177,complex_000305,7,-6.54049
critic_r0,complex_000177,complex_000305,8,-9.00204
critic_r0,complex_000177,complex_000305,9,-6.06077
critic_r0,complex_000177,complex_000305,10,-8.74182
critic_r0,complex_000177,complex_000305,11,-4.62841
critic_r0,complex_000177,complex_000305,12,-8.49277
critic_r0,complex_000177,complex_000305,13,-9.2176
critic_r0,complex_000177,complex_000305,14,-10.00317
critic_r0,complex_000177,complex_000305,15,-4.68809
critic_r0,complex_000177,complex_000305,16,-9.54295
critic_r0,complex_000177,complex_000305,17,-4.5414
critic_r0,complex_000177,complex_000305,18,-9.27345
critic_r0,complex_000177,complex_000305,19,-7.79655
critic_r0,complex_000191,complex_000191,0,-5.3447
critic_r0,complex_000191,complex_000191,1,-5.60196
critic_r0,complex_000191,complex_000191,2,-5.54192
critic_r0,complex_000191,complex_000191,3,-4.98796
critic_r0,complex_000191,complex_000191,4,-5.42188
critic_r0,complex_000191,complex_000191,5,-4.74417
critic_r0,complex_000191,complex_000191,6,-6.66396
critic_r0,complex_000191,complex_000191,7,-6.30194
critic_r0,complex_000191,complex_000191,8,-5.19747
critic_r0,complex_000191,complex_000191,9,-5.87333
critic_r0,complex_000191,complex_000191,10,-3.88145
critic_r0,complex_000191,complex_000191,11,-3.77409
critic_r0,complex_000191,complex_000191,12,-5.39811
critic_r0,complex_000191,complex_000191,13,-3.19788
critic_r0,complex_000191,complex_000191,14,-6.26424
critic_r0,complex_000191,complex_000191,15,-4.99818
critic_r0,complex_000191,complex_000191,16,-6.10916
critic_r0,complex_000191,complex_000191,17,-7.05774
critic_r0,complex_000191,complex_000191,18,-7.92636
critic_r0,complex_000191,complex_000191,19,-3.8513
critic_r0,complex_000165,complex_000193,0,-7.55338
critic_r0,complex_000165,complex_000193,1,-8.01526
critic_r0,complex_000165,complex_000193,2,-6.0495
critic_r0,complex_000165,complex_000193,3,-6.09395
critic_r0,complex_000165,complex_000193,4,-6.68783
critic_r0,complex_000165,complex_000193,5,-7.26966
critic_r0,complex_000165,complex_000193,6,-5.98132
critic_r0,complex_000165,complex_000193,7,-6.8506
critic_r0,complex_000165,complex_000193,8,-5.02944
critic_r0,complex_000165,complex_000193,9,-7.062
critic_r0,complex_000165,complex_000193,10,-7.43647
critic_r0,complex_000165,complex_000193,11,-7.31531
critic_r0,complex_000165,complex_000193,12,-6.68032
critic_r0,complex_000165,complex_000193,13,-6.86033
critic_r0,complex_000165,complex_000193,14,-5.6386
critic_r0,complex_000165,complex_000193,15,-6.84849
critic_r0,complex_000165,complex_000193,16,-5.8925
critic_r0,complex_000165,complex_000193,17,-4.91204
critic_r0,complex_000165,complex_000193,18,-5.90775
critic_r0,complex_000165,complex_000193,19,-4.63903
critic_r0,complex_000165,complex_000149,0,-8.76365
critic_r0,complex_000165,complex_000149,1,-9.50716
critic_r0,complex_000165,complex_000149,2,-7.25582
critic_r0,complex_000165,complex_000149,3,-8.80743
critic_r0,complex_000165,complex_000149,4,-8.35366
critic_r0,complex_000165,complex_000149,5,-8.27603
critic_r0,complex_000165,complex_000149,6,-7.14653
critic_r0,complex_000165,complex_000149,7,-8.63867
critic_r0,complex_000165,complex_000149,8,-6.16188
critic_r0,complex_000165,complex_000149,9,-8.63648
critic_r0,complex_000165,complex_000149,10,-8.1616
critic_r0,complex_000165,complex_000149,11,-8.9825
critic_r0,complex_000165,complex_000149,12,-8.21805
critic_r0,complex_000165,complex_000149,13,-8.44144
critic_r0,complex_000165,complex_000149,14,-7.65594
critic_r0,complex_000165,complex_000149,15,-7.71405
critic_r0,complex_000165,complex_000149,16,-7.52164
critic_r0,complex_000165,complex_000149,17,-5.94891
critic_r0,complex_000165,complex_000149,18,-8.39043
critic_r0,complex_000165,complex_000149,19,-5.42016
critic_r0,complex_000191,complex_000472,0,-7.28666
critic_r0,complex_000191,complex_000472,1,-6.0113
critic_r0,complex_000191,complex_000472,2,-6.98202
critic_r0,complex_000191,complex_000472,3,-7.96107
critic_r0,complex_000191,complex_000472,4,-8.12753
critic_r0,complex_000191,complex_000472,5,-6.57109
critic_r0,complex_000191,complex_000472,6,-8.25522
critic_r0,complex_000191,complex_000472,7,-8.63393
critic_r0,complex_000191,complex_000472,8,-5.67956
critic_r0,complex_000191,complex_000472,9,-6.74919
critic_r0,complex_000191,complex_000472,10,-4.21423
critic_r0,complex_000191,complex_000472,11,-5.01898
critic_r0,complex_000191,complex_000472,12,-7.99321
critic_r0,complex_000191,complex_000472,13,-4.43966
critic_r0,complex_000191,complex_000472,14,-8.55133
critic_r0,complex_000191,complex_000472,15,-6.08816
critic_r0,complex_000191,complex_000472,16,-8.58413
critic_r0,complex_000191,complex_000472,17,-10.54986
critic_r0,complex_000191,complex_000472,18,-9.34265
critic_r0,complex_000191,complex_000472,19,-5.79763
critic_r0,complex_000191,complex_000145,0,-5.00568
critic_r0,complex_000191,complex_000145,1,-4.13301
critic_r0,complex_000191,complex_000145,2,-5.13676
critic_r0,complex_000191,complex_000145,3,-5.46151
critic_r0,complex_000191,complex_000145,4,-6.16951
critic_r0,complex_000191,complex_000145,5,-4.50407
critic_r0,complex_000191,complex_000145,6,-5.62934
critic_r0,complex_000191,complex_000145,7,-6.25231
critic_r0,complex_000191,complex_000145,8,-4.60228
critic_r0,complex_000191,complex_000145,9,-4.75905
critic_r0,complex_000191,complex_000145,10,-3.49439
critic_r0,complex_000191,complex_000145,11,-3.72148
critic_r0,complex_000191,complex_000145,12,-5.58503
critic_r0,complex_000191,complex_000145,13,-3.36254
critic_r0,complex_000191,complex_000145,14,-5.79288
critic_r0,complex_000191,complex_000145,15,-4.38814
critic_r0,complex_000191,complex_000145,16,-6.51221
critic_r0,complex_000191,complex_000145,17,-6.79304
critic_r0,complex_000191,complex_000145,18,-6.36869
critic_r0,complex_000191,complex_000145,19,-3.92582
critic_r0,complex_000193,complex_000193,0,-7.28896
critic_r0,complex_000193,complex_000193,1,-5.72681
critic_r0,complex_000193,complex_000193,2,-5.38539
critic_r0,complex_000193,complex_000193,3,-7.17536
critic_r0,complex_000193,complex_000193,4,-5.62986
critic_r0,complex_000193,complex_000193,5,-5.94983
critic_r0,complex_000193,complex_000193,6,-7.94411
critic_r0,complex_000193,complex_000193,7,-5.30309
critic_r0,complex_000193,complex_000193,8,-6.74036
critic_r0,complex_000193,complex_000193,9,-5.85185
critic_r0,complex_000193,complex_000193,10,-6.23667
critic_r0,complex_000193,complex_000193,11,-6.79834
critic_r0,complex_000193,complex_000193,12,-7.55552
critic_r0,complex_000193,complex_000193,13,-5.43205
critic_r0,complex_000193,complex_000193,14,-6.56613
critic_r0,complex_000193,complex_000193,15,-7.01082
critic_r0,complex_000193,complex_000193,16,-5.76854
critic_r0,complex_000193,complex_000193,17,-7.02583
critic_r0,complex_000193,complex_000193,18,-5.83445
critic_r0,complex_000193,complex_000193,19,-7.18939
critic_r0,complex_000191,complex_000149,0,-6.76065
critic_r0,complex_000191,complex_000149,1,-6.18226
critic_r0,complex_000191,complex_000149,2,-6.86572
critic_r0,complex_000191,complex_000149,3,-8.21301
critic_r0,complex_000191,complex_000149,4,-8.84655
critic_r0,complex_000191,complex_000149,5,-6.88929
critic_r0,complex_000191,complex_000149,6,-8.06878
critic_r0,complex_000191,complex_000149,7,-7.11832
critic_r0,complex_000191,complex_000149,8,-6.68157
critic_r0,complex_000191,complex_000149,9,-6.69954
critic_r0,complex_000191,complex_000149,10,-3.67667
critic_r0,complex_000191,complex_000149,11,-5.35559
critic_r0,complex_000191,complex_000149,12,-7.61187
critic_r0,complex_000191,complex_000149,13,-4.82468
critic_r0,complex_000191,complex_000149,14,-8.26323
critic_r0,complex_000191,complex_000149,15,-6.62655
critic_r0,complex_000191,complex_000149,16,-7.45978
critic_r0,complex_000191,complex_000149,17,-9.15176
critic_r0,complex_000191,complex_000149,18,-10.11905
critic_r0,complex_000191,complex_000149,19,-5.7465
critic_r0,complex_000165,complex_000165,0,-5.41136
critic_r0,complex_000165,complex_000165,1,-6.89119
critic_r0,complex_000165,complex_000165,2,-2.04795
critic_r0,complex_000165,complex_000165,3,-3.33491
critic_r0,complex_000165,complex_000165,4,-6.1772
critic_r0,complex_000165,complex_000165,5,-7.07781
critic_r0,complex_000165,complex_000165,6,-9.44563
critic_r0,complex_000165,complex_000165,7,-8.25371
critic_r0,complex_000165,complex_000165,8,-6.39794
critic_r0,complex_000165,complex_000165,9,-9.63596
critic_r0,complex_000165,complex_000165,10,-8.73937
critic_r0,complex_000165,complex_000165,11,-4.73079
critic_r0,complex_000165,complex_000165,12,-8.82178
critic_r0,complex_000165,complex_000165,13,-8.37315
critic_r0,complex_000165,complex_000165,14,-7.31313
critic_r0,complex_000165,complex_000165,15,-5.91648
critic_r0,complex_000165,complex_000165,16,-8.48899
critic_r0,complex_000165,complex_000165,17,-6.04776
critic_r0,complex_000165,complex_000165,18,-7.56135
critic_r0,complex_000165,complex_000165,19,-5.87594
critic_r0,complex_000165,complex_000177,0,-7.59709
critic_r0,complex_000165,complex_000177,1,-8.28847
critic_r0,complex_000165,complex_000177,2,-7.29847
critic_r0,complex_000165,complex_000177,3,-7.70196
critic_r0,complex_000165,complex_000177,4,-7.58474
critic_r0,complex_000165,complex_000177,5,-8.30531
critic_r0,complex_000165,complex_000177,6,-6.57844
critic_r0,complex_000165,complex_000177,7,-7.9594
critic_r0,complex_000165,complex_000177,8,-5.15466
critic_r0,complex_000165,complex_000177,9,-7.27811
critic_r0,complex_000165,complex_000177,10,-6.68952
critic_r0,complex_000165,complex_000177,11,-7.54347
critic_r0,complex_000165,complex_000177,12,-6.54193
critic_r0,complex_000165,complex_000177,13,-6.92587
critic_r0,complex_000165,complex_000177,14,-6.5479
critic_r0,complex_000165,complex_000177,15,-7.12439
critic_r0,complex_000165,complex_000177,16,-6.54555
critic_r0,complex_000165,complex_000177,17,-5.03608
critic_r0,complex_000165,complex_000177,18,-6.44323
critic_r0,complex_000165,complex_000177,19,-4.95408
critic_r0,complex_000149,complex_000394,0,-7.65942
critic_r0,complex_000149,complex_000394,1,-6.00184
critic_r0,complex_000149,complex_000394,2,-4.13771
critic_r0,complex_000149,complex_000394,3,-5.53208
critic_r0,complex_000149,complex_000394,4,-6.31521
critic_r0,complex_000149,complex_000394,5,-7.04024
critic_r0,complex_000149,complex_000394,6,-8.39291
critic_r0,complex_000149,complex_000394,7,-6.55548
critic_r0,complex_000149,complex_000394,8,-5.05784
critic_r0,complex_000149,complex_000394,9,-5.41693
critic_r0,complex_000149,complex_000394,10,-5.22437
critic_r0,complex_000149,complex_000394,11,-5.90418
critic_r0,complex_000149,complex_000394,12,-6.39447
critic_r0,complex_000149,complex_000394,13,-7.42298
critic_r0,complex_000149,complex_000394,14,-5.82222
critic_r0,complex_000149,complex_000394,15,-5.44174
critic_r0,complex_000149,complex_000394,16,-5.8769
critic_r0,complex_000149,complex_000394,17,-5.59425
critic_r0,complex_000149,complex_000394,18,-6.13735
critic_r0,complex_000149,complex_000394,19,-7.50042
critic_r0,complex_000193,complex_000335,0,-6.94962
critic_r0,complex_000193,complex_000335,1,-4.99032
critic_r0,complex_000193,complex_000335,2,-4.53172
critic_r0,complex_000193,complex_000335,3,-6.02309
critic_r0,complex_000193,complex_000335,4,-4.85569
critic_r0,complex_000193,complex_000335,5,-4.75471
critic_r0,complex_000193,complex_000335,6,-7.41184
critic_r0,complex_000193,complex_000335,7,-4.79838
critic_r0,complex_000193,complex_000335,8,-5.93569
critic_r0,complex_000193,complex_000335,9,-6.02354
critic_r0,complex_000193,complex_000335,10,-5.27965
critic_r0,complex_000193,complex_000335,11,-5.9469
critic_r0,complex_000193,complex_000335,12,-6.02003
critic_r0,complex_000193,complex_000335,13,-4.56421
critic_r0,complex_000193,complex_000335,14,-5.47191
critic_r0,complex_000193,complex_000335,15,-6.25356
critic_r0,complex_000193,complex_000335,16,-5.5558
critic_r0,complex_000193,complex_000335,17,-6.17984
critic_r0,complex_000193,complex_000335,18,-5.32002
critic_r0,complex_000193,complex_000335,19,-7.01778
critic_r0,complex_000193,complex_000059,0,-8.6514
critic_r0,complex_000193,complex_000059,1,-5.86814
critic_r0,complex_000193,complex_000059,2,-5.47964
critic_r0,complex_000193,complex_000059,3,-8.03979
critic_r0,complex_000193,complex_000059,4,-6.51355
critic_r0,complex_000193,complex_000059,5,-6.2192
critic_r0,complex_000193,complex_000059,6,-8.79908
critic_r0,complex_000193,complex_000059,7,-5.28686
critic_r0,complex_000193,complex_000059,8,-7.31094
critic_r0,complex_000193,complex_000059,9,-6.84055
critic_r0,complex_000193,complex_000059,10,-7.23171
critic_r0,complex_000193,complex_000059,11,-7.38015
critic_r0,complex_000193,complex_000059,12,-8.50377
critic_r0,complex_000193,complex_000059,13,-5.57221
critic_r0,complex_000193,complex_000059,14,-6.78705
critic_r0,complex_000193,complex_000059,15,-7.67127
critic_r0,complex_000193,complex_000059,16,-6.35765
critic_r0,complex_000193,complex_000059,17,-8.69494
critic_r0,complex_000193,complex_000059,18,-5.82577
critic_r0,complex_000193,complex_000059,19,-8.15606
critic_r0,complex_000170,complex_000170,0,-11.11903
critic_r0,complex_000170,complex_000170,1,-12.63734
critic_r0,complex_000170,complex_000170,2,-7.90195
critic_r0,complex_000170,complex_000170,3,-7.85993
critic_r0,complex_000170,complex_000170,4,-9.80529
critic_r0,complex_000170,complex_000170,5,-8.14466
critic_r0,complex_000170,complex_000170,6,-8.32911
critic_r0,complex_000170,complex_000170,7,-9.60159
critic_r0,complex_000170,complex_000170,8,-9.47829
critic_r0,complex_000170,complex_000170,9,-10.86841
critic_r0,complex_000170,complex_000170,10,-11.77895
critic_r0,complex_000170,complex_000170,11,-8.2508
critic_r0,complex_000170,complex_000170,12,-7.24835
critic_r0,complex_000170,complex_000170,13,-7.62078
critic_r0,complex_000170,complex_000170,14,-7.48773
critic_r0,complex_000170,complex_000170,15,-10.22437
critic_r0,complex_000170,complex_000170,16,-9.20212
critic_r0,complex_000170,complex_000170,17,-12.58606
critic_r0,complex_000170,complex_000170,18,-4.47434
critic_r0,complex_000170,complex_000170,19,-11.24981
critic_r0,complex_000223,complex_000149,0,-7.46357
critic_r0,complex_000223,complex_000149,1,-5.44028
critic_r0,complex_000223,complex_000149,2,-5.62216
critic_r0,complex_000223,complex_000149,3,-7.0931
critic_r0,complex_000223,complex_000149,4,-5.03104
critic_r0,complex_000223,complex_000149,5,-5.47669
critic_r0,complex_000223,complex_000149,6,-3.38965
critic_r0,complex_000223,complex_000149,7,-9.03028
critic_r0,complex_000223,complex_000149,8,-5.32338
critic_r0,complex_000223,complex_000149,9,-7.51935
critic_r0,complex_000223,complex_000149,10,-6.61084
critic_r0,complex_000223,complex_000149,11,-4.3666
critic_r0,complex_000223,complex_000149,12,-6.249
critic_r0,complex_000223,complex_000149,13,-9.53868
critic_r0,complex_000223,complex_000149,14,-9.18826
critic_r0,complex_000223,complex_000149,15,-7.37806
critic_r0,complex_000223,complex_000149,16,-4.07826
critic_r0,complex_000223,complex_000149,17,-7.13174
critic_r0,complex_000223,complex_000149,18,-3.53291
critic_r0,complex_000223,complex_000149,19,-9.464
critic_r0,complex_000223,complex_000223,0,-5.55256
critic_r0,complex_000223,complex_000223,1,-4.11135
critic_r0,complex_000223,complex_000223,2,-4.38552
critic_r0,complex_000223,complex_000223,3,-5.13432
critic_r0,complex_000223,complex_000223,4,-3.8918
critic_r0,complex_000223,complex_000223,5,-4.0734
critic_r0,complex_000223,complex_000223,6,-2.5432
critic_r0,complex_000223,complex_000223,7,-6.19946
critic_r0,complex_000223,complex_000223,8,-4.18608
critic_r0,complex_000223,complex_000223,9,-5.2686
critic_r0,complex_000223,complex_000223,10,-4.66988
critic_r0,complex_000223,complex_000223,11,-3.34747
critic_r0,complex_000223,complex_000223,12,-4.20758
critic_r0,complex_000223,complex_000223,13,-6.55203
critic_r0,complex_000223,complex_000223,14,-7.21128
critic_r0,complex_000223,complex_000223,15,-5.03783
critic_r0,complex_000223,complex_000223,16,-2.97784
critic_r0,complex_000223,complex_000223,17,-4.79449
critic_r0,complex_000223,complex_000223,18,-2.75143
critic_r0,complex_000223,complex_000223,19,-6.5089
critic_r0,complex_000223,complex_000403,0,-7.50675
critic_r0,complex_000223,complex_000403,1,-5.27201
critic_r0,complex_000223,complex_000403,2,-4.88211
critic_r0,complex_000223,complex_000403,3,-7.26523
critic_r0,complex_000223,complex_000403,4,-4.35639
critic_r0,complex_000223,complex_000403,5,-5.76798
critic_r0,complex_000223,complex_000403,6,-3.22965
critic_r0,complex_000223,complex_000403,7,-8.31866
critic_r0,complex_000223,complex_000403,8,-5.3673
critic_r0,complex_000223,complex_000403,9,-7.32697
critic_r0,complex_000223,complex_000403,10,-7.05069
critic_r0,complex_000223,complex_000403,11,-3.84692
critic_r0,complex_000223,complex_000403,12,-5.66476
critic_r0,complex_000223,complex_000403,13,-8.988
critic_r0,complex_000223,complex_000403,14,-9.05991
critic_r0,complex_000223,complex_000403,15,-5.78421
critic_r0,complex_000223,complex_000403,16,-3.99078
critic_r0,complex_000223,complex_000403,17,-6.81363
critic_r0,complex_000223,complex_000403,18,-3.4269
critic_r0,complex_000223,complex_000403,19,-8.23817
critic_r0,complex_000170,complex_000506,0,-7.5927
critic_r0,complex_000170,complex_000506,1,-6.67113
critic_r0,complex_000170,complex_000506,2,-5.92101
critic_r0,complex_000170,complex_000506,3,-5.4482
critic_r0,complex_000170,complex_000506,4,-6.0506
critic_r0,complex_000170,complex_000506,5,-5.08027
critic_r0,complex_000170,complex_000506,6,-5.56745
critic_r0,complex_000170,complex_000506,7,-5.50464
critic_r0,complex_000170,complex_000506,8,-6.38502
critic_r0,complex_000170,complex_000506,9,-6.56899
critic_r0,complex_000170,complex_000506,10,-7.16668
critic_r0,complex_000170,complex_000506,11,-5.15297
critic_r0,complex_000170,complex_000506,12,-6.39498
critic_r0,complex_000170,complex_000506,13,-4.85007
critic_r0,complex_000170,complex_000506,14,-5.58526
critic_r0,complex_000170,complex_000506,15,-6.23515
critic_r0,complex_000170,complex_000506,16,-5.68501
critic_r0,complex_000170,complex_000506,17,-7.33651
critic_r0,complex_000170,complex_000506,18,-6.75305
critic_r0,complex_000170,complex_000506,19,-8.29714
critic_r0,complex_000170,complex_000456,0,-8.08761
critic_r0,complex_000170,complex_000456,1,-8.16255
critic_r0,complex_000170,complex_000456,2,-6.24469
critic_r0,complex_000170,complex_000456,3,-6.19192
critic_r0,complex_000170,complex_000456,4,-7.57612
critic_r0,complex_000170,complex_000456,5,-6.42221
critic_r0,complex_000170,complex_000456,6,-7.02136
critic_r0,complex_000170,complex_000456,7,-6.61036
critic_r0,complex_000170,complex_000456,8,-8.78854
critic_r0,complex_000170,complex_000456,9,-7.91121
critic_r0,complex_000170,complex_000456,10,-8.36306
critic_r0,complex_000170,complex_000456,11,-7.18271
critic_r0,complex_000170,complex_000456,12,-6.12416
critic_r0,complex_000170,complex_000456,13,-5.48354
critic_r0,complex_000170,complex_000456,14,-6.08426
critic_r0,complex_000170,complex_000456,15,-7.48922
critic_r0,complex_000170,complex_000456,16,-6.30795
critic_r0,complex_000170,complex_000456,17,-8.09616
critic_r0,complex_000170,complex_000456,18,-8.38938
critic_r0,complex_000170,complex_000456,19,-8.02749
critic_r0,complex_000179,complex_000179,0,-10.44583
critic_r0,complex_000179,complex_000179,1,-10.12277
critic_r0,complex_000179,complex_000179,2,-8.8308
critic_r0,complex_000179,complex_000179,3,-11.50954
critic_r0,complex_000179,complex_000179,4,-9.37344
critic_r0,complex_000179,complex_000179,5,-9.37973
critic_r0,complex_000179,complex_000179,6,-10.27631
critic_r0,complex_000179,complex_000179,7,-7.39299
critic_r0,complex_000179,complex_000179,8,-10.21793
critic_r0,complex_000179,complex_000179,9,-9.3238
critic_r0,complex_000179,complex_000179,10,-9.43007
critic_r0,complex_000179,complex_000179,11,-7.42747
critic_r0,complex_000179,complex_000179,12,-5.78131
critic_r0,complex_000179,complex_000179,13,-10.21824
critic_r0,complex_000179,complex_000179,14,-8.11627
critic_r0,complex_000179,complex_000179,15,-5.63754
critic_r0,complex_000179,complex_000179,16,-8.85544
critic_r0,complex_000179,complex_000179,17,-8.49577
critic_r0,complex_000179,complex_000179,18,-5.88188
critic_r0,complex_000179,complex_000179,19,-9.61983
critic_r0,complex_000179,complex_000266,0,-8.85561
critic_r0,complex_000179,complex_000266,1,-9.28953
critic_r0,complex_000179,complex_000266,2,-7.90562
critic_r0,complex_000179,complex_000266,3,-9.57388
critic_r0,complex_000179,complex_000266,4,-7.87024
critic_r0,complex_000179,complex_000266,5,-9.21246
critic_r0,complex_000179,complex_000266,6,-9.31697
critic_r0,complex_000179,complex_000266,7,-6.67593
critic_r0,complex_000179,complex_000266,8,-8.68144
critic_r0,complex_000179,complex_000266,9,-7.64144
critic_r0,complex_000179,complex_000266,10,-8.66947
critic_r0,complex_000179,complex_000266,11,-6.99138
critic_r0,complex_000179,complex_000266,12,-5.6057
critic_r0,complex_000179,complex_000266,13,-9.42522
critic_r0,complex_000179,complex_000266,14,-7.54576
critic_r0,complex_000179,complex_000266,15,-5.44224
critic_r0,complex_000179,complex_000266,16,-7.17902
critic_r0,complex_000179,complex_000266,17,-7.11831
critic_r0,complex_000179,complex_000266,18,-5.39826
critic_r0,complex_000179,complex_000266,19,-9.0078
critic_r0,complex_000170,complex_000059,0,-10.40823
critic_r0,complex_000170,complex_000059,1,-9.48149
critic_r0,complex_000170,complex_000059,2,-7.93246
critic_r0,complex_000170,complex_000059,3,-6.79684
critic_r0,complex_000170,complex_000059,4,-8.44118
critic_r0,complex_000170,complex_000059,5,-6.23844
critic_r0,complex_000170,complex_000059,6,-7.82283
critic_r0,complex_000170,complex_000059,7,-7.34869
critic_r0,complex_000170,complex_000059,8,-8.43516
critic_r0,complex_000170,complex_000059,9,-8.86723
critic_r0,complex_000170,complex_000059,10,-8.90415
critic_r0,complex_000170,complex_000059,11,-8.72434
critic_r0,complex_000170,complex_000059,12,-6.5801
critic_r0,complex_000170,complex_000059,13,-6.34314
critic_r0,complex_000170,complex_000059,14,-6.82022
critic_r0,complex_000170,complex_000059,15,-7.72512
critic_r0,complex_000170,complex_000059,16,-7.5917
critic_r0,complex_000170,complex_000059,17,-10.3793
critic_r0,complex_000170,complex_000059,18,-8.20869
critic_r0,complex_000170,complex_000059,19,-9.04612
critic_r0,complex_000193,complex_000051,0,-8.0021
critic_r0,complex_000193,complex_000051,1,-5.36304
critic_r0,complex_000193,complex_000051,2,-5.01443
critic_r0,complex_000193,complex_000051,3,-7.40802
critic_r0,complex_000193,complex_000051,4,-5.73879
critic_r0,complex_000193,complex_000051,5,-5.63391
critic_r0,complex_000193,complex_000051,6,-8.50881
critic_r0,complex_000193,complex_000051,7,-5.12416
critic_r0,complex_000193,complex_000051,8,-6.84714
critic_r0,complex_000193,complex_000051,9,-6.86468
critic_r0,complex_000193,complex_000051,10,-6.59151
critic_r0,complex_000193,complex_000051,11,-7.46215
critic_r0,complex_000193,complex_000051,12,-7.53783
critic_r0,complex_000193,complex_000051,13,-5.33385
critic_r0,complex_000193,complex_000051,14,-6.23902
critic_r0,complex_000193,complex_000051,15,-7.74698
critic_r0,complex_000193,complex_000051,16,-6.39593
critic_r0,complex_000193,complex_000051,17,-7.61178
critic_r0,complex_000193,complex_000051,18,-5.63285
critic_r0,complex_000193,complex_000051,19,-8.86847
critic_r0,complex_000223,complex_000177,0,-7.92721
critic_r0,complex_000223,complex_000177,1,-5.34154
critic_r0,complex_000223,complex_000177,2,-4.81915
critic_r0,complex_000223,complex_000177,3,-6.51546
critic_r0,complex_000223,complex_000177,4,-4.54876
critic_r0,complex_000223,complex_000177,5,-5.29003
critic_r0,complex_000223,complex_000177,6,-3.43589
critic_r0,complex_000223,complex_000177,7,-8.17842
critic_r0,complex_000223,complex_000177,8,-5.7693
critic_r0,complex_000223,complex_000177,9,-7.15964
critic_r0,complex_000223,complex_000177,10,-6.71821
critic_r0,complex_000223,complex_000177,11,-4.34055
critic_r0,complex_000223,complex_000177,12,-5.3347
critic_r0,complex_000223,complex_000177,13,-8.19929
critic_r0,complex_000223,complex_000177,14,-7.9855
critic_r0,complex_000223,complex_000177,15,-5.64603
critic_r0,complex_000223,complex_000177,16,-4.11224
critic_r0,complex_000223,complex_000177,17,-6.4829
critic_r0,complex_000223,complex_000177,18,-3.54163
critic_r0,complex_000223,complex_000177,19,-7.98
critic_r0,complex_000179,complex_000305,0,-9.9028
critic_r0,complex_000179,complex_000305,1,-7.1984
critic_r0,complex_000179,complex_000305,2,-8.47597
critic_r0,complex_000179,complex_000305,3,-10.26769
critic_r0,complex_000179,complex_000305,4,-9.7269
critic_r0,complex_000179,complex_000305,5,-9.73741
critic_r0,complex_000179,complex_000305,6,-8.72198
critic_r0,complex_000179,complex_000305,7,-7.33042
critic_r0,complex_000179,complex_000305,8,-8.45767
critic_r0,complex_000179,complex_000305,9,-8.79252
critic_r0,complex_000179,complex_000305,10,-8.9909
critic_r0,complex_000179,complex_000305,11,-7.47475
critic_r0,complex_000179,complex_000305,12,-5.87646
critic_r0,complex_000179,complex_000305,13,-10.11139
critic_r0,complex_000179,complex_000305,14,-8.16915
critic_r0,complex_000179,complex_000305,15,-5.38148
critic_r0,complex_000179,complex_000305,16,-8.03504
critic_r0,complex_000179,complex_000305,17,-7.53355
critic_r0,complex_000179,complex_000305,18,-5.76678
critic_r0,complex_000179,complex_000305,19,-10.10475
critic_r0,complex_000179,complex_000165,0,-5.08901
critic_r0,complex_000179,complex_000165,1,7.89045
critic_r0,complex_000179,complex_000165,2,-3.69725
critic_r0,complex_000179,complex_000165,3,-4.79892
critic_r0,complex_000179,complex_000165,4,-5.20521
critic_r0,complex_000179,complex_000165,5,0.37753
critic_r0,complex_000179,complex_000165,6,-0.55608
critic_r0,complex_000179,complex_000165,7,-7.61062
critic_r0,complex_000179,complex_000165,8,-3.22394
critic_r0,complex_000179,complex_000165,9,-2.86075
critic_r0,complex_000179,complex_000165,10,-3.92148
critic_r0,complex_000179,complex_000165,11,-5.50454
critic_r0,complex_000179,complex_000165,12,-6.50741
critic_r0,complex_000179,complex_000165,13,-4.6644
critic_r0,complex_000179,complex_000165,14,-5.39128
critic_r0,complex_000179,complex_000165,15,-6.93345
critic_r0,complex_000179,complex_000165,16,-2.74379
critic_r0,complex_000179,complex_000165,17,-5.44043
critic_r0,complex_000179,complex_000165,18,-5.83993
critic_r0,complex_000179,complex_000165,19,-2.74648
critic_r0,complex_000292,complex_000292,0,-6.75917
critic_r0,complex_000292,complex_000292,1,-6.78574
critic_r0,complex_000292,complex_000292,2,-4.75862
critic_r0,complex_000292,complex_000292,3,-6.46711
critic_r0,complex_000292,complex_000292,4,-4.74105
critic_r0,complex_000292,complex_000292,5,-7.51143
critic_r0,complex_000292,complex_000292,6,-5.48915
critic_r0,complex_000292,complex_000292,7,-5.47829
critic_r0,complex_000292,complex_000292,8,-5.61519
critic_r0,complex_000292,complex_000292,9,-4.74363
critic_r0,complex_000292,complex_000292,10,-5.98983
critic_r0,complex_000292,complex_000292,11,-7.82896
critic_r0,complex_000292,complex_000292,12,-5.23492
critic_r0,complex_000292,complex_000292,13,-4.57044
critic_r0,complex_000292,complex_000292,14,-4.19294
critic_r0,complex_000292,complex_000292,15,-4.54537
critic_r0,complex_000292,complex_000292,16,-5.93915
critic_r0,complex_000292,complex_000292,17,-7.47352
critic_r0,complex_000292,complex_000292,18,-5.65801
critic_r0,complex_000292,complex_000292,19,-6.11112
critic_r0,complex_000292,complex_000540,0,-7.78243
critic_r0,complex_000292,complex_000540,1,-8.21261
critic_r0,complex_000292,complex_000540,2,-4.85406
critic_r0,complex_000292,complex_000540,3,-7.29819
critic_r0,complex_000292,complex_000540,4,-4.79002
critic_r0,complex_000292,complex_000540,5,-8.20677
critic_r0,complex_000292,complex_000540,6,-6.15818
critic_r0,complex_000292,complex_000540,7,-6.41485
critic_r0,complex_000292,complex_000540,8,-5.85582
critic_r0,complex_000292,complex_000540,9,-4.62254
critic_r0,complex_000292,complex_000540,10,-5.62013
critic_r0,complex_000292,complex_000540,11,-9.05134
critic_r0,complex_000292,complex_000540,12,-5.40694
critic_r0,complex_000292,complex_000540,13,-4.92049
critic_r0,complex_000292,complex_000540,14,-4.78895
critic_r0,complex_000292,complex_000540,15,-4.61774
critic_r0,complex_000292,complex_000540,16,-7.1692
critic_r0,complex_000292,complex_000540,17,-9.73074
critic_r0,complex_000292,complex_000540,18,-6.07789
critic_r0,complex_000292,complex_000540,19,-6.61222
critic_r0,complex_000305,complex_000059,0,-9.60049
critic_r0,complex_000305,complex_000059,1,-8.26207
critic_r0,complex_000305,complex_000059,2,-6.85858
critic_r0,complex_000305,complex_000059,3,-9.14445
critic_r0,complex_000305,complex_000059,4,-8.35074
critic_r0,complex_000305,complex_000059,5,-9.34029
critic_r0,complex_000305,complex_000059,6,-6.89693
critic_r0,complex_000305,complex_000059,7,-9.16996
critic_r0,complex_000305,complex_000059,8,-8.27683
critic_r0,complex_000305,complex_000059,9,-8.68357
critic_r0,complex_000305,complex_000059,10,-7.96459
critic_r0,complex_000305,complex_000059,11,-6.89834
critic_r0,complex_000305,complex_000059,12,-9.09542
critic_r0,complex_000305,complex_000059,13,-5.93253
critic_r0,complex_000305,complex_000059,14,-7.21149
critic_r0,complex_000305,complex_000059,15,-8.60438
critic_r0,complex_000305,complex_000059,16,-5.53741
critic_r0,complex_000305,complex_000059,17,-8.70408
critic_r0,complex_000305,complex_000059,18,-7.22629
critic_r0,complex_000305,complex_000059,19,-9.27363
critic_r0,complex_000269,complex_000382,0,-13.73327
critic_r0,complex_000269,complex_000382,1,-8.52604
critic_r0,complex_000269,complex_000382,2,-6.0891
critic_r0,complex_000269,complex_000382,3,-10.18487
critic_r0,complex_000269,complex_000382,4,-9.58588
critic_r0,complex_000269,complex_000382,5,-6.0445
critic_r0,complex_000269,complex_000382,6,-9.15162
critic_r0,complex_000269,complex_000382,7,-9.8382
critic_r0,complex_000269,complex_000382,8,-7.72561
critic_r0,complex_000269,complex_000382,9,-8.35141
critic_r0,complex_000269,complex_000382,10,-7.96504
critic_r0,complex_000269,complex_000382,11,-5.58978
critic_r0,complex_000269,complex_000382,12,-4.84824
critic_r0,complex_000269,complex_000382,13,-6.67543
critic_r0,complex_000269,complex_000382,14,-8.35774
critic_r0,complex_000269,complex_000382,15,-6.73798
critic_r0,complex_000269,complex_000382,16,-6.45908
critic_r0,complex_000269,complex_000382,17,-9.5705
critic_r0,complex_000269,complex_000382,18,-6.01698
critic_r0,complex_000269,complex_000382,19,-5.37681
critic_r0,complex_000305,complex_000363,0,-10.15681
critic_r0,complex_000305,complex_000363,1,-8.09709
critic_r0,complex_000305,complex_000363,2,-7.06501
critic_r0,complex_000305,complex_000363,3,-9.22943
critic_r0,complex_000305,complex_000363,4,-9.03141
critic_r0,complex_000305,complex_000363,5,-9.21784
critic_r0,complex_000305,complex_000363,6,-7.23967
critic_r0,complex_000305,complex_000363,7,-8.96402
critic_r0,complex_000305,complex_000363,8,-8.51505
critic_r0,complex_000305,complex_000363,9,-9.289
critic_r0,complex_000305,complex_000363,10,-9.32695
critic_r0,complex_000305,complex_000363,11,-7.25976
critic_r0,complex_000305,complex_000363,12,-9.33557
critic_r0,complex_000305,complex_000363,13,-6.20317
critic_r0,complex_000305,complex_000363,14,-7.88152
critic_r0,complex_000305,complex_000363,15,-8.30422
critic_r0,complex_000305,complex_000363,16,-6.01777
critic_r0,complex_000305,complex_000363,17,-8.69929
critic_r0,complex_000305,complex_000363,18,-7.40633
critic_r0,complex_000305,complex_000363,19,-9.67483
critic_r0,complex_000305,complex_000292,0,-7.3598
critic_r0,complex_000305,complex_000292,1,-6.68174
critic_r0,complex_000305,complex_000292,2,-5.57687
critic_r0,complex_000305,complex_000292,3,-6.63929
critic_r0,complex_000305,complex_000292,4,-6.61141
critic_r0,complex_000305,complex_000292,5,-7.67052
critic_r0,complex_000305,complex_000292,6,-5.44162
critic_r0,complex_000305,complex_000292,7,-6.39045
critic_r0,complex_000305,complex_000292,8,-6.73137
critic_r0,complex_000305,complex_000292,9,-7.91266
critic_r0,complex_000305,complex_000292,10,-7.6749
critic_r0,complex_000305,complex_000292,11,-5.34583
critic_r0,complex_000305,complex_000292,12,-7.46826
critic_r0,complex_000305,complex_000292,13,-5.10955
critic_r0,complex_000305,complex_000292,14,-5.83913
critic_r0,complex_000305,complex_000292,15,-6.93789
critic_r0,complex_000305,complex_000292,16,-4.79855
critic_r0,complex_000305,complex_000292,17,-6.00492
critic_r0,complex_000305,complex_000292,18,-6.20824
critic_r0,complex_000305,complex_000292,19,-7.5081
critic_r0,complex_000269,complex_000140,0,-13.38079
critic_r0,complex_000269,complex_000140,1,-8.05708
critic_r0,complex_000269,complex_000140,2,-6.25334
critic_r0,complex_000269,complex_000140,3,-9.89073
critic_r0,complex_000269,complex_000140,4,-7.77803
critic_r0,complex_000269,complex_000140,5,-6.51028
critic_r0,complex_000269,complex_000140,6,-8.70491
critic_r0,complex_000269,complex_000140,7,-8.90441
critic_r0,complex_000269,complex_000140,8,-7.36628
critic_r0,complex_000269,complex_000140,9,-7.68839
critic_r0,complex_000269,complex_000140,10,-7.6324
critic_r0,complex_000269,complex_000140,11,-5.73242
critic_r0,complex_000269,complex_000140,12,-4.88962
critic_r0,complex_000269,complex_000140,13,-6.97073
critic_r0,complex_000269,complex_000140,14,-9.30509
critic_r0,complex_000269,complex_000140,15,-6.80687
critic_r0,complex_000269,complex_000140,16,-6.25635
critic_r0,complex_000269,complex_000140,17,-8.7122
critic_r0,complex_000269,complex_000140,18,-5.81815
critic_r0,complex_000269,complex_000140,19,-5.50524
critic_r0,complex_000269,complex_000400,0,-13.57584
critic_r0,complex_000269,complex_000400,1,-8.38396
critic_r0,complex_000269,complex_000400,2,-6.60497
critic_r0,complex_000269,complex_000400,3,-10.56683
critic_r0,complex_000269,complex_000400,4,-9.14344
critic_r0,complex_000269,complex_000400,5,-6.42206
critic_r0,complex_000269,complex_000400,6,-9.89511
critic_r0,complex_000269,complex_000400,7,-9.98929
critic_r0,complex_000269,complex_000400,8,-7.92513
critic_r0,complex_000269,complex_000400,9,-7.94271
critic_r0,complex_000269,complex_000400,10,-8.54084
critic_r0,complex_000269,complex_000400,11,-5.8117
critic_r0,complex_000269,complex_000400,12,-5.45651
critic_r0,complex_000269,complex_000400,13,-7.34079
critic_r0,complex_000269,complex_000400,14,-8.49763
critic_r0,complex_000269,complex_000400,15,-6.93596
critic_r0,complex_000269,complex_000400,16,-6.93182
critic_r0,complex_000269,complex_000400,17,-8.89876
critic_r0,complex_000269,complex_000400,18,-6.01391
critic_r0,complex_000269,complex_000400,19,-5.49181
critic_r0,complex_000292,complex_000177,0,-7.01267
critic_r0,complex_000292,complex_000177,1,-7.64529
critic_r0,complex_000292,complex_000177,2,-5.22534
critic_r0,complex_000292,complex_000177,3,-6.87662
critic_r0,complex_000292,complex_000177,4,-5.64621
critic_r0,complex_000292,complex_000177,5,-8.10957
critic_r0,complex_000292,complex_000177,6,-6.96208
critic_r0,complex_000292,complex_000177,7,-6.47685
critic_r0,complex_000292,complex_000177,8,-6.02616
critic_r0,complex_000292,complex_000177,9,-5.33635
critic_r0,complex_000292,complex_000177,10,-5.57437
critic_r0,complex_000292,complex_000177,11,-8.93236
critic_r0,complex_000292,complex_000177,12,-5.59338
critic_r0,complex_000292,complex_000177,13,-5.36114
critic_r0,complex_000292,complex_000177,14,-5.43308
critic_r0,complex_000292,complex_000177,15,-5.31194
critic_r0,complex_000292,complex_000177,16,-7.32975
critic_r0,complex_000292,complex_000177,17,-8.40706
critic_r0,complex_000292,complex_000177,18,-7.09573
critic_r0,complex_000292,complex_000177,19,-6.43544
critic_r0,complex_000335,complex_000335,0,-5.38806
critic_r0,complex_000335,complex_000335,1,-6.4295
critic_r0,complex_000335,complex_000335,2,-4.11962
critic_r0,complex_000335,complex_000335,3,-4.52377
critic_r0,complex_000335,complex_000335,4,-4.46802
critic_r0,complex_000335,complex_000335,5,-5.09011
critic_r0,complex_000335,complex_000335,6,-4.89523
critic_r0,complex_000335,complex_000335,7,-5.92027
critic_r0,complex_000335,complex_000335,8,-6.77576
critic_r0,complex_000335,complex_000335,9,-6.08346
critic_r0,complex_000335,complex_000335,10,-6.63061
critic_r0,complex_000335,complex_000335,11,-5.85883
critic_r0,complex_000335,complex_000335,12,-6.00596
critic_r0,complex_000335,complex_000335,13,-5.66624
critic_r0,complex_000335,complex_000335,14,-4.66295
critic_r0,complex_000335,complex_000335,15,-5.68233
critic_r0,complex_000335,complex_000335,16,-5.3087
critic_r0,complex_000335,complex_000335,17,-4.39098
critic_r0,complex_000335,complex_000335,18,-5.96518
critic_r0,complex_000335,complex_000335,19,-7.5395
critic_r0,complex_000335,complex_000376,0,-5.72224
critic_r0,complex_000335,complex_000376,1,-7.90487
critic_r0,complex_000335,complex_000376,2,-5.11448
critic_r0,complex_000335,complex_000376,3,-5.93086
critic_r0,complex_000335,complex_000376,4,-4.8876
critic_r0,complex_000335,complex_000376,5,-6.47883
critic_r0,complex_000335,complex_000376,6,-5.72632
critic_r0,complex_000335,complex_000376,7,-7.46218
critic_r0,complex_000335,complex_000376,8,-8.05457
critic_r0,complex_000335,complex_000376,9,-7.4987
critic_r0,complex_000335,complex_000376,10,-8.97525
critic_r0,complex_000335,complex_000376,11,-7.68389
critic_r0,complex_000335,complex_000376,12,-7.05925
critic_r0,complex_000335,complex_000376,13,-7.2262
critic_r0,complex_000335,complex_000376,14,-5.23166
critic_r0,complex_000335,complex_000376,15,-7.07167
critic_r0,complex_000335,complex_000376,16,-6.47095
critic_r0,complex_000335,complex_000376,17,-5.48477
critic_r0,complex_000335,complex_000376,18,-8.74604
critic_r0,complex_000335,complex_000376,19,-10.13351
critic_r0,complex_000335,complex_000456,0,-6.38916
critic_r0,complex_000335,complex_000456,1,-7.26409
critic_r0,complex_000335,complex_000456,2,-4.65534
critic_r0,complex_000335,complex_000456,3,-4.81828
critic_r0,complex_000335,complex_000456,4,-4.95262
critic_r0,complex_000335,complex_000456,5,-6.53057
critic_r0,complex_000335,complex_000456,6,-5.57558
critic_r0,complex_000335,complex_000456,7,-7.21457
critic_r0,complex_000335,complex_000456,8,-6.82449
critic_r0,complex_000335,complex_000456,9,-6.85426
critic_r0,complex_000335,complex_000456,10,-8.1853
critic_r0,complex_000335,complex_000456,11,-7.53703
critic_r0,complex_000335,complex_000456,12,-6.73713
critic_r0,complex_000335,complex_000456,13,-6.60235
critic_r0,complex_000335,complex_000456,14,-5.09891
critic_r0,complex_000335,complex_000456,15,-6.7226
critic_r0,complex_000335,complex_000456,16,-5.98121
critic_r0,complex_000335,complex_000456,17,-5.42682
critic_r0,complex_000335,complex_000456,18,-7.73025
critic_r0,complex_000335,complex_000456,19,-7.74874
critic_r0,complex_000292,complex_000269,0,-6.31383
critic_r0,complex_000292,complex_000269,1,-6.45517
critic_r0,complex_000292,complex_000269,2,-5.05038
critic_r0,complex_000292,complex_000269,3,-7.15818
critic_r0,complex_000292,complex_000269,4,-4.60861
critic_r0,complex_000292,complex_000269,5,-6.74545
critic_r0,complex_000292,complex_000269,6,-6.1013
critic_r0,complex_000292,complex_000269,7,-6.08113
critic_r0,complex_000292,complex_000269,8,-5.95445
critic_r0,complex_000292,complex_000269,9,-4.73748
critic_r0,complex_000292,complex_000269,10,-5.6899
critic_r0,complex_000292,complex_000269,11,-8.10918
critic_r0,complex_000292,complex_000269,12,-5.17416
critic_r0,complex_000292,complex_000269,13,-5.23546
critic_r0,complex_000292,complex_000269,14,-4.5076
critic_r0,complex_000292,complex_000269,15,-5.00345
critic_r0,complex_000292,complex_000269,16,-6.23592
critic_r0,complex_000292,complex_000269,17,-7.82035
critic_r0,complex_000292,complex_000269,18,-6.35274
critic_r0,complex_000292,complex_000269,19,-5.91425
critic_r0,complex_000266,complex_000456,0,-7.31462
critic_r0,complex_000266,complex_000456,1,-5.72373
critic_r0,complex_000266,complex_000456,2,-6.53468
critic_r0,complex_000266,complex_000456,3,-8.60895
critic_r0,complex_000266,complex_000456,4,-7.324
critic_r0,complex_000266,complex_000456,5,-5.40119
critic_r0,complex_000266,complex_000456,6,-7.93234
critic_r0,complex_000266,complex_000456,7,-7.31672
critic_r0,complex_000266,complex_000456,8,-6.60037
critic_r0,complex_000266,complex_000456,9,-7.2023
critic_r0,complex_000266,complex_000456,10,-7.55691
critic_r0,complex_000266,complex_000456,11,-8.12625
critic_r0,complex_000266,complex_000456,12,-6.55676
critic_r0,complex_000266,complex_000456,13,-8.23593
critic_r0,complex_000266,complex_000456,14,-7.94844
critic_r0,complex_000266,complex_000456,15,-7.39149
critic_r0,complex_000266,complex_000456,16,-6.97199
critic_r0,complex_000266,complex_000456,17,-8.10214
critic_r0,complex_000266,complex_000456,18,-8.48551
critic_r0,complex_000266,complex_000456,19,-6.71892
critic_r0,complex_000266,complex_000085,0,-7.80183
critic_r0,complex_000266,complex_000085,1,-6.35387
critic_r0,complex_000266,complex_000085,2,-7.00739
critic_r0,complex_000266,complex_000085,3,-8.91908
critic_r0,complex_000266,complex_000085,4,-7.08397
critic_r0,complex_000266,complex_000085,5,-5.4069
critic_r0,complex_000266,complex_000085,6,-7.66175
critic_r0,complex_000266,complex_000085,7,-7.9523
critic_r0,complex_000266,complex_000085,8,-7.26224
critic_r0,complex_000266,complex_000085,9,-7.43793
critic_r0,complex_000266,complex_000085,10,-8.88888
critic_r0,complex_000266,complex_000085,11,-9.46309
critic_r0,complex_000266,complex_000085,12,-8.08111
critic_r0,complex_000266,complex_000085,13,-9.41387
critic_r0,complex_000266,complex_000085,14,-7.6566
critic_r0,complex_000266,complex_000085,15,-8.5303
critic_r0,complex_000266,complex_000085,16,-8.32519
critic_r0,complex_000266,complex_000085,17,-9.32241
critic_r0,complex_000266,complex_000085,18,-10.33221
critic_r0,complex_000266,complex_000085,19,-7.05285
critic_r0,complex_000335,complex_000473,0,-4.93556
critic_r0,complex_000335,complex_000473,1,-6.9002
critic_r0,complex_000335,complex_000473,2,-4.37486
critic_r0,complex_000335,complex_000473,3,-5.01088
critic_r0,complex_000335,complex_000473,4,-4.35864
critic_r0,complex_000335,complex_000473,5,-5.33327
critic_r0,complex_000335,complex_000473,6,-4.45793
critic_r0,complex_000335,complex_000473,7,-6.09407
critic_r0,complex_000335,complex_000473,8,-6.41298
critic_r0,complex_000335,complex_000473,9,-6.5127
critic_r0,complex_000335,complex_000473,10,-7.66118
critic_r0,complex_000335,complex_000473,11,-5.95278
critic_r0,complex_000335,complex_000473,12,-5.58431
critic_r0,complex_000335,complex_000473,13,-5.89479
critic_r0,complex_000335,complex_000473,14,-4.1751
critic_r0,complex_000335,complex_000473,15,-5.79275
critic_r0,complex_000335,complex_000473,16,-5.50822
critic_r0,complex_000335,complex_000473,17,-4.56867
critic_r0,complex_000335,complex_000473,18,-7.05051
critic_r0,complex_000335,complex_000473,19,-7.84278
critic_r0,complex_000266,complex_000266,0,-7.10038
critic_r0,complex_000266,complex_000266,1,-5.95693
critic_r0,complex_000266,complex_000266,2,-6.6664
critic_r0,complex_000266,complex_000266,3,-8.47115
critic_r0,complex_000266,complex_000266,4,-7.19887
critic_r0,complex_000266,complex_000266,5,-5.81629
critic_r0,complex_000266,complex_000266,6,-7.76298
critic_r0,complex_000266,complex_000266,7,-7.97676
critic_r0,complex_000266,complex_000266,8,-6.98051
critic_r0,complex_000266,complex_000266,9,-8.52463
critic_r0,complex_000266,complex_000266,10,-8.99913
critic_r0,complex_000266,complex_000266,11,-8.12772
critic_r0,complex_000266,complex_000266,12,-7.14174
critic_r0,complex_000266,complex_000266,13,-9.34439
critic_r0,complex_000266,complex_000266,14,-7.77665
critic_r0,complex_000266,complex_000266,15,-8.32104
critic_r0,complex_000266,complex_000266,16,-7.80507
critic_r0,complex_000266,complex_000266,17,-9.2684
critic_r0,complex_000266,complex_000266,18,-9.20894
critic_r0,complex_000266,complex_000266,19,-6.6888
critic_r0,complex_000305,complex_000305,0,-9.48897
critic_r0,complex_000305,complex_000305,1,-7.63153
critic_r0,complex_000305,complex_000305,2,-6.34727
critic_r0,complex_000305,complex_000305,3,-8.99273
critic_r0,complex_000305,complex_000305,4,-9.73176
critic_r0,complex_000305,complex_000305,5,-8.62549
critic_r0,complex_000305,complex_000305,6,-7.81365
critic_r0,complex_000305,complex_000305,7,-8.83792
critic_r0,complex_000305,complex_000305,8,-9.30029
critic_r0,complex_000305,complex_000305,9,-9.82914
critic_r0,complex_000305,complex_000305,10,-11.11195
critic_r0,complex_000305,complex_000305,11,-7.32154
critic_r0,complex_000305,complex_000305,12,-9.3361
critic_r0,complex_000305,complex_000305,13,-6.91904
critic_r0,complex_000305,complex_000305,14,-8.50347
critic_r0,complex_000305,complex_000305,15,-8.84171
critic_r0,complex_000305,complex_000305,16,-6.16244
critic_r0,complex_000305,complex_000305,17,-9.02773
critic_r0,complex_000305,complex_000305,18,-7.24205
critic_r0,complex_000305,complex_000305,19,-9.91373
critic_r0,complex_000266,complex_000292,0,-6.70477
critic_r0,complex_000266,complex_000292,1,-5.98716
critic_r0,complex_000266,complex_000292,2,-5.39256
critic_r0,complex_000266,complex_000292,3,-7.77272
critic_r0,complex_000266,complex_000292,4,-6.62261
critic_r0,complex_000266,complex_000292,5,-4.72628
critic_r0,complex_000266,complex_000292,6,-6.72271
critic_r0,complex_000266,complex_000292,7,-6.28399
critic_r0,complex_000266,complex_000292,8,-5.74344
critic_r0,complex_000266,complex_000292,9,-6.40736
critic_r0,complex_000266,complex_000292,10,-6.71769
critic_r0,complex_000266,complex_000292,11,-6.95387
critic_r0,complex_000266,complex_000292,12,-6.3256
critic_r0,complex_000266,complex_000292,13,-7.41845
critic_r0,complex_000266,complex_000292,14,-7.06372
critic_r0,complex_000266,complex_000292,15,-6.39085
critic_r0,complex_000266,complex_000292,16,-6.1772
critic_r0,complex_000266,complex_000292,17,-7.0766
critic_r0,complex_000266,complex_000292,18,-7.47618
critic_r0,complex_000266,complex_000292,19,-5.6247
critic_r0,complex_000269,complex_000269,0,-9.09602
critic_r0,complex_000269,complex_000269,1,-5.91921
critic_r0,complex_000269,complex_000269,2,-5.63933
critic_r0,complex_000269,complex_000269,3,-6.74854
critic_r0,complex_000269,complex_000269,4,-7.64519
critic_r0,complex_000269,complex_000269,5,-5.97935
critic_r0,complex_000269,complex_000269,6,-6.98884
critic_r0,complex_000269,complex_000269,7,-7.77565
critic_r0,complex_000269,complex_000269,8,-5.98674
critic_r0,complex_000269,complex_000269,9,-6.29046
critic_r0,complex_000269,complex_000269,10,-6.49829
critic_r0,complex_000269,complex_000269,11,-5.75252
critic_r0,complex_000269,complex_000269,12,-4.67013
critic_r0,complex_000269,complex_000269,13,-5.17174
critic_r0,complex_000269,complex_000269,14,-6.84698
critic_r0,complex_000269,complex_000269,15,-5.98968
critic_r0,complex_000269,complex_000269,16,-6.01719
critic_r0,complex_000269,complex_000269,17,-6.36012
critic_r0,complex_000269,complex_000269,18,-5.03214
critic_r0,complex_000269,complex_000269,19,-4.8758
critic_r0,complex_000363,complex_000363,0,-7.37754
critic_r0,complex_000363,complex_000363,1,-9.96458
critic_r0,complex_000363,complex_000363,2,-8.99676
critic_r0,complex_000363,complex_000363,3,-10.98687
critic_r0,complex_000363,complex_000363,4,-10.05826
critic_r0,complex_000363,complex_000363,5,-9.37175
critic_r0,complex_000363,complex_000363,6,-10.30077
critic_r0,complex_000363,complex_000363,7,-8.10469
critic_r0,complex_000363,complex_000363,8,-7.965
critic_r0,complex_000363,complex_000363,9,-10.41251
critic_r0,complex_000363,complex_000363,10,-11.60469
critic_r0,complex_000363,complex_000363,11,-10.54501
critic_r0,complex_000363,complex_000363,12,-9.80516
critic_r0,complex_000363,complex_000363,13,-8.25538
critic_r0,complex_000363,complex_000363,14,-7.95229
critic_r0,complex_000363,complex_000363,15,-11.1752
critic_r0,complex_000363,complex_000363,16,-8.34349
critic_r0,complex_000363,complex_000363,17,-8.51361
critic_r0,complex_000363,complex_000363,18,-11.63961
critic_r0,complex_000363,complex_000363,19,-8.44785
critic_r0,complex_000363,complex_000473,0,-5.47528
critic_r0,complex_000363,complex_000473,1,-8.53378
critic_r0,complex_000363,complex_000473,2,-8.2882
critic_r0,complex_000363,complex_000473,3,-8.00346
critic_r0,complex_000363,complex_000473,4,-8.11632
critic_r0,complex_000363,complex_000473,5,-7.36225
critic_r0,complex_000363,complex_000473,6,-6.9843
critic_r0,complex_000363,complex_000473,7,-6.98909
critic_r0,complex_000363,complex_000473,8,-5.7392
critic_r0,complex_000363,complex_000473,9,-7.90911
critic_r0,complex_000363,complex_000473,10,-7.85602
critic_r0,complex_000363,complex_000473,11,-7.6156
critic_r0,complex_000363,complex_000473,12,-7.7786
critic_r0,complex_000363,complex_000473,13,-6.47815
critic_r0,complex_000363,complex_000473,14,-5.97987
critic_r0,complex_000363,complex_000473,15,-7.87172
critic_r0,complex_000363,complex_000473,16,-6.32866
critic_r0,complex_000363,complex_000473,17,-7.13948
critic_r0,complex_000363,complex_000473,18,-9.21887
critic_r0,complex_000363,complex_000473,19,-6.47631
critic_r0,complex_000236,complex_000426,0,-6.46937
critic_r0,complex_000236,complex_000426,1,-9.24172
critic_r0,complex_000236,complex_000426,2,-6.7326
critic_r0,complex_000236,complex_000426,3,-8.16371
critic_r0,complex_000236,complex_000426,4,-7.39968
critic_r0,complex_000236,complex_000426,5,-5.34023
critic_r0,complex_000236,complex_000426,6,-8.66011
critic_r0,complex_000236,complex_000426,7,-6.1425
critic_r0,complex_000236,complex_000426,8,-7.98585
critic_r0,complex_000236,complex_000426,9,-6.39821
critic_r0,complex_000236,complex_000426,10,-9.19595
critic_r0,complex_000236,complex_000426,11,-8.50494
critic_r0,complex_000236,complex_000426,12,-9.28943
critic_r0,complex_000236,complex_000426,13,-7.53298
critic_r0,complex_000236,complex_000426,14,-9.60833
critic_r0,complex_000236,complex_000426,15,-8.31936
critic_r0,complex_000236,complex_000426,16,-6.01853
critic_r0,complex_000236,complex_000426,17,-7.05073
critic_r0,complex_000236,complex_000426,18,-8.16018
critic_r0,complex_000236,complex_000426,19,-6.42835
critic_r0,complex_000236,complex_000059,0,-6.90822
critic_r0,complex_000236,complex_000059,1,-9.06225
critic_r0,complex_000236,complex_000059,2,-6.92941
critic_r0,complex_000236,complex_000059,3,-9.38074
critic_r0,complex_000236,complex_000059,4,-9.03281
critic_r0,complex_000236,complex_000059,5,-5.68824
critic_r0,complex_000236,complex_000059,6,-9.37737
critic_r0,complex_000236,complex_000059,7,-6.13836
critic_r0,complex_000236,complex_000059,8,-9.27804
critic_r0,complex_000236,complex_000059,9,-6.85428
critic_r0,complex_000236,complex_000059,10,-8.90623
critic_r0,complex_000236,complex_000059,11,-9.53303
critic_r0,complex_000236,complex_000059,12,-9.74071
critic_r0,complex_000236,complex_000059,13,-7.79004
critic_r0,complex_000236,complex_000059,14,-9.94372
critic_r0,complex_000236,complex_000059,15,-8.57964
critic_r0,complex_000236,complex_000059,16,-6.27498
critic_r0,complex_000236,complex_000059,17,-7.51992
critic_r0,complex_000236,complex_000059,18,-7.26827
critic_r0,complex_000236,complex_000059,19,-7.27471
critic_r0,complex_000363,complex_000170,0,-7.66638
critic_r0,complex_000363,complex_000170,1,-8.12789
critic_r0,complex_000363,complex_000170,2,-4.69722
critic_r0,complex_000363,complex_000170,3,-10.91931
critic_r0,complex_000363,complex_000170,4,-7.52419
critic_r0,complex_000363,complex_000170,5,-4.73741
critic_r0,complex_000363,complex_000170,6,-7.88686
critic_r0,complex_000363,complex_000170,7,-9.60361
critic_r0,complex_000363,complex_000170,8,-8.61464
critic_r0,complex_000363,complex_000170,9,-8.27172
critic_r0,complex_000363,complex_000170,10,-3.3881
critic_r0,complex_000363,complex_000170,11,-8.97677
critic_r0,complex_000363,complex_000170,12,-8.35575
critic_r0,complex_000363,complex_000170,13,-8.2967
critic_r0,complex_000363,complex_000170,14,-8.45423
critic_r0,complex_000363,complex_000170,15,-7.45906
critic_r0,complex_000363,complex_000170,16,-7.56976
critic_r0,complex_000363,complex_000170,17,-11.5182
critic_r0,complex_000363,complex_000170,18,-13.14811
critic_r0,complex_000363,complex_000170,19,-9.05592
critic_r0,complex_000236,complex_000236,0,-7.08832
critic_r0,complex_000236,complex_000236,1,-8.88162
critic_r0,complex_000236,complex_000236,2,-6.58848
critic_r0,complex_000236,complex_000236,3,-8.42567
critic_r0,complex_000236,complex_000236,4,-7.53618
critic_r0,complex_000236,complex_000236,5,-6.22867
critic_r0,complex_000236,complex_000236,6,-9.71933
critic_r0,complex_000236,complex_000236,7,-6.95894
critic_r0,complex_000236,complex_000236,8,-8.1982
critic_r0,complex_000236,complex_000236,9,-6.33173
critic_r0,complex_000236,complex_000236,10,-8.72586
critic_r0,complex_000236,complex_000236,11,-8.82061
critic_r0,complex_000236,complex_000236,12,-8.35737
critic_r0,complex_000236,complex_000236,13,-7.20983
critic_r0,complex_000236,complex_000236,14,-8.80769
critic_r0,complex_000236,complex_000236,15,-7.40487
critic_r0,complex_000236,complex_000236,16,-6.34264
critic_r0,complex_000236,complex_000236,17,-7.87216
critic_r0,complex_000236,complex_000236,18,-8.69449
critic_r0,complex_000236,complex_000236,19,-6.74523
critic_r0,complex_000236,complex_000051,0,-6.84932
critic_r0,complex_000236,complex_000051,1,-8.4488
critic_r0,complex_000236,complex_000051,2,-7.10493
critic_r0,complex_000236,complex_000051,3,-7.77797
critic_r0,complex_000236,complex_000051,4,-7.25278
critic_r0,complex_000236,complex_000051,5,-5.5071
critic_r0,complex_000236,complex_000051,6,-8.76205
critic_r0,complex_000236,complex_000051,7,-6.03538
critic_r0,complex_000236,complex_000051,8,-8.24126
critic_r0,complex_000236,complex_000051,9,-6.63559
critic_r0,complex_000236,complex_000051,10,-8.69001
critic_r0,complex_000236,complex_000051,11,-9.0374
critic_r0,complex_000236,complex_000051,12,-8.22324
critic_r0,complex_000236,complex_000051,13,-7.3128
critic_r0,complex_000236,complex_000051,14,-9.15526
critic_r0,complex_000236,complex_000051,15,-8.39232
critic_r0,complex_000236,complex_000051,16,-6.44788
critic_r0,complex_000236,complex_000051,17,-7.3487
critic_r0,complex_000236,complex_000051,18,-5.34625
critic_r0,complex_000236,complex_000051,19,-7.0731
critic_r0,complex_000363,complex_000051,0,-6.1519
critic_r0,complex_000363,complex_000051,1,-8.76406
critic_r0,complex_000363,complex_000051,2,-7.68684
critic_r0,complex_000363,complex_000051,3,-9.43019
critic_r0,complex_000363,complex_000051,4,-10.04116
critic_r0,complex_000363,complex_000051,5,-8.12598
critic_r0,complex_000363,complex_000051,6,-8.87726
critic_r0,complex_000363,complex_000051,7,-7.83806
critic_r0,complex_000363,complex_000051,8,-7.0365
critic_r0,complex_000363,complex_000051,9,-9.29983
critic_r0,complex_000363,complex_000051,10,-8.92872
critic_r0,complex_000363,complex_000051,11,-9.61736
critic_r0,complex_000363,complex_000051,12,-8.87111
critic_r0,complex_000363,complex_000051,13,-7.18012
critic_r0,complex_000363,complex_000051,14,-6.83413
critic_r0,complex_000363,complex_000051,15,-8.79587
critic_r0,complex_000363,complex_000051,16,-7.48166
critic_r0,complex_000363,complex_000051,17,-8.41496
critic_r0,complex_000363,complex_000051,18,-10.56065
critic_r0,complex_000363,complex_000051,19,-6.95199
critic_r0,complex_000374,complex_000335,0,-5.90821
critic_r0,complex_000374,complex_000335,1,-7.39705
critic_r0,complex_000374,complex_000335,2,-8.08116
critic_r0,complex_000374,complex_000335,3,-5.66976
critic_r0,complex_000374,complex_000335,4,-6.80658
critic_r0,complex_000374,complex_000335,5,-6.73456
critic_r0,complex_000374,complex_000335,6,-7.26379
critic_r0,complex_000374,complex_000335,7,-6.2675
critic_r0,complex_000374,complex_000335,8,-6.74754
critic_r0,complex_000374,complex_000335,9,-5.32612
critic_r0,complex_000374,complex_000335,10,-8.18712
critic_r0,complex_000374,complex_000335,11,-5.71256
critic_r0,complex_000374,complex_000335,12,-6.2241
critic_r0,complex_000374,complex_000335,13,-5.75565
critic_r0,complex_000374,complex_000335,14,-5.65547
critic_r0,complex_000374,complex_000335,15,-7.39342
critic_r0,complex_000374,complex_000335,16,-6.57647
critic_r0,complex_000374,complex_000335,17,-6.6998
critic_r0,complex_000374,complex_000335,18,-4.95082
critic_r0,complex_000374,complex_000335,19,-6.42579
critic_r0,complex_000394,complex_000411,0,-7.69623
critic_r0,complex_000394,complex_000411,1,-4.73232
critic_r0,complex_000394,complex_000411,2,-8.58002
critic_r0,complex_000394,complex_000411,3,-6.91028
critic_r0,complex_000394,complex_000411,4,-6.48567
critic_r0,complex_000394,complex_000411,5,-6.81659
critic_r0,complex_000394,complex_000411,6,-7.64135
critic_r0,complex_000394,complex_000411,7,-10.23358
critic_r0,complex_000394,complex_000411,8,-5.07882
critic_r0,complex_000394,complex_000411,9,-5.62353
critic_r0,complex_000394,complex_000411,10,-7.93837
critic_r0,complex_000394,complex_000411,11,-7.51408
critic_r0,complex_000394,complex_000411,12,-7.76442
critic_r0,complex_000394,complex_000411,13,-8.03722
critic_r0,complex_000394,complex_000411,14,-5.99146
critic_r0,complex_000394,complex_000411,15,-8.76613
critic_r0,complex_000394,complex_000411,16,-5.29057
critic_r0,complex_000394,complex_000411,17,-5.24802
critic_r0,complex_000394,complex_000411,18,-8.71835
critic_r0,complex_000394,complex_000411,19,-6.88582
critic_r0,complex_000394,complex_000179,0,-8.15073
critic_r0,complex_000394,complex_000179,1,-4.70068
critic_r0,complex_000394,complex_000179,2,-8.71162
critic_r0,complex_000394,complex_000179,3,-8.03582
critic_r0,complex_000394,complex_000179,4,-6.99809
critic_r0,complex_000394,complex_000179,5,-10.12971
critic_r0,complex_000394,complex_000179,6,-8.42796
critic_r0,complex_000394,complex_000179,7,-10.75494
critic_r0,complex_000394,complex_000179,8,-5.33093
critic_r0,complex_000394,complex_000179,9,-5.40375
critic_r0,complex_000394,complex_000179,10,-8.44222
critic_r0,complex_000394,complex_000179,11,-8.52472
critic_r0,complex_000394,complex_000179,12,-8.09256
critic_r0,complex_000394,complex_000179,13,-9.43712
critic_r0,complex_000394,complex_000179,14,-6.31321
critic_r0,complex_000394,complex_000179,15,-9.50336
critic_r0,complex_000394,complex_000179,16,-5.85529
critic_r0,complex_000394,complex_000179,17,-5.51347
critic_r0,complex_000394,complex_000179,18,-9.05131
critic_r0,complex_000394,complex_000179,19,-7.4256
critic_r0,complex_000394,complex_000387,0,-8.60668
critic_r0,complex_000394,complex_000387,1,-5.28154
critic_r0,complex_000394,complex_000387,2,-9.01883
critic_r0,complex_000394,complex_000387,3,-7.40452
critic_r0,complex_000394,complex_000387,4,-7.46376
critic_r0,complex_000394,complex_000387,5,-6.92796
critic_r0,complex_000394,complex_000387,6,-8.04801
critic_r0,complex_000394,complex_000387,7,-9.20271
critic_r0,complex_000394,complex_000387,8,-5.5278
critic_r0,complex_000394,complex_000387,9,-6.08351
critic_r0,complex_000394,complex_000387,10,-9.37925
critic_r0,complex_000394,complex_000387,11,-9.22523
critic_r0,complex_000394,complex_000387,12,-9.12981
critic_r0,complex_000394,complex_000387,13,-8.8879
critic_r0,complex_000394,complex_000387,14,-6.93847
critic_r0,complex_000394,complex_000387,15,-9.71256
critic_r0,complex_000394,complex_000387,16,-6.40125
critic_r0,complex_000394,complex_000387,17,-6.4925
critic_r0,complex_000394,complex_000387,18,-8.51125
critic_r0,complex_000394,complex_000387,19,-8.06429
critic_r0,complex_000374,complex_000374,0,-8.60238
critic_r0,complex_000374,complex_000374,1,-9.24301
critic_r0,complex_000374,complex_000374,2,-11.8786
critic_r0,complex_000374,complex_000374,3,-6.75269
critic_r0,complex_000374,complex_000374,4,-9.92998
critic_r0,complex_000374,complex_000374,5,-9.31645
critic_r0,complex_000374,complex_000374,6,-9.95604
critic_r0,complex_000374,complex_000374,7,-8.30889
critic_r0,complex_000374,complex_000374,8,-9.28816
critic_r0,complex_000374,complex_000374,9,-7.18616
critic_r0,complex_000374,complex_000374,10,-10.58652
critic_r0,complex_000374,complex_000374,11,-7.80076
critic_r0,complex_000374,complex_000374,12,-8.74962
critic_r0,complex_000374,complex_000374,13,-8.46928
critic_r0,complex_000374,complex_000374,14,-7.53903
critic_r0,complex_000374,complex_000374,15,-10.42987
critic_r0,complex_000374,complex_000374,16,-8.19354
critic_r0,complex_000374,complex_000374,17,-10.70113
critic_r0,complex_000374,complex_000374,18,-5.97229
critic_r0,complex_000374,complex_000374,19,-8.43617
critic_r0,complex_000374,complex_000223,0,-5.28068
critic_r0,complex_000374,complex_000223,1,-6.90684
critic_r0,complex_000374,complex_000223,2,-6.86779
critic_r0,complex_000374,complex_000223,3,-6.13747
critic_r0,complex_000374,complex_000223,4,-6.2906
critic_r0,complex_000374,complex_000223,5,-6.49233
critic_r0,complex_000374,complex_000223,6,-7.11705
critic_r0,complex_000374,complex_000223,7,-5.85475
critic_r0,complex_000374,complex_000223,8,-5.77242
critic_r0,complex_000374,complex_000223,9,-5.06032
critic_r0,complex_000374,complex_000223,10,-7.42666
critic_r0,complex_000374,complex_000223,11,-5.35454
critic_r0,complex_000374,complex_000223,12,-5.77283
critic_r0,complex_000374,complex_000223,13,-5.32683
critic_r0,complex_000374,complex_000223,14,-5.29891
critic_r0,complex_000374,complex_000223,15,-6.57668
critic_r0,complex_000374,complex_000223,16,-5.87161
critic_r0,complex_000374,complex_000223,17,-6.05404
critic_r0,complex_000374,complex_000223,18,-5.33509
critic_r0,complex_000374,complex_000223,19,-6.41976
critic_r0,complex_000387,complex_000540,0,-7.33774
critic_r0,complex_000387,complex_000540,1,-6.20668
critic_r0,complex_000387,complex_000540,2,-6.10122
critic_r0,complex_000387,complex_000540,3,-9.77788
critic_r0,complex_000387,complex_000540,4,-9.00224
critic_r0,complex_000387,complex_000540,5,-8.36017
critic_r0,complex_000387,complex_000540,6,-5.07724
critic_r0,complex_000387,complex_000540,7,-7.61458
critic_r0,complex_000387,complex_000540,8,-9.21768
critic_r0,complex_000387,complex_000540,9,-9.5474
critic_r0,complex_000387,complex_000540,10,-6.76068
critic_r0,complex_000387,complex_000540,11,-7.04936
critic_r0,complex_000387,complex_000540,12,-4.27323
critic_r0,complex_000387,complex_000540,13,-6.97569
critic_r0,complex_000387,complex_000540,14,-8.3464
critic_r0,complex_000387,complex_000540,15,-7.52308
critic_r0,complex_000387,complex_000540,16,-6.45401
critic_r0,complex_000387,complex_000540,17,-4.55626
critic_r0,complex_000387,complex_000540,18,-7.82637
critic_r0,complex_000387,complex_000540,19,-9.64215
critic_r0,complex_000394,complex_000394,0,-7.75063
critic_r0,complex_000394,complex_000394,1,-4.77066
critic_r0,complex_000394,complex_000394,2,-9.40425
critic_r0,complex_000394,complex_000394,3,-7.57124
critic_r0,complex_000394,complex_000394,4,-7.28106
critic_r0,complex_000394,complex_000394,5,-4.96587
critic_r0,complex_000394,complex_000394,6,-7.4048
critic_r0,complex_000394,complex_000394,7,-7.7412
critic_r0,complex_000394,complex_000394,8,-5.36334
critic_r0,complex_000394,complex_000394,9,-5.175
critic_r0,complex_000394,complex_000394,10,-8.83377
critic_r0,complex_000394,complex_000394,11,-8.19208
critic_r0,complex_000394,complex_000394,12,-7.97829
critic_r0,complex_000394,complex_000394,13,-9.02093
critic_r0,complex_000394,complex_000394,14,-6.1599
critic_r0,complex_000394,complex_000394,15,-9.89097
critic_r0,complex_000394,complex_000394,16,-5.31897
critic_r0,complex_000394,complex_000394,17,-5.71504
critic_r0,complex_000394,complex_000394,18,-9.53805
critic_r0,complex_000394,complex_000394,19,-7.80025
critic_r0,complex_000387,complex_000387,0,-8.69855
critic_r0,complex_000387,complex_000387,1,-7.84871
critic_r0,complex_000387,complex_000387,2,-7.93423
critic_r0,complex_000387,complex_000387,3,-10.59918
critic_r0,complex_000387,complex_000387,4,-10.13023
critic_r0,complex_000387,complex_000387,5,-9.15761
critic_r0,complex_000387,complex_000387,6,-6.13604
critic_r0,complex_000387,complex_000387,7,-8.41276
critic_r0,complex_000387,complex_000387,8,-9.38328
critic_r0,complex_000387,complex_000387,9,-9.34512
critic_r0,complex_000387,complex_000387,10,-8.05487
critic_r0,complex_000387,complex_000387,11,-8.76043
critic_r0,complex_000387,complex_000387,12,-5.55512
critic_r0,complex_000387,complex_000387,13,-8.77918
critic_r0,complex_000387,complex_000387,14,-9.87254
critic_r0,complex_000387,complex_000387,15,-7.96112
critic_r0,complex_000387,complex_000387,16,-7.89671
critic_r0,complex_000387,complex_000387,17,-5.83967
critic_r0,complex_000387,complex_000387,18,-8.81402
critic_r0,complex_000387,complex_000387,19,-11.33086
critic_r0,complex_000374,complex_000400,0,-8.50768
critic_r0,complex_000374,complex_000400,1,-10.63543
critic_r0,complex_000374,complex_000400,2,-10.02559
critic_r0,complex_000374,complex_000400,3,-7.84511
critic_r0,complex_000374,complex_000400,4,-9.65685
critic_r0,complex_000374,complex_000400,5,-9.00545
critic_r0,complex_000374,complex_000400,6,-9.75986
critic_r0,complex_000374,complex_000400,7,-9.09259
critic_r0,complex_000374,complex_000400,8,-9.25085
critic_r0,complex_000374,complex_000400,9,-7.37983
critic_r0,complex_000374,complex_000400,10,-10.27381
critic_r0,complex_000374,complex_000400,11,-7.76404
critic_r0,complex_000374,complex_000400,12,-8.38489
critic_r0,complex_000374,complex_000400,13,-8.09862
critic_r0,complex_000374,complex_000400,14,-7.64645
critic_r0,complex_000374,complex_000400,15,-10.555
critic_r0,complex_000374,complex_000400,16,-9.10023
critic_r0,complex_000374,complex_000400,17,-7.96433
critic_r0,complex_000374,complex_000400,18,-6.63043
critic_r0,complex_000374,complex_000400,19,-10.24198
critic_r0,complex_000376,complex_000193,0,-5.34404
critic_r0,complex_000376,complex_000193,1,-8.37028
critic_r0,complex_000376,complex_000193,2,-7.05236
critic_r0,complex_000376,complex_000193,3,-5.17705
critic_r0,complex_000376,complex_000193,4,-6.42974
critic_r0,complex_000376,complex_000193,5,-6.1239
critic_r0,complex_000376,complex_000193,6,-7.11331
critic_r0,complex_000376,complex_000193,7,-6.83074
critic_r0,complex_000376,complex_000193,8,-6.81014
critic_r0,complex_000376,complex_000193,9,-7.70241
critic_r0,complex_000376,complex_000193,10,-6.14842
critic_r0,complex_000376,complex_000193,11,-5.93109
critic_r0,complex_000376,complex_000193,12,-5.13322
critic_r0,complex_000376,complex_000193,13,-6.62554
critic_r0,complex_000376,complex_000193,14,-7.33521
critic_r0,complex_000376,complex_000193,15,-6.13028
critic_r0,complex_000376,complex_000193,16,-5.57443
critic_r0,complex_000376,complex_000193,17,-7.35133
critic_r0,complex_000376,complex_000193,18,-4.82068
critic_r0,complex_000376,complex_000193,19,-7.03773
critic_r0,complex_000376,complex_000376,0,-5.17588
critic_r0,complex_000376,complex_000376,1,-10.3518
critic_r0,complex_000376,complex_000376,2,-6.96432
critic_r0,complex_000376,complex_000376,3,-5.82649
critic_r0,complex_000376,complex_000376,4,-7.16626
critic_r0,complex_000376,complex_000376,5,-5.85944
critic_r0,complex_000376,complex_000376,6,-9.91378
critic_r0,complex_000376,complex_000376,7,-8.03391
critic_r0,complex_000376,complex_000376,8,-8.88205
critic_r0,complex_000376,complex_000376,9,-8.81025
critic_r0,complex_000376,complex_000376,10,-7.43216
critic_r0,complex_000376,complex_000376,11,-6.24615
critic_r0,complex_000376,complex_000376,12,-6.21811
critic_r0,complex_000376,complex_000376,13,-9.15798
critic_r0,complex_000376,complex_000376,14,-8.94227
critic_r0,complex_000376,complex_000376,15,-5.93146
critic_r0,complex_000376,complex_000376,16,-5.23446
critic_r0,complex_000376,complex_000376,17,-7.74152
critic_r0,complex_000376,complex_000376,18,-6.23465
critic_r0,complex_000376,complex_000376,19,-8.27091
critic_r0,complex_000403,complex_000403,0,-8.97458
critic_r0,complex_000403,complex_000403,1,-8.20826
critic_r0,complex_000403,complex_000403,2,-7.61463
critic_r0,complex_000403,complex_000403,3,-7.91799
critic_r0,complex_000403,complex_000403,4,-5.42296
critic_r0,complex_000403,complex_000403,5,-6.42052
critic_r0,complex_000403,complex_000403,6,-7.00902
critic_r0,complex_000403,complex_000403,7,-5.31663
critic_r0,complex_000403,complex_000403,8,-7.16844
critic_r0,complex_000403,complex_000403,9,-9.20797
critic_r0,complex_000403,complex_000403,10,-9.5681
critic_r0,complex_000403,complex_000403,11,-9.21551
critic_r0,complex_000403,complex_000403,12,-6.05349
critic_r0,complex_000403,complex_000403,13,-5.43363
critic_r0,complex_000403,complex_000403,14,-6.74927
critic_r0,complex_000403,complex_000403,15,-8.4437
critic_r0,complex_000403,complex_000403,16,-6.96457
critic_r0,complex_000403,complex_000403,17,-5.10898
critic_r0,complex_000403,complex_000403,18,-8.34399
critic_r0,complex_000403,complex_000403,19,-8.19363
critic_r0,complex_000403,complex_000145,0,-6.59853
critic_r0,complex_000403,complex_000145,1,-6.39444
critic_r0,complex_000403,complex_000145,2,-6.67611
critic_r0,complex_000403,complex_000145,3,-5.7562
critic_r0,complex_000403,complex_000145,4,-4.00613
critic_r0,complex_000403,complex_000145,5,-4.90853
critic_r0,complex_000403,complex_000145,6,-5.72187
critic_r0,complex_000403,complex_000145,7,-4.06044
critic_r0,complex_000403,complex_000145,8,-5.06449
critic_r0,complex_000403,complex_000145,9,-6.70935
critic_r0,complex_000403,complex_000145,10,-7.23914
critic_r0,complex_000403,complex_000145,11,-6.73274
critic_r0,complex_000403,complex_000145,12,-4.35996
critic_r0,complex_000403,complex_000145,13,-3.88716
critic_r0,complex_000403,complex_000145,14,-5.19551
critic_r0,complex_000403,complex_000145,15,-6.66301
critic_r0,complex_000403,complex_000145,16,-5.10894
critic_r0,complex_000403,complex_000145,17,-3.90168
critic_r0,complex_000403,complex_000145,18,-5.55526
critic_r0,complex_000403,complex_000145,19,-6.7055
critic_r0,complex_000387,complex_000305,0,-8.62489
critic_r0,complex_000387,complex_000305,1,-7.20295
critic_r0,complex_000387,complex_000305,2,-6.62337
critic_r0,complex_000387,complex_000305,3,-11.66089
critic_r0,complex_000387,complex_000305,4,-9.56427
critic_r0,complex_000387,complex_000305,5,-8.61769
critic_r0,complex_000387,complex_000305,6,-5.83743
critic_r0,complex_000387,complex_000305,7,-8.29977
critic_r0,complex_000387,complex_000305,8,-9.54219
critic_r0,complex_000387,complex_000305,9,-11.67057
critic_r0,complex_000387,complex_000305,10,-7.54653
critic_r0,complex_000387,complex_000305,11,-8.74463
critic_r0,complex_000387,complex_000305,12,-4.88625
critic_r0,complex_000387,complex_000305,13,-8.05744
critic_r0,complex_000387,complex_000305,14,-9.05811
critic_r0,complex_000387,complex_000305,15,-8.46136
critic_r0,complex_000387,complex_000305,16,-6.48804
critic_r0,complex_000387,complex_000305,17,-4.66942
critic_r0,complex_000387,complex_000305,18,-8.98562
critic_r0,complex_000387,complex_000305,19,-9.63747
critic_r0,complex_000387,complex_000506,0,-6.43976
critic_r0,complex_000387,complex_000506,1,-6.0282
critic_r0,complex_000387,complex_000506,2,-6.34319
critic_r0,complex_000387,complex_000506,3,-7.19146
critic_r0,complex_000387,complex_000506,4,-7.41026
critic_r0,complex_000387,complex_000506,5,-7.17175
critic_r0,complex_000387,complex_000506,6,-4.51556
critic_r0,complex_000387,complex_000506,7,-6.58943
critic_r0,complex_000387,complex_000506,8,-6.04266
critic_r0,complex_000387,complex_000506,9,-8.48541
critic_r0,complex_000387,complex_000506,10,-5.6049
critic_r0,complex_000387,complex_000506,11,-6.27867
critic_r0,complex_000387,complex_000506,12,-4.99873
critic_r0,complex_000387,complex_000506,13,-6.73167
critic_r0,complex_000387,complex_000506,14,-6.85053
critic_r0,complex_000387,complex_000506,15,-7.19205
critic_r0,complex_000387,complex_000506,16,-5.08733
critic_r0,complex_000387,complex_000506,17,-5.38787
critic_r0,complex_000387,complex_000506,18,-6.21749
critic_r0,complex_000387,complex_000506,19,-6.39609
critic_r0,complex_000376,complex_000191,0,-5.23373
critic_r0,complex_000376,complex_000191,1,-8.06136
critic_r0,complex_000376,complex_000191,2,-6.12648
critic_r0,complex_000376,complex_000191,3,-4.3396
critic_r0,complex_000376,complex_000191,4,-5.76213
critic_r0,complex_000376,complex_000191,5,-6.12906
critic_r0,complex_000376,complex_000191,6,-5.92061
critic_r0,complex_000376,complex_000191,7,-6.6711
critic_r0,complex_000376,complex_000191,8,-6.39323
critic_r0,complex_000376,complex_000191,9,-6.3678
critic_r0,complex_000376,complex_000191,10,-5.68377
critic_r0,complex_000376,complex_000191,11,-5.46811
critic_r0,complex_000376,complex_000191,12,-4.25494
critic_r0,complex_000376,complex_000191,13,-5.65976
critic_r0,complex_000376,complex_000191,14,-5.33696
critic_r0,complex_000376,complex_000191,15,-5.41414
critic_r0,complex_000376,complex_000191,16,-5.02804
critic_r0,complex_000376,complex_000191,17,-6.31055
critic_r0,complex_000376,complex_000191,18,-4.25025
critic_r0,complex_000376,complex_000191,19,-6.26309
critic_r0,complex_000376,complex_000535,0,-5.94442
critic_r0,complex_000376,complex_000535,1,-8.45092
critic_r0,complex_000376,complex_000535,2,-7.35968
critic_r0,complex_000376,complex_000535,3,-5.14943
critic_r0,complex_000376,complex_000535,4,-6.59731
critic_r0,complex_000376,complex_000535,5,-5.73767
critic_r0,complex_000376,complex_000535,6,-6.48508
critic_r0,complex_000376,complex_000535,7,-7.05481
critic_r0,complex_000376,complex_000535,8,-6.57594
critic_r0,complex_000376,complex_000535,9,-7.78189
critic_r0,complex_000376,complex_000535,10,-7.2034
critic_r0,complex_000376,complex_000535,11,-6.3692
critic_r0,complex_000376,complex_000535,12,-5.32775
critic_r0,complex_000376,complex_000535,13,-7.55521
critic_r0,complex_000376,complex_000535,14,-7.89506
critic_r0,complex_000376,complex_000535,15,-5.91668
critic_r0,complex_000376,complex_000535,16,-5.98971
critic_r0,complex_000376,complex_000535,17,-8.35651
critic_r0,complex_000376,complex_000535,18,-5.37685
critic_r0,complex_000376,complex_000535,19,-8.96687
critic_r0,complex_000403,complex_000382,0,-9.77274
critic_r0,complex_000403,complex_000382,1,-9.36667
critic_r0,complex_000403,complex_000382,2,-8.86608
critic_r0,complex_000403,complex_000382,3,-8.39631
critic_r0,complex_000403,complex_000382,4,-5.22786
critic_r0,complex_000403,complex_000382,5,-6.39909
critic_r0,complex_000403,complex_000382,6,-7.71138
critic_r0,complex_000403,complex_000382,7,-5.69413
critic_r0,complex_000403,complex_000382,8,-7.58703
critic_r0,complex_000403,complex_000382,9,-9.71347
critic_r0,complex_000403,complex_000382,10,-8.92804
critic_r0,complex_000403,complex_000382,11,-9.64721
critic_r0,complex_000403,complex_000382,12,-6.35919
critic_r0,complex_000403,complex_000382,13,-5.43808
critic_r0,complex_000403,complex_000382,14,-6.91373
critic_r0,complex_000403,complex_000382,15,-9.63948
critic_r0,complex_000403,complex_000382,16,-7.5751
critic_r0,complex_000403,complex_000382,17,-5.28612
critic_r0,complex_000403,complex_000382,18,-8.5905
critic_r0,complex_000403,complex_000382,19,-9.46529
critic_r0,complex_000403,complex_000394,0,-9.18843
critic_r0,complex_000403,complex_000394,1,-8.05389
critic_r0,complex_000403,complex_000394,2,-8.18279
critic_r0,complex_000403,complex_000394,3,-7.14898
critic_r0,complex_000403,complex_000394,4,-4.9151
critic_r0,complex_000403,complex_000394,5,-5.71312
critic_r0,complex_000403,complex_000394,6,-7.05107
critic_r0,complex_000403,complex_000394,7,-5.19187
critic_r0,complex_000403,complex_000394,8,-6.83591
critic_r0,complex_000403,complex_000394,9,-7.53575
critic_r0,complex_000403,complex_000394,10,-7.61694
critic_r0,complex_000403,complex_000394,11,-8.12896
critic_r0,complex_000403,complex_000394,12,-6.27121
critic_r0,complex_000403,complex_000394,13,-5.17148
critic_r0,complex_000403,complex_000394,14,-6.70266
critic_r0,complex_000403,complex_000394,15,-8.30718
critic_r0,complex_000403,complex_000394,16,-6.91487
critic_r0,complex_000403,complex_000394,17,-4.95244
critic_r0,complex_000403,complex_000394,18,-7.64177
critic_r0,complex_000403,complex_000394,19,-8.73065
critic_r0,complex_000400,complex_000400,0,-8.67847
critic_r0,complex_000400,complex_000400,1,-12.26313
critic_r0,complex_000400,complex_000400,2,-8.22451
critic_r0,complex_000400,complex_000400,3,-8.56383
critic_r0,complex_000400,complex_000400,4,-8.32735
critic_r0,complex_000400,complex_000400,5,-8.76704
critic_r0,complex_000400,complex_000400,6,-8.1551
critic_r0,complex_000400,complex_000400,7,-10.27065
critic_r0,complex_000400,complex_000400,8,-8.01503
critic_r0,complex_000400,complex_000400,9,-7.25396
critic_r0,complex_000400,complex_000400,10,-12.95953
critic_r0,complex_000400,complex_000400,11,-10.46631
critic_r0,complex_000400,complex_000400,12,-10.5267
critic_r0,complex_000400,complex_000400,13,-11.03076
critic_r0,complex_000400,complex_000400,14,-8.46322
critic_r0,complex_000400,complex_000400,15,-8.62897
critic_r0,complex_000400,complex_000400,16,-9.86336
critic_r0,complex_000400,complex_000400,17,-9.76289
critic_r0,complex_000400,complex_000400,18,-10.17496
critic_r0,complex_000400,complex_000400,19,-8.8223
critic_r0,complex_000400,complex_000140,0,-8.28436
critic_r0,complex_000400,complex_000140,1,-11.26867
critic_r0,complex_000400,complex_000140,2,-7.32
critic_r0,complex_000400,complex_000140,3,-7.80594
critic_r0,complex_000400,complex_000140,4,-7.62492
critic_r0,complex_000400,complex_000140,5,-7.49703
critic_r0,complex_000400,complex_000140,6,-8.2837
critic_r0,complex_000400,complex_000140,7,-10.43226
critic_r0,complex_000400,complex_000140,8,-8.15674
critic_r0,complex_000400,complex_000140,9,-6.96158
critic_r0,complex_000400,complex_000140,10,-10.14572
critic_r0,complex_000400,complex_000140,11,-9.40246
critic_r0,complex_000400,complex_000140,12,-9.77266
critic_r0,complex_000400,complex_000140,13,-10.40082
critic_r0,complex_000400,complex_000140,14,-7.94038
critic_r0,complex_000400,complex_000140,15,-8.79182
critic_r0,complex_000400,complex_000140,16,-9.48528
critic_r0,complex_000400,complex_000140,17,-10.21565
critic_r0,complex_000400,complex_000140,18,-8.71425
critic_r0,complex_000400,complex_000140,19,-8.97368
critic_r0,complex_000400,complex_000236,0,-7.71347
critic_r0,complex_000400,complex_000236,1,-10.50631
critic_r0,complex_000400,complex_000236,2,-7.53115
critic_r0,complex_000400,complex_000236,3,-7.61061
critic_r0,complex_000400,complex_000236,4,-7.14085
critic_r0,complex_000400,complex_000236,5,-6.90207
critic_r0,complex_000400,complex_000236,6,-8.07501
critic_r0,complex_000400,complex_000236,7,-9.03264
critic_r0,complex_000400,complex_000236,8,-8.70992
critic_r0,complex_000400,complex_000236,9,-7.48535
critic_r0,complex_000400,complex_000236,10,-9.81435
critic_r0,complex_000400,complex_000236,11,-7.97865
critic_r0,complex_000400,complex_000236,12,-8.98203
critic_r0,complex_000400,complex_000236,13,-8.92945
critic_r0,complex_000400,complex_000236,14,-8.81915
critic_r0,complex_000400,complex_000236,15,-8.17501
critic_r0,complex_000400,complex_000236,16,-9.26056
critic_r0,complex_000400,complex_000236,17,-9.73118
critic_r0,complex_000400,complex_000236,18,-8.8804
critic_r0,complex_000400,complex_000236,19,-8.81497
critic_r0,complex_000400,complex_000403,0,-7.57924
critic_r0,complex_000400,complex_000403,1,-9.30436
critic_r0,complex_000400,complex_000403,2,-7.91167
critic_r0,complex_000400,complex_000403,3,-7.56067
critic_r0,complex_000400,complex_000403,4,-6.30131
critic_r0,complex_000400,complex_000403,5,-8.74326
critic_r0,complex_000400,complex_000403,6,-7.96328
critic_r0,complex_000400,complex_000403,7,-9.11964
critic_r0,complex_000400,complex_000403,8,-8.42248
critic_r0,complex_000400,complex_000403,9,-6.70023
critic_r0,complex_000400,complex_000403,10,-10.57385
critic_r0,complex_000400,complex_000403,11,-7.43414
critic_r0,complex_000400,complex_000403,12,-9.28622
critic_r0,complex_000400,complex_000403,13,-9.58689
critic_r0,complex_000400,complex_000403,14,-7.5537
critic_r0,complex_000400,complex_000403,15,-7.51946
critic_r0,complex_000400,complex_000403,16,-9.10947
critic_r0,complex_000400,complex_000403,17,-8.81103
critic_r0,complex_000400,complex_000403,18,-7.70813
critic_r0,complex_000400,complex_000403,19,-8.95805
critic_r0,complex_000382,complex_000506,0,-7.28641
critic_r0,complex_000382,complex_000506,1,-6.71144
critic_r0,complex_000382,complex_000506,2,-4.83886
critic_r0,complex_000382,complex_000506,3,-6.61281
critic_r0,complex_000382,complex_000506,4,-7.19674
critic_r0,complex_000382,complex_000506,5,-7.30936
critic_r0,complex_000382,complex_000506,6,-6.26148
critic_r0,complex_000382,complex_000506,7,-4.95446
critic_r0,complex_000382,complex_000506,8,-6.16273
critic_r0,complex_000382,complex_000506,9,-6.5383
critic_r0,complex_000382,complex_000506,10,-6.44435
critic_r0,complex_000382,complex_000506,11,-5.73891
critic_r0,complex_000382,complex_000506,12,-6.10575
critic_r0,complex_000382,complex_000506,13,-6.07921
critic_r0,complex_000382,complex_000506,14,-7.36095
critic_r0,complex_000382,complex_000506,15,-6.32272
critic_r0,complex_000382,complex_000506,16,-4.57149
critic_r0,complex_000382,complex_000506,17,-5.38663
critic_r0,complex_000382,complex_000506,18,-5.88163
critic_r0,complex_000382,complex_000506,19,-6.10332
critic_r0,complex_000382,complex_000382,0,-10.01503
critic_r0,complex_000382,complex_000382,1,-9.04648
critic_r0,complex_000382,complex_000382,2,-7.62325
critic_r0,complex_000382,complex_000382,3,-10.56048
critic_r0,complex_000382,complex_000382,4,-12.47451
critic_r0,complex_000382,complex_000382,5,-11.43204
critic_r0,complex_000382,complex_000382,6,-6.33536
critic_r0,complex_000382,complex_000382,7,-7.72167
critic_r0,complex_000382,complex_000382,8,-8.60582
critic_r0,complex_000382,complex_000382,9,-7.91092
critic_r0,complex_000382,complex_000382,10,-7.7702
critic_r0,complex_000382,complex_000382,11,-9.91828
critic_r0,complex_000382,complex_000382,12,-9.21429
critic_r0,complex_000382,complex_000382,13,-8.67807
critic_r0,complex_000382,complex_000382,14,-10.61533
critic_r0,complex_000382,complex_000382,15,-8.44813
critic_r0,complex_000382,complex_000382,16,-6.12173
critic_r0,complex_000382,complex_000382,17,-6.99001
critic_r0,complex_000382,complex_000382,18,-9.38481
critic_r0,complex_000382,complex_000382,19,-8.33718
critic_r0,complex_000411,complex_000063,0,-5.54494
critic_r0,complex_000411,complex_000063,1,-7.78494
critic_r0,complex_000411,complex_000063,2,-8.51602
critic_r0,complex_000411,complex_000063,3,-6.56303
critic_r0,complex_000411,complex_000063,4,-6.92582
critic_r0,complex_000411,complex_000063,5,-7.62748
critic_r0,complex_000411,complex_000063,6,-7.4606
critic_r0,complex_000411,complex_000063,7,-8.85762
critic_r0,complex_000411,complex_000063,8,-6.17029
critic_r0,complex_000411,complex_000063,9,-7.68663
critic_r0,complex_000411,complex_000063,10,-5.86514
critic_r0,complex_000411,complex_000063,11,-7.233
critic_r0,complex_000411,complex_000063,12,-5.48721
critic_r0,complex_000411,complex_000063,13,-6.93405
critic_r0,complex_000411,complex_000063,14,-7.41424
critic_r0,complex_000411,complex_000063,15,-6.49401
critic_r0,complex_000411,complex_000063,16,-7.59357
critic_r0,complex_000411,complex_000063,17,-6.92303
critic_r0,complex_000411,complex_000063,18,-5.42043
critic_r0,complex_000411,complex_000063,19,-8.54616
critic_r0,complex_000382,complex_000179,0,-9.00858
critic_r0,complex_000382,complex_000179,1,-9.05204
critic_r0,complex_000382,complex_000179,2,-6.6889
critic_r0,complex_000382,complex_000179,3,-9.08412
critic_r0,complex_000382,complex_000179,4,-10.87888
critic_r0,complex_000382,complex_000179,5,-10.15196
critic_r0,complex_000382,complex_000179,6,-6.23784
critic_r0,complex_000382,complex_000179,7,-7.95772
critic_r0,complex_000382,complex_000179,8,-8.63997
critic_r0,complex_000382,complex_000179,9,-7.87269
critic_r0,complex_000382,complex_000179,10,-7.96308
critic_r0,complex_000382,complex_000179,11,-8.96862
critic_r0,complex_000382,complex_000179,12,-8.66876
critic_r0,complex_000382,complex_000179,13,-8.47041
critic_r0,complex_000382,complex_000179,14,-10.27198
critic_r0,complex_000382,complex_000179,15,-8.29323
critic_r0,complex_000382,complex_000179,16,-6.15506
critic_r0,complex_000382,complex_000179,17,-6.92254
critic_r0,complex_000382,complex_000179,18,-8.49554
critic_r0,complex_000382,complex_000179,19,-8.20143
critic_r0,complex_000456,complex_000456,0,-7.64478
critic_r0,complex_000456,complex_000456,1,-7.03234
critic_r0,complex_000456,complex_000456,2,-6.45704
critic_r0,complex_000456,complex_000456,3,-7.94391
critic_r0,complex_000456,complex_000456,4,-10.60392
critic_r0,complex_000456,complex_000456,5,-4.67083
critic_r0,complex_000456,complex_000456,6,-10.01979
critic_r0,complex_000456,complex_000456,7,-8.63912
critic_r0,complex_000456,complex_000456,8,-7.58808
critic_r0,complex_000456,complex_000456,9,-7.22681
critic_r0,complex_000456,complex_000456,10,-8.26624
critic_r0,complex_000456,complex_000456,11,-5.42224
critic_r0,complex_000456,complex_000456,12,-5.44784
critic_r0,complex_000456,complex_000456,13,-5.92318
critic_r0,complex_000456,complex_000456,14,-6.69738
critic_r0,complex_000456,complex_000456,15,-6.87045
critic_r0,complex_000456,complex_000456,16,-9.91272
critic_r0,complex_000456,complex_000456,17,-4.52522
critic_r0,complex_000456,complex_000456,18,-9.21278
critic_r0,complex_000456,complex_000456,19,-8.93963
critic_r0,complex_000456,complex_000472,0,-7.48034
critic_r0,complex_000456,complex_000472,1,-7.65742
critic_r0,complex_000456,complex_000472,2,-7.0884
critic_r0,complex_000456,complex_000472,3,-8.7646
critic_r0,complex_000456,complex_000472,4,-11.20396
critic_r0,complex_000456,complex_000472,5,-5.20725
critic_r0,complex_000456,complex_000472,6,-9.11077
critic_r0,complex_000456,complex_000472,7,-9.0518
critic_r0,complex_000456,complex_000472,8,-8.04602
critic_r0,complex_000456,complex_000472,9,-8.91675
critic_r0,complex_000456,complex_000472,10,-9.80268
critic_r0,complex_000456,complex_000472,11,-5.58329
critic_r0,complex_000456,complex_000472,12,-5.27668
critic_r0,complex_000456,complex_000472,13,-6.54744
critic_r0,complex_000456,complex_000472,14,-7.258
critic_r0,complex_000456,complex_000472,15,-7.83453
critic_r0,complex_000456,complex_000472,16,-10.09444
critic_r0,complex_000456,complex_000472,17,-4.82353
critic_r0,complex_000456,complex_000472,18,-9.28173
critic_r0,complex_000456,complex_000472,19,-9.81867
critic_r0,complex_000426,complex_000473,0,-4.91558
critic_r0,complex_000426,complex_000473,1,-6.83862
critic_r0,complex_000426,complex_000473,2,-5.34372
critic_r0,complex_000426,complex_000473,3,-6.55871
critic_r0,complex_000426,complex_000473,4,-7.80914
critic_r0,complex_000426,complex_000473,5,-7.18761
critic_r0,complex_000426,complex_000473,6,-6.37503
critic_r0,complex_000426,complex_000473,7,-8.55765
critic_r0,complex_000426,complex_000473,8,-7.53303
critic_r0,complex_000426,complex_000473,9,-6.10456
critic_r0,complex_000426,complex_000473,10,-6.2559
critic_r0,complex_000426,complex_000473,11,-6.51702
critic_r0,complex_000426,complex_000473,12,-6.95882
critic_r0,complex_000426,complex_000473,13,-6.68651
critic_r0,complex_000426,complex_000473,14,-4.82796
critic_r0,complex_000426,complex_000473,15,-6.69907
critic_r0,complex_000426,complex_000473,16,-8.29963
critic_r0,complex_000426,complex_000473,17,-7.94285
critic_r0,complex_000426,complex_000473,18,-6.41898
critic_r0,complex_000426,complex_000473,19,-5.94302
critic_r0,complex_000426,complex_000426,0,-5.56969
critic_r0,complex_000426,complex_000426,1,-7.64154
critic_r0,complex_000426,complex_000426,2,-5.30052
critic_r0,complex_000426,complex_000426,3,-7.53355
critic_r0,complex_000426,complex_000426,4,-8.56358
critic_r0,complex_000426,complex_000426,5,-8.15123
critic_r0,complex_000426,complex_000426,6,-7.316
critic_r0,complex_000426,complex_000426,7,-9.19695
critic_r0,complex_000426,complex_000426,8,-7.73302
critic_r0,complex_000426,complex_000426,9,-8.40364
critic_r0,complex_000426,complex_000426,10,-6.69272
critic_r0,complex_000426,complex_000426,11,-7.4396
critic_r0,complex_000426,complex_000426,12,-7.59362
critic_r0,complex_000426,complex_000426,13,-7.66707
critic_r0,complex_000426,complex_000426,14,-4.8615
critic_r0,complex_000426,complex_000426,15,-7.9339
critic_r0,complex_000426,complex_000426,16,-10.16641
critic_r0,complex_000426,complex_000426,17,-7.95899
critic_r0,complex_000426,complex_000426,18,-6.9431
critic_r0,complex_000426,complex_000426,19,-6.9918
critic_r0,complex_000426,complex_000477,0,-5.9633
critic_r0,complex_000426,complex_000477,1,-6.78086
critic_r0,complex_000426,complex_000477,2,-5.28061
critic_r0,complex_000426,complex_000477,3,-7.37476
critic_r0,complex_000426,complex_000477,4,-7.31652
critic_r0,complex_000426,complex_000477,5,-7.51824
critic_r0,complex_000426,complex_000477,6,-6.7507
critic_r0,complex_000426,complex_000477,7,-8.34969
critic_r0,complex_000426,complex_000477,8,-7.32107
critic_r0,complex_000426,complex_000477,9,-6.91325
critic_r0,complex_000426,complex_000477,10,-5.87679
critic_r0,complex_000426,complex_000477,11,-6.64849
critic_r0,complex_000426,complex_000477,12,-6.52961
critic_r0,complex_000426,complex_000477,13,-7.28868
critic_r0,complex_000426,complex_000477,14,-5.00569
critic_r0,complex_000426,complex_000477,15,-7.60977
critic_r0,complex_000426,complex_000477,16,-8.07225
critic_r0,complex_000426,complex_000477,17,-7.33072
critic_r0,complex_000426,complex_000477,18,-6.43176
critic_r0,complex_000426,complex_000477,19,-5.91454
critic_r0,complex_000411,complex_000473,0,-5.03699
critic_r0,complex_000411,complex_000473,1,-7.07901
critic_r0,complex_000411,complex_000473,2,-7.76273
critic_r0,complex_000411,complex_000473,3,-5.98584
critic_r0,complex_000411,complex_000473,4,-6.64328
critic_r0,complex_000411,complex_000473,5,-6.69685
critic_r0,complex_000411,complex_000473,6,-7.11916
critic_r0,complex_000411,complex_000473,7,-7.9334
critic_r0,complex_000411,complex_000473,8,-5.44556
critic_r0,complex_000411,complex_000473,9,-7.58334
critic_r0,complex_000411,complex_000473,10,-5.23723
critic_r0,complex_000411,complex_000473,11,-7.08135
critic_r0,complex_000411,complex_000473,12,-4.74289
critic_r0,complex_000411,complex_000473,13,-5.94764
critic_r0,complex_000411,complex_000473,14,-6.35331
critic_r0,complex_000411,complex_000473,15,-5.56502
critic_r0,complex_000411,complex_000473,16,-6.64751
critic_r0,complex_000411,complex_000473,17,-6.07664
critic_r0,complex_000411,complex_000473,18,-5.15979
critic_r0,complex_000411,complex_000473,19,-7.29942
critic_r0,complex_000456,complex_000069,0,-7.25294
critic_r0,complex_000456,complex_000069,1,-7.28705
critic_r0,complex_000456,complex_000069,2,-6.16729
critic_r0,complex_000456,complex_000069,3,-8.17457
critic_r0,complex_000456,complex_000069,4,-11.198
critic_r0,complex_000456,complex_000069,5,-4.66599
critic_r0,complex_000456,complex_000069,6,-9.77937
critic_r0,complex_000456,complex_000069,7,-9.13137
critic_r0,complex_000456,complex_000069,8,-7.97604
critic_r0,complex_000456,complex_000069,9,-7.8443
critic_r0,complex_000456,complex_000069,10,-9.03031
critic_r0,complex_000456,complex_000069,11,-5.84558
critic_r0,complex_000456,complex_000069,12,-5.07325
critic_r0,complex_000456,complex_000069,13,-6.13876
critic_r0,complex_000456,complex_000069,14,-6.60826
critic_r0,complex_000456,complex_000069,15,-7.56129
critic_r0,complex_000456,complex_000069,16,-10.0954
critic_r0,complex_000456,complex_000069,17,-4.58202
critic_r0,complex_000456,complex_000069,18,-9.41439
critic_r0,complex_000456,complex_000069,19,-10.54231
critic_r0,complex_000411,complex_000411,0,-5.79462
critic_r0,complex_000411,complex_000411,1,-7.82872
critic_r0,complex_000411,complex_000411,2,-8.33367
critic_r0,complex_000411,complex_000411,3,-6.63255
critic_r0,complex_000411,complex_000411,4,-7.21212
critic_r0,complex_000411,complex_000411,5,-8.27507
critic_r0,complex_000411,complex_000411,6,-8.11992
critic_r0,complex_000411,complex_000411,7,-9.19603
critic_r0,complex_000411,complex_000411,8,-6.72217
critic_r0,complex_000411,complex_000411,9,-7.61998
critic_r0,complex_000411,complex_000411,10,-6.33079
critic_r0,complex_000411,complex_000411,11,-8.40756
critic_r0,complex_000411,complex_000411,12,-6.15043
critic_r0,complex_000411,complex_000411,13,-7.29298
critic_r0,complex_000411,complex_000411,14,-8.10848
critic_r0,complex_000411,complex_000411,15,-6.38392
critic_r0,complex_000411,complex_000411,16,-8.33665
critic_r0,complex_000411,complex_000411,17,-7.19059
critic_r0,complex_000411,complex_000411,18,-5.30523
critic_r0,complex_000411,complex_000411,19,-9.37061
critic_r0,complex_000456,complex_000001,0,-6.76301
critic_r0,complex_000456,complex_000001,1,-6.58939
critic_r0,complex_000456,complex_000001,2,-5.61924
critic_r0,complex_000456,complex_000001,3,-7.00258
critic_r0,complex_000456,complex_000001,4,-9.86316
critic_r0,complex_000456,complex_000001,5,-4.30951
critic_r0,complex_000456,complex_000001,6,-9.37898
critic_r0,complex_000456,complex_000001,7,-9.00829
critic_r0,complex_000456,complex_000001,8,-7.93748
critic_r0,complex_000456,complex_000001,9,-7.55041
critic_r0,complex_000456,complex_000001,10,-8.63437
critic_r0,complex_000456,complex_000001,11,-5.25936
critic_r0,complex_000456,complex_000001,12,-4.50296
critic_r0,complex_000456,complex_000001,13,-5.60206
critic_r0,complex_000456,complex_000001,14,-6.33062
critic_r0,complex_000456,complex_000001,15,-6.83204
critic_r0,complex_000456,complex_000001,16,-8.97334
critic_r0,complex_000456,complex_000001,17,-4.19778
critic_r0,complex_000456,complex_000001,18,-7.69772
critic_r0,complex_000456,complex_000001,19,-9.49837
critic_r0,complex_000382,complex_000051,0,-8.43464
critic_r0,complex_000382,complex_000051,1,-7.94333
critic_r0,complex_000382,complex_000051,2,-7.30703
critic_r0,complex_000382,complex_000051,3,-9.50087
critic_r0,complex_000382,complex_000051,4,-8.92083
critic_r0,complex_000382,complex_000051,5,-9.14148
critic_r0,complex_000382,complex_000051,6,-5.79424
critic_r0,complex_000382,complex_000051,7,-6.64514
critic_r0,complex_000382,complex_000051,8,-7.82976
critic_r0,complex_000382,complex_000051,9,-7.19153
critic_r0,complex_000382,complex_000051,10,-7.5166
critic_r0,complex_000382,complex_000051,11,-9.07511
critic_r0,complex_000382,complex_000051,12,-7.45553
critic_r0,complex_000382,complex_000051,13,-8.0053
critic_r0,complex_000382,complex_000051,14,-8.18479
critic_r0,complex_000382,complex_000051,15,-6.32548
critic_r0,complex_000382,complex_000051,16,-5.71615
critic_r0,complex_000382,complex_000051,17,-6.2058
critic_r0,complex_000382,complex_000051,18,-7.65081
critic_r0,complex_000382,complex_000051,19,-7.45011
critic_r0,complex_000411,complex_000112,0,-5.25954
critic_r0,complex_000411,complex_000112,1,-6.3084
critic_r0,complex_000411,complex_000112,2,-6.73592
critic_r0,complex_000411,complex_000112,3,-5.27397
critic_r0,complex_000411,complex_000112,4,-6.61736
critic_r0,complex_000411,complex_000112,5,-7.43383
critic_r0,complex_000411,complex_000112,6,-7.07404
critic_r0,complex_000411,complex_000112,7,-7.60012
critic_r0,complex_000411,complex_000112,8,-5.58222
critic_r0,complex_000411,complex_000112,9,-6.83259
critic_r0,complex_000411,complex_000112,10,-4.85104
critic_r0,complex_000411,complex_000112,11,-6.4325
critic_r0,complex_000411,complex_000112,12,-5.04108
critic_r0,complex_000411,complex_000112,13,-6.18059
critic_r0,complex_000411,complex_000112,14,-5.9302
critic_r0,complex_000411,complex_000112,15,-5.50847
critic_r0,complex_000411,complex_000112,16,-6.59875
critic_r0,complex_000411,complex_000112,17,-6.58847
critic_r0,complex_000411,complex_000112,18,-5.69529
critic_r0,complex_000411,complex_000112,19,-7.93793
critic_r0,complex_000426,complex_000374,0,-5.67238
critic_r0,complex_000426,complex_000374,1,-8.28133
critic_r0,complex_000426,complex_000374,2,-5.88575
critic_r0,complex_000426,complex_000374,3,-8.97483
critic_r0,complex_000426,complex_000374,4,-8.70376
critic_r0,complex_000426,complex_000374,5,-8.00988
critic_r0,complex_000426,complex_000374,6,-8.24129
critic_r0,complex_000426,complex_000374,7,-10.67243
critic_r0,complex_000426,complex_000374,8,-9.29167
critic_r0,complex_000426,complex_000374,9,-6.40212
critic_r0,complex_000426,complex_000374,10,-7.39662
critic_r0,complex_000426,complex_000374,11,-8.95786
critic_r0,complex_000426,complex_000374,12,-8.73291
critic_r0,complex_000426,complex_000374,13,-9.26853
critic_r0,complex_000426,complex_000374,14,-5.72226
critic_r0,complex_000426,complex_000374,15,-7.81052
critic_r0,complex_000426,complex_000374,16,-9.86397
critic_r0,complex_000426,complex_000374,17,-7.95714
critic_r0,complex_000426,complex_000374,18,-8.07588
critic_r0,complex_000426,complex_000374,19,-6.95889
critic_r0,complex_000506,complex_000069,0,-7.92773
critic_r0,complex_000506,complex_000069,1,-5.29122
critic_r0,complex_000506,complex_000069,2,-5.44848
critic_r0,complex_000506,complex_000069,3,-5.33151
critic_r0,complex_000506,complex_000069,4,-5.36419
critic_r0,complex_000506,complex_000069,5,-4.95583
critic_r0,complex_000506,complex_000069,6,-5.66396
critic_r0,complex_000506,complex_000069,7,-7.35588
critic_r0,complex_000506,complex_000069,8,-5.61609
critic_r0,complex_000506,complex_000069,9,-5.79365
critic_r0,complex_000506,complex_000069,10,-7.22199
critic_r0,complex_000506,complex_000069,11,-7.5226
critic_r0,complex_000506,complex_000069,12,-5.5187
critic_r0,complex_000506,complex_000069,13,-5.15875
critic_r0,complex_000506,complex_000069,14,-6.91812
critic_r0,complex_000506,complex_000069,15,-7.07077
critic_r0,complex_000506,complex_000069,16,-5.3542
critic_r0,complex_000506,complex_000069,17,-4.9533
critic_r0,complex_000506,complex_000069,18,-10.23616
critic_r0,complex_000506,complex_000069,19,-6.3699
critic_r0,complex_000506,complex_000473,0,-6.55725
critic_r0,complex_000506,complex_000473,1,-4.75167
critic_r0,complex_000506,complex_000473,2,-4.54362
critic_r0,complex_000506,complex_000473,3,-4.38275
critic_r0,complex_000506,complex_000473,4,-5.4065
critic_r0,complex_000506,complex_000473,5,-4.37743
critic_r0,complex_000506,complex_000473,6,-4.89491
critic_r0,complex_000506,complex_000473,7,-6.25769
critic_r0,complex_000506,complex_000473,8,-4.73011
critic_r0,complex_000506,complex_000473,9,-4.53706
critic_r0,complex_000506,complex_000473,10,-5.87777
critic_r0,complex_000506,complex_000473,11,-6.01079
critic_r0,complex_000506,complex_000473,12,-4.94889
critic_r0,complex_000506,complex_000473,13,-4.08289
critic_r0,complex_000506,complex_000473,14,-6.59246
critic_r0,complex_000506,complex_000473,15,-6.67253
critic_r0,complex_000506,complex_000473,16,-4.69847
critic_r0,complex_000506,complex_000473,17,-4.14079
critic_r0,complex_000506,complex_000473,18,-8.53774
critic_r0,complex_000506,complex_000473,19,-5.5206
critic_r0,complex_000472,complex_000472,0,-6.32593
critic_r0,complex_000472,complex_000472,1,-9.52885
critic_r0,complex_000472,complex_000472,2,-7.55189
critic_r0,complex_000472,complex_000472,3,-6.50344
critic_r0,complex_000472,complex_000472,4,-10.34353
critic_r0,complex_000472,complex_000472,5,-8.99516
critic_r0,complex_000472,complex_000472,6,-11.97052
critic_r0,complex_000472,complex_000472,7,-8.22818
critic_r0,complex_000472,complex_000472,8,-13.07449
critic_r0,complex_000472,complex_000472,9,-10.80531
critic_r0,complex_000472,complex_000472,10,-10.26813
critic_r0,complex_000472,complex_000472,11,-11.84614
critic_r0,complex_000472,complex_000472,12,-8.96812
critic_r0,complex_000472,complex_000472,13,-7.73215
critic_r0,complex_000472,complex_000472,14,-7.566
critic_r0,complex_000472,complex_000472,15,-8.12829
critic_r0,complex_000472,complex_000472,16,-7.27973
critic_r0,complex_000472,complex_000472,17,-7.26936
critic_r0,complex_000472,complex_000472,18,-9.62316
critic_r0,complex_000472,complex_000472,19,-11.19996
critic_r0,complex_000506,complex_000506,0,-8.16164
critic_r0,complex_000506,complex_000506,1,-5.38151
critic_r0,complex_000506,complex_000506,2,-6.44631
critic_r0,complex_000506,complex_000506,3,-4.96622
critic_r0,complex_000506,complex_000506,4,-6.24713
critic_r0,complex_000506,complex_000506,5,-4.02797
critic_r0,complex_000506,complex_000506,6,-5.23712
critic_r0,complex_000506,complex_000506,7,-5.59335
critic_r0,complex_000506,complex_000506,8,-4.52978
critic_r0,complex_000506,complex_000506,9,-6.31494
critic_r0,complex_000506,complex_000506,10,-7.54619
critic_r0,complex_000506,complex_000506,11,-7.72546
critic_r0,complex_000506,complex_000506,12,-5.66616
critic_r0,complex_000506,complex_000506,13,-5.40771
critic_r0,complex_000506,complex_000506,14,-8.11414
critic_r0,complex_000506,complex_000506,15,-8.05453
critic_r0,complex_000506,complex_000506,16,-6.06649
critic_r0,complex_000506,complex_000506,17,-4.2795
critic_r0,complex_000506,complex_000506,18,-7.40453
critic_r0,complex_000506,complex_000506,19,-6.93901
critic_r0,complex_000472,complex_000400,0,-6.38631
critic_r0,complex_000472,complex_000400,1,-9.70532
critic_r0,complex_000472,complex_000400,2,-7.14911
critic_r0,complex_000472,complex_000400,3,-6.69143
critic_r0,complex_000472,complex_000400,4,-11.71782
critic_r0,complex_000472,complex_000400,5,-9.23079
critic_r0,complex_000472,complex_000400,6,-11.1736
critic_r0,complex_000472,complex_000400,7,-8.0721
critic_r0,complex_000472,complex_000400,8,-11.2323
critic_r0,complex_000472,complex_000400,9,-9.48737
critic_r0,complex_000472,complex_000400,10,-10.09532
critic_r0,complex_000472,complex_000400,11,-8.26517
critic_r0,complex_000472,complex_000400,12,-9.46987
critic_r0,complex_000472,complex_000400,13,-7.50075
critic_r0,complex_000472,complex_000400,14,-8.05545
critic_r0,complex_000472,complex_000400,15,-8.62197
critic_r0,complex_000472,complex_000400,16,-6.81033
critic_r0,complex_000472,complex_000400,17,-6.673
critic_r0,complex_000472,complex_000400,18,-10.41472
critic_r0,complex_000472,complex_000400,19,-9.07077
critic_r0,complex_000506,complex_000394,0,-7.73883
critic_r0,complex_000506,complex_000394,1,-5.18409
critic_r0,complex_000506,complex_000394,2,-5.1426
critic_r0,complex_000506,complex_000394,3,-4.8502
critic_r0,complex_000506,complex_000394,4,-5.13169
critic_r0,complex_000506,complex_000394,5,-4.73097
critic_r0,complex_000506,complex_000394,6,-5.07789
critic_r0,complex_000506,complex_000394,7,-8.06814
critic_r0,complex_000506,complex_000394,8,-5.14945
critic_r0,complex_000506,complex_000394,9,-4.99735
critic_r0,complex_000506,complex_000394,10,-7.0878
critic_r0,complex_000506,complex_000394,11,-7.10553
critic_r0,complex_000506,complex_000394,12,-5.7483
critic_r0,complex_000506,complex_000394,13,-5.07965
critic_r0,complex_000506,complex_000394,14,-6.61028
critic_r0,complex_000506,complex_000394,15,-7.63862
critic_r0,complex_000506,complex_000394,16,-5.58803
critic_r0,complex_000506,complex_000394,17,-4.48318
critic_r0,complex_000506,complex_000394,18,-9.06929
critic_r0,complex_000506,complex_000394,19,-6.52547
critic_r0,complex_000472,complex_000506,0,-5.22335
critic_r0,complex_000472,complex_000506,1,-7.85501
critic_r0,complex_000472,complex_000506,2,-6.26988
critic_r0,complex_000472,complex_000506,3,-5.82675
critic_r0,complex_000472,complex_000506,4,-7.33975
critic_r0,complex_000472,complex_000506,5,-6.85708
critic_r0,complex_000472,complex_000506,6,-8.01563
critic_r0,complex_000472,complex_000506,7,-5.68842
critic_r0,complex_000472,complex_000506,8,-7.52037
critic_r0,complex_000472,complex_000506,9,-6.9609
critic_r0,complex_000472,complex_000506,10,-6.62168
critic_r0,complex_000472,complex_000506,11,-6.30781
critic_r0,complex_000472,complex_000506,12,-6.50736
critic_r0,complex_000472,complex_000506,13,-5.76889
critic_r0,complex_000472,complex_000506,14,-5.3164
critic_r0,complex_000472,complex_000506,15,-5.78697
critic_r0,complex_000472,complex_000506,16,-7.29083
critic_r0,complex_000472,complex_000506,17,-5.73411
critic_r0,complex_000472,complex_000506,18,-6.66422
critic_r0,complex_000472,complex_000506,19,-7.25634
critic_r0,complex_000473,complex_000473,0,-7.7851
critic_r0,complex_000473,complex_000473,1,-7.27114
critic_r0,complex_000473,complex_000473,2,-6.64474
critic_r0,complex_000473,complex_000473,3,-6.18803
critic_r0,complex_000473,complex_000473,4,-6.60227
critic_r0,complex_000473,complex_000473,5,-6.72847
critic_r0,complex_000473,complex_000473,6,-6.86429
critic_r0,complex_000473,complex_000473,7,-6.51787
critic_r0,complex_000473,complex_000473,8,-7.91241
critic_r0,complex_000473,complex_000473,9,-8.70714
critic_r0,complex_000473,complex_000473,10,-5.55569
critic_r0,complex_000473,complex_000473,11,-5.07403
critic_r0,complex_000473,complex_000473,12,-6.61671
critic_r0,complex_000473,complex_000473,13,-6.26145
critic_r0,complex_000473,complex_000473,14,-5.74109
critic_r0,complex_000473,complex_000473,15,-7.3086
critic_r0,complex_000473,complex_000473,16,-6.47457
critic_r0,complex_000473,complex_000473,17,-8.70543
critic_r0,complex_000473,complex_000473,18,-6.70728
critic_r0,complex_000473,complex_000473,19,-5.78868
critic_r0,complex_000477,complex_000477,0,-6.69387
critic_r0,complex_000477,complex_000477,1,-6.5434
critic_r0,complex_000477,complex_000477,2,-5.04599
critic_r0,complex_000477,complex_000477,3,-6.39798
critic_r0,complex_000477,complex_000477,4,-5.06828
critic_r0,complex_000477,complex_000477,5,-8.43019
critic_r0,complex_000477,complex_000477,6,-7.46312
critic_r0,complex_000477,complex_000477,7,-5.2696
critic_r0,complex_000477,complex_000477,8,-7.91476
critic_r0,complex_000477,complex_000477,9,-7.96852
critic_r0,complex_000477,complex_000477,10,-5.01745
critic_r0,complex_000477,complex_000477,11,-8.5248
critic_r0,complex_000477,complex_000477,12,-6.143
critic_r0,complex_000477,complex_000477,13,-6.8426
critic_r0,complex_000477,complex_000477,14,-5.3212
critic_r0,complex_000477,complex_000477,15,-5.19898
critic_r0,complex_000477,complex_000477,16,-9.0437
critic_r0,complex_000477,complex_000477,17,-5.39061
critic_r0,complex_000477,complex_000477,18,-8.80072
critic_r0,complex_000477,complex_000477,19,-6.85454
critic_r0,complex_000477,complex_000140,0,-7.61957
critic_r0,complex_000477,complex_000140,1,-6.6288
critic_r0,complex_000477,complex_000140,2,-5.90586
critic_r0,complex_000477,complex_000140,3,-6.79546
critic_r0,complex_000477,complex_000140,4,-6.46481
critic_r0,complex_000477,complex_000140,5,-9.50361
critic_r0,complex_000477,complex_000140,6,-7.20902
critic_r0,complex_000477,complex_000140,7,-5.46143
critic_r0,complex_000477,complex_000140,8,-7.5797
critic_r0,complex_000477,complex_000140,9,-8.69345
critic_r0,complex_000477,complex_000140,10,-5.88905
critic_r0,complex_000477,complex_000140,11,-8.89985
critic_r0,complex_000477,complex_000140,12,-6.98062
critic_r0,complex_000477,complex_000140,13,-7.90617
critic_r0,complex_000477,complex_000140,14,-5.91547
critic_r0,complex_000477,complex_000140,15,-5.48014
critic_r0,complex_000477,complex_000140,16,-10.19377
critic_r0,complex_000477,complex_000140,17,-5.30126
critic_r0,complex_000477,complex_000140,18,-11.0518
critic_r0,complex_000477,complex_000140,19,-7.71295
critic_r0,complex_000472,complex_000170,0,-7.06894
critic_r0,complex_000472,complex_000170,1,-6.66751
critic_r0,complex_000472,complex_000170,2,-8.37102
critic_r0,complex_000472,complex_000170,3,-8.32219
critic_r0,complex_000472,complex_000170,4,-5.09482
critic_r0,complex_000472,complex_000170,5,-8.7226
critic_r0,complex_000472,complex_000170,6,-3.17701
critic_r0,complex_000472,complex_000170,7,-8.80475
critic_r0,complex_000472,complex_000170,8,-3.46826
critic_r0,complex_000472,complex_000170,9,-9.6062
critic_r0,complex_000472,complex_000170,10,0.20165
critic_r0,complex_000472,complex_000170,11,6.74838
critic_r0,complex_000472,complex_000170,12,-5.79901
critic_r0,complex_000472,complex_000170,13,-8.76761
critic_r0,complex_000472,complex_000170,14,-8.77688
critic_r0,complex_000472,complex_000170,15,-7.70634
critic_r0,complex_000472,complex_000170,16,-8.39224
critic_r0,complex_000472,complex_000170,17,-7.95306
critic_r0,complex_000472,complex_000170,18,-5.5042
critic_r0,complex_000472,complex_000170,19,-0.26468
critic_r0,complex_000473,complex_000477,0,-9.01332
critic_r0,complex_000473,complex_000477,1,-8.06081
critic_r0,complex_000473,complex_000477,2,-8.44067
critic_r0,complex_000473,complex_000477,3,-6.13717
critic_r0,complex_000473,complex_000477,4,-7.15484
critic_r0,complex_000473,complex_000477,5,-6.69305
critic_r0,complex_000473,complex_000477,6,-8.11385
critic_r0,complex_000473,complex_000477,7,-6.57229
critic_r0,complex_000473,complex_000477,8,-8.46303
critic_r0,complex_000473,complex_000477,9,-7.76207
critic_r0,complex_000473,complex_000477,10,-5.73149
critic_r0,complex_000473,complex_000477,11,-4.96113
critic_r0,complex_000473,complex_000477,12,-6.39345
critic_r0,complex_000473,complex_000477,13,-6.57297
critic_r0,complex_000473,complex_000477,14,-5.32653
critic_r0,complex_000473,complex_000477,15,-6.83369
critic_r0,complex_000473,complex_000477,16,-7.4665
critic_r0,complex_000473,complex_000477,17,-8.01251
critic_r0,complex_000473,complex_000477,18,-7.06826
critic_r0,complex_000473,complex_000477,19,-6.35315
critic_r0,complex_000473,complex_000472,0,-9.33135
critic_r0,complex_000473,complex_000472,1,-9.15179
critic_r0,complex_000473,complex_000472,2,-9.68836
critic_r0,complex_000473,complex_000472,3,-7.53578
critic_r0,complex_000473,complex_000472,4,-8.88257
critic_r0,complex_000473,complex_000472,5,-7.80645
critic_r0,complex_000473,complex_000472,6,-9.58615
critic_r0,complex_000473,complex_000472,7,-8.52467
critic_r0,complex_000473,complex_000472,8,-9.665
critic_r0,complex_000473,complex_000472,9,-9.23611
critic_r0,complex_000473,complex_000472,10,-7.17515
critic_r0,complex_000473,complex_000472,11,-5.94678
critic_r0,complex_000473,complex_000472,12,-7.79393
critic_r0,complex_000473,complex_000472,13,-7.76277
critic_r0,complex_000473,complex_000472,14,-6.80894
critic_r0,complex_000473,complex_000472,15,-7.97186
critic_r0,complex_000473,complex_000472,16,-8.55954
critic_r0,complex_000473,complex_000472,17,-9.01743
critic_r0,complex_000473,complex_000472,18,-8.21924
critic_r0,complex_000473,complex_000472,19,-7.42115
critic_r0,complex_000477,complex_000223,0,-5.62139
critic_r0,complex_000477,complex_000223,1,-4.77095
critic_r0,complex_000477,complex_000223,2,-4.30873
critic_r0,complex_000477,complex_000223,3,-5.02744
critic_r0,complex_000477,complex_000223,4,-4.32852
critic_r0,complex_000477,complex_000223,5,-6.4239
critic_r0,complex_000477,complex_000223,6,-5.07432
critic_r0,complex_000477,complex_000223,7,-4.71483
critic_r0,complex_000477,complex_000223,8,-5.563
critic_r0,complex_000477,complex_000223,9,-6.54668
critic_r0,complex_000477,complex_000223,10,-4.87749
critic_r0,complex_000477,complex_000223,11,-6.4447
critic_r0,complex_000477,complex_000223,12,-4.60109
critic_r0,complex_000477,complex_000223,13,-5.78413
critic_r0,complex_000477,complex_000223,14,-4.89325
critic_r0,complex_000477,complex_000223,15,-5.19023
critic_r0,complex_000477,complex_000223,16,-6.86053
critic_r0,complex_000477,complex_000223,17,-4.10939
critic_r0,complex_000477,complex_000223,18,-7.2709
critic_r0,complex_000477,complex_000223,19,-5.09349
critic_r0,complex_000477,complex_000165,0,-6.51394
critic_r0,complex_000477,complex_000165,1,-7.73765
critic_r0,complex_000477,complex_000165,2,-6.03493
critic_r0,complex_000477,complex_000165,3,-7.46373
critic_r0,complex_000477,complex_000165,4,-6.09876
critic_r0,complex_000477,complex_000165,5,-3.60288
critic_r0,complex_000477,complex_000165,6,-7.60906
critic_r0,complex_000477,complex_000165,7,-7.2776
critic_r0,complex_000477,complex_000165,8,-7.21939
critic_r0,complex_000477,complex_000165,9,-4.23677
critic_r0,complex_000477,complex_000165,10,-6.79927
critic_r0,complex_000477,complex_000165,11,-5.02839
critic_r0,complex_000477,complex_000165,12,-6.41247
critic_r0,complex_000477,complex_000165,13,-7.38555
critic_r0,complex_000477,complex_000165,14,-6.76374
critic_r0,complex_000477,complex_000165,15,-7.18769
critic_r0,complex_000477,complex_000165,16,-4.27595
critic_r0,complex_000477,complex_000165,17,-5.59828
critic_r0,complex_000477,complex_000165,18,-6.79938
critic_r0,complex_000477,complex_000165,19,-7.43015
critic_r0,complex_000535,complex_000179,0,-6.05402
critic_r0,complex_000535,complex_000179,1,-8.30693
critic_r0,complex_000535,complex_000179,2,-7.70396
critic_r0,complex_000535,complex_000179,3,-9.86776
critic_r0,complex_000535,complex_000179,4,-9.7411
critic_r0,complex_000535,complex_000179,5,-7.33818
critic_r0,complex_000535,complex_000179,6,-9.11236
critic_r0,complex_000535,complex_000179,7,-9.70505
critic_r0,complex_000535,complex_000179,8,-9.30288
critic_r0,complex_000535,complex_000179,9,-10.40311
critic_r0,complex_000535,complex_000179,10,-6.69278
critic_r0,complex_000535,complex_000179,11,-8.54613
critic_r0,complex_000535,complex_000179,12,-8.32923
critic_r0,complex_000535,complex_000179,13,-6.4868
critic_r0,complex_000535,complex_000179,14,-9.32083
critic_r0,complex_000535,complex_000179,15,-8.20559
critic_r0,complex_000535,complex_000179,16,-10.04806
critic_r0,complex_000535,complex_000179,17,-9.35649
critic_r0,complex_000535,complex_000179,18,-9.83024
critic_r0,complex_000535,complex_000179,19,-5.70574
critic_r0,complex_000535,complex_000266,0,-5.38956
critic_r0,complex_000535,complex_000266,1,-7.44722
critic_r0,complex_000535,complex_000266,2,-6.69621
critic_r0,complex_000535,complex_000266,3,-7.84646
critic_r0,complex_000535,complex_000266,4,-7.74816
critic_r0,complex_000535,complex_000266,5,-6.93129
critic_r0,complex_000535,complex_000266,6,-7.18601
critic_r0,complex_000535,complex_000266,7,-9.34811
critic_r0,complex_000535,complex_000266,8,-8.14002
critic_r0,complex_000535,complex_000266,9,-8.53717
critic_r0,complex_000535,complex_000266,10,-5.8002
critic_r0,complex_000535,complex_000266,11,-7.38488
critic_r0,complex_000535,complex_000266,12,-7.84478
critic_r0,complex_000535,complex_000266,13,-6.36081
critic_r0,complex_000535,complex_000266,14,-7.73733
critic_r0,complex_000535,complex_000266,15,-7.31297
critic_r0,complex_000535,complex_000266,16,-8.22591
critic_r0,complex_000535,complex_000266,17,-7.88913
critic_r0,complex_000535,complex_000266,18,-7.54773
critic_r0,complex_000535,complex_000266,19,-5.19556
critic_r0,complex_000535,complex_000374,0,-5.89478
critic_r0,complex_000535,complex_000374,1,-8.06518
critic_r0,complex_000535,complex_000374,2,-7.7148
critic_r0,complex_000535,complex_000374,3,-8.74884
critic_r0,complex_000535,complex_000374,4,-7.12587
critic_r0,complex_000535,complex_000374,5,-7.17765
critic_r0,complex_000535,complex_000374,6,-8.44456
critic_r0,complex_000535,complex_000374,7,-6.86903
critic_r0,complex_000535,complex_000374,8,-8.22393
critic_r0,complex_000535,complex_000374,9,-8.91969
critic_r0,complex_000535,complex_000374,10,-5.78324
critic_r0,complex_000535,complex_000374,11,-7.84251
critic_r0,complex_000535,complex_000374,12,-8.24871
critic_r0,complex_000535,complex_000374,13,-6.35831
critic_r0,complex_000535,complex_000374,14,-8.3062
critic_r0,complex_000535,complex_000374,15,-7.94206
critic_r0,complex_000535,complex_000374,16,-7.74532
critic_r0,complex_000535,complex_000374,17,-6.38508
critic_r0,complex_000535,complex_000374,18,-8.53519
critic_r0,complex_000535,complex_000374,19,-5.43064
critic_r0,complex_000535,complex_000535,0,-6.73958
critic_r0,complex_000535,complex_000535,1,-8.10509
critic_r0,complex_000535,complex_000535,2,-8.35846
critic_r0,complex_000535,complex_000535,3,-7.53399
critic_r0,complex_000535,complex_000535,4,-6.22936
critic_r0,complex_000535,complex_000535,5,-7.07762
critic_r0,complex_000535,complex_000535,6,-7.89055
critic_r0,complex_000535,complex_000535,7,-7.87829
critic_r0,complex_000535,complex_000535,8,-7.45743
critic_r0,complex_000535,complex_000535,9,-6.82756
critic_r0,complex_000535,complex_000535,10,-6.50728
critic_r0,complex_000535,complex_000535,11,-8.37657
critic_r0,complex_000535,complex_000535,12,-8.14858
critic_r0,complex_000535,complex_000535,13,-7.23075
critic_r0,complex_000535,complex_000535,14,-7.76226
critic_r0,complex_000535,complex_000535,15,-7.27661
critic_r0,complex_000535,complex_000535,16,-7.82773
critic_r0,complex_000535,complex_000535,17,-7.05313
critic_r0,complex_000535,complex_000535,18,-7.40308
critic_r0,complex_000535,complex_000535,19,-6.16264
critic_r0,complex_000473,complex_000170,0,-6.19069
critic_r0,complex_000473,complex_000170,1,-7.4876
critic_r0,complex_000473,complex_000170,2,-4.20298
critic_r0,complex_000473,complex_000170,3,-8.90237
critic_r0,complex_000473,complex_000170,4,-9.49462
critic_r0,complex_000473,complex_000170,5,-6.4945
critic_r0,complex_000473,complex_000170,6,-9.43703
critic_r0,complex_000473,complex_000170,7,-9.1402
critic_r0,complex_000473,complex_000170,8,-6.50144
critic_r0,complex_000473,complex_000170,9,-5.13844
critic_r0,complex_000473,complex_000170,10,-7.97066
critic_r0,complex_000473,complex_000170,11,-6.77458
critic_r0,complex_000473,complex_000170,12,-7.84598
critic_r0,complex_000473,complex_000170,13,-9.03171
critic_r0,complex_000473,complex_000170,14,-7.46455
critic_r0,complex_000473,complex_000170,15,-6.02861
critic_r0,complex_000473,complex_000170,16,-4.78818
critic_r0,complex_000473,complex_000170,17,-6.83798
critic_r0,complex_000473,complex_000170,18,-8.85713
critic_r0,complex_000473,complex_000170,19,-8.23753
critic_r0,complex_000540,complex_000376,0,-9.73804
critic_r0,complex_000540,complex_000376,1,-8.67546
critic_r0,complex_000540,complex_000376,2,-7.00557
critic_r0,complex_000540,complex_000376,3,-8.49485
critic_r0,complex_000540,complex_000376,4,-8.65137
critic_r0,complex_000540,complex_000376,5,-8.75078
critic_r0,complex_000540,complex_000376,6,-8.5092
critic_r0,complex_000540,complex_000376,7,-7.83407
critic_r0,complex_000540,complex_000376,8,-8.74192
critic_r0,complex_000540,complex_000376,9,-6.25985
critic_r0,complex_000540,complex_000376,10,-7.31209
critic_r0,complex_000540,complex_000376,11,-5.76933
critic_r0,complex_000540,complex_000376,12,-7.2626
critic_r0,complex_000540,complex_000376,13,-7.78252
critic_r0,complex_000540,complex_000376,14,-7.02678
critic_r0,complex_000540,complex_000376,15,-7.74359
critic_r0,complex_000540,complex_000376,16,-10.94671
critic_r0,complex_000540,complex_000376,17,-8.76359
critic_r0,complex_000540,complex_000376,18,-7.74777
critic_r0,complex_000540,complex_000376,19,-9.05001
critic_r0,complex_000540,complex_000472,0,-10.26558
critic_r0,complex_000540,complex_000472,1,-9.67739
critic_r0,complex_000540,complex_000472,2,-7.2548
critic_r0,complex_000540,complex_000472,3,-8.15859
critic_r0,complex_000540,complex_000472,4,-9.13843
critic_r0,complex_000540,complex_000472,5,-9.28672
critic_r0,complex_000540,complex_000472,6,-8.20896
critic_r0,complex_000540,complex_000472,7,-8.39392
critic_r0,complex_000540,complex_000472,8,-9.04836
critic_r0,complex_000540,complex_000472,9,-6.61718
critic_r0,complex_000540,complex_000472,10,-7.60759
critic_r0,complex_000540,complex_000472,11,-5.97327
critic_r0,complex_000540,complex_000472,12,-7.28217
critic_r0,complex_000540,complex_000472,13,-9.31501
critic_r0,complex_000540,complex_000472,14,-7.55456
critic_r0,complex_000540,complex_000472,15,-7.79442
critic_r0,complex_000540,complex_000472,16,-11.37287
critic_r0,complex_000540,complex_000472,17,-9.10243
critic_r0,complex_000540,complex_000472,18,-8.94962
critic_r0,complex_000540,complex_000472,19,-8.94039
critic_r0,complex_000540,complex_000540,0,-10.37008
critic_r0,complex_000540,complex_000540,1,-8.99449
critic_r0,complex_000540,complex_000540,2,-6.47319
critic_r0,complex_000540,complex_000540,3,-8.31179
critic_r0,complex_000540,complex_000540,4,-8.40184
critic_r0,complex_000540,complex_000540,5,-8.47022
critic_r0,complex_000540,complex_000540,6,-7.79152
critic_r0,complex_000540,complex_000540,7,-7.36587
critic_r0,complex_000540,complex_000540,8,-8.29753
critic_r0,complex_000540,complex_000540,9,-5.70485
critic_r0,complex_000540,complex_000540,10,-7.04505
critic_r0,complex_000540,complex_000540,11,-5.50416
critic_r0,complex_000540,complex_000540,12,-6.28443
critic_r0,complex_000540,complex_000540,13,-8.01762
critic_r0,complex_000540,complex_000540,14,-6.63366
critic_r0,complex_000540,complex_000540,15,-7.66325
critic_r0,complex_000540,complex_000540,16,-9.56608
critic_r0,complex_000540,complex_000540,17,-8.8398
critic_r0,complex_000540,complex_000540,18,-7.90763
critic_r0,complex_000540,complex_000540,19,-9.0232
critic_r0,complex_000540,complex_000026,0,-8.4982
critic_r0,complex_000540,complex_000026,1,-8.13808
critic_r0,complex_000540,complex_000026,2,-6.29496
critic_r0,complex_000540,complex_000026,3,-8.63787
critic_r0,complex_000540,complex_000026,4,-7.81734
critic_r0,complex_000540,complex_000026,5,-7.73137
critic_r0,complex_000540,complex_000026,6,-7.87512
critic_r0,complex_000540,complex_000026,7,-7.53086
critic_r0,complex_000540,complex_000026,8,-8.21272
critic_r0,complex_000540,complex_000026,9,-6.17675
critic_r0,complex_000540,complex_000026,10,-6.42318
critic_r0,complex_000540,complex_000026,11,-5.57751
critic_r0,complex_000540,complex_000026,12,-7.20052
critic_r0,complex_000540,complex_000026,13,-7.52534
critic_r0,complex_000540,complex_000026,14,-6.62295
critic_r0,complex_000540,complex_000026,15,-7.19957
critic_r0,complex_000540,complex_000026,16,-9.52038
critic_r0,complex_000540,complex_000026,17,-7.69477
critic_r0,complex_000540,complex_000026,18,-7.81015
critic_r0,complex_000540,complex_000026,19,-8.06098
control_r0,complex_000069,complex_000069,0,-9.94005
control_r0,complex_000069,complex_000069,1,-6.81879
control_r0,complex_000069,complex_000069,2,-6.65427
control_r0,complex_000069,complex_000069,3,-9.80959
control_r0,complex_000069,complex_000069,4,-8.08578
control_r0,complex_000069,complex_000069,5,-5.58336
control_r0,complex_000069,complex_000069,6,-6.91507
control_r0,complex_000069,complex_000069,7,-9.4042
control_r0,complex_000069,complex_000069,8,-7.54111
control_r0,complex_000069,complex_000069,9,-9.12482
control_r0,complex_000069,complex_000069,10,-7.08776
control_r0,complex_000069,complex_000069,11,-7.1327
control_r0,complex_000069,complex_000069,12,-7.23321
control_r0,complex_000069,complex_000069,13,-9.64738
control_r0,complex_000069,complex_000069,14,-6.60086
control_r0,complex_000069,complex_000069,15,-7.88386
control_r0,complex_000069,complex_000069,16,-6.56995
control_r0,complex_000069,complex_000069,17,-7.14487
control_r0,complex_000069,complex_000069,18,-3.82978
control_r0,complex_000069,complex_000069,19,-8.78576
control_r0,complex_000069,complex_000426,0,-9.06135
control_r0,complex_000069,complex_000426,1,-6.14338
control_r0,complex_000069,complex_000426,2,-5.60875
control_r0,complex_000069,complex_000426,3,-9.01233
control_r0,complex_000069,complex_000426,4,-7.39572
control_r0,complex_000069,complex_000426,5,-5.15328
control_r0,complex_000069,complex_000426,6,-6.88423
control_r0,complex_000069,complex_000426,7,-8.74786
control_r0,complex_000069,complex_000426,8,-6.72092
control_r0,complex_000069,complex_000426,9,-8.57883
control_r0,complex_000069,complex_000426,10,-6.82946
control_r0,complex_000069,complex_000426,11,-7.14836
control_r0,complex_000069,complex_000426,12,-6.8847
control_r0,complex_000069,complex_000426,13,-8.43052
control_r0,complex_000069,complex_000426,14,-5.83405
control_r0,complex_000069,complex_000426,15,-6.59241
control_r0,complex_000069,complex_000426,16,-6.7419
control_r0,complex_000069,complex_000426,17,-6.94441
control_r0,complex_000069,complex_000426,18,-4.42769
control_r0,complex_000069,complex_000426,19,-8.43181
control_r0,complex_000069,complex_000292,0,-6.96873
control_r0,complex_000069,complex_000292,1,-5.34934
control_r0,complex_000069,complex_000292,2,-4.9972
control_r0,complex_000069,complex_000292,3,-7.55232
control_r0,complex_000069,complex_000292,4,-6.25198
control_r0,complex_000069,complex_000292,5,-5.14856
control_r0,complex_000069,complex_000292,6,-5.76989
control_r0,complex_000069,complex_000292,7,-7.66979
control_r0,complex_000069,complex_000292,8,-5.7597
control_r0,complex_000069,complex_000292,9,-7.78813
control_r0,complex_000069,complex_000292,10,-5.47234
control_r0,complex_000069,complex_000292,11,-6.23997
control_r0,complex_000069,complex_000292,12,-5.49918
control_r0,complex_000069,complex_000292,13,-7.72755
control_r0,complex_000069,complex_000292,14,-5.25795
control_r0,complex_000069,complex_000292,15,-6.46763
control_r0,complex_000069,complex_000292,16,-5.64788
control_r0,complex_000069,complex_000292,17,-5.34381
control_r0,complex_000069,complex_000292,18,-3.72426
control_r0,complex_000069,complex_000292,19,-6.63336
control_r0,complex_000069,complex_000026,0,-8.64267
control_r0,complex_000069,complex_000026,1,-5.61587
control_r0,complex_000069,complex_000026,2,-6.74882
control_r0,complex_000069,complex_000026,3,-8.81666
control_r0,complex_000069,complex_000026,4,-7.67007
control_r0,complex_000069,complex_000026,5,-5.71014
control_r0,complex_000069,complex_000026,6,-6.83135
control_r0,complex_000069,complex_000026,7,-8.73545
control_r0,complex_000069,complex_000026,8,-6.71781
control_r0,complex_000069,complex_000026,9,-8.24684
control_r0,complex_000069,complex_000026,10,-6.40575
control_r0,complex_000069,complex_000026,11,-6.57472
control_r0,complex_000069,complex_000026,12,-6.31871
control_r0,complex_000069,complex_000026,13,-8.63097
control_r0,complex_000069,complex_000026,14,-6.20876
control_r0,complex_000069,complex_000026,15,-6.23465
control_r0,complex_000069,complex_000026,16,-6.43307
control_r0,complex_000069,complex_000026,17,-7.07631
control_r0,complex_000069,complex_000026,18,-4.52625
control_r0,complex_000069,complex_000026,19,-7.90765
control_r0,complex_000051,complex_000473,0,-6.36689
control_r0,complex_000051,complex_000473,1,-5.55969
control_r0,complex_000051,complex_000473,2,-6.05946
control_r0,complex_000051,complex_000473,3,-6.28471
control_r0,complex_000051,complex_000473,4,-6.13665
control_r0,complex_000051,complex_000473,5,-8.33526
control_r0,complex_000051,complex_000473,6,-6.14993
control_r0,complex_000051,complex_000473,7,-5.85481
control_r0,complex_000051,complex_000473,8,-7.67315
control_r0,complex_000051,complex_000473,9,-5.82925
control_r0,complex_000051,complex_000473,10,-9.04798
control_r0,complex_000051,complex_000473,11,-6.42226
control_r0,complex_000051,complex_000473,12,-5.69349
control_r0,complex_000051,complex_000473,13,-6.53002
control_r0,complex_000051,complex_000473,14,-5.35021
control_r0,complex_000051,complex_000473,15,-8.46755
control_r0,complex_000051,complex_000473,16,-7.40518
control_r0,complex_000051,complex_000473,17,-7.12424
control_r0,complex_000051,complex_000473,18,-5.12206
control_r0,complex_000051,complex_000473,19,-6.41599
control_r0,complex_000051,complex_000266,0,-7.86963
control_r0,complex_000051,complex_000266,1,-6.07101
control_r0,complex_000051,complex_000266,2,-7.54144
control_r0,complex_000051,complex_000266,3,-7.77251
control_r0,complex_000051,complex_000266,4,-6.78218
control_r0,complex_000051,complex_000266,5,-10.84857
control_r0,complex_000051,complex_000266,6,-6.95955
control_r0,complex_000051,complex_000266,7,-6.3041
control_r0,complex_000051,complex_000266,8,-9.14036
control_r0,complex_000051,complex_000266,9,-6.20293
control_r0,complex_000051,complex_000266,10,-10.466
control_r0,complex_000051,complex_000266,11,-8.36223
control_r0,complex_000051,complex_000266,12,-7.09381
control_r0,complex_000051,complex_000266,13,-6.94861
control_r0,complex_000051,complex_000266,14,-5.99309
control_r0,complex_000051,complex_000266,15,-10.23102
control_r0,complex_000051,complex_000266,16,-9.18565
control_r0,complex_000051,complex_000266,17,-9.70438
control_r0,complex_000051,complex_000266,18,-5.34355
control_r0,complex_000051,complex_000266,19,-7.25773
control_r0,complex_000051,complex_000363,0,-9.38976
control_r0,complex_000051,complex_000363,1,-6.81886
control_r0,complex_000051,complex_000363,2,-7.44144
control_r0,complex_000051,complex_000363,3,-9.89564
control_r0,complex_000051,complex_000363,4,-7.26353
control_r0,complex_000051,complex_000363,5,-9.87188
control_r0,complex_000051,complex_000363,6,-7.6791
control_r0,complex_000051,complex_000363,7,-7.38239
control_r0,complex_000051,complex_000363,8,-9.93058
control_r0,complex_000051,complex_000363,9,-7.52468
control_r0,complex_000051,complex_000363,10,-10.24422
control_r0,complex_000051,complex_000363,11,-8.18949
control_r0,complex_000051,complex_000363,12,-7.39752
control_r0,complex_000051,complex_000363,13,-8.65844
control_r0,complex_000051,complex_000363,14,-6.76714
control_r0,complex_000051,complex_000363,15,-10.68054
control_r0,complex_000051,complex_000363,16,-9.50091
control_r0,complex_000051,complex_000363,17,-10.4123
control_r0,complex_000051,complex_000363,18,-6.07318
control_r0,complex_000051,complex_000363,19,-8.56614
control_r0,complex_000051,complex_000051,0,-7.81205
control_r0,complex_000051,complex_000051,1,-5.94988
control_r0,complex_000051,complex_000051,2,-6.41402
control_r0,complex_000051,complex_000051,3,-8.21579
control_r0,complex_000051,complex_000051,4,-6.35621
control_r0,complex_000051,complex_000051,5,-8.58847
control_r0,complex_000051,complex_000051,6,-7.02059
control_r0,complex_000051,complex_000051,7,-6.48191
control_r0,complex_000051,complex_000051,8,-9.62839
control_r0,complex_000051,complex_000051,9,-6.75124
control_r0,complex_000051,complex_000051,10,-10.46637
control_r0,complex_000051,complex_000051,11,-7.40468
control_r0,complex_000051,complex_000051,12,-6.62585
control_r0,complex_000051,complex_000051,13,-7.4841
control_r0,complex_000051,complex_000051,14,-5.33871
control_r0,complex_000051,complex_000051,15,-9.92359
control_r0,complex_000051,complex_000051,16,-8.45548
control_r0,complex_000051,complex_000051,17,-9.21284
control_r0,complex_000051,complex_000051,18,-5.35356
control_r0,complex_000051,complex_000051,19,-7.74565
control_r0,complex_000063,complex_000063,0,-8.45237
control_r0,complex_000063,complex_000063,1,-9.62858
control_r0,complex_000063,complex_000063,2,-8.37471
control_r0,complex_000063,complex_000063,3,-5.24574
control_r0,complex_000063,complex_000063,4,-5.76409
control_r0,complex_000063,complex_000063,5,-8.235
control_r0,complex_000063,complex_000063,6,-7.00669
control_r0,complex_000063,complex_000063,7,-7.31734
control_r0,complex_000063,complex_000063,8,-7.1188
control_r0,complex_000063,complex_000063,9,-6.77197
control_r0,complex_000063,complex_000063,10,-7.32014
control_r0,complex_000063,complex_000063,11,-6.67913
control_r0,complex_000063,complex_000063,12,-6.93775
control_r0,complex_000063,complex_000063,13,-4.17628
control_r0,complex_000063,complex_000063,14,-8.11022
control_r0,complex_000063,complex_000063,15,-4.85471
control_r0,complex_000063,complex_000063,16,-7.81474
control_r0,complex_000063,complex_000063,17,-8.00178
control_r0,complex_000063,complex_000063,18,-3.8998
control_r0,complex_000063,complex_000063,19,-7.54851
control_r0,complex_000063,complex_000148,0,-7.61074
control_r0,complex_000063,complex_000148,1,-9.28667
control_r0,complex_000063,complex_000148,2,-7.9401
control_r0,complex_000063,complex_000148,3,-5.30541
control_r0,complex_000063,complex_000148,4,-5.42321
control_r0,complex_000063,complex_000148,5,-9.75665
control_r0,complex_000063,complex_000148,6,-6.85975
control_r0,complex_000063,complex_000148,7,-7.61696
control_r0,complex_000063,complex_000148,8,-7.61655
control_r0,complex_000063,complex_000148,9,-6.15263
control_r0,complex_000063,complex_000148,10,-7.14124
control_r0,complex_000063,complex_000148,11,-6.30314
control_r0,complex_000063,complex_000148,12,-6.27751
control_r0,complex_000063,complex_000148,13,-4.0895
control_r0,complex_000063,complex_000148,14,-7.89508
control_r0,complex_000063,complex_000148,15,-4.28073
control_r0,complex_000063,complex_000148,16,-6.9638
control_r0,complex_000063,complex_000148,17,-8.1187
control_r0,complex_000063,complex_000148,18,-3.86561
control_r0,complex_000063,complex_000148,19,-6.83795
control_r0,complex_000026,complex_000001,0,-8.04645
control_r0,complex_000026,complex_000001,1,-6.65082
control_r0,complex_000026,complex_000001,2,-7.97482
control_r0,complex_000026,complex_000001,3,-8.25261
control_r0,complex_000026,complex_000001,4,-7.79103
control_r0,complex_000026,complex_000001,5,-6.33386
control_r0,complex_000026,complex_000001,6,-8.00386
control_r0,complex_000026,complex_000001,7,-7.79938
control_r0,complex_000026,complex_000001,8,-7.71862
control_r0,complex_000026,complex_000001,9,-6.19896
control_r0,complex_000026,complex_000001,10,-5.99281
control_r0,complex_000026,complex_000001,11,-6.78525
control_r0,complex_000026,complex_000001,12,-7.09146
control_r0,complex_000026,complex_000001,13,-8.70927
control_r0,complex_000026,complex_000001,14,-7.86607
control_r0,complex_000026,complex_000001,15,-5.53018
control_r0,complex_000026,complex_000001,16,-10.07488
control_r0,complex_000026,complex_000001,17,-7.96064
control_r0,complex_000026,complex_000001,18,-7.84089
control_r0,complex_000026,complex_000001,19,-4.99625
control_r0,complex_000063,complex_000411,0,-8.14603
control_r0,complex_000063,complex_000411,1,-11.28927
control_r0,complex_000063,complex_000411,2,-8.43849
control_r0,complex_000063,complex_000411,3,-5.691
control_r0,complex_000063,complex_000411,4,-6.11859
control_r0,complex_000063,complex_000411,5,-9.18964
control_r0,complex_000063,complex_000411,6,-7.8829
control_r0,complex_000063,complex_000411,7,-7.72022
control_r0,complex_000063,complex_000411,8,-8.20785
control_r0,complex_000063,complex_000411,9,-7.54337
control_r0,complex_000063,complex_000411,10,-7.58406
control_r0,complex_000063,complex_000411,11,-7.25373
control_r0,complex_000063,complex_000411,12,-7.00525
control_r0,complex_000063,complex_000411,13,-4.80577
control_r0,complex_000063,complex_000411,14,-8.3662
control_r0,complex_000063,complex_000411,15,-5.03383
control_r0,complex_000063,complex_000411,16,-7.98247
control_r0,complex_000063,complex_000411,17,-8.84552
control_r0,complex_000063,complex_000411,18,-4.10603
control_r0,complex_000063,complex_000411,19,-8.00711
control_r0,complex_000063,complex_000376,0,-8.76805
control_r0,complex_000063,complex_000376,1,-10.75431
control_r0,complex_000063,complex_000376,2,-9.06866
control_r0,complex_000063,complex_000376,3,-6.08189
control_r0,complex_000063,complex_000376,4,-6.19074
control_r0,complex_000063,complex_000376,5,-8.81754
control_r0,complex_000063,complex_000376,6,-7.85216
control_r0,complex_000063,complex_000376,7,-8.32353
control_r0,complex_000063,complex_000376,8,-8.63174
control_r0,complex_000063,complex_000376,9,-7.64706
control_r0,complex_000063,complex_000376,10,-8.49011
control_r0,complex_000063,complex_000376,11,-7.60515
control_r0,complex_000063,complex_000376,12,-7.13764
control_r0,complex_000063,complex_000376,13,-4.53003
control_r0,complex_000063,complex_000376,14,-8.66615
control_r0,complex_000063,complex_000376,15,-5.04351
control_r0,complex_000063,complex_000376,16,-8.4194
control_r0,complex_000063,complex_000376,17,-8.2508
control_r0,complex_000063,complex_000376,18,-4.24978
control_r0,complex_000063,complex_000376,19,-8.39485
control_r0,complex_000026,complex_000063,0,-7.68187
control_r0,complex_000026,complex_000063,1,-7.66982
control_r0,complex_000026,complex_000063,2,-7.73817
control_r0,complex_000026,complex_000063,3,-8.25958
control_r0,complex_000026,complex_000063,4,-7.3419
control_r0,complex_000026,complex_000063,5,-7.26045
control_r0,complex_000026,complex_000063,6,-8.81052
control_r0,complex_000026,complex_000063,7,-7.23261
control_r0,complex_000026,complex_000063,8,-7.60285
control_r0,complex_000026,complex_000063,9,-6.79383
control_r0,complex_000026,complex_000063,10,-5.9298
control_r0,complex_000026,complex_000063,11,-7.35574
control_r0,complex_000026,complex_000063,12,-7.68376
control_r0,complex_000026,complex_000063,13,-8.78146
control_r0,complex_000026,complex_000063,14,-7.94822
control_r0,complex_000026,complex_000063,15,-5.17647
control_r0,complex_000026,complex_000063,16,-9.49223
control_r0,complex_000026,complex_000063,17,-8.53928
control_r0,complex_000026,complex_000063,18,-7.39203
control_r0,complex_000026,complex_000063,19,-4.8492
control_r0,complex_000026,complex_000026,0,-7.42465
control_r0,complex_000026,complex_000026,1,-8.24696
control_r0,complex_000026,complex_000026,2,-7.89986
control_r0,complex_000026,complex_000026,3,-9.33415
control_r0,complex_000026,complex_000026,4,-7.34457
control_r0,complex_000026,complex_000026,5,-7.68814
control_r0,complex_000026,complex_000026,6,-7.78532
control_r0,complex_000026,complex_000026,7,-9.15819
control_r0,complex_000026,complex_000026,8,-8.48022
control_r0,complex_000026,complex_000026,9,-6.75871
control_r0,complex_000026,complex_000026,10,-6.53302
control_r0,complex_000026,complex_000026,11,-6.6463
control_r0,complex_000026,complex_000026,12,-6.65831
control_r0,complex_000026,complex_000026,13,-8.14673
control_r0,complex_000026,complex_000026,14,-8.28576
control_r0,complex_000026,complex_000026,15,-5.79394
control_r0,complex_000026,complex_000026,16,-8.73757
control_r0,complex_000026,complex_000026,17,-8.17926
control_r0,complex_000026,complex_000026,18,-7.19792
control_r0,complex_000026,complex_000026,19,-4.98294
control_r0,complex_000117,complex_000001,0,-8.29426
control_r0,complex_000117,complex_000001,1,-6.32448
control_r0,complex_000117,complex_000001,2,-7.07069
control_r0,complex_000117,complex_000001,3,-7.75715
control_r0,complex_000117,complex_000001,4,-6.14182
control_r0,complex_000117,complex_000001,5,-7.13489
control_r0,complex_000117,complex_000001,6,-8.09064
control_r0,complex_000117,complex_000001,7,-4.25174
control_r0,complex_000117,complex_000001,8,-6.50951
control_r0,complex_000117,complex_000001,9,-7.04365
control_r0,complex_000117,complex_000001,10,-10.20508
control_r0,complex_000117,complex_000001,11,-6.21026
control_r0,complex_000117,complex_000001,12,-8.05196
control_r0,complex_000117,complex_000001,13,-8.70338
control_r0,complex_000117,complex_000001,14,-5.71164
control_r0,complex_000117,complex_000001,15,-7.45316
control_r0,complex_000117,complex_000001,16,-7.13723
control_r0,complex_000117,complex_000001,17,-8.03938
control_r0,complex_000117,complex_000001,18,-7.67419
control_r0,complex_000117,complex_000001,19,-10.74233
control_r0,complex_000117,complex_000117,0,-8.84489
control_r0,complex_000117,complex_000117,1,-6.87292
control_r0,complex_000117,complex_000117,2,-7.2012
control_r0,complex_000117,complex_000117,3,-7.56753
control_r0,complex_000117,complex_000117,4,-6.37267
control_r0,complex_000117,complex_000117,5,-5.84702
control_r0,complex_000117,complex_000117,6,-9.01279
control_r0,complex_000117,complex_000117,7,-5.02639
control_r0,complex_000117,complex_000117,8,-7.16857
control_r0,complex_000117,complex_000117,9,-6.69223
control_r0,complex_000117,complex_000117,10,-8.36851
control_r0,complex_000117,complex_000117,11,-6.70344
control_r0,complex_000117,complex_000117,12,-7.96399
control_r0,complex_000117,complex_000117,13,-8.98662
control_r0,complex_000117,complex_000117,14,-5.89544
control_r0,complex_000117,complex_000117,15,-7.66897
control_r0,complex_000117,complex_000117,16,-7.77636
control_r0,complex_000117,complex_000117,17,-8.4609
control_r0,complex_000117,complex_000117,18,-10.01082
control_r0,complex_000117,complex_000117,19,-11.48766
control_r0,complex_000001,complex_000411,0,-8.19873
control_r0,complex_000001,complex_000411,1,-8.56422
control_r0,complex_000001,complex_000411,2,-8.03639
control_r0,complex_000001,complex_000411,3,-8.20089
control_r0,complex_000001,complex_000411,4,-8.79296
control_r0,complex_000001,complex_000411,5,-6.28147
control_r0,complex_000001,complex_000411,6,-10.25606
control_r0,complex_000001,complex_000411,7,-9.13057
control_r0,complex_000001,complex_000411,8,-7.37283
control_r0,complex_000001,complex_000411,9,-7.08595
control_r0,complex_000001,complex_000411,10,-8.91936
control_r0,complex_000001,complex_000411,11,-9.06431
control_r0,complex_000001,complex_000411,12,-7.50953
control_r0,complex_000001,complex_000411,13,-6.34532
control_r0,complex_000001,complex_000411,14,-9.13639
control_r0,complex_000001,complex_000411,15,-8.17483
control_r0,complex_000001,complex_000411,16,-8.05825
control_r0,complex_000001,complex_000411,17,-7.70593
control_r0,complex_000001,complex_000411,18,-8.689
control_r0,complex_000001,complex_000411,19,-7.14068
control_r0,complex_000117,complex_000026,0,-8.10329
control_r0,complex_000117,complex_000026,1,-5.97336
control_r0,complex_000117,complex_000026,2,-6.81328
control_r0,complex_000117,complex_000026,3,-8.03082
control_r0,complex_000117,complex_000026,4,-5.96721
control_r0,complex_000117,complex_000026,5,-7.8917
control_r0,complex_000117,complex_000026,6,-7.3581
control_r0,complex_000117,complex_000026,7,-4.98635
control_r0,complex_000117,complex_000026,8,-6.72268
control_r0,complex_000117,complex_000026,9,-5.93136
control_r0,complex_000117,complex_000026,10,-10.23203
control_r0,complex_000117,complex_000026,11,-6.1358
control_r0,complex_000117,complex_000026,12,-8.93097
control_r0,complex_000117,complex_000026,13,-8.84157
control_r0,complex_000117,complex_000026,14,-5.37802
control_r0,complex_000117,complex_000026,15,-7.37383
control_r0,complex_000117,complex_000026,16,-7.17272
control_r0,complex_000117,complex_000026,17,-7.81832
control_r0,complex_000117,complex_000026,18,-8.56764
control_r0,complex_000117,complex_000026,19,-10.02416
control_r0,complex_000085,complex_000085,0,-8.06468
control_r0,complex_000085,complex_000085,1,-9.72864
control_r0,complex_000085,complex_000085,2,-12.53283
control_r0,complex_000085,complex_000085,3,-10.164
control_r0,complex_000085,complex_000085,4,-8.24093
control_r0,complex_000085,complex_000085,5,-9.68538
control_r0,complex_000085,complex_000085,6,-8.96088
control_r0,complex_000085,complex_000085,7,-11.46544
control_r0,complex_000085,complex_000085,8,-10.70608
control_r0,complex_000085,complex_000085,9,-9.72869
control_r0,complex_000085,complex_000085,10,-7.6604
control_r0,complex_000085,complex_000085,11,-10.24973
control_r0,complex_000085,complex_000085,12,-9.52476
control_r0,complex_000085,complex_000085,13,-7.34678
control_r0,complex_000085,complex_000085,14,-10.40899
control_r0,complex_000085,complex_000085,15,-10.55734
control_r0,complex_000085,complex_000085,16,-12.14572
control_r0,complex_000085,complex_000085,17,-7.63196
control_r0,complex_000085,complex_000085,18,-7.8461
control_r0,complex_000085,complex_000085,19,-10.13675
control_r0,complex_000001,complex_000266,0,-8.23226
control_r0,complex_000001,complex_000266,1,-8.12479
control_r0,complex_000001,complex_000266,2,-9.74688
control_r0,complex_000001,complex_000266,3,-7.75133
control_r0,complex_000001,complex_000266,4,-8.68036
control_r0,complex_000001,complex_000266,5,-6.20852
control_r0,complex_000001,complex_000266,6,-9.60473
control_r0,complex_000001,complex_000266,7,-9.30505
control_r0,complex_000001,complex_000266,8,-6.82469
control_r0,complex_000001,complex_000266,9,-6.53869
control_r0,complex_000001,complex_000266,10,-8.90792
control_r0,complex_000001,complex_000266,11,-8.29465
control_r0,complex_000001,complex_000266,12,-7.79608
control_r0,complex_000001,complex_000266,13,-7.02445
control_r0,complex_000001,complex_000266,14,-9.51628
control_r0,complex_000001,complex_000266,15,-7.73954
control_r0,complex_000001,complex_000266,16,-8.96853
control_r0,complex_000001,complex_000266,17,-8.40258
control_r0,complex_000001,complex_000266,18,-8.55743
control_r0,complex_000001,complex_000266,19,-8.06055
control_r0,complex_000026,complex_000051,0,-7.79913
control_r0,complex_000026,complex_000051,1,-5.9507
control_r0,complex_000026,complex_000051,2,-7.14626
control_r0,complex_000026,complex_000051,3,-8.87836
control_r0,complex_000026,complex_000051,4,-6.77208
control_r0,complex_000026,complex_000051,5,-7.98951
control_r0,complex_000026,complex_000051,6,-7.47175
control_r0,complex_000026,complex_000051,7,-8.00984
control_r0,complex_000026,complex_000051,8,-7.68446
control_r0,complex_000026,complex_000051,9,-6.53373
control_r0,complex_000026,complex_000051,10,-6.65327
control_r0,complex_000026,complex_000051,11,-7.61208
control_r0,complex_000026,complex_000051,12,-6.49715
control_r0,complex_000026,complex_000051,13,-8.27472
control_r0,complex_000026,complex_000051,14,-8.13384
control_r0,complex_000026,complex_000051,15,-5.58219
control_r0,complex_000026,complex_000051,16,-7.73025
control_r0,complex_000026,complex_000051,17,-8.73824
control_r0,complex_000026,complex_000051,18,-7.61169
control_r0,complex_000026,complex_000051,19,-4.78453
control_r0,complex_000117,complex_000179,0,-8.51516
control_r0,complex_000117,complex_000179,1,-6.60452
control_r0,complex_000117,complex_000179,2,-7.567
control_r0,complex_000117,complex_000179,3,-9.4809
control_r0,complex_000117,complex_000179,4,-6.43639
control_r0,complex_000117,complex_000179,5,-8.84205
control_r0,complex_000117,complex_000179,6,-9.64673
control_r0,complex_000117,complex_000179,7,-4.76219
control_r0,complex_000117,complex_000179,8,-6.65635
control_r0,complex_000117,complex_000179,9,-6.09634
control_r0,complex_000117,complex_000179,10,-12.60406
control_r0,complex_000117,complex_000179,11,-6.29807
control_r0,complex_000117,complex_000179,12,-10.99626
control_r0,complex_000117,complex_000179,13,-9.05312
control_r0,complex_000117,complex_000179,14,-5.49771
control_r0,complex_000117,complex_000179,15,-8.4936
control_r0,complex_000117,complex_000179,16,-7.62211
control_r0,complex_000117,complex_000179,17,-9.68184
control_r0,complex_000117,complex_000179,18,-10.38927
control_r0,complex_000117,complex_000179,19,-11.97874
control_r0,complex_000001,complex_000001,0,-8.71626
control_r0,complex_000001,complex_000001,1,-9.34539
control_r0,complex_000001,complex_000001,2,-7.2696
control_r0,complex_000001,complex_000001,3,-7.82504
control_r0,complex_000001,complex_000001,4,-8.24428
control_r0,complex_000001,complex_000001,5,-6.15571
control_r0,complex_000001,complex_000001,6,-9.17436
control_r0,complex_000001,complex_000001,7,-7.90974
control_r0,complex_000001,complex_000001,8,-6.47101
control_r0,complex_000001,complex_000001,9,-7.29479
control_r0,complex_000001,complex_000001,10,-8.80181
control_r0,complex_000001,complex_000001,11,-8.93045
control_r0,complex_000001,complex_000001,12,-7.51305
control_r0,complex_000001,complex_000001,13,-6.95066
control_r0,complex_000001,complex_000001,14,-8.20921
control_r0,complex_000001,complex_000001,15,-7.60806
control_r0,complex_000001,complex_000001,16,-7.57266
control_r0,complex_000001,complex_000001,17,-6.74973
control_r0,complex_000001,complex_000001,18,-8.37313
control_r0,complex_000001,complex_000001,19,-7.07152
control_r0,complex_000001,complex_000363,0,
control_r0,complex_000001,complex_000363,1,
control_r0,complex_000001,complex_000363,2,
control_r0,complex_000001,complex_000363,3,
control_r0,complex_000001,complex_000363,4,
control_r0,complex_000001,complex_000363,5,
control_r0,complex_000001,complex_000363,6,
control_r0,complex_000001,complex_000363,7,
control_r0,complex_000001,complex_000363,8,
control_r0,complex_000001,complex_000363,9,
control_r0,complex_000001,complex_000363,10,
control_r0,complex_000001,complex_000363,11,
control_r0,complex_000001,complex_000363,12,
control_r0,complex_000001,complex_000363,13,
control_r0,complex_000001,complex_000363,14,
control_r0,complex_000001,complex_000363,15,
control_r0,complex_000001,complex_000363,16,
control_r0,complex_000001,complex_000363,17,
control_r0,complex_000001,complex_000363,18,
control_r0,complex_000001,complex_000363,19,
control_r0,complex_000059,complex_000059,0,
control_r0,complex_000059,complex_000059,1,
control_r0,complex_000059,complex_000059,2,
control_r0,complex_000059,complex_000059,3,
control_r0,complex_000059,complex_000059,4,
control_r0,complex_000059,complex_000059,5,
control_r0,complex_000059,complex_000059,6,
control_r0,complex_000059,complex_000059,7,
control_r0,complex_000059,complex_000059,8,
control_r0,complex_000059,complex_000059,9,
control_r0,complex_000059,complex_000059,10,
control_r0,complex_000059,complex_000059,11,
control_r0,complex_000059,complex_000059,12,
control_r0,complex_000059,complex_000059,13,
control_r0,complex_000059,complex_000059,14,
control_r0,complex_000059,complex_000059,15,
control_r0,complex_000059,complex_000059,16,
control_r0,complex_000059,complex_000059,17,
control_r0,complex_000059,complex_000059,18,
control_r0,complex_000059,complex_000059,19,
control_r0,complex_000059,complex_000292,0,
control_r0,complex_000059,complex_000292,1,
control_r0,complex_000059,complex_000292,2,
control_r0,complex_000059,complex_000292,3,
control_r0,complex_000059,complex_000292,4,
control_r0,complex_000059,complex_000292,5,
control_r0,complex_000059,complex_000292,6,
control_r0,complex_000059,complex_000292,7,
control_r0,complex_000059,complex_000292,8,
control_r0,complex_000059,complex_000292,9,
control_r0,complex_000059,complex_000292,10,
control_r0,complex_000059,complex_000292,11,
control_r0,complex_000059,complex_000292,12,
control_r0,complex_000059,complex_000292,13,
control_r0,complex_000059,complex_000292,14,
control_r0,complex_000059,complex_000292,15,
control_r0,complex_000059,complex_000292,16,
control_r0,complex_000059,complex_000292,17,
control_r0,complex_000059,complex_000292,18,
control_r0,complex_000059,complex_000292,19,
control_r0,complex_000059,complex_000382,0,
control_r0,complex_000059,complex_000382,1,
control_r0,complex_000059,complex_000382,2,
control_r0,complex_000059,complex_000382,3,
control_r0,complex_000059,complex_000382,4,
control_r0,complex_000059,complex_000382,5,
control_r0,complex_000059,complex_000382,6,
control_r0,complex_000059,complex_000382,7,
control_r0,complex_000059,complex_000382,8,
control_r0,complex_000059,complex_000382,9,
control_r0,complex_000059,complex_000382,10,
control_r0,complex_000059,complex_000382,11,
control_r0,complex_000059,complex_000382,12,
control_r0,complex_000059,complex_000382,13,
control_r0,complex_000059,complex_000382,14,
control_r0,complex_000059,complex_000382,15,
control_r0,complex_000059,complex_000382,16,
control_r0,complex_000059,complex_000382,17,
control_r0,complex_000059,complex_000382,18,
control_r0,complex_000059,complex_000382,19,
control_r0,complex_000059,complex_000363,0,
control_r0,complex_000059,complex_000363,1,
control_r0,complex_000059,complex_000363,2,
control_r0,complex_000059,complex_000363,3,
control_r0,complex_000059,complex_000363,4,
control_r0,complex_000059,complex_000363,5,
control_r0,complex_000059,complex_000363,6,
control_r0,complex_000059,complex_000363,7,
control_r0,complex_000059,complex_000363,8,
control_r0,complex_000059,complex_000363,9,
control_r0,complex_000059,complex_000363,10,
control_r0,complex_000059,complex_000363,11,
control_r0,complex_000059,complex_000363,12,
control_r0,complex_000059,complex_000363,13,
control_r0,complex_000059,complex_000363,14,
control_r0,complex_000059,complex_000363,15,
control_r0,complex_000059,complex_000363,16,
control_r0,complex_000059,complex_000363,17,
control_r0,complex_000059,complex_000363,18,
control_r0,complex_000059,complex_000363,19,
control_r0,complex_000085,complex_000117,0,
control_r0,complex_000085,complex_000117,1,
control_r0,complex_000085,complex_000117,2,
control_r0,complex_000085,complex_000117,3,
control_r0,complex_000085,complex_000117,4,
control_r0,complex_000085,complex_000117,5,
control_r0,complex_000085,complex_000117,6,
control_r0,complex_000085,complex_000117,7,
control_r0,complex_000085,complex_000117,8,
control_r0,complex_000085,complex_000117,9,
control_r0,complex_000085,complex_000117,10,
control_r0,complex_000085,complex_000117,11,
control_r0,complex_000085,complex_000117,12,
control_r0,complex_000085,complex_000117,13,
control_r0,complex_000085,complex_000117,14,
control_r0,complex_000085,complex_000117,15,
control_r0,complex_000085,complex_000117,16,
control_r0,complex_000085,complex_000117,17,
control_r0,complex_000085,complex_000117,18,
control_r0,complex_000085,complex_000117,19,
control_r0,complex_000085,complex_000411,0,
control_r0,complex_000085,complex_000411,1,
control_r0,complex_000085,complex_000411,2,
control_r0,complex_000085,complex_000411,3,
control_r0,complex_000085,complex_000411,4,
control_r0,complex_000085,complex_000411,5,
control_r0,complex_000085,complex_000411,6,
control_r0,complex_000085,complex_000411,7,
control_r0,complex_000085,complex_000411,8,
control_r0,complex_000085,complex_000411,9,
control_r0,complex_000085,complex_000411,10,
control_r0,complex_000085,complex_000411,11,
control_r0,complex_000085,complex_000411,12,
control_r0,complex_000085,complex_000411,13,
control_r0,complex_000085,complex_000411,14,
control_r0,complex_000085,complex_000411,15,
control_r0,complex_000085,complex_000411,16,
control_r0,complex_000085,complex_000411,17,
control_r0,complex_000085,complex_000411,18,
control_r0,complex_000085,complex_000411,19,
control_r0,complex_000085,complex_000059,0,
control_r0,complex_000085,complex_000059,1,
control_r0,complex_000085,complex_000059,2,
control_r0,complex_000085,complex_000059,3,
control_r0,complex_000085,complex_000059,4,
control_r0,complex_000085,complex_000059,5,
control_r0,complex_000085,complex_000059,6,
control_r0,complex_000085,complex_000059,7,
control_r0,complex_000085,complex_000059,8,
control_r0,complex_000085,complex_000059,9,
control_r0,complex_000085,complex_000059,10,
control_r0,complex_000085,complex_000059,11,
control_r0,complex_000085,complex_000059,12,
control_r0,complex_000085,complex_000059,13,
control_r0,complex_000085,complex_000059,14,
control_r0,complex_000085,complex_000059,15,
control_r0,complex_000085,complex_000059,16,
control_r0,complex_000085,complex_000059,17,
control_r0,complex_000085,complex_000059,18,
control_r0,complex_000085,complex_000059,19,
control_r0,complex_000112,complex_000112,0,-5.66841
control_r0,complex_000112,complex_000112,1,-6.72172
control_r0,complex_000112,complex_000112,2,-7.48284
control_r0,complex_000112,complex_000112,3,-7.12181
control_r0,complex_000112,complex_000112,4,-4.93904
control_r0,complex_000112,complex_000112,5,-6.62275
control_r0,complex_000112,complex_000112,6,-11.1327
control_r0,complex_000112,complex_000112,7,-6.61836
control_r0,complex_000112,complex_000112,8,-7.23065
control_r0,complex_000112,complex_000112,9,-7.3093
control_r0,complex_000112,complex_000112,10,-9.18012
control_r0,complex_000112,complex_000112,11,-9.26928
control_r0,complex_000112,complex_000112,12,-6.18374
control_r0,complex_000112,complex_000112,13,-6.53717
control_r0,complex_000112,complex_000112,14,-8.77461
control_r0,complex_000112,complex_000112,15,-6.11663
control_r0,complex_000112,complex_000112,16,-6.89601
control_r0,complex_000112,complex_000112,17,-7.31687
control_r0,complex_000112,complex_000112,18,-7.30436
control_r0,complex_000112,complex_000112,19,-7.0723
control_r0,complex_000112,complex_000059,0,-6.13377
control_r0,complex_000112,complex_000059,1,-8.54369
control_r0,complex_000112,complex_000059,2,-7.58109
control_r0,complex_000112,complex_000059,3,-7.51271
control_r0,complex_000112,complex_000059,4,-6.56398
control_r0,complex_000112,complex_000059,5,-6.45552
control_r0,complex_000112,complex_000059,6,-7.29064
control_r0,complex_000112,complex_000059,7,-7.71272
control_r0,complex_000112,complex_000059,8,-6.84891
control_r0,complex_000112,complex_000059,9,-8.42114
control_r0,complex_000112,complex_000059,10,-8.48547
control_r0,complex_000112,complex_000059,11,-7.56376
control_r0,complex_000112,complex_000059,12,-6.38055
control_r0,complex_000112,complex_000059,13,-7.63573
control_r0,complex_000112,complex_000059,14,-8.60258
control_r0,complex_000112,complex_000059,15,-6.0528
control_r0,complex_000112,complex_000059,16,-10.23591
control_r0,complex_000112,complex_000059,17,-7.58698
control_r0,complex_000112,complex_000059,18,-6.60463
control_r0,complex_000112,complex_000059,19,-7.61523
control_r0,complex_000112,complex_000149,0,-6.66061
control_r0,complex_000112,complex_000149,1,-8.31496
control_r0,complex_000112,complex_000149,2,-7.85586
control_r0,complex_000112,complex_000149,3,-7.44184
control_r0,complex_000112,complex_000149,4,-7.49666
control_r0,complex_000112,complex_000149,5,-6.39422
control_r0,complex_000112,complex_000149,6,-10.56254
control_r0,complex_000112,complex_000149,7,-7.93503
control_r0,complex_000112,complex_000149,8,-8.59449
control_r0,complex_000112,complex_000149,9,-8.44519
control_r0,complex_000112,complex_000149,10,-9.41726
control_r0,complex_000112,complex_000149,11,-9.10733
control_r0,complex_000112,complex_000149,12,-7.4504
control_r0,complex_000112,complex_000149,13,-6.54073
control_r0,complex_000112,complex_000149,14,-9.31236
control_r0,complex_000112,complex_000149,15,-7.10773
control_r0,complex_000112,complex_000149,16,-8.68797
control_r0,complex_000112,complex_000149,17,-7.92613
control_r0,complex_000112,complex_000149,18,-9.35365
control_r0,complex_000112,complex_000149,19,-8.50281
control_r0,complex_000140,complex_000140,0,-9.21269
control_r0,complex_000140,complex_000140,1,-7.14126
control_r0,complex_000140,complex_000140,2,-8.08341
control_r0,complex_000140,complex_000140,3,-8.70836
control_r0,complex_000140,complex_000140,4,-10.91931
control_r0,complex_000140,complex_000140,5,-7.67055
control_r0,complex_000140,complex_000140,6,-8.7183
control_r0,complex_000140,complex_000140,7,-8.96334
control_r0,complex_000140,complex_000140,8,-11.25568
control_r0,complex_000140,complex_000140,9,-8.56452
control_r0,complex_000140,complex_000140,10,-8.79073
control_r0,complex_000140,complex_000140,11,-11.29361
control_r0,complex_000140,complex_000140,12,-8.50261
control_r0,complex_000140,complex_000140,13,-6.77216
control_r0,complex_000140,complex_000140,14,-8.10365
control_r0,complex_000140,complex_000140,15,-8.78206
control_r0,complex_000140,complex_000140,16,-9.41364
control_r0,complex_000140,complex_000140,17,-7.80897
control_r0,complex_000140,complex_000140,18,-4.82549
control_r0,complex_000140,complex_000140,19,-7.77807
control_r0,complex_000112,complex_000269,0,-5.84579
control_r0,complex_000112,complex_000269,1,-7.1442
control_r0,complex_000112,complex_000269,2,-6.21242
control_r0,complex_000112,complex_000269,3,-7.54192
control_r0,complex_000112,complex_000269,4,-7.22995
control_r0,complex_000112,complex_000269,5,-5.25043
control_r0,complex_000112,complex_000269,6,-7.61746
control_r0,complex_000112,complex_000269,7,-6.26624
control_r0,complex_000112,complex_000269,8,-6.52701
control_r0,complex_000112,complex_000269,9,-6.07043
control_r0,complex_000112,complex_000269,10,-7.63277
control_r0,complex_000112,complex_000269,11,-7.55961
control_r0,complex_000112,complex_000269,12,-6.17698
control_r0,complex_000112,complex_000269,13,-6.15825
control_r0,complex_000112,complex_000269,14,-7.60661
control_r0,complex_000112,complex_000269,15,-5.56735
control_r0,complex_000112,complex_000269,16,-7.06481
control_r0,complex_000112,complex_000269,17,-5.73273
control_r0,complex_000112,complex_000269,18,-7.35961
control_r0,complex_000112,complex_000269,19,-6.6722
control_r0,complex_000140,complex_000540,0,-8.91802
control_r0,complex_000140,complex_000540,1,-6.40746
control_r0,complex_000140,complex_000540,2,-7.63634
control_r0,complex_000140,complex_000540,3,-7.7678
control_r0,complex_000140,complex_000540,4,-9.23522
control_r0,complex_000140,complex_000540,5,-6.92147
control_r0,complex_000140,complex_000540,6,-7.91203
control_r0,complex_000140,complex_000540,7,-7.5343
control_r0,complex_000140,complex_000540,8,-9.62162
control_r0,complex_000140,complex_000540,9,-7.58116
control_r0,complex_000140,complex_000540,10,-7.05799
control_r0,complex_000140,complex_000540,11,-9.86121
control_r0,complex_000140,complex_000540,12,-7.70926
control_r0,complex_000140,complex_000540,13,-6.48879
control_r0,complex_000140,complex_000540,14,-7.62473
control_r0,complex_000140,complex_000540,15,-8.16103
control_r0,complex_000140,complex_000540,16,-8.1318
control_r0,complex_000140,complex_000540,17,-8.18503
control_r0,complex_000140,complex_000540,18,-4.37241
control_r0,complex_000140,complex_000540,19,-7.65807
control_r0,complex_000140,complex_000374,0,-9.13631
control_r0,complex_000140,complex_000374,1,-6.76849
control_r0,complex_000140,complex_000374,2,-7.9685
control_r0,complex_000140,complex_000374,3,-7.54021
control_r0,complex_000140,complex_000374,4,-10.39053
control_r0,complex_000140,complex_000374,5,-8.1929
control_r0,complex_000140,complex_000374,6,-9.16292
control_r0,complex_000140,complex_000374,7,-6.19345
control_r0,complex_000140,complex_000374,8,-10.39426
control_r0,complex_000140,complex_000374,9,-9.157
control_r0,complex_000140,complex_000374,10,-7.86502
control_r0,complex_000140,complex_000374,11,-7.78925
control_r0,complex_000140,complex_000374,12,-8.44485
control_r0,complex_000140,complex_000374,13,-6.50279
control_r0,complex_000140,complex_000374,14,-8.17849
control_r0,complex_000140,complex_000374,15,-8.26578
control_r0,complex_000140,complex_000374,16,-8.41522
control_r0,complex_000140,complex_000374,17,-6.84434
control_r0,complex_000140,complex_000374,18,-4.3599
control_r0,complex_000140,complex_000374,19,-7.59834
control_r0,complex_000148,complex_000148,0,-5.83936
control_r0,complex_000148,complex_000148,1,-4.57082
control_r0,complex_000148,complex_000148,2,-7.79552
control_r0,complex_000148,complex_000148,3,-4.92746
control_r0,complex_000148,complex_000148,4,-7.72765
control_r0,complex_000148,complex_000148,5,-7.53746
control_r0,complex_000148,complex_000148,6,-7.42354
control_r0,complex_000148,complex_000148,7,-4.0964
control_r0,complex_000148,complex_000148,8,-5.94696
control_r0,complex_000148,complex_000148,9,-7.82144
control_r0,complex_000148,complex_000148,10,-6.28702
control_r0,complex_000148,complex_000148,11,-7.0069
control_r0,complex_000148,complex_000148,12,-6.80456
control_r0,complex_000148,complex_000148,13,-7.32433
control_r0,complex_000148,complex_000148,14,-7.85595
control_r0,complex_000148,complex_000148,15,-5.85324
control_r0,complex_000148,complex_000148,16,-7.16799
control_r0,complex_000148,complex_000148,17,-8.70761
control_r0,complex_000148,complex_000148,18,-7.85452
control_r0,complex_000148,complex_000148,19,-7.10744
control_r0,complex_000148,complex_000411,0,-6.72043
control_r0,complex_000148,complex_000411,1,-5.6137
control_r0,complex_000148,complex_000411,2,-8.12437
control_r0,complex_000148,complex_000411,3,-5.91633
control_r0,complex_000148,complex_000411,4,-7.24308
control_r0,complex_000148,complex_000411,5,-9.36502
control_r0,complex_000148,complex_000411,6,-8.42876
control_r0,complex_000148,complex_000411,7,-4.6994
control_r0,complex_000148,complex_000411,8,-6.48675
control_r0,complex_000148,complex_000411,9,-8.14898
control_r0,complex_000148,complex_000411,10,-6.81854
control_r0,complex_000148,complex_000411,11,-8.25073
control_r0,complex_000148,complex_000411,12,-7.95419
control_r0,complex_000148,complex_000411,13,-7.94368
control_r0,complex_000148,complex_000411,14,-8.31185
control_r0,complex_000148,complex_000411,15,-6.49697
control_r0,complex_000148,complex_000411,16,-8.03055
control_r0,complex_000148,complex_000411,17,-8.67349
control_r0,complex_000148,complex_000411,18,-8.06667
control_r0,complex_000148,complex_000411,19,-8.03139
control_r0,complex_000148,complex_000376,0,-6.5519
control_r0,complex_000148,complex_000376,1,-5.11198
control_r0,complex_000148,complex_000376,2,-8.59545
control_r0,complex_000148,complex_000376,3,-6.21506
control_r0,complex_000148,complex_000376,4,-7.19604
control_r0,complex_000148,complex_000376,5,-8.34688
control_r0,complex_000148,complex_000376,6,-8.44777
control_r0,complex_000148,complex_000376,7,-4.31133
control_r0,complex_000148,complex_000376,8,-6.99073
control_r0,complex_000148,complex_000376,9,-8.69241
control_r0,complex_000148,complex_000376,10,-7.27929
control_r0,complex_000148,complex_000376,11,-7.41156
control_r0,complex_000148,complex_000376,12,-7.46826
control_r0,complex_000148,complex_000376,13,-8.146
control_r0,complex_000148,complex_000376,14,-8.37838
control_r0,complex_000148,complex_000376,15,-6.78024
control_r0,complex_000148,complex_000376,16,-8.32661
control_r0,complex_000148,complex_000376,17,-9.23997
control_r0,complex_000148,complex_000376,18,-8.89523
control_r0,complex_000148,complex_000376,19,-7.12345
control_r0,complex_000140,complex_000269,0,
control_r0,complex_000140,complex_000269,1,
control_r0,complex_000140,complex_000269,2,
control_r0,complex_000140,complex_000269,3,
control_r0,complex_000140,complex_000269,4,
control_r0,complex_000140,complex_000269,5,
control_r0,complex_000140,complex_000269,6,
control_r0,complex_000140,complex_000269,7,
control_r0,complex_000140,complex_000269,8,
control_r0,complex_000140,complex_000269,9,
control_r0,complex_000140,complex_000269,10,
control_r0,complex_000140,complex_000269,11,
control_r0,complex_000140,complex_000269,12,
control_r0,complex_000140,complex_000269,13,
control_r0,complex_000140,complex_000269,14,
control_r0,complex_000140,complex_000269,15,
control_r0,complex_000140,complex_000269,16,
control_r0,complex_000140,complex_000269,17,
control_r0,complex_000140,complex_000269,18,
control_r0,complex_000140,complex_000269,19,
control_r0,complex_000165,complex_000193,0,-6.32235
control_r0,complex_000165,complex_000193,1,-7.5609
control_r0,complex_000165,complex_000193,2,-7.57443
control_r0,complex_000165,complex_000193,3,-7.60391
control_r0,complex_000165,complex_000193,4,-5.67553
control_r0,complex_000165,complex_000193,5,-6.38538
control_r0,complex_000165,complex_000193,6,-5.76266
control_r0,complex_000165,complex_000193,7,-7.73913
control_r0,complex_000165,complex_000193,8,-5.35092
control_r0,complex_000165,complex_000193,9,-8.38797
control_r0,complex_000165,complex_000193,10,-6.00016
control_r0,complex_000165,complex_000193,11,-5.85189
control_r0,complex_000165,complex_000193,12,-5.51268
control_r0,complex_000165,complex_000193,13,-6.08836
control_r0,complex_000165,complex_000193,14,-8.39686
control_r0,complex_000165,complex_000193,15,-5.98563
control_r0,complex_000165,complex_000193,16,-8.03676
control_r0,complex_000165,complex_000193,17,-6.87028
control_r0,complex_000165,complex_000193,18,-6.6233
control_r0,complex_000165,complex_000193,19,-5.65097
control_r0,complex_000148,complex_000387,0,-7.06228
control_r0,complex_000148,complex_000387,1,-6.17395
control_r0,complex_000148,complex_000387,2,-9.91854
control_r0,complex_000148,complex_000387,3,-6.95231
control_r0,complex_000148,complex_000387,4,-4.72953
control_r0,complex_000148,complex_000387,5,-9.05665
control_r0,complex_000148,complex_000387,6,-8.19532
control_r0,complex_000148,complex_000387,7,-4.89669
control_r0,complex_000148,complex_000387,8,-7.27555
control_r0,complex_000148,complex_000387,9,-8.56838
control_r0,complex_000148,complex_000387,10,-7.47726
control_r0,complex_000148,complex_000387,11,-8.40284
control_r0,complex_000148,complex_000387,12,-7.72815
control_r0,complex_000148,complex_000387,13,-8.18652
control_r0,complex_000148,complex_000387,14,-9.71177
control_r0,complex_000148,complex_000387,15,-7.52643
control_r0,complex_000148,complex_000387,16,-8.81845
control_r0,complex_000148,complex_000387,17,-8.46955
control_r0,complex_000148,complex_000387,18,-8.93735
control_r0,complex_000148,complex_000387,19,-8.03033
control_r0,complex_000165,complex_000149,0,-8.58427
control_r0,complex_000165,complex_000149,1,-8.14392
control_r0,complex_000165,complex_000149,2,-7.96114
control_r0,complex_000165,complex_000149,3,-8.4759
control_r0,complex_000165,complex_000149,4,-6.75241
control_r0,complex_000165,complex_000149,5,-8.34773
control_r0,complex_000165,complex_000149,6,-6.69386
control_r0,complex_000165,complex_000149,7,-8.85073
control_r0,complex_000165,complex_000149,8,-6.34863
control_r0,complex_000165,complex_000149,9,-8.97609
control_r0,complex_000165,complex_000149,10,-7.65826
control_r0,complex_000165,complex_000149,11,-8.44907
control_r0,complex_000165,complex_000149,12,-7.23795
control_r0,complex_000165,complex_000149,13,-7.19653
control_r0,complex_000165,complex_000149,14,-9.77736
control_r0,complex_000165,complex_000149,15,-7.02057
control_r0,complex_000165,complex_000149,16,-8.98828
control_r0,complex_000165,complex_000149,17,-7.93201
control_r0,complex_000165,complex_000149,18,-8.56864
control_r0,complex_000165,complex_000149,19,-8.02005
control_r0,complex_000141,complex_000141,0,
control_r0,complex_000141,complex_000141,1,
control_r0,complex_000141,complex_000141,2,
control_r0,complex_000141,complex_000141,3,
control_r0,complex_000141,complex_000141,4,
control_r0,complex_000141,complex_000141,5,
control_r0,complex_000141,complex_000141,6,
control_r0,complex_000141,complex_000141,7,
control_r0,complex_000141,complex_000141,8,
control_r0,complex_000141,complex_000141,9,
control_r0,complex_000141,complex_000141,10,
control_r0,complex_000141,complex_000141,11,
control_r0,complex_000141,complex_000141,12,
control_r0,complex_000141,complex_000141,13,
control_r0,complex_000141,complex_000141,14,
control_r0,complex_000141,complex_000141,15,
control_r0,complex_000141,complex_000141,16,
control_r0,complex_000141,complex_000141,17,
control_r0,complex_000141,complex_000141,18,
control_r0,complex_000141,complex_000141,19,
control_r0,complex_000141,complex_000394,0,
control_r0,complex_000141,complex_000394,1,
control_r0,complex_000141,complex_000394,2,
control_r0,complex_000141,complex_000394,3,
control_r0,complex_000141,complex_000394,4,
control_r0,complex_000141,complex_000394,5,
control_r0,complex_000141,complex_000394,6,
control_r0,complex_000141,complex_000394,7,
control_r0,complex_000141,complex_000394,8,
control_r0,complex_000141,complex_000394,9,
control_r0,complex_000141,complex_000394,10,
control_r0,complex_000141,complex_000394,11,
control_r0,complex_000141,complex_000394,12,
control_r0,complex_000141,complex_000394,13,
control_r0,complex_000141,complex_000394,14,
control_r0,complex_000141,complex_000394,15,
control_r0,complex_000141,complex_000394,16,
control_r0,complex_000141,complex_000394,17,
control_r0,complex_000141,complex_000394,18,
control_r0,complex_000141,complex_000394,19,
control_r0,complex_000165,complex_000165,0,-9.40308
control_r0,complex_000165,complex_000165,1,11.94964
control_r0,complex_000165,complex_000165,2,-3.39206
control_r0,complex_000165,complex_000165,3,-1.39312
control_r0,complex_000165,complex_000165,4,-3.31549
control_r0,complex_000165,complex_000165,5,-7.80737
control_r0,complex_000165,complex_000165,6,-7.20047
control_r0,complex_000165,complex_000165,7,-5.23025
control_r0,complex_000165,complex_000165,8,-6.65748
control_r0,complex_000165,complex_000165,9,-7.00126
control_r0,complex_000165,complex_000165,10,0.69235
control_r0,complex_000165,complex_000165,11,-8.64953
control_r0,complex_000165,complex_000165,12,-1.16333
control_r0,complex_000165,complex_000165,13,-8.02573
control_r0,complex_000165,complex_000165,14,-7.04861
control_r0,complex_000165,complex_000165,15,-7.74713
control_r0,complex_000165,complex_000165,16,-9.06726
control_r0,complex_000165,complex_000165,17,-10.30054
control_r0,complex_000165,complex_000165,18,-8.33158
control_r0,complex_000165,complex_000165,19,-10.09477
control_r0,complex_000165,complex_000177,0,-6.81931
control_r0,complex_000165,complex_000177,1,-10.18823
control_r0,complex_000165,complex_000177,2,-7.67794
control_r0,complex_000165,complex_000177,3,-7.77054
control_r0,complex_000165,complex_000177,4,-6.33416
control_r0,complex_000165,complex_000177,5,-7.43545
control_r0,complex_000165,complex_000177,6,-5.57873
control_r0,complex_000165,complex_000177,7,-8.67451
control_r0,complex_000165,complex_000177,8,-5.19457
control_r0,complex_000165,complex_000177,9,-7.64209
control_r0,complex_000165,complex_000177,10,-7.01248
control_r0,complex_000165,complex_000177,11,-6.67531
control_r0,complex_000165,complex_000177,12,-7.00019
control_r0,complex_000165,complex_000177,13,-6.15049
control_r0,complex_000165,complex_000177,14,-8.61419
control_r0,complex_000165,complex_000177,15,-6.2645
control_r0,complex_000165,complex_000177,16,-7.52268
control_r0,complex_000165,complex_000177,17,-7.25988
control_r0,complex_000165,complex_000177,18,-6.6339
control_r0,complex_000165,complex_000177,19,-6.51096
control_r0,complex_000141,complex_000179,0,
control_r0,complex_000141,complex_000179,1,
control_r0,complex_000141,complex_000179,2,
control_r0,complex_000141,complex_000179,3,
control_r0,complex_000141,complex_000179,4,
control_r0,complex_000141,complex_000179,5,
control_r0,complex_000141,complex_000179,6,
control_r0,complex_000141,complex_000179,7,
control_r0,complex_000141,complex_000179,8,
control_r0,complex_000141,complex_000179,9,
control_r0,complex_000141,complex_000179,10,
control_r0,complex_000141,complex_000179,11,
control_r0,complex_000141,complex_000179,12,
control_r0,complex_000141,complex_000179,13,
control_r0,complex_000141,complex_000179,14,
control_r0,complex_000141,complex_000179,15,
control_r0,complex_000141,complex_000179,16,
control_r0,complex_000141,complex_000179,17,
control_r0,complex_000141,complex_000179,18,
control_r0,complex_000141,complex_000179,19,
control_r0,complex_000141,complex_000223,0,
control_r0,complex_000141,complex_000223,1,
control_r0,complex_000141,complex_000223,2,
control_r0,complex_000141,complex_000223,3,
control_r0,complex_000141,complex_000223,4,
control_r0,complex_000141,complex_000223,5,
control_r0,complex_000141,complex_000223,6,
control_r0,complex_000141,complex_000223,7,
control_r0,complex_000141,complex_000223,8,
control_r0,complex_000141,complex_000223,9,
control_r0,complex_000141,complex_000223,10,
control_r0,complex_000141,complex_000223,11,
control_r0,complex_000141,complex_000223,12,
control_r0,complex_000141,complex_000223,13,
control_r0,complex_000141,complex_000223,14,
control_r0,complex_000141,complex_000223,15,
control_r0,complex_000141,complex_000223,16,
control_r0,complex_000141,complex_000223,17,
control_r0,complex_000141,complex_000223,18,
control_r0,complex_000141,complex_000223,19,
control_r0,complex_000149,complex_000069,0,-7.93394
control_r0,complex_000149,complex_000069,1,-5.39795
control_r0,complex_000149,complex_000069,2,-9.34233
control_r0,complex_000149,complex_000069,3,-7.40664
control_r0,complex_000149,complex_000069,4,-8.05666
control_r0,complex_000149,complex_000069,5,-9.45475
control_r0,complex_000149,complex_000069,6,-8.45269
control_r0,complex_000149,complex_000069,7,-6.94144
control_r0,complex_000149,complex_000069,8,-9.67349
control_r0,complex_000149,complex_000069,9,-4.7409
control_r0,complex_000149,complex_000069,10,-6.178
control_r0,complex_000149,complex_000069,11,-6.2074
control_r0,complex_000149,complex_000069,12,-7.9318
control_r0,complex_000149,complex_000069,13,-8.5766
control_r0,complex_000149,complex_000069,14,-6.31703
control_r0,complex_000149,complex_000069,15,-7.24078
control_r0,complex_000149,complex_000069,16,-5.51566
control_r0,complex_000149,complex_000069,17,-6.88887
control_r0,complex_000149,complex_000069,18,-7.76703
control_r0,complex_000149,complex_000069,19,-7.08794
control_r0,complex_000145,complex_000145,0,
control_r0,complex_000145,complex_000145,1,
control_r0,complex_000145,complex_000145,2,
control_r0,complex_000145,complex_000145,3,
control_r0,complex_000145,complex_000145,4,
control_r0,complex_000145,complex_000145,5,
control_r0,complex_000145,complex_000145,6,
control_r0,complex_000145,complex_000145,7,
control_r0,complex_000145,complex_000145,8,
control_r0,complex_000145,complex_000145,9,
control_r0,complex_000145,complex_000145,10,
control_r0,complex_000145,complex_000145,11,
control_r0,complex_000145,complex_000145,12,
control_r0,complex_000145,complex_000145,13,
control_r0,complex_000145,complex_000145,14,
control_r0,complex_000145,complex_000145,15,
control_r0,complex_000145,complex_000145,16,
control_r0,complex_000145,complex_000145,17,
control_r0,complex_000145,complex_000145,18,
control_r0,complex_000145,complex_000145,19,
control_r0,complex_000145,complex_000506,0,
control_r0,complex_000145,complex_000506,1,
control_r0,complex_000145,complex_000506,2,
control_r0,complex_000145,complex_000506,3,
control_r0,complex_000145,complex_000506,4,
control_r0,complex_000145,complex_000506,5,
control_r0,complex_000145,complex_000506,6,
control_r0,complex_000145,complex_000506,7,
control_r0,complex_000145,complex_000506,8,
control_r0,complex_000145,complex_000506,9,
control_r0,complex_000145,complex_000506,10,
control_r0,complex_000145,complex_000506,11,
control_r0,complex_000145,complex_000506,12,
control_r0,complex_000145,complex_000506,13,
control_r0,complex_000145,complex_000506,14,
control_r0,complex_000145,complex_000506,15,
control_r0,complex_000145,complex_000506,16,
control_r0,complex_000145,complex_000506,17,
control_r0,complex_000145,complex_000506,18,
control_r0,complex_000145,complex_000506,19,
control_r0,complex_000145,complex_000177,0,
control_r0,complex_000145,complex_000177,1,
control_r0,complex_000145,complex_000177,2,
control_r0,complex_000145,complex_000177,3,
control_r0,complex_000145,complex_000177,4,
control_r0,complex_000145,complex_000177,5,
control_r0,complex_000145,complex_000177,6,
control_r0,complex_000145,complex_000177,7,
control_r0,complex_000145,complex_000177,8,
control_r0,complex_000145,complex_000177,9,
control_r0,complex_000145,complex_000177,10,
control_r0,complex_000145,complex_000177,11,
control_r0,complex_000145,complex_000177,12,
control_r0,complex_000145,complex_000177,13,
control_r0,complex_000145,complex_000177,14,
control_r0,complex_000145,complex_000177,15,
control_r0,complex_000145,complex_000177,16,
control_r0,complex_000145,complex_000177,17,
control_r0,complex_000145,complex_000177,18,
control_r0,complex_000145,complex_000177,19,
control_r0,complex_000145,complex_000382,0,
control_r0,complex_000145,complex_000382,1,
control_r0,complex_000145,complex_000382,2,
control_r0,complex_000145,complex_000382,3,
control_r0,complex_000145,complex_000382,4,
control_r0,complex_000145,complex_000382,5,
control_r0,complex_000145,complex_000382,6,
control_r0,complex_000145,complex_000382,7,
control_r0,complex_000145,complex_000382,8,
control_r0,complex_000145,complex_000382,9,
control_r0,complex_000145,complex_000382,10,
control_r0,complex_000145,complex_000382,11,
control_r0,complex_000145,complex_000382,12,
control_r0,complex_000145,complex_000382,13,
control_r0,complex_000145,complex_000382,14,
control_r0,complex_000145,complex_000382,15,
control_r0,complex_000145,complex_000382,16,
control_r0,complex_000145,complex_000382,17,
control_r0,complex_000145,complex_000382,18,
control_r0,complex_000145,complex_000382,19,
control_r0,complex_000149,complex_000149,0,-7.35113
control_r0,complex_000149,complex_000149,1,-6.16417
control_r0,complex_000149,complex_000149,2,-10.27204
control_r0,complex_000149,complex_000149,3,-7.25379
control_r0,complex_000149,complex_000149,4,-8.09232
control_r0,complex_000149,complex_000149,5,-6.58579
control_r0,complex_000149,complex_000149,6,-8.55122
control_r0,complex_000149,complex_000149,7,-7.91709
control_r0,complex_000149,complex_000149,8,-9.65743
control_r0,complex_000149,complex_000149,9,-5.33143
control_r0,complex_000149,complex_000149,10,-7.653
control_r0,complex_000149,complex_000149,11,-6.70597
control_r0,complex_000149,complex_000149,12,-7.5172
control_r0,complex_000149,complex_000149,13,-8.17931
control_r0,complex_000149,complex_000149,14,-6.91156
control_r0,complex_000149,complex_000149,15,-8.39171
control_r0,complex_000149,complex_000149,16,-6.66364
control_r0,complex_000149,complex_000149,17,-7.8468
control_r0,complex_000149,complex_000149,18,-9.15932
control_r0,complex_000149,complex_000149,19,-8.33957
control_r0,complex_000149,complex_000305,0,
control_r0,complex_000149,complex_000305,1,
control_r0,complex_000149,complex_000305,2,
control_r0,complex_000149,complex_000305,3,
control_r0,complex_000149,complex_000305,4,
control_r0,complex_000149,complex_000305,5,
control_r0,complex_000149,complex_000305,6,
control_r0,complex_000149,complex_000305,7,
control_r0,complex_000149,complex_000305,8,
control_r0,complex_000149,complex_000305,9,
control_r0,complex_000149,complex_000305,10,
control_r0,complex_000149,complex_000305,11,
control_r0,complex_000149,complex_000305,12,
control_r0,complex_000149,complex_000305,13,
control_r0,complex_000149,complex_000305,14,
control_r0,complex_000149,complex_000305,15,
control_r0,complex_000149,complex_000305,16,
control_r0,complex_000149,complex_000305,17,
control_r0,complex_000149,complex_000305,18,
control_r0,complex_000149,complex_000305,19,
control_r0,complex_000149,complex_000394,0,
control_r0,complex_000149,complex_000394,1,
control_r0,complex_000149,complex_000394,2,
control_r0,complex_000149,complex_000394,3,
control_r0,complex_000149,complex_000394,4,
control_r0,complex_000149,complex_000394,5,
control_r0,complex_000149,complex_000394,6,
control_r0,complex_000149,complex_000394,7,
control_r0,complex_000149,complex_000394,8,
control_r0,complex_000149,complex_000394,9,
control_r0,complex_000149,complex_000394,10,
control_r0,complex_000149,complex_000394,11,
control_r0,complex_000149,complex_000394,12,
control_r0,complex_000149,complex_000394,13,
control_r0,complex_000149,complex_000394,14,
control_r0,complex_000149,complex_000394,15,
control_r0,complex_000149,complex_000394,16,
control_r0,complex_000149,complex_000394,17,
control_r0,complex_000149,complex_000394,18,
control_r0,complex_000149,complex_000394,19,
control_r0,complex_000170,complex_000170,0,-10.59315
control_r0,complex_000170,complex_000170,1,-4.38869
control_r0,complex_000170,complex_000170,2,-9.96447
control_r0,complex_000170,complex_000170,3,-9.45338
control_r0,complex_000170,complex_000170,4,-10.03516
control_r0,complex_000170,complex_000170,5,-5.52753
control_r0,complex_000170,complex_000170,6,-9.28675
control_r0,complex_000170,complex_000170,7,-8.98885
control_r0,complex_000170,complex_000170,8,-5.61962
control_r0,complex_000170,complex_000170,9,-4.86258
control_r0,complex_000170,complex_000170,10,-9.8562
control_r0,complex_000170,complex_000170,11,-7.64213
control_r0,complex_000170,complex_000170,12,-9.83018
control_r0,complex_000170,complex_000170,13,-6.84403
control_r0,complex_000170,complex_000170,14,-7.40356
control_r0,complex_000170,complex_000170,15,-5.25429
control_r0,complex_000170,complex_000170,16,-2.01308
control_r0,complex_000170,complex_000170,17,-10.34258
control_r0,complex_000170,complex_000170,18,-7.23368
control_r0,complex_000170,complex_000170,19,-7.84015
control_r0,complex_000170,complex_000506,0,-6.85863
control_r0,complex_000170,complex_000506,1,-6.3844
control_r0,complex_000170,complex_000506,2,-8.23565
control_r0,complex_000170,complex_000506,3,-5.93766
control_r0,complex_000170,complex_000506,4,-6.03287
control_r0,complex_000170,complex_000506,5,-5.26038
control_r0,complex_000170,complex_000506,6,-6.68126
control_r0,complex_000170,complex_000506,7,-5.73406
control_r0,complex_000170,complex_000506,8,-6.9841
control_r0,complex_000170,complex_000506,9,-5.12667
control_r0,complex_000170,complex_000506,10,-7.49954
control_r0,complex_000170,complex_000506,11,-5.42682
control_r0,complex_000170,complex_000506,12,-7.026
control_r0,complex_000170,complex_000506,13,-5.68826
control_r0,complex_000170,complex_000506,14,-4.94002
control_r0,complex_000170,complex_000506,15,-5.94719
control_r0,complex_000170,complex_000506,16,-6.77291
control_r0,complex_000170,complex_000506,17,-6.55478
control_r0,complex_000170,complex_000506,18,-5.12695
control_r0,complex_000170,complex_000506,19,-5.34092
control_r0,complex_000193,complex_000193,0,-7.71018
control_r0,complex_000193,complex_000193,1,-5.9736
control_r0,complex_000193,complex_000193,2,-6.21008
control_r0,complex_000193,complex_000193,3,-6.79408
control_r0,complex_000193,complex_000193,4,-6.46193
control_r0,complex_000193,complex_000193,5,-6.51203
control_r0,complex_000193,complex_000193,6,-5.15739
control_r0,complex_000193,complex_000193,7,-6.72891
control_r0,complex_000193,complex_000193,8,-6.0261
control_r0,complex_000193,complex_000193,9,-5.14588
control_r0,complex_000193,complex_000193,10,-8.42465
control_r0,complex_000193,complex_000193,11,-6.51485
control_r0,complex_000193,complex_000193,12,-6.79986
control_r0,complex_000193,complex_000193,13,-5.37765
control_r0,complex_000193,complex_000193,14,-5.1736
control_r0,complex_000193,complex_000193,15,-6.72275
control_r0,complex_000193,complex_000193,16,-5.66142
control_r0,complex_000193,complex_000193,17,-5.77753
control_r0,complex_000193,complex_000193,18,-4.16443
control_r0,complex_000193,complex_000193,19,-7.87457
control_r0,complex_000193,complex_000335,0,-6.99788
control_r0,complex_000193,complex_000335,1,-5.06128
control_r0,complex_000193,complex_000335,2,-4.95415
control_r0,complex_000193,complex_000335,3,-5.95791
control_r0,complex_000193,complex_000335,4,-5.86145
control_r0,complex_000193,complex_000335,5,-6.52289
control_r0,complex_000193,complex_000335,6,-4.72457
control_r0,complex_000193,complex_000335,7,-5.90965
control_r0,complex_000193,complex_000335,8,-5.4449
control_r0,complex_000193,complex_000335,9,-4.72898
control_r0,complex_000193,complex_000335,10,-7.41899
control_r0,complex_000193,complex_000335,11,-5.5354
control_r0,complex_000193,complex_000335,12,-5.9733
control_r0,complex_000193,complex_000335,13,-4.4137
control_r0,complex_000193,complex_000335,14,-5.07298
control_r0,complex_000193,complex_000335,15,-5.52003
control_r0,complex_000193,complex_000335,16,-4.9021
control_r0,complex_000193,complex_000335,17,-5.18882
control_r0,complex_000193,complex_000335,18,-3.39354
control_r0,complex_000193,complex_000335,19,-6.73637
control_r0,complex_000170,complex_000456,0,-8.76256
control_r0,complex_000170,complex_000456,1,-6.73583
control_r0,complex_000170,complex_000456,2,-8.45237
control_r0,complex_000170,complex_000456,3,-7.45176
control_r0,complex_000170,complex_000456,4,-7.66759
control_r0,complex_000170,complex_000456,5,-4.73747
control_r0,complex_000170,complex_000456,6,-7.18558
control_r0,complex_000170,complex_000456,7,-6.75157
control_r0,complex_000170,complex_000456,8,-7.17187
control_r0,complex_000170,complex_000456,9,-4.28677
control_r0,complex_000170,complex_000456,10,-8.78306
control_r0,complex_000170,complex_000456,11,-6.03171
control_r0,complex_000170,complex_000456,12,-7.11374
control_r0,complex_000170,complex_000456,13,-5.72315
control_r0,complex_000170,complex_000456,14,-5.70356
control_r0,complex_000170,complex_000456,15,-7.71071
control_r0,complex_000170,complex_000456,16,-8.4215
control_r0,complex_000170,complex_000456,17,-7.22234
control_r0,complex_000170,complex_000456,18,-5.18553
control_r0,complex_000170,complex_000456,19,-6.88893
control_r0,complex_000191,complex_000145,0,-6.87385
control_r0,complex_000191,complex_000145,1,-5.8837
control_r0,complex_000191,complex_000145,2,-3.95204
control_r0,complex_000191,complex_000145,3,-6.16607
control_r0,complex_000191,complex_000145,4,-6.08429
control_r0,complex_000191,complex_000145,5,-4.65858
control_r0,complex_000191,complex_000145,6,-5.31665
control_r0,complex_000191,complex_000145,7,-5.50287
control_r0,complex_000191,complex_000145,8,-6.16925
control_r0,complex_000191,complex_000145,9,-5.08375
control_r0,complex_000191,complex_000145,10,-4.28069
control_r0,complex_000191,complex_000145,11,-4.53629
control_r0,complex_000191,complex_000145,12,-6.0867
control_r0,complex_000191,complex_000145,13,-4.70762
control_r0,complex_000191,complex_000145,14,-4.47469
control_r0,complex_000191,complex_000145,15,-3.78394
control_r0,complex_000191,complex_000145,16,-5.5177
control_r0,complex_000191,complex_000145,17,-5.04542
control_r0,complex_000191,complex_000145,18,-3.65543
control_r0,complex_000191,complex_000145,19,-3.86567
control_r0,complex_000191,complex_000472,0,-9.43241
control_r0,complex_000191,complex_000472,1,-7.66799
control_r0,complex_000191,complex_000472,2,-5.87012
control_r0,complex_000191,complex_000472,3,-9.92322
control_r0,complex_000191,complex_000472,4,-8.77633
control_r0,complex_000191,complex_000472,5,-6.83661
control_r0,complex_000191,complex_000472,6,-7.64788
control_r0,complex_000191,complex_000472,7,-7.73256
control_r0,complex_000191,complex_000472,8,-8.4997
control_r0,complex_000191,complex_000472,9,-7.1466
control_r0,complex_000191,complex_000472,10,-6.52497
control_r0,complex_000191,complex_000472,11,-6.23619
control_r0,complex_000191,complex_000472,12,-8.91085
control_r0,complex_000191,complex_000472,13,-6.31146
control_r0,complex_000191,complex_000472,14,-6.10426
control_r0,complex_000191,complex_000472,15,-5.13094
control_r0,complex_000191,complex_000472,16,-7.56839
control_r0,complex_000191,complex_000472,17,-6.49428
control_r0,complex_000191,complex_000472,18,-5.26009
control_r0,complex_000191,complex_000472,19,-5.22266
control_r0,complex_000191,complex_000191,0,-6.66988
control_r0,complex_000191,complex_000191,1,-5.58611
control_r0,complex_000191,complex_000191,2,-4.14606
control_r0,complex_000191,complex_000191,3,-7.317
control_r0,complex_000191,complex_000191,4,-5.84721
control_r0,complex_000191,complex_000191,5,-5.05952
control_r0,complex_000191,complex_000191,6,-5.0841
control_r0,complex_000191,complex_000191,7,-5.46901
control_r0,complex_000191,complex_000191,8,-5.91971
control_r0,complex_000191,complex_000191,9,-5.96265
control_r0,complex_000191,complex_000191,10,-5.4988
control_r0,complex_000191,complex_000191,11,-5.68565
control_r0,complex_000191,complex_000191,12,-7.46995
control_r0,complex_000191,complex_000191,13,-5.51853
control_r0,complex_000191,complex_000191,14,-3.78509
control_r0,complex_000191,complex_000191,15,-4.7587
control_r0,complex_000191,complex_000191,16,-5.37795
control_r0,complex_000191,complex_000191,17,-4.65473
control_r0,complex_000191,complex_000191,18,-4.33164
control_r0,complex_000191,complex_000191,19,-3.89758
control_r0,complex_000191,complex_000149,0,-8.98546
control_r0,complex_000191,complex_000149,1,-8.36654
control_r0,complex_000191,complex_000149,2,-5.65753
control_r0,complex_000191,complex_000149,3,-8.66808
control_r0,complex_000191,complex_000149,4,-7.53136
control_r0,complex_000191,complex_000149,5,-6.38907
control_r0,complex_000191,complex_000149,6,-7.86743
control_r0,complex_000191,complex_000149,7,-7.5558
control_r0,complex_000191,complex_000149,8,-8.26306
control_r0,complex_000191,complex_000149,9,-7.08679
control_r0,complex_000191,complex_000149,10,-5.90613
control_r0,complex_000191,complex_000149,11,-6.7663
control_r0,complex_000191,complex_000149,12,-8.58502
control_r0,complex_000191,complex_000149,13,-6.37676
control_r0,complex_000191,complex_000149,14,-5.95353
control_r0,complex_000191,complex_000149,15,-5.91014
control_r0,complex_000191,complex_000149,16,-7.49354
control_r0,complex_000191,complex_000149,17,-6.93276
control_r0,complex_000191,complex_000149,18,-5.18906
control_r0,complex_000191,complex_000149,19,-5.17768
control_r0,complex_000193,complex_000059,0,-9.16409
control_r0,complex_000193,complex_000059,1,-6.29198
control_r0,complex_000193,complex_000059,2,-6.45402
control_r0,complex_000193,complex_000059,3,-7.50998
control_r0,complex_000193,complex_000059,4,-7.05598
control_r0,complex_000193,complex_000059,5,-8.2881
control_r0,complex_000193,complex_000059,6,-5.36118
control_r0,complex_000193,complex_000059,7,-7.70122
control_r0,complex_000193,complex_000059,8,-6.40125
control_r0,complex_000193,complex_000059,9,-6.09113
control_r0,complex_000193,complex_000059,10,-8.95579
control_r0,complex_000193,complex_000059,11,-6.54001
control_r0,complex_000193,complex_000059,12,-7.78893
control_r0,complex_000193,complex_000059,13,-5.38681
control_r0,complex_000193,complex_000059,14,-5.75662
control_r0,complex_000193,complex_000059,15,-6.71193
control_r0,complex_000193,complex_000059,16,-5.50649
control_r0,complex_000193,complex_000059,17,-6.89041
control_r0,complex_000193,complex_000059,18,-4.0099
control_r0,complex_000193,complex_000059,19,-7.81492
control_r0,complex_000179,complex_000266,0,-5.53697
control_r0,complex_000179,complex_000266,1,-9.21765
control_r0,complex_000179,complex_000266,2,-9.33246
control_r0,complex_000179,complex_000266,3,-8.80018
control_r0,complex_000179,complex_000266,4,-5.88374
control_r0,complex_000179,complex_000266,5,-9.67918
control_r0,complex_000179,complex_000266,6,-6.74589
control_r0,complex_000179,complex_000266,7,-8.2421
control_r0,complex_000179,complex_000266,8,-8.71259
control_r0,complex_000179,complex_000266,9,-5.85893
control_r0,complex_000179,complex_000266,10,-6.15044
control_r0,complex_000179,complex_000266,11,-6.86511
control_r0,complex_000179,complex_000266,12,-10.2302
control_r0,complex_000179,complex_000266,13,-5.9114
control_r0,complex_000179,complex_000266,14,-6.71149
control_r0,complex_000179,complex_000266,15,-9.06001
control_r0,complex_000179,complex_000266,16,-9.58376
control_r0,complex_000179,complex_000266,17,-5.9908
control_r0,complex_000179,complex_000266,18,-5.91969
control_r0,complex_000179,complex_000266,19,-8.30689
control_r0,complex_000193,complex_000051,0,-7.84
control_r0,complex_000193,complex_000051,1,-5.65476
control_r0,complex_000193,complex_000051,2,-6.17499
control_r0,complex_000193,complex_000051,3,-6.93193
control_r0,complex_000193,complex_000051,4,-6.60264
control_r0,complex_000193,complex_000051,5,-7.72165
control_r0,complex_000193,complex_000051,6,-5.27305
control_r0,complex_000193,complex_000051,7,-7.39364
control_r0,complex_000193,complex_000051,8,-6.04714
control_r0,complex_000193,complex_000051,9,-5.82745
control_r0,complex_000193,complex_000051,10,-8.27817
control_r0,complex_000193,complex_000051,11,-6.15451
control_r0,complex_000193,complex_000051,12,-6.75129
control_r0,complex_000193,complex_000051,13,-5.11669
control_r0,complex_000193,complex_000051,14,-5.0707
control_r0,complex_000193,complex_000051,15,-6.86101
control_r0,complex_000193,complex_000051,16,-5.0399
control_r0,complex_000193,complex_000051,17,-6.11428
control_r0,complex_000193,complex_000051,18,-3.56421
control_r0,complex_000193,complex_000051,19,-7.73616
control_r0,complex_000177,complex_000141,0,-7.79957
control_r0,complex_000177,complex_000141,1,-7.82339
control_r0,complex_000177,complex_000141,2,-8.2404
control_r0,complex_000177,complex_000141,3,-7.28947
control_r0,complex_000177,complex_000141,4,-8.67305
control_r0,complex_000177,complex_000141,5,-7.72112
control_r0,complex_000177,complex_000141,6,-6.92628
control_r0,complex_000177,complex_000141,7,-4.76998
control_r0,complex_000177,complex_000141,8,-6.33067
control_r0,complex_000177,complex_000141,9,-8.17984
control_r0,complex_000177,complex_000141,10,-3.74561
control_r0,complex_000177,complex_000141,11,-5.43543
control_r0,complex_000177,complex_000141,12,-7.52158
control_r0,complex_000177,complex_000141,13,-7.06554
control_r0,complex_000177,complex_000141,14,-6.36919
control_r0,complex_000177,complex_000141,15,-7.22046
control_r0,complex_000177,complex_000141,16,-6.90217
control_r0,complex_000177,complex_000141,17,-8.12056
control_r0,complex_000177,complex_000141,18,-7.22863
control_r0,complex_000177,complex_000141,19,-6.19739
control_r0,complex_000179,complex_000179,0,-6.87045
control_r0,complex_000179,complex_000179,1,-10.8973
control_r0,complex_000179,complex_000179,2,-10.06318
control_r0,complex_000179,complex_000179,3,-10.18618
control_r0,complex_000179,complex_000179,4,-5.94193
control_r0,complex_000179,complex_000179,5,-10.48668
control_r0,complex_000179,complex_000179,6,-7.59931
control_r0,complex_000179,complex_000179,7,-9.46686
control_r0,complex_000179,complex_000179,8,-9.70293
control_r0,complex_000179,complex_000179,9,-6.15507
control_r0,complex_000179,complex_000179,10,-6.32632
control_r0,complex_000179,complex_000179,11,-7.69448
control_r0,complex_000179,complex_000179,12,-9.6438
control_r0,complex_000179,complex_000179,13,-6.59985
control_r0,complex_000179,complex_000179,14,-7.24924
control_r0,complex_000179,complex_000179,15,-9.49271
control_r0,complex_000179,complex_000179,16,-10.44308
control_r0,complex_000179,complex_000179,17,-6.84042
control_r0,complex_000179,complex_000179,18,-6.30192
control_r0,complex_000179,complex_000179,19,-9.5869
control_r0,complex_000170,complex_000059,0,-8.36973
control_r0,complex_000170,complex_000059,1,-7.04978
control_r0,complex_000170,complex_000059,2,-8.97165
control_r0,complex_000170,complex_000059,3,-7.21083
control_r0,complex_000170,complex_000059,4,-8.81212
control_r0,complex_000170,complex_000059,5,-5.04064
control_r0,complex_000170,complex_000059,6,-7.6587
control_r0,complex_000170,complex_000059,7,-7.46847
control_r0,complex_000170,complex_000059,8,-8.26342
control_r0,complex_000170,complex_000059,9,-4.66933
control_r0,complex_000170,complex_000059,10,-9.41868
control_r0,complex_000170,complex_000059,11,-6.15783
control_r0,complex_000170,complex_000059,12,-8.56113
control_r0,complex_000170,complex_000059,13,-6.04632
control_r0,complex_000170,complex_000059,14,-6.37834
control_r0,complex_000170,complex_000059,15,-9.16969
control_r0,complex_000170,complex_000059,16,-8.98463
control_r0,complex_000170,complex_000059,17,-7.93657
control_r0,complex_000170,complex_000059,18,-6.20778
control_r0,complex_000170,complex_000059,19,-6.93678
control_r0,complex_000223,complex_000403,0,-9.41804
control_r0,complex_000223,complex_000403,1,-8.02341
control_r0,complex_000223,complex_000403,2,-4.0322
control_r0,complex_000223,complex_000403,3,-6.96861
control_r0,complex_000223,complex_000403,4,-3.78588
control_r0,complex_000223,complex_000403,5,-7.43596
control_r0,complex_000223,complex_000403,6,-4.99228
control_r0,complex_000223,complex_000403,7,-6.73236
control_r0,complex_000223,complex_000403,8,-8.48938
control_r0,complex_000223,complex_000403,9,-7.65102
control_r0,complex_000223,complex_000403,10,-4.65656
control_r0,complex_000223,complex_000403,11,-4.98191
control_r0,complex_000223,complex_000403,12,-5.52315
control_r0,complex_000223,complex_000403,13,-8.18096
control_r0,complex_000223,complex_000403,14,-4.18754
control_r0,complex_000223,complex_000403,15,-7.03243
control_r0,complex_000223,complex_000403,16,-7.77584
control_r0,complex_000223,complex_000403,17,-5.48759
control_r0,complex_000223,complex_000403,18,-6.57186
control_r0,complex_000223,complex_000403,19,-6.81534
control_r0,complex_000223,complex_000149,0,-10.35279
control_r0,complex_000223,complex_000149,1,-7.67505
control_r0,complex_000223,complex_000149,2,-3.72565
control_r0,complex_000223,complex_000149,3,-7.0541
control_r0,complex_000223,complex_000149,4,-3.42825
control_r0,complex_000223,complex_000149,5,-8.96582
control_r0,complex_000223,complex_000149,6,-6.24615
control_r0,complex_000223,complex_000149,7,-6.71336
control_r0,complex_000223,complex_000149,8,-7.52313
control_r0,complex_000223,complex_000149,9,-8.94375
control_r0,complex_000223,complex_000149,10,-4.61349
control_r0,complex_000223,complex_000149,11,-5.49316
control_r0,complex_000223,complex_000149,12,-5.77633
control_r0,complex_000223,complex_000149,13,-8.7935
control_r0,complex_000223,complex_000149,14,-4.01271
control_r0,complex_000223,complex_000149,15,-7.40599
control_r0,complex_000223,complex_000149,16,-7.06351
control_r0,complex_000223,complex_000149,17,-5.12148
control_r0,complex_000223,complex_000149,18,-6.07031
control_r0,complex_000223,complex_000149,19,-6.62722
control_r0,complex_000179,complex_000305,0,-6.00595
control_r0,complex_000179,complex_000305,1,-8.91184
control_r0,complex_000179,complex_000305,2,-9.53774
control_r0,complex_000179,complex_000305,3,-8.98483
control_r0,complex_000179,complex_000305,4,-6.06758
control_r0,complex_000179,complex_000305,5,-10.47637
control_r0,complex_000179,complex_000305,6,-8.00986
control_r0,complex_000179,complex_000305,7,-8.74459
control_r0,complex_000179,complex_000305,8,-9.11629
control_r0,complex_000179,complex_000305,9,-5.2928
control_r0,complex_000179,complex_000305,10,-6.40693
control_r0,complex_000179,complex_000305,11,-7.61337
control_r0,complex_000179,complex_000305,12,-11.81908
control_r0,complex_000179,complex_000305,13,-6.62775
control_r0,complex_000179,complex_000305,14,-7.2492
control_r0,complex_000179,complex_000305,15,-10.10381
control_r0,complex_000179,complex_000305,16,-7.87269
control_r0,complex_000179,complex_000305,17,-6.47429
control_r0,complex_000179,complex_000305,18,-6.14712
control_r0,complex_000179,complex_000305,19,-9.14507
control_r0,complex_000223,complex_000223,0,-7.77165
control_r0,complex_000223,complex_000223,1,-5.99947
control_r0,complex_000223,complex_000223,2,-2.93356
control_r0,complex_000223,complex_000223,3,-5.18161
control_r0,complex_000223,complex_000223,4,-2.86414
control_r0,complex_000223,complex_000223,5,-5.33229
control_r0,complex_000223,complex_000223,6,-4.07896
control_r0,complex_000223,complex_000223,7,-5.03538
control_r0,complex_000223,complex_000223,8,-5.37613
control_r0,complex_000223,complex_000223,9,-5.17628
control_r0,complex_000223,complex_000223,10,-3.69516
control_r0,complex_000223,complex_000223,11,-3.81257
control_r0,complex_000223,complex_000223,12,-3.80207
control_r0,complex_000223,complex_000223,13,-5.92855
control_r0,complex_000223,complex_000223,14,-3.15159
control_r0,complex_000223,complex_000223,15,-5.26771
control_r0,complex_000223,complex_000223,16,-4.86142
control_r0,complex_000223,complex_000223,17,-4.41039
control_r0,complex_000223,complex_000223,18,-4.6446
control_r0,complex_000223,complex_000223,19,-4.91464
control_r0,complex_000177,complex_000177,0,-8.84319
control_r0,complex_000177,complex_000177,1,-8.71851
control_r0,complex_000177,complex_000177,2,-8.67675
control_r0,complex_000177,complex_000177,3,-7.52399
control_r0,complex_000177,complex_000177,4,-6.73362
control_r0,complex_000177,complex_000177,5,-8.40643
control_r0,complex_000177,complex_000177,6,-7.97977
control_r0,complex_000177,complex_000177,7,-5.12881
control_r0,complex_000177,complex_000177,8,-6.47885
control_r0,complex_000177,complex_000177,9,-8.60936
control_r0,complex_000177,complex_000177,10,-4.41033
control_r0,complex_000177,complex_000177,11,-5.96649
control_r0,complex_000177,complex_000177,12,-8.91278
control_r0,complex_000177,complex_000177,13,-7.87716
control_r0,complex_000177,complex_000177,14,-8.24203
control_r0,complex_000177,complex_000177,15,-6.57722
control_r0,complex_000177,complex_000177,16,-7.15133
control_r0,complex_000177,complex_000177,17,-7.7315
control_r0,complex_000177,complex_000177,18,-8.78901
control_r0,complex_000177,complex_000177,19,-6.35112
control_r0,complex_000223,complex_000177,0,-9.58231
control_r0,complex_000223,complex_000177,1,-7.44801
control_r0,complex_000223,complex_000177,2,-3.71809
control_r0,complex_000223,complex_000177,3,-7.10911
control_r0,complex_000223,complex_000177,4,-4.08855
control_r0,complex_000223,complex_000177,5,-8.1567
control_r0,complex_000223,complex_000177,6,-5.40625
control_r0,complex_000223,complex_000177,7,-6.37395
control_r0,complex_000223,complex_000177,8,-8.04646
control_r0,complex_000223,complex_000177,9,-7.84291
control_r0,complex_000223,complex_000177,10,-4.84918
control_r0,complex_000223,complex_000177,11,-5.23722
control_r0,complex_000223,complex_000177,12,-5.39974
control_r0,complex_000223,complex_000177,13,-7.10961
control_r0,complex_000223,complex_000177,14,-4.69266
control_r0,complex_000223,complex_000177,15,-7.01606
control_r0,complex_000223,complex_000177,16,-7.00935
control_r0,complex_000223,complex_000177,17,-5.41467
control_r0,complex_000223,complex_000177,18,-6.72353
control_r0,complex_000223,complex_000177,19,-6.74032
control_r0,complex_000177,complex_000374,0,-8.32977
control_r0,complex_000177,complex_000374,1,-8.59988
control_r0,complex_000177,complex_000374,2,-9.87783
control_r0,complex_000177,complex_000374,3,-7.71514
control_r0,complex_000177,complex_000374,4,-6.34336
control_r0,complex_000177,complex_000374,5,-8.52849
control_r0,complex_000177,complex_000374,6,-9.03061
control_r0,complex_000177,complex_000374,7,-4.56176
control_r0,complex_000177,complex_000374,8,-6.77033
control_r0,complex_000177,complex_000374,9,-8.84969
control_r0,complex_000177,complex_000374,10,-4.60786
control_r0,complex_000177,complex_000374,11,-6.43757
control_r0,complex_000177,complex_000374,12,-8.4232
control_r0,complex_000177,complex_000374,13,-9.11981
control_r0,complex_000177,complex_000374,14,-8.17388
control_r0,complex_000177,complex_000374,15,-7.73797
control_r0,complex_000177,complex_000374,16,-6.92048
control_r0,complex_000177,complex_000374,17,-7.36796
control_r0,complex_000177,complex_000374,18,-7.53547
control_r0,complex_000177,complex_000374,19,-6.72624
control_r0,complex_000179,complex_000165,0,-6.16223
control_r0,complex_000179,complex_000165,1,-4.05053
control_r0,complex_000179,complex_000165,2,-6.1383
control_r0,complex_000179,complex_000165,3,4.75984
control_r0,complex_000179,complex_000165,4,-6.43513
control_r0,complex_000179,complex_000165,5,-4.49573
control_r0,complex_000179,complex_000165,6,-6.57777
control_r0,complex_000179,complex_000165,7,-4.86714
control_r0,complex_000179,complex_000165,8,-3.48714
control_r0,complex_000179,complex_000165,9,-7.85709
control_r0,complex_000179,complex_000165,10,-7.08287
control_r0,complex_000179,complex_000165,11,-6.29054
control_r0,complex_000179,complex_000165,12,-4.49407
control_r0,complex_000179,complex_000165,13,-7.11849
control_r0,complex_000179,complex_000165,14,-7.57577
control_r0,complex_000179,complex_000165,15,-5.15676
control_r0,complex_000179,complex_000165,16,-0.07111
control_r0,complex_000179,complex_000165,17,-5.81211
control_r0,complex_000179,complex_000165,18,-7.3862
control_r0,complex_000179,complex_000165,19,-4.60982
control_r0,complex_000177,complex_000305,0,-10.74904
control_r0,complex_000177,complex_000305,1,-8.52162
control_r0,complex_000177,complex_000305,2,-10.46658
control_r0,complex_000177,complex_000305,3,-7.97942
control_r0,complex_000177,complex_000305,4,-6.66756
control_r0,complex_000177,complex_000305,5,-9.40354
control_r0,complex_000177,complex_000305,6,-8.76588
control_r0,complex_000177,complex_000305,7,-4.88112
control_r0,complex_000177,complex_000305,8,-7.4695
control_r0,complex_000177,complex_000305,9,-9.47512
control_r0,complex_000177,complex_000305,10,-4.94384
control_r0,complex_000177,complex_000305,11,-6.89262
control_r0,complex_000177,complex_000305,12,-9.11386
control_r0,complex_000177,complex_000305,13,-11.14812
control_r0,complex_000177,complex_000305,14,-8.22867
control_r0,complex_000177,complex_000305,15,-8.91782
control_r0,complex_000177,complex_000305,16,-7.4458
control_r0,complex_000177,complex_000305,17,-7.99663
control_r0,complex_000177,complex_000305,18,-7.12262
control_r0,complex_000177,complex_000305,19,-7.06739
control_r0,complex_000266,complex_000266,0,-6.5825
control_r0,complex_000266,complex_000266,1,-11.15021
control_r0,complex_000266,complex_000266,2,-7.35772
control_r0,complex_000266,complex_000266,3,-8.13165
control_r0,complex_000266,complex_000266,4,-9.8952
control_r0,complex_000266,complex_000266,5,-6.8656
control_r0,complex_000266,complex_000266,6,-5.88753
control_r0,complex_000266,complex_000266,7,-6.74176
control_r0,complex_000266,complex_000266,8,-8.70627
control_r0,complex_000266,complex_000266,9,-6.00127
control_r0,complex_000266,complex_000266,10,-6.40052
control_r0,complex_000266,complex_000266,11,-5.61881
control_r0,complex_000266,complex_000266,12,-8.01428
control_r0,complex_000266,complex_000266,13,-7.83809
control_r0,complex_000266,complex_000266,14,-7.03766
control_r0,complex_000266,complex_000266,15,-7.49224
control_r0,complex_000266,complex_000266,16,-8.1591
control_r0,complex_000266,complex_000266,17,-8.20769
control_r0,complex_000266,complex_000266,18,-8.14342
control_r0,complex_000266,complex_000266,19,-7.1414
control_r0,complex_000292,complex_000540,0,-4.80827
control_r0,complex_000292,complex_000540,1,-5.99952
control_r0,complex_000292,complex_000540,2,-5.97113
control_r0,complex_000292,complex_000540,3,-9.01008
control_r0,complex_000292,complex_000540,4,-8.59095
control_r0,complex_000292,complex_000540,5,-7.78036
control_r0,complex_000292,complex_000540,6,-6.51753
control_r0,complex_000292,complex_000540,7,-5.10407
control_r0,complex_000292,complex_000540,8,-7.18141
control_r0,complex_000292,complex_000540,9,-8.46393
control_r0,complex_000292,complex_000540,10,-5.66279
control_r0,complex_000292,complex_000540,11,-6.09783
control_r0,complex_000292,complex_000540,12,-5.85984
control_r0,complex_000292,complex_000540,13,-5.2149
control_r0,complex_000292,complex_000540,14,-9.14765
control_r0,complex_000292,complex_000540,15,-7.61211
control_r0,complex_000292,complex_000540,16,-5.45781
control_r0,complex_000292,complex_000540,17,-8.12839
control_r0,complex_000292,complex_000540,18,-7.18538
control_r0,complex_000292,complex_000540,19,-4.43362
control_r0,complex_000292,complex_000292,0,-4.71893
control_r0,complex_000292,complex_000292,1,-5.02324
control_r0,complex_000292,complex_000292,2,-5.69954
control_r0,complex_000292,complex_000292,3,-7.81526
control_r0,complex_000292,complex_000292,4,-7.48861
control_r0,complex_000292,complex_000292,5,-7.74286
control_r0,complex_000292,complex_000292,6,-6.01188
control_r0,complex_000292,complex_000292,7,-4.9222
control_r0,complex_000292,complex_000292,8,-6.18984
control_r0,complex_000292,complex_000292,9,-7.49779
control_r0,complex_000292,complex_000292,10,-5.14926
control_r0,complex_000292,complex_000292,11,-5.10924
control_r0,complex_000292,complex_000292,12,-5.64741
control_r0,complex_000292,complex_000292,13,-4.40973
control_r0,complex_000292,complex_000292,14,-7.7908
control_r0,complex_000292,complex_000292,15,-6.52587
control_r0,complex_000292,complex_000292,16,-4.81053
control_r0,complex_000292,complex_000292,17,-7.06986
control_r0,complex_000292,complex_000292,18,-6.54228
control_r0,complex_000292,complex_000292,19,-4.68098
control_r0,complex_000266,complex_000085,0,-6.39792
control_r0,complex_000266,complex_000085,1,-10.71776
control_r0,complex_000266,complex_000085,2,-8.46831
control_r0,complex_000266,complex_000085,3,-9.34469
control_r0,complex_000266,complex_000085,4,-10.58324
control_r0,complex_000266,complex_000085,5,-6.90647
control_r0,complex_000266,complex_000085,6,-5.29192
control_r0,complex_000266,complex_000085,7,-5.47254
control_r0,complex_000266,complex_000085,8,-9.76207
control_r0,complex_000266,complex_000085,9,-5.69099
control_r0,complex_000266,complex_000085,10,-6.80539
control_r0,complex_000266,complex_000085,11,-5.18863
control_r0,complex_000266,complex_000085,12,-7.55643
control_r0,complex_000266,complex_000085,13,-7.59631
control_r0,complex_000266,complex_000085,14,-7.33788
control_r0,complex_000266,complex_000085,15,-7.83769
control_r0,complex_000266,complex_000085,16,-7.81152
control_r0,complex_000266,complex_000085,17,-8.36167
control_r0,complex_000266,complex_000085,18,-9.00358
control_r0,complex_000266,complex_000085,19,-7.59149
control_r0,complex_000266,complex_000456,0,-5.96309
control_r0,complex_000266,complex_000456,1,-9.82888
control_r0,complex_000266,complex_000456,2,-7.85326
control_r0,complex_000266,complex_000456,3,-8.14219
control_r0,complex_000266,complex_000456,4,-9.02119
control_r0,complex_000266,complex_000456,5,-6.28431
control_r0,complex_000266,complex_000456,6,-5.76413
control_r0,complex_000266,complex_000456,7,-5.8791
control_r0,complex_000266,complex_000456,8,-8.01812
control_r0,complex_000266,complex_000456,9,-5.62859
control_r0,complex_000266,complex_000456,10,-6.13468
control_r0,complex_000266,complex_000456,11,-4.67932
control_r0,complex_000266,complex_000456,12,-7.60141
control_r0,complex_000266,complex_000456,13,-6.81345
control_r0,complex_000266,complex_000456,14,-6.5453
control_r0,complex_000266,complex_000456,15,-7.29164
control_r0,complex_000266,complex_000456,16,-7.52406
control_r0,complex_000266,complex_000456,17,-7.49285
control_r0,complex_000266,complex_000456,18,-7.93307
control_r0,complex_000266,complex_000456,19,-7.01649
control_r0,complex_000292,complex_000177,0,-6.01648
control_r0,complex_000292,complex_000177,1,-6.83539
control_r0,complex_000292,complex_000177,2,-6.44473
control_r0,complex_000292,complex_000177,3,-9.03498
control_r0,complex_000292,complex_000177,4,-9.21497
control_r0,complex_000292,complex_000177,5,-8.79339
control_r0,complex_000292,complex_000177,6,-6.68563
control_r0,complex_000292,complex_000177,7,-5.43459
control_r0,complex_000292,complex_000177,8,-7.40294
control_r0,complex_000292,complex_000177,9,-9.17262
control_r0,complex_000292,complex_000177,10,-5.37825
control_r0,complex_000292,complex_000177,11,-6.69171
control_r0,complex_000292,complex_000177,12,-6.19128
control_r0,complex_000292,complex_000177,13,-5.47183
control_r0,complex_000292,complex_000177,14,-9.73332
control_r0,complex_000292,complex_000177,15,-7.5598
control_r0,complex_000292,complex_000177,16,-5.61495
control_r0,complex_000292,complex_000177,17,-7.93412
control_r0,complex_000292,complex_000177,18,-6.76955
control_r0,complex_000292,complex_000177,19,-4.3536
control_r0,complex_000305,complex_000059,0,-5.77478
control_r0,complex_000305,complex_000059,1,-9.56246
control_r0,complex_000305,complex_000059,2,-10.14715
control_r0,complex_000305,complex_000059,3,-6.17574
control_r0,complex_000305,complex_000059,4,-5.75745
control_r0,complex_000305,complex_000059,5,-6.57982
control_r0,complex_000305,complex_000059,6,-8.34248
control_r0,complex_000305,complex_000059,7,-8.77513
control_r0,complex_000305,complex_000059,8,-6.36702
control_r0,complex_000305,complex_000059,9,-10.5635
control_r0,complex_000305,complex_000059,10,-7.27253
control_r0,complex_000305,complex_000059,11,-8.59991
control_r0,complex_000305,complex_000059,12,-9.22058
control_r0,complex_000305,complex_000059,13,-7.26134
control_r0,complex_000305,complex_000059,14,-10.0675
control_r0,complex_000305,complex_000059,15,-9.21028
control_r0,complex_000305,complex_000059,16,-5.43439
control_r0,complex_000305,complex_000059,17,-10.91417
control_r0,complex_000305,complex_000059,18,-7.73321
control_r0,complex_000305,complex_000059,19,-8.69456
control_r0,complex_000266,complex_000292,0,-5.27947
control_r0,complex_000266,complex_000292,1,-8.45911
control_r0,complex_000266,complex_000292,2,-6.24312
control_r0,complex_000266,complex_000292,3,-7.1355
control_r0,complex_000266,complex_000292,4,-7.46549
control_r0,complex_000266,complex_000292,5,-6.13255
control_r0,complex_000266,complex_000292,6,-5.33047
control_r0,complex_000266,complex_000292,7,-5.23084
control_r0,complex_000266,complex_000292,8,-7.18451
control_r0,complex_000266,complex_000292,9,-4.97789
control_r0,complex_000266,complex_000292,10,-5.32797
control_r0,complex_000266,complex_000292,11,-4.50121
control_r0,complex_000266,complex_000292,12,-6.49712
control_r0,complex_000266,complex_000292,13,-6.00592
control_r0,complex_000266,complex_000292,14,-5.54692
control_r0,complex_000266,complex_000292,15,-6.12497
control_r0,complex_000266,complex_000292,16,-6.82445
control_r0,complex_000266,complex_000292,17,-6.6302
control_r0,complex_000266,complex_000292,18,-7.31872
control_r0,complex_000266,complex_000292,19,-6.6254
control_r0,complex_000305,complex_000305,0,-6.26686
control_r0,complex_000305,complex_000305,1,-10.71542
control_r0,complex_000305,complex_000305,2,-8.535
control_r0,complex_000305,complex_000305,3,-6.44154
control_r0,complex_000305,complex_000305,4,-5.99269
control_r0,complex_000305,complex_000305,5,-6.72708
control_r0,complex_000305,complex_000305,6,-8.46437
control_r0,complex_000305,complex_000305,7,-9.403
control_r0,complex_000305,complex_000305,8,-7.29741
control_r0,complex_000305,complex_000305,9,-12.07036
control_r0,complex_000305,complex_000305,10,-7.91308
control_r0,complex_000305,complex_000305,11,-10.37201
control_r0,complex_000305,complex_000305,12,-9.24194
control_r0,complex_000305,complex_000305,13,-7.63805
control_r0,complex_000305,complex_000305,14,-8.81125
control_r0,complex_000305,complex_000305,15,-8.56488
control_r0,complex_000305,complex_000305,16,-6.0237
control_r0,complex_000305,complex_000305,17,-10.76878
control_r0,complex_000305,complex_000305,18,-7.50975
control_r0,complex_000305,complex_000305,19,-9.74305
control_r0,complex_000305,complex_000363,0,-6.2077
control_r0,complex_000305,complex_000363,1,-10.17898
control_r0,complex_000305,complex_000363,2,-9.47414
control_r0,complex_000305,complex_000363,3,-6.58055
control_r0,complex_000305,complex_000363,4,-6.12671
control_r0,complex_000305,complex_000363,5,-7.46784
control_r0,complex_000305,complex_000363,6,-8.18335
control_r0,complex_000305,complex_000363,7,-9.6777
control_r0,complex_000305,complex_000363,8,-7.31373
control_r0,complex_000305,complex_000363,9,-11.00282
control_r0,complex_000305,complex_000363,10,-7.92317
control_r0,complex_000305,complex_000363,11,-9.44128
control_r0,complex_000305,complex_000363,12,-9.51402
control_r0,complex_000305,complex_000363,13,-8.18085
control_r0,complex_000305,complex_000363,14,-10.71013
control_r0,complex_000305,complex_000363,15,-9.80066
control_r0,complex_000305,complex_000363,16,-5.5677
control_r0,complex_000305,complex_000363,17,-6.92863
control_r0,complex_000305,complex_000363,18,-8.27618
control_r0,complex_000305,complex_000363,19,-9.53511
control_r0,complex_000305,complex_000292,0,-5.22285
control_r0,complex_000305,complex_000292,1,-6.95471
control_r0,complex_000305,complex_000292,2,-7.11713
control_r0,complex_000305,complex_000292,3,-5.14455
control_r0,complex_000305,complex_000292,4,-5.224
control_r0,complex_000305,complex_000292,5,-5.44757
control_r0,complex_000305,complex_000292,6,-6.23342
control_r0,complex_000305,complex_000292,7,-7.30425
control_r0,complex_000305,complex_000292,8,-5.40276
control_r0,complex_000305,complex_000292,9,-8.16674
control_r0,complex_000305,complex_000292,10,-6.20154
control_r0,complex_000305,complex_000292,11,-7.14874
control_r0,complex_000305,complex_000292,12,-7.01719
control_r0,complex_000305,complex_000292,13,-6.68283
control_r0,complex_000305,complex_000292,14,-7.94292
control_r0,complex_000305,complex_000292,15,-6.72998
control_r0,complex_000305,complex_000292,16,-4.76622
control_r0,complex_000305,complex_000292,17,-8.74764
control_r0,complex_000305,complex_000292,18,-6.22823
control_r0,complex_000305,complex_000292,19,-7.24077
control_r0,complex_000269,complex_000140,0,-4.45312
control_r0,complex_000269,complex_000140,1,-8.44108
control_r0,complex_000269,complex_000140,2,-5.66576
control_r0,complex_000269,complex_000140,3,-9.05052
control_r0,complex_000269,complex_000140,4,-9.57025
control_r0,complex_000269,complex_000140,5,-8.36601
control_r0,complex_000269,complex_000140,6,-7.90358
control_r0,complex_000269,complex_000140,7,-4.99776
control_r0,complex_000269,complex_000140,8,-7.2736
control_r0,complex_000269,complex_000140,9,-9.77789
control_r0,complex_000269,complex_000140,10,-7.00991
control_r0,complex_000269,complex_000140,11,-5.9283
control_r0,complex_000269,complex_000140,12,-6.56373
control_r0,complex_000269,complex_000140,13,-5.39021
control_r0,complex_000269,complex_000140,14,-8.75325
control_r0,complex_000269,complex_000140,15,-6.86
control_r0,complex_000269,complex_000140,16,-7.30492
control_r0,complex_000269,complex_000140,17,-7.84989
control_r0,complex_000269,complex_000140,18,-7.65263
control_r0,complex_000269,complex_000140,19,-10.67741
control_r0,complex_000292,complex_000269,0,-5.23892
control_r0,complex_000292,complex_000269,1,-5.39158
control_r0,complex_000292,complex_000269,2,-5.81699
control_r0,complex_000292,complex_000269,3,-8.07125
control_r0,complex_000292,complex_000269,4,-7.15126
control_r0,complex_000292,complex_000269,5,-7.26513
control_r0,complex_000292,complex_000269,6,-6.25947
control_r0,complex_000292,complex_000269,7,-4.9624
control_r0,complex_000292,complex_000269,8,-6.56993
control_r0,complex_000292,complex_000269,9,-7.25851
control_r0,complex_000292,complex_000269,10,-5.28341
control_r0,complex_000292,complex_000269,11,-5.37772
control_r0,complex_000292,complex_000269,12,-5.37289
control_r0,complex_000292,complex_000269,13,-5.53611
control_r0,complex_000292,complex_000269,14,-7.95427
control_r0,complex_000292,complex_000269,15,-7.11304
control_r0,complex_000292,complex_000269,16,-5.83346
control_r0,complex_000292,complex_000269,17,-6.3184
control_r0,complex_000292,complex_000269,18,-6.48123
control_r0,complex_000292,complex_000269,19,-4.63574
control_r0,complex_000269,complex_000400,0,-4.97592
control_r0,complex_000269,complex_000400,1,-8.22736
control_r0,complex_000269,complex_000400,2,-5.79032
control_r0,complex_000269,complex_000400,3,-10.55535
control_r0,complex_000269,complex_000400,4,-11.54859
control_r0,complex_000269,complex_000400,5,-8.53256
control_r0,complex_000269,complex_000400,6,-8.22173
control_r0,complex_000269,complex_000400,7,-5.41306
control_r0,complex_000269,complex_000400,8,-8.28484
control_r0,complex_000269,complex_000400,9,-11.26874
control_r0,complex_000269,complex_000400,10,-7.42102
control_r0,complex_000269,complex_000400,11,-6.26324
control_r0,complex_000269,complex_000400,12,-6.23452
control_r0,complex_000269,complex_000400,13,-5.60034
control_r0,complex_000269,complex_000400,14,-10.49009
control_r0,complex_000269,complex_000400,15,-6.80931
control_r0,complex_000269,complex_000400,16,-6.53614
control_r0,complex_000269,complex_000400,17,-8.41045
control_r0,complex_000269,complex_000400,18,-8.49038
control_r0,complex_000269,complex_000400,19,-10.79391
control_r0,complex_000269,complex_000382,0,-5.11569
control_r0,complex_000269,complex_000382,1,-8.31229
control_r0,complex_000269,complex_000382,2,-5.38284
control_r0,complex_000269,complex_000382,3,-9.63721
control_r0,complex_000269,complex_000382,4,-10.19226
control_r0,complex_000269,complex_000382,5,-7.90481
control_r0,complex_000269,complex_000382,6,-7.58709
control_r0,complex_000269,complex_000382,7,-5.60331
control_r0,complex_000269,complex_000382,8,-7.95223
control_r0,complex_000269,complex_000382,9,-9.99405
control_r0,complex_000269,complex_000382,10,-6.79093
control_r0,complex_000269,complex_000382,11,-5.73028
control_r0,complex_000269,complex_000382,12,-6.87028
control_r0,complex_000269,complex_000382,13,-5.17125
control_r0,complex_000269,complex_000382,14,-8.14271
control_r0,complex_000269,complex_000382,15,-6.79849
control_r0,complex_000269,complex_000382,16,-7.1997
control_r0,complex_000269,complex_000382,17,-8.70121
control_r0,complex_000269,complex_000382,18,-6.6557
control_r0,complex_000269,complex_000382,19,-10.56907
control_r0,complex_000236,complex_000236,0,
control_r0,complex_000236,complex_000236,1,
control_r0,complex_000236,complex_000236,2,
control_r0,complex_000236,complex_000236,3,
control_r0,complex_000236,complex_000236,4,
control_r0,complex_000236,complex_000236,5,
control_r0,complex_000236,complex_000236,6,
control_r0,complex_000236,complex_000236,7,
control_r0,complex_000236,complex_000236,8,
control_r0,complex_000236,complex_000236,9,
control_r0,complex_000236,complex_000236,10,
control_r0,complex_000236,complex_000236,11,
control_r0,complex_000236,complex_000236,12,
control_r0,complex_000236,complex_000236,13,
control_r0,complex_000236,complex_000236,14,
control_r0,complex_000236,complex_000236,15,
control_r0,complex_000236,complex_000236,16,
control_r0,complex_000236,complex_000236,17,
control_r0,complex_000236,complex_000236,18,
control_r0,complex_000236,complex_000236,19,
control_r0,complex_000236,complex_000059,0,
control_r0,complex_000236,complex_000059,1,
control_r0,complex_000236,complex_000059,2,
control_r0,complex_000236,complex_000059,3,
control_r0,complex_000236,complex_000059,4,
control_r0,complex_000236,complex_000059,5,
control_r0,complex_000236,complex_000059,6,
control_r0,complex_000236,complex_000059,7,
control_r0,complex_000236,complex_000059,8,
control_r0,complex_000236,complex_000059,9,
control_r0,complex_000236,complex_000059,10,
control_r0,complex_000236,complex_000059,11,
control_r0,complex_000236,complex_000059,12,
control_r0,complex_000236,complex_000059,13,
control_r0,complex_000236,complex_000059,14,
control_r0,complex_000236,complex_000059,15,
control_r0,complex_000236,complex_000059,16,
control_r0,complex_000236,complex_000059,17,
control_r0,complex_000236,complex_000059,18,
control_r0,complex_000236,complex_000059,19,
control_r0,complex_000236,complex_000051,0,
control_r0,complex_000236,complex_000051,1,
control_r0,complex_000236,complex_000051,2,
control_r0,complex_000236,complex_000051,3,
control_r0,complex_000236,complex_000051,4,
control_r0,complex_000236,complex_000051,5,
control_r0,complex_000236,complex_000051,6,
control_r0,complex_000236,complex_000051,7,
control_r0,complex_000236,complex_000051,8,
control_r0,complex_000236,complex_000051,9,
control_r0,complex_000236,complex_000051,10,
control_r0,complex_000236,complex_000051,11,
control_r0,complex_000236,complex_000051,12,
control_r0,complex_000236,complex_000051,13,
control_r0,complex_000236,complex_000051,14,
control_r0,complex_000236,complex_000051,15,
control_r0,complex_000236,complex_000051,16,
control_r0,complex_000236,complex_000051,17,
control_r0,complex_000236,complex_000051,18,
control_r0,complex_000236,complex_000051,19,
control_r0,complex_000236,complex_000426,0,
control_r0,complex_000236,complex_000426,1,
control_r0,complex_000236,complex_000426,2,
control_r0,complex_000236,complex_000426,3,
control_r0,complex_000236,complex_000426,4,
control_r0,complex_000236,complex_000426,5,
control_r0,complex_000236,complex_000426,6,
control_r0,complex_000236,complex_000426,7,
control_r0,complex_000236,complex_000426,8,
control_r0,complex_000236,complex_000426,9,
control_r0,complex_000236,complex_000426,10,
control_r0,complex_000236,complex_000426,11,
control_r0,complex_000236,complex_000426,12,
control_r0,complex_000236,complex_000426,13,
control_r0,complex_000236,complex_000426,14,
control_r0,complex_000236,complex_000426,15,
control_r0,complex_000236,complex_000426,16,
control_r0,complex_000236,complex_000426,17,
control_r0,complex_000236,complex_000426,18,
control_r0,complex_000236,complex_000426,19,
control_r0,complex_000363,complex_000473,0,-7.17646
control_r0,complex_000363,complex_000473,1,-7.44944
control_r0,complex_000363,complex_000473,2,-5.77015
control_r0,complex_000363,complex_000473,3,-6.66648
control_r0,complex_000363,complex_000473,4,-5.92152
control_r0,complex_000363,complex_000473,5,-7.84287
control_r0,complex_000363,complex_000473,6,-7.43887
control_r0,complex_000363,complex_000473,7,-7.94857
control_r0,complex_000363,complex_000473,8,-8.34549
control_r0,complex_000363,complex_000473,9,-7.69947
control_r0,complex_000363,complex_000473,10,-6.05836
control_r0,complex_000363,complex_000473,11,-6.21459
control_r0,complex_000363,complex_000473,12,-7.40223
control_r0,complex_000363,complex_000473,13,-6.78861
control_r0,complex_000363,complex_000473,14,-7.0504
control_r0,complex_000363,complex_000473,15,-4.80687
control_r0,complex_000363,complex_000473,16,-6.51595
control_r0,complex_000363,complex_000473,17,-5.25646
control_r0,complex_000363,complex_000473,18,-7.60087
control_r0,complex_000363,complex_000473,19,-6.87957
control_r0,complex_000363,complex_000363,0,-10.72417
control_r0,complex_000363,complex_000363,1,-10.15751
control_r0,complex_000363,complex_000363,2,-6.99177
control_r0,complex_000363,complex_000363,3,-8.02836
control_r0,complex_000363,complex_000363,4,-8.08863
control_r0,complex_000363,complex_000363,5,-9.78782
control_r0,complex_000363,complex_000363,6,-10.03395
control_r0,complex_000363,complex_000363,7,-10.15941
control_r0,complex_000363,complex_000363,8,-10.39709
control_r0,complex_000363,complex_000363,9,-9.69868
control_r0,complex_000363,complex_000363,10,-7.37169
control_r0,complex_000363,complex_000363,11,-7.66103
control_r0,complex_000363,complex_000363,12,-10.20005
control_r0,complex_000363,complex_000363,13,-8.85012
control_r0,complex_000363,complex_000363,14,-9.71524
control_r0,complex_000363,complex_000363,15,-5.41025
control_r0,complex_000363,complex_000363,16,-9.44956
control_r0,complex_000363,complex_000363,17,-7.10691
control_r0,complex_000363,complex_000363,18,-10.46983
control_r0,complex_000363,complex_000363,19,-8.45124
control_r0,complex_000269,complex_000269,0,-4.8258
control_r0,complex_000269,complex_000269,1,-7.08841
control_r0,complex_000269,complex_000269,2,-5.23413
control_r0,complex_000269,complex_000269,3,-7.62643
control_r0,complex_000269,complex_000269,4,-7.49651
control_r0,complex_000269,complex_000269,5,-6.3912
control_r0,complex_000269,complex_000269,6,-6.79892
control_r0,complex_000269,complex_000269,7,-5.59835
control_r0,complex_000269,complex_000269,8,-6.55591
control_r0,complex_000269,complex_000269,9,-7.75009
control_r0,complex_000269,complex_000269,10,-5.59967
control_r0,complex_000269,complex_000269,11,-5.16072
control_r0,complex_000269,complex_000269,12,-5.13323
control_r0,complex_000269,complex_000269,13,-4.94978
control_r0,complex_000269,complex_000269,14,-7.78389
control_r0,complex_000269,complex_000269,15,-5.79591
control_r0,complex_000269,complex_000269,16,-4.9896
control_r0,complex_000269,complex_000269,17,-6.21012
control_r0,complex_000269,complex_000269,18,-6.10184
control_r0,complex_000269,complex_000269,19,-7.43602
control_r0,complex_000363,complex_000170,0,-7.29229
control_r0,complex_000363,complex_000170,1,-11.33882
control_r0,complex_000363,complex_000170,2,-7.91285
control_r0,complex_000363,complex_000170,3,-9.01285
control_r0,complex_000363,complex_000170,4,-8.41428
control_r0,complex_000363,complex_000170,5,-7.95206
control_r0,complex_000363,complex_000170,6,-5.41915
control_r0,complex_000363,complex_000170,7,-9.26478
control_r0,complex_000363,complex_000170,8,0.13739
control_r0,complex_000363,complex_000170,9,-11.24768
control_r0,complex_000363,complex_000170,10,-7.85479
control_r0,complex_000363,complex_000170,11,-8.01736
control_r0,complex_000363,complex_000170,12,-3.98012
control_r0,complex_000363,complex_000170,13,-9.41831
control_r0,complex_000363,complex_000170,14,-8.40897
control_r0,complex_000363,complex_000170,15,-5.21085
control_r0,complex_000363,complex_000170,16,-9.36674
control_r0,complex_000363,complex_000170,17,-6.95443
control_r0,complex_000363,complex_000170,18,-5.73112
control_r0,complex_000363,complex_000170,19,-8.95768
control_r0,complex_000335,complex_000335,0,-6.7714
control_r0,complex_000335,complex_000335,1,-5.07931
control_r0,complex_000335,complex_000335,2,-5.56609
control_r0,complex_000335,complex_000335,3,-7.04659
control_r0,complex_000335,complex_000335,4,-6.47606
control_r0,complex_000335,complex_000335,5,-6.645
control_r0,complex_000335,complex_000335,6,-5.71917
control_r0,complex_000335,complex_000335,7,-7.16306
control_r0,complex_000335,complex_000335,8,-5.58327
control_r0,complex_000335,complex_000335,9,-6.1015
control_r0,complex_000335,complex_000335,10,-5.60315
control_r0,complex_000335,complex_000335,11,-4.90045
control_r0,complex_000335,complex_000335,12,-6.55321
control_r0,complex_000335,complex_000335,13,-4.94736
control_r0,complex_000335,complex_000335,14,-5.24714
control_r0,complex_000335,complex_000335,15,-6.17161
control_r0,complex_000335,complex_000335,16,-5.54423
control_r0,complex_000335,complex_000335,17,-6.21667
control_r0,complex_000335,complex_000335,18,-4.96662
control_r0,complex_000335,complex_000335,19,-5.62992
control_r0,complex_000374,complex_000335,0,-6.29765
control_r0,complex_000374,complex_000335,1,-6.12799
control_r0,complex_000374,complex_000335,2,-5.5363
control_r0,complex_000374,complex_000335,3,-6.1715
control_r0,complex_000374,complex_000335,4,-6.91974
control_r0,complex_000374,complex_000335,5,-5.4943
control_r0,complex_000374,complex_000335,6,-6.58286
control_r0,complex_000374,complex_000335,7,-5.36313
control_r0,complex_000374,complex_000335,8,-7.65831
control_r0,complex_000374,complex_000335,9,-5.16979
control_r0,complex_000374,complex_000335,10,-5.56133
control_r0,complex_000374,complex_000335,11,-6.36163
control_r0,complex_000374,complex_000335,12,-6.82599
control_r0,complex_000374,complex_000335,13,-6.2955
control_r0,complex_000374,complex_000335,14,-4.90017
control_r0,complex_000374,complex_000335,15,-8.59569
control_r0,complex_000374,complex_000335,16,-7.50335
control_r0,complex_000374,complex_000335,17,-4.95311
control_r0,complex_000374,complex_000335,18,-7.23503
control_r0,complex_000374,complex_000335,19,-6.71306
control_r0,complex_000374,complex_000374,0,-8.44597
control_r0,complex_000374,complex_000374,1,-7.19841
control_r0,complex_000374,complex_000374,2,-6.3683
control_r0,complex_000374,complex_000374,3,-8.14687
control_r0,complex_000374,complex_000374,4,-9.29798
control_r0,complex_000374,complex_000374,5,-6.85443
control_r0,complex_000374,complex_000374,6,-8.4731
control_r0,complex_000374,complex_000374,7,-6.0866
control_r0,complex_000374,complex_000374,8,-12.15024
control_r0,complex_000374,complex_000374,9,-5.88373
control_r0,complex_000374,complex_000374,10,-6.46211
control_r0,complex_000374,complex_000374,11,-8.74875
control_r0,complex_000374,complex_000374,12,-9.95204
control_r0,complex_000374,complex_000374,13,-7.0084
control_r0,complex_000374,complex_000374,14,-6.07309
control_r0,complex_000374,complex_000374,15,-14.05741
control_r0,complex_000374,complex_000374,16,-10.37193
control_r0,complex_000374,complex_000374,17,-5.75984
control_r0,complex_000374,complex_000374,18,-8.51782
control_r0,complex_000374,complex_000374,19,-8.95994
control_r0,complex_000374,complex_000223,0,-5.91685
control_r0,complex_000374,complex_000223,1,-5.22554
control_r0,complex_000374,complex_000223,2,-4.8691
control_r0,complex_000374,complex_000223,3,-5.32531
control_r0,complex_000374,complex_000223,4,-6.1524
control_r0,complex_000374,complex_000223,5,-4.79153
control_r0,complex_000374,complex_000223,6,-6.29009
control_r0,complex_000374,complex_000223,7,-4.56679
control_r0,complex_000374,complex_000223,8,-7.28308
control_r0,complex_000374,complex_000223,9,-4.60202
control_r0,complex_000374,complex_000223,10,-4.78594
control_r0,complex_000374,complex_000223,11,-6.29366
control_r0,complex_000374,complex_000223,12,-6.64569
control_r0,complex_000374,complex_000223,13,-5.19134
control_r0,complex_000374,complex_000223,14,-4.88069
control_r0,complex_000374,complex_000223,15,-7.91126
control_r0,complex_000374,complex_000223,16,-6.968
control_r0,complex_000374,complex_000223,17,-4.39544
control_r0,complex_000374,complex_000223,18,-6.41012
control_r0,complex_000374,complex_000223,19,-6.6002
control_r0,complex_000335,complex_000376,0,-8.52555
control_r0,complex_000335,complex_000376,1,-6.88165
control_r0,complex_000335,complex_000376,2,-6.45221
control_r0,complex_000335,complex_000376,3,-8.28485
control_r0,complex_000335,complex_000376,4,-7.64812
control_r0,complex_000335,complex_000376,5,-8.35428
control_r0,complex_000335,complex_000376,6,-6.78595
control_r0,complex_000335,complex_000376,7,-9.47926
control_r0,complex_000335,complex_000376,8,-6.28777
control_r0,complex_000335,complex_000376,9,-7.98966
control_r0,complex_000335,complex_000376,10,-7.21198
control_r0,complex_000335,complex_000376,11,-6.26195
control_r0,complex_000335,complex_000376,12,-7.65964
control_r0,complex_000335,complex_000376,13,-6.03561
control_r0,complex_000335,complex_000376,14,-6.44831
control_r0,complex_000335,complex_000376,15,-8.03476
control_r0,complex_000335,complex_000376,16,-7.41411
control_r0,complex_000335,complex_000376,17,-9.13462
control_r0,complex_000335,complex_000376,18,-6.24696
control_r0,complex_000335,complex_000376,19,-7.04731
control_r0,complex_000363,complex_000051,0,-9.20252
control_r0,complex_000363,complex_000051,1,-9.06389
control_r0,complex_000363,complex_000051,2,-6.31013
control_r0,complex_000363,complex_000051,3,-7.56953
control_r0,complex_000363,complex_000051,4,-7.55828
control_r0,complex_000363,complex_000051,5,-9.05478
control_r0,complex_000363,complex_000051,6,-9.35416
control_r0,complex_000363,complex_000051,7,-8.51989
control_r0,complex_000363,complex_000051,8,-8.45946
control_r0,complex_000363,complex_000051,9,-9.43367
control_r0,complex_000363,complex_000051,10,-7.04559
control_r0,complex_000363,complex_000051,11,-6.99143
control_r0,complex_000363,complex_000051,12,-9.09924
control_r0,complex_000363,complex_000051,13,-7.72135
control_r0,complex_000363,complex_000051,14,-7.64794
control_r0,complex_000363,complex_000051,15,-4.50095
control_r0,complex_000363,complex_000051,16,-8.03485
control_r0,complex_000363,complex_000051,17,-5.95158
control_r0,complex_000363,complex_000051,18,-8.3871
control_r0,complex_000363,complex_000051,19,-7.58029
control_r0,complex_000335,complex_000473,0,-7.20582
control_r0,complex_000335,complex_000473,1,-5.13126
control_r0,complex_000335,complex_000473,2,-6.06151
control_r0,complex_000335,complex_000473,3,-6.52744
control_r0,complex_000335,complex_000473,4,-6.48578
control_r0,complex_000335,complex_000473,5,-6.75831
control_r0,complex_000335,complex_000473,6,-5.59389
control_r0,complex_000335,complex_000473,7,-7.03966
control_r0,complex_000335,complex_000473,8,-5.20893
control_r0,complex_000335,complex_000473,9,-6.67132
control_r0,complex_000335,complex_000473,10,-5.76955
control_r0,complex_000335,complex_000473,11,-5.17026
control_r0,complex_000335,complex_000473,12,-6.50184
control_r0,complex_000335,complex_000473,13,-5.16401
control_r0,complex_000335,complex_000473,14,-5.19206
control_r0,complex_000335,complex_000473,15,-6.4017
control_r0,complex_000335,complex_000473,16,-5.91809
control_r0,complex_000335,complex_000473,17,-6.78196
control_r0,complex_000335,complex_000473,18,-5.44731
control_r0,complex_000335,complex_000473,19,-5.43416
control_r0,complex_000374,complex_000400,0,-8.71411
control_r0,complex_000374,complex_000400,1,-7.73292
control_r0,complex_000374,complex_000400,2,-7.38125
control_r0,complex_000374,complex_000400,3,-8.63757
control_r0,complex_000374,complex_000400,4,-9.20224
control_r0,complex_000374,complex_000400,5,-7.47725
control_r0,complex_000374,complex_000400,6,-8.97379
control_r0,complex_000374,complex_000400,7,-6.07002
control_r0,complex_000374,complex_000400,8,-9.66965
control_r0,complex_000374,complex_000400,9,-6.31454
control_r0,complex_000374,complex_000400,10,-6.58322
control_r0,complex_000374,complex_000400,11,-8.46853
control_r0,complex_000374,complex_000400,12,-8.95329
control_r0,complex_000374,complex_000400,13,-6.94081
control_r0,complex_000374,complex_000400,14,-6.53097
control_r0,complex_000374,complex_000400,15,-10.97115
control_r0,complex_000374,complex_000400,16,-9.45146
control_r0,complex_000374,complex_000400,17,-6.19952
control_r0,complex_000374,complex_000400,18,-9.24316
control_r0,complex_000374,complex_000400,19,-8.34277
control_r0,complex_000335,complex_000456,0,-7.9296
control_r0,complex_000335,complex_000456,1,-6.45907
control_r0,complex_000335,complex_000456,2,-6.0444
control_r0,complex_000335,complex_000456,3,-7.70321
control_r0,complex_000335,complex_000456,4,-6.48783
control_r0,complex_000335,complex_000456,5,-7.05823
control_r0,complex_000335,complex_000456,6,-6.33606
control_r0,complex_000335,complex_000456,7,-8.29632
control_r0,complex_000335,complex_000456,8,-6.19794
control_r0,complex_000335,complex_000456,9,-6.43138
control_r0,complex_000335,complex_000456,10,-6.93465
control_r0,complex_000335,complex_000456,11,-6.26348
control_r0,complex_000335,complex_000456,12,-7.17544
control_r0,complex_000335,complex_000456,13,-5.53803
control_r0,complex_000335,complex_000456,14,-6.22624
control_r0,complex_000335,complex_000456,15,-7.64272
control_r0,complex_000335,complex_000456,16,-6.1203
control_r0,complex_000335,complex_000456,17,-7.31875
control_r0,complex_000335,complex_000456,18,-5.64547
control_r0,complex_000335,complex_000456,19,-6.05191
control_r0,complex_000376,complex_000376,0,-8.45553
control_r0,complex_000376,complex_000376,1,-6.6549
control_r0,complex_000376,complex_000376,2,-6.89679
control_r0,complex_000376,complex_000376,3,-8.27302
control_r0,complex_000376,complex_000376,4,-9.03018
control_r0,complex_000376,complex_000376,5,-9.54124
control_r0,complex_000376,complex_000376,6,-9.17102
control_r0,complex_000376,complex_000376,7,-8.11796
control_r0,complex_000376,complex_000376,8,-5.85287
control_r0,complex_000376,complex_000376,9,-5.17868
control_r0,complex_000376,complex_000376,10,-9.37552
control_r0,complex_000376,complex_000376,11,-8.11923
control_r0,complex_000376,complex_000376,12,-8.90179
control_r0,complex_000376,complex_000376,13,-8.37801
control_r0,complex_000376,complex_000376,14,-7.1741
control_r0,complex_000376,complex_000376,15,-9.97946
control_r0,complex_000376,complex_000376,16,-5.62313
control_r0,complex_000376,complex_000376,17,-7.52705
control_r0,complex_000376,complex_000376,18,-8.78481
control_r0,complex_000376,complex_000376,19,-5.24202
control_r0,complex_000387,complex_000387,0,-10.07451
control_r0,complex_000387,complex_000387,1,-7.58243
control_r0,complex_000387,complex_000387,2,-6.47618
control_r0,complex_000387,complex_000387,3,-11.86253
control_r0,complex_000387,complex_000387,4,-6.54398
control_r0,complex_000387,complex_000387,5,-7.80499
control_r0,complex_000387,complex_000387,6,-9.50044
control_r0,complex_000387,complex_000387,7,-9.22122
control_r0,complex_000387,complex_000387,8,-7.24264
control_r0,complex_000387,complex_000387,9,-4.97503
control_r0,complex_000387,complex_000387,10,-9.7669
control_r0,complex_000387,complex_000387,11,-8.44102
control_r0,complex_000387,complex_000387,12,-8.32699
control_r0,complex_000387,complex_000387,13,-9.19914
control_r0,complex_000387,complex_000387,14,-9.7143
control_r0,complex_000387,complex_000387,15,-7.42899
control_r0,complex_000387,complex_000387,16,-9.21753
control_r0,complex_000387,complex_000387,17,-9.41678
control_r0,complex_000387,complex_000387,18,-8.52917
control_r0,complex_000387,complex_000387,19,-5.98675
control_r0,complex_000387,complex_000540,0,-8.68105
control_r0,complex_000387,complex_000540,1,-6.51444
control_r0,complex_000387,complex_000540,2,-5.46596
control_r0,complex_000387,complex_000540,3,-9.59169
control_r0,complex_000387,complex_000540,4,-5.25508
control_r0,complex_000387,complex_000540,5,-6.44411
control_r0,complex_000387,complex_000540,6,-8.32549
control_r0,complex_000387,complex_000540,7,-8.21091
control_r0,complex_000387,complex_000540,8,-6.3016
control_r0,complex_000387,complex_000540,9,-4.12264
control_r0,complex_000387,complex_000540,10,-8.84582
control_r0,complex_000387,complex_000540,11,-7.41558
control_r0,complex_000387,complex_000540,12,-6.88644
control_r0,complex_000387,complex_000540,13,-7.96028
control_r0,complex_000387,complex_000540,14,-8.27646
control_r0,complex_000387,complex_000540,15,-6.30288
control_r0,complex_000387,complex_000540,16,-8.22109
control_r0,complex_000387,complex_000540,17,-8.57425
control_r0,complex_000387,complex_000540,18,-7.68348
control_r0,complex_000387,complex_000540,19,-4.90547
control_r0,complex_000382,complex_000382,0,-6.47944
control_r0,complex_000382,complex_000382,1,-9.31047
control_r0,complex_000382,complex_000382,2,-11.13261
control_r0,complex_000382,complex_000382,3,-9.26752
control_r0,complex_000382,complex_000382,4,-9.98329
control_r0,complex_000382,complex_000382,5,-5.9947
control_r0,complex_000382,complex_000382,6,-9.20955
control_r0,complex_000382,complex_000382,7,-11.41426
control_r0,complex_000382,complex_000382,8,-11.87288
control_r0,complex_000382,complex_000382,9,-10.19688
control_r0,complex_000382,complex_000382,10,-9.22234
control_r0,complex_000382,complex_000382,11,-8.49083
control_r0,complex_000382,complex_000382,12,-6.3805
control_r0,complex_000382,complex_000382,13,-10.95832
control_r0,complex_000382,complex_000382,14,-10.98593
control_r0,complex_000382,complex_000382,15,-11.76988
control_r0,complex_000382,complex_000382,16,-7.93547
control_r0,complex_000382,complex_000382,17,-10.1585
control_r0,complex_000382,complex_000382,18,-8.36233
control_r0,complex_000382,complex_000382,19,-8.24716
control_r0,complex_000387,complex_000305,0,-9.81392
control_r0,complex_000387,complex_000305,1,-6.43403
control_r0,complex_000387,complex_000305,2,-5.47566
control_r0,complex_000387,complex_000305,3,-10.73408
control_r0,complex_000387,complex_000305,4,-5.29725
control_r0,complex_000387,complex_000305,5,-7.58491
control_r0,complex_000387,complex_000305,6,-9.43233
control_r0,complex_000387,complex_000305,7,-9.2589
control_r0,complex_000387,complex_000305,8,-6.1134
control_r0,complex_000387,complex_000305,9,-4.43825
control_r0,complex_000387,complex_000305,10,-9.52566
control_r0,complex_000387,complex_000305,11,-8.77394
control_r0,complex_000387,complex_000305,12,-7.52405
control_r0,complex_000387,complex_000305,13,-9.03982
control_r0,complex_000387,complex_000305,14,-8.7923
control_r0,complex_000387,complex_000305,15,-7.21952
control_r0,complex_000387,complex_000305,16,-8.70581
control_r0,complex_000387,complex_000305,17,-8.93088
control_r0,complex_000387,complex_000305,18,-8.46058
control_r0,complex_000387,complex_000305,19,-5.42341
control_r0,complex_000376,complex_000193,0,-7.26543
control_r0,complex_000376,complex_000193,1,-6.84048
control_r0,complex_000376,complex_000193,2,-6.11132
control_r0,complex_000376,complex_000193,3,-6.52309
control_r0,complex_000376,complex_000193,4,-8.05917
control_r0,complex_000376,complex_000193,5,-7.00727
control_r0,complex_000376,complex_000193,6,-6.32347
control_r0,complex_000376,complex_000193,7,-7.33934
control_r0,complex_000376,complex_000193,8,-5.12568
control_r0,complex_000376,complex_000193,9,-5.30664
control_r0,complex_000376,complex_000193,10,-7.35018
control_r0,complex_000376,complex_000193,11,-6.02566
control_r0,complex_000376,complex_000193,12,-7.53946
control_r0,complex_000376,complex_000193,13,-5.95094
control_r0,complex_000376,complex_000193,14,-5.33089
control_r0,complex_000376,complex_000193,15,-8.05318
control_r0,complex_000376,complex_000193,16,-5.38471
control_r0,complex_000376,complex_000193,17,-6.92467
control_r0,complex_000376,complex_000193,18,-6.77621
control_r0,complex_000376,complex_000193,19,-5.64023
control_r0,complex_000411,complex_000411,0,-7.78901
control_r0,complex_000411,complex_000411,1,-6.93764
control_r0,complex_000411,complex_000411,2,-4.57162
control_r0,complex_000411,complex_000411,3,-7.35696
control_r0,complex_000411,complex_000411,4,-8.8504
control_r0,complex_000411,complex_000411,5,-9.70343
control_r0,complex_000411,complex_000411,6,-8.70376
control_r0,complex_000411,complex_000411,7,-8.04297
control_r0,complex_000411,complex_000411,8,-5.9489
control_r0,complex_000411,complex_000411,9,-8.19172
control_r0,complex_000411,complex_000411,10,-6.89633
control_r0,complex_000411,complex_000411,11,-8.37276
control_r0,complex_000411,complex_000411,12,-8.57857
control_r0,complex_000411,complex_000411,13,-5.62001
control_r0,complex_000411,complex_000411,14,-9.18532
control_r0,complex_000411,complex_000411,15,-8.19488
control_r0,complex_000411,complex_000411,16,-8.43564
control_r0,complex_000411,complex_000411,17,-7.53781
control_r0,complex_000411,complex_000411,18,-5.80788
control_r0,complex_000411,complex_000411,19,-8.02724
control_r0,complex_000376,complex_000191,0,-6.14151
control_r0,complex_000376,complex_000191,1,-6.05003
control_r0,complex_000376,complex_000191,2,-5.58215
control_r0,complex_000376,complex_000191,3,-6.28601
control_r0,complex_000376,complex_000191,4,-6.47077
control_r0,complex_000376,complex_000191,5,-6.16745
control_r0,complex_000376,complex_000191,6,-6.43559
control_r0,complex_000376,complex_000191,7,-5.57057
control_r0,complex_000376,complex_000191,8,-5.78057
control_r0,complex_000376,complex_000191,9,-5.16007
control_r0,complex_000376,complex_000191,10,-8.01553
control_r0,complex_000376,complex_000191,11,-5.38999
control_r0,complex_000376,complex_000191,12,-7.16597
control_r0,complex_000376,complex_000191,13,-5.78952
control_r0,complex_000376,complex_000191,14,-5.54326
control_r0,complex_000376,complex_000191,15,-7.39218
control_r0,complex_000376,complex_000191,16,-4.57548
control_r0,complex_000376,complex_000191,17,-5.38025
control_r0,complex_000376,complex_000191,18,-6.91758
control_r0,complex_000376,complex_000191,19,-5.1555
control_r0,complex_000382,complex_000179,0,-6.76859
control_r0,complex_000382,complex_000179,1,-8.50217
control_r0,complex_000382,complex_000179,2,-10.18761
control_r0,complex_000382,complex_000179,3,-8.30994
control_r0,complex_000382,complex_000179,4,-10.20048
control_r0,complex_000382,complex_000179,5,-6.21118
control_r0,complex_000382,complex_000179,6,-7.88804
control_r0,complex_000382,complex_000179,7,-8.9597
control_r0,complex_000382,complex_000179,8,-10.07454
control_r0,complex_000382,complex_000179,9,-9.69582
control_r0,complex_000382,complex_000179,10,-8.3434
control_r0,complex_000382,complex_000179,11,-8.65083
control_r0,complex_000382,complex_000179,12,-7.12479
control_r0,complex_000382,complex_000179,13,-10.88965
control_r0,complex_000382,complex_000179,14,-10.18387
control_r0,complex_000382,complex_000179,15,-10.48883
control_r0,complex_000382,complex_000179,16,-8.26647
control_r0,complex_000382,complex_000179,17,-9.55286
control_r0,complex_000382,complex_000179,18,-8.21702
control_r0,complex_000382,complex_000179,19,-7.88849
control_r0,complex_000382,complex_000506,0,-6.46537
control_r0,complex_000382,complex_000506,1,-6.63507
control_r0,complex_000382,complex_000506,2,-7.08113
control_r0,complex_000382,complex_000506,3,-7.00038
control_r0,complex_000382,complex_000506,4,-7.93483
control_r0,complex_000382,complex_000506,5,-5.12802
control_r0,complex_000382,complex_000506,6,-6.32516
control_r0,complex_000382,complex_000506,7,-6.96287
control_r0,complex_000382,complex_000506,8,-7.14398
control_r0,complex_000382,complex_000506,9,-6.55196
control_r0,complex_000382,complex_000506,10,-7.48482
control_r0,complex_000382,complex_000506,11,-7.00164
control_r0,complex_000382,complex_000506,12,-5.33952
control_r0,complex_000382,complex_000506,13,-6.71792
control_r0,complex_000382,complex_000506,14,-7.51633
control_r0,complex_000382,complex_000506,15,-6.07885
control_r0,complex_000382,complex_000506,16,-5.6989
control_r0,complex_000382,complex_000506,17,-6.94641
control_r0,complex_000382,complex_000506,18,-6.25236
control_r0,complex_000382,complex_000506,19,-6.861
control_r0,complex_000411,complex_000063,0,-6.83365
control_r0,complex_000411,complex_000063,1,-6.7913
control_r0,complex_000411,complex_000063,2,-4.28775
control_r0,complex_000411,complex_000063,3,-7.61241
control_r0,complex_000411,complex_000063,4,-8.93502
control_r0,complex_000411,complex_000063,5,-9.32106
control_r0,complex_000411,complex_000063,6,-8.84417
control_r0,complex_000411,complex_000063,7,-8.35157
control_r0,complex_000411,complex_000063,8,-5.34984
control_r0,complex_000411,complex_000063,9,-7.64664
control_r0,complex_000411,complex_000063,10,-6.57394
control_r0,complex_000411,complex_000063,11,-7.94832
control_r0,complex_000411,complex_000063,12,-8.77112
control_r0,complex_000411,complex_000063,13,-5.30729
control_r0,complex_000411,complex_000063,14,-8.71151
control_r0,complex_000411,complex_000063,15,-8.25399
control_r0,complex_000411,complex_000063,16,-8.64813
control_r0,complex_000411,complex_000063,17,-7.49413
control_r0,complex_000411,complex_000063,18,-5.40402
control_r0,complex_000411,complex_000063,19,-8.10691
control_r0,complex_000387,complex_000506,0,-6.98691
control_r0,complex_000387,complex_000506,1,-7.25268
control_r0,complex_000387,complex_000506,2,-4.16872
control_r0,complex_000387,complex_000506,3,-7.26925
control_r0,complex_000387,complex_000506,4,-5.53475
control_r0,complex_000387,complex_000506,5,-5.41388
control_r0,complex_000387,complex_000506,6,-6.91954
control_r0,complex_000387,complex_000506,7,-6.26712
control_r0,complex_000387,complex_000506,8,-6.56608
control_r0,complex_000387,complex_000506,9,-4.02424
control_r0,complex_000387,complex_000506,10,-6.48435
control_r0,complex_000387,complex_000506,11,-7.68574
control_r0,complex_000387,complex_000506,12,-6.62321
control_r0,complex_000387,complex_000506,13,-6.28596
control_r0,complex_000387,complex_000506,14,-7.08784
control_r0,complex_000387,complex_000506,15,-6.85373
control_r0,complex_000387,complex_000506,16,-6.75514
control_r0,complex_000387,complex_000506,17,-6.04405
control_r0,complex_000387,complex_000506,18,-5.13504
control_r0,complex_000387,complex_000506,19,-5.97087
control_r0,complex_000411,complex_000473,0,-6.80985
control_r0,complex_000411,complex_000473,1,-5.21953
control_r0,complex_000411,complex_000473,2,-4.02925
control_r0,complex_000411,complex_000473,3,-7.67997
control_r0,complex_000411,complex_000473,4,-7.46841
control_r0,complex_000411,complex_000473,5,-7.92116
control_r0,complex_000411,complex_000473,6,-7.58492
control_r0,complex_000411,complex_000473,7,-8.02932
control_r0,complex_000411,complex_000473,8,-4.83296
control_r0,complex_000411,complex_000473,9,-6.93775
control_r0,complex_000411,complex_000473,10,-6.28137
control_r0,complex_000411,complex_000473,11,-6.68786
control_r0,complex_000411,complex_000473,12,-7.71195
control_r0,complex_000411,complex_000473,13,-4.88292
control_r0,complex_000411,complex_000473,14,-7.54354
control_r0,complex_000411,complex_000473,15,-7.23994
control_r0,complex_000411,complex_000473,16,-7.52594
control_r0,complex_000411,complex_000473,17,-6.6334
control_r0,complex_000411,complex_000473,18,-5.36857
control_r0,complex_000411,complex_000473,19,-7.32728
control_r0,complex_000411,complex_000112,0,-6.05649
control_r0,complex_000411,complex_000112,1,-6.16261
control_r0,complex_000411,complex_000112,2,-4.85196
control_r0,complex_000411,complex_000112,3,-6.37407
control_r0,complex_000411,complex_000112,4,-7.16165
control_r0,complex_000411,complex_000112,5,-7.37621
control_r0,complex_000411,complex_000112,6,-8.20966
control_r0,complex_000411,complex_000112,7,-6.74494
control_r0,complex_000411,complex_000112,8,-4.82261
control_r0,complex_000411,complex_000112,9,-6.5299
control_r0,complex_000411,complex_000112,10,-5.41196
control_r0,complex_000411,complex_000112,11,-6.35328
control_r0,complex_000411,complex_000112,12,-6.79531
control_r0,complex_000411,complex_000112,13,-5.22307
control_r0,complex_000411,complex_000112,14,-7.59473
control_r0,complex_000411,complex_000112,15,-7.24137
control_r0,complex_000411,complex_000112,16,-7.90378
control_r0,complex_000411,complex_000112,17,-6.61392
control_r0,complex_000411,complex_000112,18,-5.93666
control_r0,complex_000411,complex_000112,19,-7.08195
control_r0,complex_000376,complex_000535,0,-7.08222
control_r0,complex_000376,complex_000535,1,-6.28473
control_r0,complex_000376,complex_000535,2,-6.39938
control_r0,complex_000376,complex_000535,3,-6.26932
control_r0,complex_000376,complex_000535,4,-7.19464
control_r0,complex_000376,complex_000535,5,-7.01455
control_r0,complex_000376,complex_000535,6,-7.32258
control_r0,complex_000376,complex_000535,7,-6.2869
control_r0,complex_000376,complex_000535,8,-5.33829
control_r0,complex_000376,complex_000535,9,-5.90411
control_r0,complex_000376,complex_000535,10,-8.60746
control_r0,complex_000376,complex_000535,11,-7.33958
control_r0,complex_000376,complex_000535,12,-7.9923
control_r0,complex_000376,complex_000535,13,-6.19333
control_r0,complex_000376,complex_000535,14,-6.23184
control_r0,complex_000376,complex_000535,15,-8.43025
control_r0,complex_000376,complex_000535,16,-6.55859
control_r0,complex_000376,complex_000535,17,-6.96187
control_r0,complex_000376,complex_000535,18,-7.09251
control_r0,complex_000376,complex_000535,19,-5.94805
control_r0,complex_000394,complex_000179,0,-9.16372
control_r0,complex_000394,complex_000179,1,-6.78304
control_r0,complex_000394,complex_000179,2,-7.23581
control_r0,complex_000394,complex_000179,3,-8.1783
control_r0,complex_000394,complex_000179,4,-9.90313
control_r0,complex_000394,complex_000179,5,-10.76942
control_r0,complex_000394,complex_000179,6,-11.05275
control_r0,complex_000394,complex_000179,7,-7.52212
control_r0,complex_000394,complex_000179,8,-6.54471
control_r0,complex_000394,complex_000179,9,-8.72434
control_r0,complex_000394,complex_000179,10,-4.13981
control_r0,complex_000394,complex_000179,11,-6.03558
control_r0,complex_000394,complex_000179,12,-10.37687
control_r0,complex_000394,complex_000179,13,-9.90397
control_r0,complex_000394,complex_000179,14,-10.71401
control_r0,complex_000394,complex_000179,15,-6.59939
control_r0,complex_000394,complex_000179,16,-10.93722
control_r0,complex_000394,complex_000179,17,-12.26585
control_r0,complex_000394,complex_000179,18,-8.94776
control_r0,complex_000394,complex_000179,19,-9.50905
control_r0,complex_000394,complex_000411,0,-7.94018
control_r0,complex_000394,complex_000411,1,-6.82932
control_r0,complex_000394,complex_000411,2,-6.53845
control_r0,complex_000394,complex_000411,3,-6.89097
control_r0,complex_000394,complex_000411,4,-9.13953
control_r0,complex_000394,complex_000411,5,-10.17457
control_r0,complex_000394,complex_000411,6,-10.10258
control_r0,complex_000394,complex_000411,7,-7.17623
control_r0,complex_000394,complex_000411,8,-5.63051
control_r0,complex_000394,complex_000411,9,-9.14687
control_r0,complex_000394,complex_000411,10,-4.10916
control_r0,complex_000394,complex_000411,11,-5.51129
control_r0,complex_000394,complex_000411,12,-9.32549
control_r0,complex_000394,complex_000411,13,-10.37444
control_r0,complex_000394,complex_000411,14,-9.50877
control_r0,complex_000394,complex_000411,15,-5.78677
control_r0,complex_000394,complex_000411,16,-9.1268
control_r0,complex_000394,complex_000411,17,-10.68607
control_r0,complex_000394,complex_000411,18,-7.91242
control_r0,complex_000394,complex_000411,19,-8.77225
control_r0,complex_000382,complex_000051,0,-6.35824
control_r0,complex_000382,complex_000051,1,-8.52031
control_r0,complex_000382,complex_000051,2,-7.14188
control_r0,complex_000382,complex_000051,3,-8.37586
control_r0,complex_000382,complex_000051,4,-9.40912
control_r0,complex_000382,complex_000051,5,-5.35683
control_r0,complex_000382,complex_000051,6,-7.59727
control_r0,complex_000382,complex_000051,7,-8.56436
control_r0,complex_000382,complex_000051,8,-9.43368
control_r0,complex_000382,complex_000051,9,-8.47399
control_r0,complex_000382,complex_000051,10,-8.2828
control_r0,complex_000382,complex_000051,11,-7.93074
control_r0,complex_000382,complex_000051,12,-5.78896
control_r0,complex_000382,complex_000051,13,-9.16169
control_r0,complex_000382,complex_000051,14,-9.44935
control_r0,complex_000382,complex_000051,15,-8.35796
control_r0,complex_000382,complex_000051,16,-6.92764
control_r0,complex_000382,complex_000051,17,-8.78789
control_r0,complex_000382,complex_000051,18,-7.26883
control_r0,complex_000382,complex_000051,19,-7.35773
control_r0,complex_000394,complex_000387,0,-9.43026
control_r0,complex_000394,complex_000387,1,-7.28039
control_r0,complex_000394,complex_000387,2,-7.72462
control_r0,complex_000394,complex_000387,3,-6.42704
control_r0,complex_000394,complex_000387,4,-9.39967
control_r0,complex_000394,complex_000387,5,-9.83252
control_r0,complex_000394,complex_000387,6,-9.04661
control_r0,complex_000394,complex_000387,7,-7.49691
control_r0,complex_000394,complex_000387,8,-6.76607
control_r0,complex_000394,complex_000387,9,-9.66429
control_r0,complex_000394,complex_000387,10,-4.18519
control_r0,complex_000394,complex_000387,11,-6.27882
control_r0,complex_000394,complex_000387,12,-10.86207
control_r0,complex_000394,complex_000387,13,-9.98947
control_r0,complex_000394,complex_000387,14,-9.03526
control_r0,complex_000394,complex_000387,15,-7.34691
control_r0,complex_000394,complex_000387,16,-9.42412
control_r0,complex_000394,complex_000387,17,-9.58138
control_r0,complex_000394,complex_000387,18,-9.39701
control_r0,complex_000394,complex_000387,19,-9.41518
control_r0,complex_000403,complex_000145,0,-5.70852
control_r0,complex_000403,complex_000145,1,-7.26742
control_r0,complex_000403,complex_000145,2,-5.10538
control_r0,complex_000403,complex_000145,3,-6.35869
control_r0,complex_000403,complex_000145,4,-6.14003
control_r0,complex_000403,complex_000145,5,-5.89555
control_r0,complex_000403,complex_000145,6,-6.10872
control_r0,complex_000403,complex_000145,7,-4.92886
control_r0,complex_000403,complex_000145,8,-7.46838
control_r0,complex_000403,complex_000145,9,-5.14296
control_r0,complex_000403,complex_000145,10,-5.21106
control_r0,complex_000403,complex_000145,11,-4.57825
control_r0,complex_000403,complex_000145,12,-5.51985
control_r0,complex_000403,complex_000145,13,-6.88605
control_r0,complex_000403,complex_000145,14,-5.87628
control_r0,complex_000403,complex_000145,15,-4.49132
control_r0,complex_000403,complex_000145,16,-4.71073
control_r0,complex_000403,complex_000145,17,-4.87157
control_r0,complex_000403,complex_000145,18,-4.66179
control_r0,complex_000403,complex_000145,19,-6.84757
control_r0,complex_000403,complex_000403,0,-8.92427
control_r0,complex_000403,complex_000403,1,-9.43153
control_r0,complex_000403,complex_000403,2,-6.54258
control_r0,complex_000403,complex_000403,3,-7.86405
control_r0,complex_000403,complex_000403,4,-8.29065
control_r0,complex_000403,complex_000403,5,-8.63495
control_r0,complex_000403,complex_000403,6,-9.06486
control_r0,complex_000403,complex_000403,7,-6.41412
control_r0,complex_000403,complex_000403,8,-8.80205
control_r0,complex_000403,complex_000403,9,-7.02342
control_r0,complex_000403,complex_000403,10,-6.42066
control_r0,complex_000403,complex_000403,11,-5.61488
control_r0,complex_000403,complex_000403,12,-6.61686
control_r0,complex_000403,complex_000403,13,-9.11398
control_r0,complex_000403,complex_000403,14,-7.2493
control_r0,complex_000403,complex_000403,15,-6.74065
control_r0,complex_000403,complex_000403,16,-6.07766
control_r0,complex_000403,complex_000403,17,-6.87551
control_r0,complex_000403,complex_000403,18,-6.20802
control_r0,complex_000403,complex_000403,19,-9.22292
control_r0,complex_000403,complex_000382,0,-10.17481
control_r0,complex_000403,complex_000382,1,-10.80323
control_r0,complex_000403,complex_000382,2,-6.62528
control_r0,complex_000403,complex_000382,3,-8.54604
control_r0,complex_000403,complex_000382,4,-8.72045
control_r0,complex_000403,complex_000382,5,-9.35641
control_r0,complex_000403,complex_000382,6,-9.32599
control_r0,complex_000403,complex_000382,7,-6.74593
control_r0,complex_000403,complex_000382,8,-9.53443
control_r0,complex_000403,complex_000382,9,-7.46247
control_r0,complex_000403,complex_000382,10,-6.87783
control_r0,complex_000403,complex_000382,11,-5.92008
control_r0,complex_000403,complex_000382,12,-7.9526
control_r0,complex_000403,complex_000382,13,-9.9595
control_r0,complex_000403,complex_000382,14,-8.65675
control_r0,complex_000403,complex_000382,15,-6.22403
control_r0,complex_000403,complex_000382,16,-6.14214
control_r0,complex_000403,complex_000382,17,-7.23316
control_r0,complex_000403,complex_000382,18,-6.03996
control_r0,complex_000403,complex_000382,19,-11.60691
control_r0,complex_000394,complex_000394,0,-6.69933
control_r0,complex_000394,complex_000394,1,-6.67031
control_r0,complex_000394,complex_000394,2,-7.27145
control_r0,complex_000394,complex_000394,3,-6.8934
control_r0,complex_000394,complex_000394,4,-8.99109
control_r0,complex_000394,complex_000394,5,-9.28117
control_r0,complex_000394,complex_000394,6,-7.36171
control_r0,complex_000394,complex_000394,7,-7.49722
control_r0,complex_000394,complex_000394,8,-6.17965
control_r0,complex_000394,complex_000394,9,-9.22911
control_r0,complex_000394,complex_000394,10,-4.02296
control_r0,complex_000394,complex_000394,11,-5.44626
control_r0,complex_000394,complex_000394,12,-7.45118
control_r0,complex_000394,complex_000394,13,-9.58878
control_r0,complex_000394,complex_000394,14,-10.76574
control_r0,complex_000394,complex_000394,15,-6.59949
control_r0,complex_000394,complex_000394,16,-10.07033
control_r0,complex_000394,complex_000394,17,-10.11098
control_r0,complex_000394,complex_000394,18,-9.01152
control_r0,complex_000394,complex_000394,19,-8.61021
control_r0,complex_000400,complex_000400,0,
control_r0,complex_000400,complex_000400,1,
control_r0,complex_000400,complex_000400,2,
control_r0,complex_000400,complex_000400,3,
control_r0,complex_000400,complex_000400,4,
control_r0,complex_000400,complex_000400,5,
control_r0,complex_000400,complex_000400,6,
control_r0,complex_000400,complex_000400,7,
control_r0,complex_000400,complex_000400,8,
control_r0,complex_000400,complex_000400,9,
control_r0,complex_000400,complex_000400,10,
control_r0,complex_000400,complex_000400,11,
control_r0,complex_000400,complex_000400,12,
control_r0,complex_000400,complex_000400,13,
control_r0,complex_000400,complex_000400,14,
control_r0,complex_000400,complex_000400,15,
control_r0,complex_000400,complex_000400,16,
control_r0,complex_000400,complex_000400,17,
control_r0,complex_000400,complex_000400,18,
control_r0,complex_000400,complex_000400,19,
control_r0,complex_000456,complex_000472,0,-6.44431
control_r0,complex_000456,complex_000472,1,-6.53787
control_r0,complex_000456,complex_000472,2,-7.81825
control_r0,complex_000456,complex_000472,3,-8.59943
control_r0,complex_000456,complex_000472,4,-8.61244
control_r0,complex_000456,complex_000472,5,-10.03771
control_r0,complex_000456,complex_000472,6,-5.29066
control_r0,complex_000456,complex_000472,7,-10.05862
control_r0,complex_000456,complex_000472,8,-8.2106
control_r0,complex_000456,complex_000472,9,-7.72892
control_r0,complex_000456,complex_000472,10,-9.90965
control_r0,complex_000456,complex_000472,11,-9.01446
control_r0,complex_000456,complex_000472,12,-7.35078
control_r0,complex_000456,complex_000472,13,-7.4957
control_r0,complex_000456,complex_000472,14,-4.94175
control_r0,complex_000456,complex_000472,15,-8.51955
control_r0,complex_000456,complex_000472,16,-6.15456
control_r0,complex_000456,complex_000472,17,-8.98389
control_r0,complex_000456,complex_000472,18,-8.98745
control_r0,complex_000456,complex_000472,19,-6.93291
control_r0,complex_000400,complex_000140,0,
control_r0,complex_000400,complex_000140,1,
control_r0,complex_000400,complex_000140,2,
control_r0,complex_000400,complex_000140,3,
control_r0,complex_000400,complex_000140,4,
control_r0,complex_000400,complex_000140,5,
control_r0,complex_000400,complex_000140,6,
control_r0,complex_000400,complex_000140,7,
control_r0,complex_000400,complex_000140,8,
control_r0,complex_000400,complex_000140,9,
control_r0,complex_000400,complex_000140,10,
control_r0,complex_000400,complex_000140,11,
control_r0,complex_000400,complex_000140,12,
control_r0,complex_000400,complex_000140,13,
control_r0,complex_000400,complex_000140,14,
control_r0,complex_000400,complex_000140,15,
control_r0,complex_000400,complex_000140,16,
control_r0,complex_000400,complex_000140,17,
control_r0,complex_000400,complex_000140,18,
control_r0,complex_000400,complex_000140,19,
control_r0,complex_000456,complex_000456,0,-6.51844
control_r0,complex_000456,complex_000456,1,-6.42935
control_r0,complex_000456,complex_000456,2,-7.55398
control_r0,complex_000456,complex_000456,3,-8.51579
control_r0,complex_000456,complex_000456,4,-7.33507
control_r0,complex_000456,complex_000456,5,-10.25942
control_r0,complex_000456,complex_000456,6,-4.6403
control_r0,complex_000456,complex_000456,7,-11.14116
control_r0,complex_000456,complex_000456,8,-7.57851
control_r0,complex_000456,complex_000456,9,-6.85677
control_r0,complex_000456,complex_000456,10,-9.91714
control_r0,complex_000456,complex_000456,11,-8.83649
control_r0,complex_000456,complex_000456,12,-6.26742
control_r0,complex_000456,complex_000456,13,-6.34125
control_r0,complex_000456,complex_000456,14,-4.66098
control_r0,complex_000456,complex_000456,15,-7.79832
control_r0,complex_000456,complex_000456,16,-5.33249
control_r0,complex_000456,complex_000456,17,-8.46115
control_r0,complex_000456,complex_000456,18,-7.42208
control_r0,complex_000456,complex_000456,19,-6.52594
control_r0,complex_000456,complex_000069,0,-6.36843
control_r0,complex_000456,complex_000069,1,-6.394
control_r0,complex_000456,complex_000069,2,-8.49615
control_r0,complex_000456,complex_000069,3,-8.28881
control_r0,complex_000456,complex_000069,4,-8.31394
control_r0,complex_000456,complex_000069,5,-10.56738
control_r0,complex_000456,complex_000069,6,-4.64533
control_r0,complex_000456,complex_000069,7,-9.70914
control_r0,complex_000456,complex_000069,8,-7.05158
control_r0,complex_000456,complex_000069,9,-7.46874
control_r0,complex_000456,complex_000069,10,-9.77626
control_r0,complex_000456,complex_000069,11,-8.76987
control_r0,complex_000456,complex_000069,12,-7.54026
control_r0,complex_000456,complex_000069,13,-7.75713
control_r0,complex_000456,complex_000069,14,-4.56239
control_r0,complex_000456,complex_000069,15,-8.03947
control_r0,complex_000456,complex_000069,16,-5.83057
control_r0,complex_000456,complex_000069,17,-8.88765
control_r0,complex_000456,complex_000069,18,-8.67634
control_r0,complex_000456,complex_000069,19,-6.76334
control_r0,complex_000400,complex_000403,0,
control_r0,complex_000400,complex_000403,1,
control_r0,complex_000400,complex_000403,2,
control_r0,complex_000400,complex_000403,3,
control_r0,complex_000400,complex_000403,4,
control_r0,complex_000400,complex_000403,5,
control_r0,complex_000400,complex_000403,6,
control_r0,complex_000400,complex_000403,7,
control_r0,complex_000400,complex_000403,8,
control_r0,complex_000400,complex_000403,9,
control_r0,complex_000400,complex_000403,10,
control_r0,complex_000400,complex_000403,11,
control_r0,complex_000400,complex_000403,12,
control_r0,complex_000400,complex_000403,13,
control_r0,complex_000400,complex_000403,14,
control_r0,complex_000400,complex_000403,15,
control_r0,complex_000400,complex_000403,16,
control_r0,complex_000400,complex_000403,17,
control_r0,complex_000400,complex_000403,18,
control_r0,complex_000400,complex_000403,19,
control_r0,complex_000456,complex_000001,0,-5.27225
control_r0,complex_000456,complex_000001,1,-5.85741
control_r0,complex_000456,complex_000001,2,-7.66489
control_r0,complex_000456,complex_000001,3,-7.49391
control_r0,complex_000456,complex_000001,4,-7.01096
control_r0,complex_000456,complex_000001,5,-8.37314
control_r0,complex_000456,complex_000001,6,-4.40964
control_r0,complex_000456,complex_000001,7,-8.74895
control_r0,complex_000456,complex_000001,8,-6.93583
control_r0,complex_000456,complex_000001,9,-6.71323
control_r0,complex_000456,complex_000001,10,-9.68356
control_r0,complex_000456,complex_000001,11,-8.49125
control_r0,complex_000456,complex_000001,12,-5.85848
control_r0,complex_000456,complex_000001,13,-6.15192
control_r0,complex_000456,complex_000001,14,-4.19835
control_r0,complex_000456,complex_000001,15,-7.13751
control_r0,complex_000456,complex_000001,16,-4.77097
control_r0,complex_000456,complex_000001,17,-7.8086
control_r0,complex_000456,complex_000001,18,-7.20314
control_r0,complex_000456,complex_000001,19,-5.94599
control_r0,complex_000400,complex_000236,0,
control_r0,complex_000400,complex_000236,1,
control_r0,complex_000400,complex_000236,2,
control_r0,complex_000400,complex_000236,3,
control_r0,complex_000400,complex_000236,4,
control_r0,complex_000400,complex_000236,5,
control_r0,complex_000400,complex_000236,6,
control_r0,complex_000400,complex_000236,7,
control_r0,complex_000400,complex_000236,8,
control_r0,complex_000400,complex_000236,9,
control_r0,complex_000400,complex_000236,10,
control_r0,complex_000400,complex_000236,11,
control_r0,complex_000400,complex_000236,12,
control_r0,complex_000400,complex_000236,13,
control_r0,complex_000400,complex_000236,14,
control_r0,complex_000400,complex_000236,15,
control_r0,complex_000400,complex_000236,16,
control_r0,complex_000400,complex_000236,17,
control_r0,complex_000400,complex_000236,18,
control_r0,complex_000400,complex_000236,19,
control_r0,complex_000403,complex_000394,0,-9.55266
control_r0,complex_000403,complex_000394,1,-8.10211
control_r0,complex_000403,complex_000394,2,-6.4664
control_r0,complex_000403,complex_000394,3,-7.91052
control_r0,complex_000403,complex_000394,4,-8.27553
control_r0,complex_000403,complex_000394,5,-7.26308
control_r0,complex_000403,complex_000394,6,-8.69913
control_r0,complex_000403,complex_000394,7,-6.02008
control_r0,complex_000403,complex_000394,8,-8.06865
control_r0,complex_000403,complex_000394,9,-6.83841
control_r0,complex_000403,complex_000394,10,-6.54384
control_r0,complex_000403,complex_000394,11,-5.83995
control_r0,complex_000403,complex_000394,12,-6.73267
control_r0,complex_000403,complex_000394,13,-8.77298
control_r0,complex_000403,complex_000394,14,-7.17315
control_r0,complex_000403,complex_000394,15,-5.8524
control_r0,complex_000403,complex_000394,16,-5.89663
control_r0,complex_000403,complex_000394,17,-6.76419
control_r0,complex_000403,complex_000394,18,-5.67029
control_r0,complex_000403,complex_000394,19,-10.60713
control_r0,complex_000506,complex_000506,0,-6.45651
control_r0,complex_000506,complex_000506,1,-5.1037
control_r0,complex_000506,complex_000506,2,-6.26566
control_r0,complex_000506,complex_000506,3,-6.53282
control_r0,complex_000506,complex_000506,4,-6.49609
control_r0,complex_000506,complex_000506,5,-5.242
control_r0,complex_000506,complex_000506,6,-5.43901
control_r0,complex_000506,complex_000506,7,-7.52769
control_r0,complex_000506,complex_000506,8,-6.4039
control_r0,complex_000506,complex_000506,9,-6.73599
control_r0,complex_000506,complex_000506,10,-6.81455
control_r0,complex_000506,complex_000506,11,-7.19375
control_r0,complex_000506,complex_000506,12,-6.13021
control_r0,complex_000506,complex_000506,13,-7.8347
control_r0,complex_000506,complex_000506,14,-5.2733
control_r0,complex_000506,complex_000506,15,-6.57798
control_r0,complex_000506,complex_000506,16,-6.23074
control_r0,complex_000506,complex_000506,17,-3.3942
control_r0,complex_000506,complex_000506,18,-7.70669
control_r0,complex_000506,complex_000506,19,-4.08425
control_r0,complex_000506,complex_000069,0,-9.81631
control_r0,complex_000506,complex_000069,1,-7.46605
control_r0,complex_000506,complex_000069,2,-5.11592
control_r0,complex_000506,complex_000069,3,-6.22604
control_r0,complex_000506,complex_000069,4,-6.43707
control_r0,complex_000506,complex_000069,5,-7.0745
control_r0,complex_000506,complex_000069,6,-5.99754
control_r0,complex_000506,complex_000069,7,-6.76538
control_r0,complex_000506,complex_000069,8,-5.77032
control_r0,complex_000506,complex_000069,9,-6.79148
control_r0,complex_000506,complex_000069,10,-10.25338
control_r0,complex_000506,complex_000069,11,-7.0228
control_r0,complex_000506,complex_000069,12,-4.69049
control_r0,complex_000506,complex_000069,13,-10.34942
control_r0,complex_000506,complex_000069,14,-4.67188
control_r0,complex_000506,complex_000069,15,-7.30569
control_r0,complex_000506,complex_000069,16,-5.50983
control_r0,complex_000506,complex_000069,17,-3.44402
control_r0,complex_000506,complex_000069,18,-8.75607
control_r0,complex_000506,complex_000069,19,-5.92873
control_r0,complex_000426,complex_000426,0,-10.12256
control_r0,complex_000426,complex_000426,1,-7.78548
control_r0,complex_000426,complex_000426,2,-7.39656
control_r0,complex_000426,complex_000426,3,-6.22218
control_r0,complex_000426,complex_000426,4,-9.69989
control_r0,complex_000426,complex_000426,5,-7.65135
control_r0,complex_000426,complex_000426,6,-8.60968
control_r0,complex_000426,complex_000426,7,-9.17635
control_r0,complex_000426,complex_000426,8,-9.03792
control_r0,complex_000426,complex_000426,9,-8.22149
control_r0,complex_000426,complex_000426,10,-7.20565
control_r0,complex_000426,complex_000426,11,-7.97668
control_r0,complex_000426,complex_000426,12,-7.83315
control_r0,complex_000426,complex_000426,13,-7.02723
control_r0,complex_000426,complex_000426,14,-8.97103
control_r0,complex_000426,complex_000426,15,-7.22386
control_r0,complex_000426,complex_000426,16,-7.33347
control_r0,complex_000426,complex_000426,17,-6.70404
control_r0,complex_000426,complex_000426,18,-6.64511
control_r0,complex_000426,complex_000426,19,-8.79448
control_r0,complex_000426,complex_000477,0,-8.72048
control_r0,complex_000426,complex_000477,1,-6.87634
control_r0,complex_000426,complex_000477,2,-6.76022
control_r0,complex_000426,complex_000477,3,-5.48255
control_r0,complex_000426,complex_000477,4,-7.94923
control_r0,complex_000426,complex_000477,5,-7.03255
control_r0,complex_000426,complex_000477,6,-7.33322
control_r0,complex_000426,complex_000477,7,-8.79458
control_r0,complex_000426,complex_000477,8,-7.89645
control_r0,complex_000426,complex_000477,9,-7.7681
control_r0,complex_000426,complex_000477,10,-6.68247
control_r0,complex_000426,complex_000477,11,-7.89293
control_r0,complex_000426,complex_000477,12,-7.41804
control_r0,complex_000426,complex_000477,13,-6.83024
control_r0,complex_000426,complex_000477,14,-7.56408
control_r0,complex_000426,complex_000477,15,-6.4629
control_r0,complex_000426,complex_000477,16,-6.98662
control_r0,complex_000426,complex_000477,17,-5.64361
control_r0,complex_000426,complex_000477,18,-6.23489
control_r0,complex_000426,complex_000477,19,-7.61312
control_r0,complex_000472,complex_000472,0,-6.97705
control_r0,complex_000472,complex_000472,1,-7.42516
control_r0,complex_000472,complex_000472,2,-10.65779
control_r0,complex_000472,complex_000472,3,-9.3887
control_r0,complex_000472,complex_000472,4,-8.30423
control_r0,complex_000472,complex_000472,5,-8.98827
control_r0,complex_000472,complex_000472,6,-8.87198
control_r0,complex_000472,complex_000472,7,-7.57632
control_r0,complex_000472,complex_000472,8,-9.29463
control_r0,complex_000472,complex_000472,9,-13.06646
control_r0,complex_000472,complex_000472,10,-5.42978
control_r0,complex_000472,complex_000472,11,-9.41422
control_r0,complex_000472,complex_000472,12,-8.69187
control_r0,complex_000472,complex_000472,13,-7.82716
control_r0,complex_000472,complex_000472,14,-7.20858
control_r0,complex_000472,complex_000472,15,-9.59106
control_r0,complex_000472,complex_000472,16,-7.67406
control_r0,complex_000472,complex_000472,17,-7.45217
control_r0,complex_000472,complex_000472,18,-11.11319
control_r0,complex_000472,complex_000472,19,-9.73987
control_r0,complex_000426,complex_000473,0,-8.97973
control_r0,complex_000426,complex_000473,1,-6.56794
control_r0,complex_000426,complex_000473,2,-7.16148
control_r0,complex_000426,complex_000473,3,-5.92972
control_r0,complex_000426,complex_000473,4,-7.79462
control_r0,complex_000426,complex_000473,5,-6.82143
control_r0,complex_000426,complex_000473,6,-8.09659
control_r0,complex_000426,complex_000473,7,-7.87856
control_r0,complex_000426,complex_000473,8,-7.94994
control_r0,complex_000426,complex_000473,9,-7.56416
control_r0,complex_000426,complex_000473,10,-6.70078
control_r0,complex_000426,complex_000473,11,-7.52191
control_r0,complex_000426,complex_000473,12,-6.83737
control_r0,complex_000426,complex_000473,13,-6.81772
control_r0,complex_000426,complex_000473,14,-7.38276
control_r0,complex_000426,complex_000473,15,-6.84314
control_r0,complex_000426,complex_000473,16,-6.12083
control_r0,complex_000426,complex_000473,17,-5.88189
control_r0,complex_000426,complex_000473,18,-5.94526
control_r0,complex_000426,complex_000473,19,-7.25754
control_r0,complex_000473,complex_000477,0,-7.91616
control_r0,complex_000473,complex_000477,1,-8.20784
control_r0,complex_000473,complex_000477,2,-6.0908
control_r0,complex_000473,complex_000477,3,-7.07505
control_r0,complex_000473,complex_000477,4,-6.58458
control_r0,complex_000473,complex_000477,5,-9.11568
control_r0,complex_000473,complex_000477,6,-6.33652
control_r0,complex_000473,complex_000477,7,-7.87598
control_r0,complex_000473,complex_000477,8,-6.45997
control_r0,complex_000473,complex_000477,9,-8.25903
control_r0,complex_000473,complex_000477,10,-4.83285
control_r0,complex_000473,complex_000477,11,-9.33854
control_r0,complex_000473,complex_000477,12,-5.66035
control_r0,complex_000473,complex_000477,13,-5.80636
control_r0,complex_000473,complex_000477,14,-6.81165
control_r0,complex_000473,complex_000477,15,-6.04704
control_r0,complex_000473,complex_000477,16,-5.15048
control_r0,complex_000473,complex_000477,17,-6.72661
control_r0,complex_000473,complex_000477,18,-6.06118
control_r0,complex_000473,complex_000477,19,-5.8205
control_r0,complex_000473,complex_000473,0,-8.32508
control_r0,complex_000473,complex_000473,1,-9.18959
control_r0,complex_000473,complex_000473,2,-6.27829
control_r0,complex_000473,complex_000473,3,-6.25308
control_r0,complex_000473,complex_000473,4,-7.209
control_r0,complex_000473,complex_000473,5,-8.68124
control_r0,complex_000473,complex_000473,6,-6.0728
control_r0,complex_000473,complex_000473,7,-6.82267
control_r0,complex_000473,complex_000473,8,-5.49159
control_r0,complex_000473,complex_000473,9,-7.90911
control_r0,complex_000473,complex_000473,10,-5.14295
control_r0,complex_000473,complex_000473,11,-8.2169
control_r0,complex_000473,complex_000473,12,-5.55582
control_r0,complex_000473,complex_000473,13,-5.27597
control_r0,complex_000473,complex_000473,14,-6.43059
control_r0,complex_000473,complex_000473,15,-6.34875
control_r0,complex_000473,complex_000473,16,-5.30644
control_r0,complex_000473,complex_000473,17,-6.05963
control_r0,complex_000473,complex_000473,18,-6.17811
control_r0,complex_000473,complex_000473,19,-5.90046
control_r0,complex_000506,complex_000394,0,-8.01452
control_r0,complex_000506,complex_000394,1,-6.77215
control_r0,complex_000506,complex_000394,2,-5.6723
control_r0,complex_000506,complex_000394,3,-5.64971
control_r0,complex_000506,complex_000394,4,-6.44988
control_r0,complex_000506,complex_000394,5,-6.76941
control_r0,complex_000506,complex_000394,6,-5.49748
control_r0,complex_000506,complex_000394,7,-6.8904
control_r0,complex_000506,complex_000394,8,-5.57568
control_r0,complex_000506,complex_000394,9,-6.58324
control_r0,complex_000506,complex_000394,10,-8.66978
control_r0,complex_000506,complex_000394,11,-7.33286
control_r0,complex_000506,complex_000394,12,-4.84753
control_r0,complex_000506,complex_000394,13,-8.71086
control_r0,complex_000506,complex_000394,14,-4.83232
control_r0,complex_000506,complex_000394,15,-7.78457
control_r0,complex_000506,complex_000394,16,-5.51266
control_r0,complex_000506,complex_000394,17,-3.86883
control_r0,complex_000506,complex_000394,18,-9.34378
control_r0,complex_000506,complex_000394,19,-6.08813
control_r0,complex_000472,complex_000170,0,-7.47718
control_r0,complex_000472,complex_000170,1,-2.98837
control_r0,complex_000472,complex_000170,2,-8.33192
control_r0,complex_000472,complex_000170,3,-9.80834
control_r0,complex_000472,complex_000170,4,-7.32613
control_r0,complex_000472,complex_000170,5,-4.16322
control_r0,complex_000472,complex_000170,6,-7.93196
control_r0,complex_000472,complex_000170,7,-8.52357
control_r0,complex_000472,complex_000170,8,-6.21255
control_r0,complex_000472,complex_000170,9,7.88035
control_r0,complex_000472,complex_000170,10,-5.19
control_r0,complex_000472,complex_000170,11,-7.81469
control_r0,complex_000472,complex_000170,12,-8.58005
control_r0,complex_000472,complex_000170,13,-8.41446
control_r0,complex_000472,complex_000170,14,-8.21938
control_r0,complex_000472,complex_000170,15,-7.67452
control_r0,complex_000472,complex_000170,16,-8.58616
control_r0,complex_000472,complex_000170,17,-7.18697
control_r0,complex_000472,complex_000170,18,-7.98386
control_r0,complex_000472,complex_000170,19,-8.68431
control_r0,complex_000473,complex_000472,0,-8.62622
control_r0,complex_000473,complex_000472,1,-9.57995
control_r0,complex_000473,complex_000472,2,-7.19762
control_r0,complex_000473,complex_000472,3,-8.26136
control_r0,complex_000473,complex_000472,4,-7.83025
control_r0,complex_000473,complex_000472,5,-9.73171
control_r0,complex_000473,complex_000472,6,-7.68425
control_r0,complex_000473,complex_000472,7,-8.67611
control_r0,complex_000473,complex_000472,8,-6.96855
control_r0,complex_000473,complex_000472,9,-9.97466
control_r0,complex_000473,complex_000472,10,-5.92696
control_r0,complex_000473,complex_000472,11,-11.23826
control_r0,complex_000473,complex_000472,12,-7.30991
control_r0,complex_000473,complex_000472,13,-6.43828
control_r0,complex_000473,complex_000472,14,-8.86048
control_r0,complex_000473,complex_000472,15,-7.61127
control_r0,complex_000473,complex_000472,16,-6.46168
control_r0,complex_000473,complex_000472,17,-7.60056
control_r0,complex_000473,complex_000472,18,-7.18907
control_r0,complex_000473,complex_000472,19,-6.57287
control_r0,complex_000472,complex_000400,0,-7.29231
control_r0,complex_000472,complex_000400,1,-6.5284
control_r0,complex_000472,complex_000400,2,-11.10015
control_r0,complex_000472,complex_000400,3,-9.13733
control_r0,complex_000472,complex_000400,4,-8.93754
control_r0,complex_000472,complex_000400,5,-9.79924
control_r0,complex_000472,complex_000400,6,-9.3558
control_r0,complex_000472,complex_000400,7,-7.23131
control_r0,complex_000472,complex_000400,8,-9.42526
control_r0,complex_000472,complex_000400,9,-10.31985
control_r0,complex_000472,complex_000400,10,-5.47719
control_r0,complex_000472,complex_000400,11,-9.33907
control_r0,complex_000472,complex_000400,12,-8.63973
control_r0,complex_000472,complex_000400,13,-8.16856
control_r0,complex_000472,complex_000400,14,-7.50203
control_r0,complex_000472,complex_000400,15,-9.67455
control_r0,complex_000472,complex_000400,16,-7.93085
control_r0,complex_000472,complex_000400,17,-7.53412
control_r0,complex_000472,complex_000400,18,-10.66343
control_r0,complex_000472,complex_000400,19,-9.56074
control_r0,complex_000426,complex_000374,0,-7.38365
control_r0,complex_000426,complex_000374,1,-8.46677
control_r0,complex_000426,complex_000374,2,-8.09457
control_r0,complex_000426,complex_000374,3,-6.88095
control_r0,complex_000426,complex_000374,4,-7.60795
control_r0,complex_000426,complex_000374,5,-8.34338
control_r0,complex_000426,complex_000374,6,-9.34878
control_r0,complex_000426,complex_000374,7,-8.45829
control_r0,complex_000426,complex_000374,8,-7.12797
control_r0,complex_000426,complex_000374,9,-7.73302
control_r0,complex_000426,complex_000374,10,-7.96492
control_r0,complex_000426,complex_000374,11,-9.25081
control_r0,complex_000426,complex_000374,12,-9.11932
control_r0,complex_000426,complex_000374,13,-7.84537
control_r0,complex_000426,complex_000374,14,-7.41735
control_r0,complex_000426,complex_000374,15,-7.29607
control_r0,complex_000426,complex_000374,16,-7.82368
control_r0,complex_000426,complex_000374,17,-6.92572
control_r0,complex_000426,complex_000374,18,-6.69335
control_r0,complex_000426,complex_000374,19,-9.30499
control_r0,complex_000506,complex_000473,0,-6.94151
control_r0,complex_000506,complex_000473,1,-5.89399
control_r0,complex_000506,complex_000473,2,-4.49453
control_r0,complex_000506,complex_000473,3,-5.53139
control_r0,complex_000506,complex_000473,4,-5.46461
control_r0,complex_000506,complex_000473,5,-5.89094
control_r0,complex_000506,complex_000473,6,-4.67863
control_r0,complex_000506,complex_000473,7,-5.81679
control_r0,complex_000506,complex_000473,8,-4.86898
control_r0,complex_000506,complex_000473,9,-5.5445
control_r0,complex_000506,complex_000473,10,-8.19029
control_r0,complex_000506,complex_000473,11,-6.05687
control_r0,complex_000506,complex_000473,12,-4.51339
control_r0,complex_000506,complex_000473,13,-8.05824
control_r0,complex_000506,complex_000473,14,-4.03492
control_r0,complex_000506,complex_000473,15,-6.78092
control_r0,complex_000506,complex_000473,16,-5.17314
control_r0,complex_000506,complex_000473,17,-3.24233
control_r0,complex_000506,complex_000473,18,-6.83147
control_r0,complex_000506,complex_000473,19,-4.61609
control_r0,complex_000472,complex_000506,0,-5.33639
control_r0,complex_000472,complex_000506,1,-4.83883
control_r0,complex_000472,complex_000506,2,-7.41424
control_r0,complex_000472,complex_000506,3,-7.19524
control_r0,complex_000472,complex_000506,4,-6.21691
control_r0,complex_000472,complex_000506,5,-6.85309
control_r0,complex_000472,complex_000506,6,-6.89509
control_r0,complex_000472,complex_000506,7,-7.39759
control_r0,complex_000472,complex_000506,8,-6.97004
control_r0,complex_000472,complex_000506,9,-7.68822
control_r0,complex_000472,complex_000506,10,-5.58534
control_r0,complex_000472,complex_000506,11,-6.97767
control_r0,complex_000472,complex_000506,12,-6.54193
control_r0,complex_000472,complex_000506,13,-6.7892
control_r0,complex_000472,complex_000506,14,-5.37159
control_r0,complex_000472,complex_000506,15,-6.43141
control_r0,complex_000472,complex_000506,16,-6.33537
control_r0,complex_000472,complex_000506,17,-4.48046
control_r0,complex_000472,complex_000506,18,-7.40162
control_r0,complex_000472,complex_000506,19,-7.41888
control_r0,complex_000473,complex_000170,0,-6.54145
control_r0,complex_000473,complex_000170,1,-6.70277
control_r0,complex_000473,complex_000170,2,-7.64947
control_r0,complex_000473,complex_000170,3,-6.54657
control_r0,complex_000473,complex_000170,4,-8.31699
control_r0,complex_000473,complex_000170,5,-7.30714
control_r0,complex_000473,complex_000170,6,-6.33603
control_r0,complex_000473,complex_000170,7,-5.75199
control_r0,complex_000473,complex_000170,8,-7.55725
control_r0,complex_000473,complex_000170,9,-8.39897
control_r0,complex_000473,complex_000170,10,-7.05091
control_r0,complex_000473,complex_000170,11,1.00621
control_r0,complex_000473,complex_000170,12,-6.95088
control_r0,complex_000473,complex_000170,13,-7.28877
control_r0,complex_000473,complex_000170,14,-8.48935
control_r0,complex_000473,complex_000170,15,-8.36888
control_r0,complex_000473,complex_000170,16,-7.43265
control_r0,complex_000473,complex_000170,17,-7.72163
control_r0,complex_000473,complex_000170,18,-8.17596
control_r0,complex_000473,complex_000170,19,-7.23112
control_r0,complex_000477,complex_000140,0,-8.75897
control_r0,complex_000477,complex_000140,1,-8.89525
control_r0,complex_000477,complex_000140,2,-5.89128
control_r0,complex_000477,complex_000140,3,-10.41225
control_r0,complex_000477,complex_000140,4,-8.03089
control_r0,complex_000477,complex_000140,5,-7.68121
control_r0,complex_000477,complex_000140,6,-8.26261
control_r0,complex_000477,complex_000140,7,-7.31336
control_r0,complex_000477,complex_000140,8,-7.11355
control_r0,complex_000477,complex_000140,9,-9.14764
control_r0,complex_000477,complex_000140,10,-7.06778
control_r0,complex_000477,complex_000140,11,-7.30566
control_r0,complex_000477,complex_000140,12,-8.21305
control_r0,complex_000477,complex_000140,13,-5.22622
control_r0,complex_000477,complex_000140,14,-8.81337
control_r0,complex_000477,complex_000140,15,-5.96715
control_r0,complex_000477,complex_000140,16,-8.76416
control_r0,complex_000477,complex_000140,17,-6.25081
control_r0,complex_000477,complex_000140,18,-8.4601
control_r0,complex_000477,complex_000140,19,-8.02234
control_r0,complex_000477,complex_000477,0,-7.42172
control_r0,complex_000477,complex_000477,1,-8.82604
control_r0,complex_000477,complex_000477,2,-5.04115
control_r0,complex_000477,complex_000477,3,-10.17497
control_r0,complex_000477,complex_000477,4,-7.00182
control_r0,complex_000477,complex_000477,5,-6.20913
control_r0,complex_000477,complex_000477,6,-6.32771
control_r0,complex_000477,complex_000477,7,-6.33084
control_r0,complex_000477,complex_000477,8,-6.18504
control_r0,complex_000477,complex_000477,9,-8.57008
control_r0,complex_000477,complex_000477,10,-5.64651
control_r0,complex_000477,complex_000477,11,-6.54795
control_r0,complex_000477,complex_000477,12,-7.70795
control_r0,complex_000477,complex_000477,13,-5.08308
control_r0,complex_000477,complex_000477,14,-7.17737
control_r0,complex_000477,complex_000477,15,-5.19657
control_r0,complex_000477,complex_000477,16,-7.69482
control_r0,complex_000477,complex_000477,17,-5.04432
control_r0,complex_000477,complex_000477,18,-7.77612
control_r0,complex_000477,complex_000477,19,-7.52741
control_r0,complex_000477,complex_000223,0,-6.02228
control_r0,complex_000477,complex_000223,1,-6.88284
control_r0,complex_000477,complex_000223,2,-4.37351
control_r0,complex_000477,complex_000223,3,-6.79259
control_r0,complex_000477,complex_000223,4,-5.33666
control_r0,complex_000477,complex_000223,5,-5.32341
control_r0,complex_000477,complex_000223,6,-5.36773
control_r0,complex_000477,complex_000223,7,-5.63539
control_r0,complex_000477,complex_000223,8,-5.06154
control_r0,complex_000477,complex_000223,9,-6.65258
control_r0,complex_000477,complex_000223,10,-4.91421
control_r0,complex_000477,complex_000223,11,-5.12498
control_r0,complex_000477,complex_000223,12,-5.90446
control_r0,complex_000477,complex_000223,13,-4.75336
control_r0,complex_000477,complex_000223,14,-6.24663
control_r0,complex_000477,complex_000223,15,-4.92108
control_r0,complex_000477,complex_000223,16,-6.34025
control_r0,complex_000477,complex_000223,17,-4.31521
control_r0,complex_000477,complex_000223,18,-5.70848
control_r0,complex_000477,complex_000223,19,-6.38315
control_r0,complex_000477,complex_000165,0,-5.53742
control_r0,complex_000477,complex_000165,1,-0.55589
control_r0,complex_000477,complex_000165,2,-5.69808
control_r0,complex_000477,complex_000165,3,-5.37633
control_r0,complex_000477,complex_000165,4,-3.34972
control_r0,complex_000477,complex_000165,5,-7.05176
control_r0,complex_000477,complex_000165,6,-6.43441
control_r0,complex_000477,complex_000165,7,-5.70051
control_r0,complex_000477,complex_000165,8,-6.0516
control_r0,complex_000477,complex_000165,9,-5.9905
control_r0,complex_000477,complex_000165,10,-6.72594
control_r0,complex_000477,complex_000165,11,-5.51795
control_r0,complex_000477,complex_000165,12,-4.9212
control_r0,complex_000477,complex_000165,13,-7.09932
control_r0,complex_000477,complex_000165,14,-1.66241
control_r0,complex_000477,complex_000165,15,-7.73178
control_r0,complex_000477,complex_000165,16,-5.00735
control_r0,complex_000477,complex_000165,17,-5.72456
control_r0,complex_000477,complex_000165,18,-6.87764
control_r0,complex_000477,complex_000165,19,-7.77858
control_r0,complex_000535,complex_000266,0,-4.54535
control_r0,complex_000535,complex_000266,1,-7.89548
control_r0,complex_000535,complex_000266,2,-6.29153
control_r0,complex_000535,complex_000266,3,-8.2444
control_r0,complex_000535,complex_000266,4,-10.436
control_r0,complex_000535,complex_000266,5,-6.79671
control_r0,complex_000535,complex_000266,6,-8.94652
control_r0,complex_000535,complex_000266,7,-8.46409
control_r0,complex_000535,complex_000266,8,-9.19287
control_r0,complex_000535,complex_000266,9,-8.51322
control_r0,complex_000535,complex_000266,10,-7.60723
control_r0,complex_000535,complex_000266,11,-7.83318
control_r0,complex_000535,complex_000266,12,-5.63866
control_r0,complex_000535,complex_000266,13,-9.24605
control_r0,complex_000535,complex_000266,14,-7.32143
control_r0,complex_000535,complex_000266,15,-5.96264
control_r0,complex_000535,complex_000266,16,-8.7594
control_r0,complex_000535,complex_000266,17,-9.30345
control_r0,complex_000535,complex_000266,18,-9.46056
control_r0,complex_000535,complex_000266,19,-7.35782
control_r0,complex_000535,complex_000179,0,-4.32833
control_r0,complex_000535,complex_000179,1,-8.94624
control_r0,complex_000535,complex_000179,2,-6.81554
control_r0,complex_000535,complex_000179,3,-9.72219
control_r0,complex_000535,complex_000179,4,-12.29352
control_r0,complex_000535,complex_000179,5,-7.37314
control_r0,complex_000535,complex_000179,6,-9.01404
control_r0,complex_000535,complex_000179,7,-9.11277
control_r0,complex_000535,complex_000179,8,-10.19141
control_r0,complex_000535,complex_000179,9,-9.04439
control_r0,complex_000535,complex_000179,10,-7.4601
control_r0,complex_000535,complex_000179,11,-9.00478
control_r0,complex_000535,complex_000179,12,-6.01526
control_r0,complex_000535,complex_000179,13,-10.35626
control_r0,complex_000535,complex_000179,14,-8.13738
control_r0,complex_000535,complex_000179,15,-6.41876
control_r0,complex_000535,complex_000179,16,-8.69493
control_r0,complex_000535,complex_000179,17,-11.20363
control_r0,complex_000535,complex_000179,18,-10.95206
control_r0,complex_000535,complex_000179,19,-7.90484
control_r0,complex_000535,complex_000535,0,-4.50043
control_r0,complex_000535,complex_000535,1,-7.33191
control_r0,complex_000535,complex_000535,2,-6.96038
control_r0,complex_000535,complex_000535,3,-9.68027
control_r0,complex_000535,complex_000535,4,-9.23188
control_r0,complex_000535,complex_000535,5,-7.27622
control_r0,complex_000535,complex_000535,6,-8.38011
control_r0,complex_000535,complex_000535,7,-7.74658
control_r0,complex_000535,complex_000535,8,-10.31098
control_r0,complex_000535,complex_000535,9,-9.09027
control_r0,complex_000535,complex_000535,10,-7.47672
control_r0,complex_000535,complex_000535,11,-9.05632
control_r0,complex_000535,complex_000535,12,-6.79743
control_r0,complex_000535,complex_000535,13,-9.57009
control_r0,complex_000535,complex_000535,14,-9.06993
control_r0,complex_000535,complex_000535,15,-6.5457
control_r0,complex_000535,complex_000535,16,-8.97411
control_r0,complex_000535,complex_000535,17,-8.30355
control_r0,complex_000535,complex_000535,18,-9.10887
control_r0,complex_000535,complex_000535,19,-7.65254
control_r0,complex_000535,complex_000374,0,-3.82146
control_r0,complex_000535,complex_000374,1,-8.34129
control_r0,complex_000535,complex_000374,2,-6.5437
control_r0,complex_000535,complex_000374,3,-10.51448
control_r0,complex_000535,complex_000374,4,-8.55391
control_r0,complex_000535,complex_000374,5,-6.87248
control_r0,complex_000535,complex_000374,6,-8.61595
control_r0,complex_000535,complex_000374,7,-9.52379
control_r0,complex_000535,complex_000374,8,-10.94364
control_r0,complex_000535,complex_000374,9,-8.73542
control_r0,complex_000535,complex_000374,10,-6.89912
control_r0,complex_000535,complex_000374,11,-8.88037
control_r0,complex_000535,complex_000374,12,-5.51551
control_r0,complex_000535,complex_000374,13,-10.28512
control_r0,complex_000535,complex_000374,14,-8.25019
control_r0,complex_000535,complex_000374,15,-6.24467
control_r0,complex_000535,complex_000374,16,-8.45897
control_r0,complex_000535,complex_000374,17,-11.29591
control_r0,complex_000535,complex_000374,18,-9.00867
control_r0,complex_000535,complex_000374,19,-7.75651
control_r0,complex_000540,complex_000472,0,-9.40776
control_r0,complex_000540,complex_000472,1,-5.49093
control_r0,complex_000540,complex_000472,2,-9.67434
control_r0,complex_000540,complex_000472,3,-6.45348
control_r0,complex_000540,complex_000472,4,-11.12046
control_r0,complex_000540,complex_000472,5,-9.30877
control_r0,complex_000540,complex_000472,6,-8.83479
control_r0,complex_000540,complex_000472,7,-7.80945
control_r0,complex_000540,complex_000472,8,-7.20792
control_r0,complex_000540,complex_000472,9,-8.10727
control_r0,complex_000540,complex_000472,10,-7.79883
control_r0,complex_000540,complex_000472,11,-7.43808
control_r0,complex_000540,complex_000472,12,-8.56627
control_r0,complex_000540,complex_000472,13,-7.3391
control_r0,complex_000540,complex_000472,14,-6.92341
control_r0,complex_000540,complex_000472,15,-5.57704
control_r0,complex_000540,complex_000472,16,-7.23598
control_r0,complex_000540,complex_000472,17,-9.75044
control_r0,complex_000540,complex_000472,18,-10.12853
control_r0,complex_000540,complex_000472,19,-10.34141
control_r0,complex_000540,complex_000376,0,-9.35279
control_r0,complex_000540,complex_000376,1,-5.72589
control_r0,complex_000540,complex_000376,2,-10.3122
control_r0,complex_000540,complex_000376,3,-6.13235
control_r0,complex_000540,complex_000376,4,-11.29048
control_r0,complex_000540,complex_000376,5,-8.79552
control_r0,complex_000540,complex_000376,6,-9.14988
control_r0,complex_000540,complex_000376,7,-7.42997
control_r0,complex_000540,complex_000376,8,-7.10223
control_r0,complex_000540,complex_000376,9,-7.10405
control_r0,complex_000540,complex_000376,10,-7.70651
control_r0,complex_000540,complex_000376,11,-7.04146
control_r0,complex_000540,complex_000376,12,-8.16772
control_r0,complex_000540,complex_000376,13,-7.48978
control_r0,complex_000540,complex_000376,14,-6.43619
control_r0,complex_000540,complex_000376,15,-5.23
control_r0,complex_000540,complex_000376,16,-7.08279
control_r0,complex_000540,complex_000376,17,-9.60031
control_r0,complex_000540,complex_000376,18,-10.22634
control_r0,complex_000540,complex_000376,19,-9.33812
control_r0,complex_000540,complex_000540,0,-9.02438
control_r0,complex_000540,complex_000540,1,-5.29879
control_r0,complex_000540,complex_000540,2,-8.92274
control_r0,complex_000540,complex_000540,3,-6.11865
control_r0,complex_000540,complex_000540,4,-10.99114
control_r0,complex_000540,complex_000540,5,-9.19762
control_r0,complex_000540,complex_000540,6,-8.29322
control_r0,complex_000540,complex_000540,7,-7.55399
control_r0,complex_000540,complex_000540,8,-6.50334
control_r0,complex_000540,complex_000540,9,-7.13358
control_r0,complex_000540,complex_000540,10,-6.75367
control_r0,complex_000540,complex_000540,11,-6.83791
control_r0,complex_000540,complex_000540,12,-8.51875
control_r0,complex_000540,complex_000540,13,-6.67297
control_r0,complex_000540,complex_000540,14,-6.42218
control_r0,complex_000540,complex_000540,15,-4.87157
control_r0,complex_000540,complex_000540,16,-6.70577
control_r0,complex_000540,complex_000540,17,-8.88156
control_r0,complex_000540,complex_000540,18,-9.08452
control_r0,complex_000540,complex_000540,19,-9.44434
control_r0,complex_000540,complex_000026,0,-7.89795
control_r0,complex_000540,complex_000026,1,-5.42768
control_r0,complex_000540,complex_000026,2,-8.7625
control_r0,complex_000540,complex_000026,3,-5.71281
control_r0,complex_000540,complex_000026,4,-9.29924
control_r0,complex_000540,complex_000026,5,-8.25761
control_r0,complex_000540,complex_000026,6,-7.43644
control_r0,complex_000540,complex_000026,7,-6.63847
control_r0,complex_000540,complex_000026,8,-6.8933
control_r0,complex_000540,complex_000026,9,-6.68878
control_r0,complex_000540,complex_000026,10,-7.09938
control_r0,complex_000540,complex_000026,11,-6.28434
control_r0,complex_000540,complex_000026,12,-8.01727
control_r0,complex_000540,complex_000026,13,-6.45697
control_r0,complex_000540,complex_000026,14,-5.8379
control_r0,complex_000540,complex_000026,15,-5.40976
control_r0,complex_000540,complex_000026,16,-6.56507
control_r0,complex_000540,complex_000026,17,-9.36754
control_r0,complex_000540,complex_000026,18,-9.017
control_r0,complex_000540,complex_000026,19,-9.08195
