arm,pocket,receptor,mol_idx,score
critic_r1,complex_000001,complex_000456,0,-6.8769
critic_r1,complex_000001,complex_000456,1,-7.66905
critic_r1,complex_000001,complex_000456,2,-8.14406
critic_r1,complex_000001,complex_000456,3,-6.83037
critic_r1,complex_000001,complex_000456,4,-7.1747
critic_r1,complex_000001,complex_000456,5,-8.47326
critic_r1,complex_000001,complex_000456,6,-6.9387
critic_r1,complex_000001,complex_000456,7,-6.04189
critic_r1,complex_000001,complex_000456,8,-7.87883
critic_r1,complex_000001,complex_000456,9,-7.16831
critic_r1,complex_000001,complex_000456,10,-4.94085
critic_r1,complex_000001,complex_000456,11,-7.90618
critic_r1,complex_000001,complex_000456,12,-5.52411
critic_r1,complex_000001,complex_000456,13,-7.09343
critic_r1,complex_000001,complex_000456,14,-6.56348
critic_r1,complex_000001,complex_000456,15,-6.76092
critic_r1,complex_000001,complex_000456,16,-7.2905
critic_r1,complex_000001,complex_000456,17,-9.42273
critic_r1,complex_000001,complex_000456,18,-7.72245
critic_r1,complex_000001,complex_000456,19,-4.36199
critic_r1,complex_000001,complex_000363,0,-8.43772
critic_r1,complex_000001,complex_000363,1,-10.24745
critic_r1,complex_000001,complex_000363,2,-9.40261
critic_r1,complex_000001,complex_000363,3,-9.08885
critic_r1,complex_000001,complex_000363,4,-8.1959
critic_r1,complex_000001,complex_000363,5,-11.55665
critic_r1,complex_000001,complex_000363,6,-8.23698
critic_r1,complex_000001,complex_000363,7,-6.91089
critic_r1,complex_000001,complex_000363,8,-8.99235
critic_r1,complex_000001,complex_000363,9,-8.41745
critic_r1,complex_000001,complex_000363,10,-5.60183
critic_r1,complex_000001,complex_000363,11,-9.49547
critic_r1,complex_000001,complex_000363,12,-5.91474
critic_r1,complex_000001,complex_000363,13,-8.62605
critic_r1,complex_000001,complex_000363,14,-7.44377
critic_r1,complex_000001,complex_000363,15,-8.04533
critic_r1,complex_000001,complex_000363,16,-7.1682
critic_r1,complex_000001,complex_000363,17,-10.88296
critic_r1,complex_000001,complex_000363,18,-8.22719
critic_r1,complex_000001,complex_000363,19,-5.21831
critic_r1,complex_000059,complex_000059,0,-8.36112
critic_r1,complex_000059,complex_000059,1,-9.67221
critic_r1,complex_000059,complex_000059,2,-8.30279
critic_r1,complex_000059,complex_000059,3,-10.25609
critic_r1,complex_000059,complex_000059,4,-7.76469
critic_r1,complex_000059,complex_000059,5,-10.89508
critic_r1,complex_000059,complex_000059,6,-8.50104
critic_r1,complex_000059,complex_000059,7,-10.12095
critic_r1,complex_000059,complex_000059,8,-8.04846
critic_r1,complex_000059,complex_000059,9,-6.37487
critic_r1,complex_000059,complex_000059,10,-8.07229
critic_r1,complex_000059,complex_000059,11,-9.96398
critic_r1,complex_000059,complex_000059,12,-9.41282
critic_r1,complex_000059,complex_000059,13,-10.96996
critic_r1,complex_000059,complex_000059,14,-9.99129
critic_r1,complex_000059,complex_000059,15,-8.29508
critic_r1,complex_000059,complex_000059,16,-9.39926
critic_r1,complex_000059,complex_000059,17,-9.06676
critic_r1,complex_000059,complex_000059,18,-10.90573
critic_r1,complex_000059,complex_000059,19,-8.18656
critic_r1,complex_000001,complex_000001,0,-7.68781
critic_r1,complex_000001,complex_000001,1,-8.59895
critic_r1,complex_000001,complex_000001,2,-8.53056
critic_r1,complex_000001,complex_000001,3,-7.4452
critic_r1,complex_000001,complex_000001,4,-7.57382
critic_r1,complex_000001,complex_000001,5,-9.39672
critic_r1,complex_000001,complex_000001,6,-7.83492
critic_r1,complex_000001,complex_000001,7,-7.03879
critic_r1,complex_000001,complex_000001,8,-9.03904
critic_r1,complex_000001,complex_000001,9,-7.20348
critic_r1,complex_000001,complex_000001,10,-4.72692
critic_r1,complex_000001,complex_000001,11,-9.67273
critic_r1,complex_000001,complex_000001,12,-5.93383
critic_r1,complex_000001,complex_000001,13,-8.15254
critic_r1,complex_000001,complex_000001,14,-7.16134
critic_r1,complex_000001,complex_000001,15,-6.87734
critic_r1,complex_000001,complex_000001,16,-8.02254
critic_r1,complex_000001,complex_000001,17,-9.78183
critic_r1,complex_000001,complex_000001,18,-7.5547
critic_r1,complex_000001,complex_000001,19,-4.82273
critic_r1,complex_000051,complex_000266,0,-9.26128
critic_r1,complex_000051,complex_000266,1,-9.9277
critic_r1,complex_000051,complex_000266,2,-8.9906
critic_r1,complex_000051,complex_000266,3,-7.64617
critic_r1,complex_000051,complex_000266,4,-8.21549
critic_r1,complex_000051,complex_000266,5,-9.55186
critic_r1,complex_000051,complex_000266,6,-10.80991
critic_r1,complex_000051,complex_000266,7,-10.15436
critic_r1,complex_000051,complex_000266,8,-10.1428
critic_r1,complex_000051,complex_000266,9,-10.76621
critic_r1,complex_000051,complex_000266,10,-8.47017
critic_r1,complex_000051,complex_000266,11,-6.05547
critic_r1,complex_000051,complex_000266,12,-8.28401
critic_r1,complex_000051,complex_000266,13,-10.63795
critic_r1,complex_000051,complex_000266,14,-5.26074
critic_r1,complex_000051,complex_000266,15,-7.33191
critic_r1,complex_000051,complex_000266,16,-8.06123
critic_r1,complex_000051,complex_000266,17,-6.47806
critic_r1,complex_000051,complex_000266,18,-7.39642
critic_r1,complex_000051,complex_000266,19,-7.89251
critic_r1,complex_000059,complex_000456,0,-6.77683
critic_r1,complex_000059,complex_000456,1,-7.201
critic_r1,complex_000059,complex_000456,2,-8.07528
critic_r1,complex_000059,complex_000456,3,-8.23806
critic_r1,complex_000059,complex_000456,4,-6.45533
critic_r1,complex_000059,complex_000456,5,-9.00903
critic_r1,complex_000059,complex_000456,6,-7.6362
critic_r1,complex_000059,complex_000456,7,-8.94751
critic_r1,complex_000059,complex_000456,8,-7.03151
critic_r1,complex_000059,complex_000456,9,-5.46991
critic_r1,complex_000059,complex_000456,10,-7.1028
critic_r1,complex_000059,complex_000456,11,-9.24238
critic_r1,complex_000059,complex_000456,12,-8.94347
critic_r1,complex_000059,complex_000456,13,-8.20985
critic_r1,complex_000059,complex_000456,14,-8.90696
critic_r1,complex_000059,complex_000456,15,-7.28558
critic_r1,complex_000059,complex_000456,16,-8.7487
critic_r1,complex_000059,complex_000456,17,-7.61454
critic_r1,complex_000059,complex_000456,18,-9.20861
critic_r1,complex_000059,complex_000456,19,-7.00665
critic_r1,complex_000001,complex_000170,0,-8.62621
critic_r1,complex_000001,complex_000170,1,-12.10474
critic_r1,complex_000001,complex_000170,2,-6.49907
critic_r1,complex_000001,complex_000170,3,-8.86013
critic_r1,complex_000001,complex_000170,4,0.41734
critic_r1,complex_000001,complex_000170,5,-3.6953
critic_r1,complex_000001,complex_000170,6,-9.30284
critic_r1,complex_000001,complex_000170,7,-7.91898
critic_r1,complex_000001,complex_000170,8,-6.81662
critic_r1,complex_000001,complex_000170,9,-9.28604
critic_r1,complex_000001,complex_000170,10,-5.09034
critic_r1,complex_000001,complex_000170,11,-9.1035
critic_r1,complex_000001,complex_000170,12,-6.27904
critic_r1,complex_000001,complex_000170,13,-4.55347
critic_r1,complex_000001,complex_000170,14,-5.28595
critic_r1,complex_000001,complex_000170,15,-10.06204
critic_r1,complex_000001,complex_000170,16,-8.74042
critic_r1,complex_000001,complex_000170,17,-5.50919
critic_r1,complex_000001,complex_000170,18,-8.38476
critic_r1,complex_000001,complex_000170,19,-5.84795
critic_r1,complex_000051,complex_000193,0,-8.39388
critic_r1,complex_000051,complex_000193,1,-8.34105
critic_r1,complex_000051,complex_000193,2,-7.36208
critic_r1,complex_000051,complex_000193,3,-7.12103
critic_r1,complex_000051,complex_000193,4,-7.37376
critic_r1,complex_000051,complex_000193,5,-7.98642
critic_r1,complex_000051,complex_000193,6,-9.21004
critic_r1,complex_000051,complex_000193,7,-8.38311
critic_r1,complex_000051,complex_000193,8,-8.6756
critic_r1,complex_000051,complex_000193,9,-9.16945
critic_r1,complex_000051,complex_000193,10,-7.57219
critic_r1,complex_000051,complex_000193,11,-5.68954
critic_r1,complex_000051,complex_000193,12,-7.90663
critic_r1,complex_000051,complex_000193,13,-8.79633
critic_r1,complex_000051,complex_000193,14,-5.48098
critic_r1,complex_000051,complex_000193,15,-6.6328
critic_r1,complex_000051,complex_000193,16,-6.76379
critic_r1,complex_000051,complex_000193,17,-5.83482
critic_r1,complex_000051,complex_000193,18,-6.68891
critic_r1,complex_000051,complex_000193,19,-7.1458
critic_r1,complex_000026,complex_000140,0,-6.14782
critic_r1,complex_000026,complex_000140,1,-8.39807
critic_r1,complex_000026,complex_000140,2,-5.25263
critic_r1,complex_000026,complex_000140,3,-6.00461
critic_r1,complex_000026,complex_000140,4,-9.61131
critic_r1,complex_000026,complex_000140,5,-7.33693
critic_r1,complex_000026,complex_000140,6,-8.77178
critic_r1,complex_000026,complex_000140,7,-9.0264
critic_r1,complex_000026,complex_000140,8,-8.15925
critic_r1,complex_000026,complex_000140,9,-10.04093
critic_r1,complex_000026,complex_000140,10,-9.3188
critic_r1,complex_000026,complex_000140,11,-5.02382
critic_r1,complex_000026,complex_000140,12,-9.19132
critic_r1,complex_000026,complex_000140,13,-5.31842
critic_r1,complex_000026,complex_000140,14,-8.25436
critic_r1,complex_000026,complex_000140,15,-9.72912
critic_r1,complex_000026,complex_000140,16,-9.06779
critic_r1,complex_000026,complex_000140,17,-7.96383
critic_r1,complex_000026,complex_000140,18,-8.98028
critic_r1,complex_000026,complex_000140,19,-5.71054
critic_r1,complex_000059,complex_000266,0,-7.53994
critic_r1,complex_000059,complex_000266,1,-8.01886
critic_r1,complex_000059,complex_000266,2,-8.17583
critic_r1,complex_000059,complex_000266,3,-9.80393
critic_r1,complex_000059,complex_000266,4,-6.9014
critic_r1,complex_000059,complex_000266,5,-10.10173
critic_r1,complex_000059,complex_000266,6,-9.22927
critic_r1,complex_000059,complex_000266,7,-9.76161
critic_r1,complex_000059,complex_000266,8,-7.4709
critic_r1,complex_000059,complex_000266,9,-6.43107
critic_r1,complex_000059,complex_000266,10,-7.41909
critic_r1,complex_000059,complex_000266,11,-9.61161
critic_r1,complex_000059,complex_000266,12,-8.92235
critic_r1,complex_000059,complex_000266,13,-9.39276
critic_r1,complex_000059,complex_000266,14,-9.03005
critic_r1,complex_000059,complex_000266,15,-7.59962
critic_r1,complex_000059,complex_000266,16,-8.66496
critic_r1,complex_000059,complex_000266,17,-8.61514
critic_r1,complex_000059,complex_000266,18,-9.27779
critic_r1,complex_000059,complex_000266,19,-7.22948
critic_r1,complex_000059,complex_000292,0,-5.95447
critic_r1,complex_000059,complex_000292,1,-7.01117
critic_r1,complex_000059,complex_000292,2,-7.86077
critic_r1,complex_000059,complex_000292,3,-7.61459
critic_r1,complex_000059,complex_000292,4,-6.31488
critic_r1,complex_000059,complex_000292,5,-8.50708
critic_r1,complex_000059,complex_000292,6,-7.25268
critic_r1,complex_000059,complex_000292,7,-7.30656
critic_r1,complex_000059,complex_000292,8,-6.62402
critic_r1,complex_000059,complex_000292,9,-5.14591
critic_r1,complex_000059,complex_000292,10,-6.93701
critic_r1,complex_000059,complex_000292,11,-8.17807
critic_r1,complex_000059,complex_000292,12,-7.37192
critic_r1,complex_000059,complex_000292,13,-7.39027
critic_r1,complex_000059,complex_000292,14,-7.71035
critic_r1,complex_000059,complex_000292,15,-7.08912
critic_r1,complex_000059,complex_000292,16,-7.24621
critic_r1,complex_000059,complex_000292,17,-6.84682
critic_r1,complex_000059,complex_000292,18,-8.42759
critic_r1,complex_000059,complex_000292,19,-6.52317
critic_r1,complex_000026,complex_000363,0,-6.11926
critic_r1,complex_000026,complex_000363,1,-9.93681
critic_r1,complex_000026,complex_000363,2,-5.95384
critic_r1,complex_000026,complex_000363,3,-6.36427
critic_r1,complex_000026,complex_000363,4,-10.68078
critic_r1,complex_000026,complex_000363,5,-7.56974
critic_r1,complex_000026,complex_000363,6,-9.6583
critic_r1,complex_000026,complex_000363,7,-9.97067
critic_r1,complex_000026,complex_000363,8,-7.69464
critic_r1,complex_000026,complex_000363,9,-10.90471
critic_r1,complex_000026,complex_000363,10,-9.16846
critic_r1,complex_000026,complex_000363,11,-5.52745
critic_r1,complex_000026,complex_000363,12,-10.87534
critic_r1,complex_000026,complex_000363,13,-5.29313
critic_r1,complex_000026,complex_000363,14,-8.22136
critic_r1,complex_000026,complex_000363,15,-10.05362
critic_r1,complex_000026,complex_000363,16,-6.68564
critic_r1,complex_000026,complex_000363,17,-6.98514
critic_r1,complex_000026,complex_000363,18,-6.33016
critic_r1,complex_000026,complex_000363,19,-6.82773
critic_r1,complex_000051,complex_000051,0,-9.6335
critic_r1,complex_000051,complex_000051,1,-9.07165
critic_r1,complex_000051,complex_000051,2,-8.91761
critic_r1,complex_000051,complex_000051,3,-7.92642
critic_r1,complex_000051,complex_000051,4,-8.23838
critic_r1,complex_000051,complex_000051,5,-9.58264
critic_r1,complex_000051,complex_000051,6,-10.54884
critic_r1,complex_000051,complex_000051,7,-9.20687
critic_r1,complex_000051,complex_000051,8,-9.6424
critic_r1,complex_000051,complex_000051,9,-8.25324
critic_r1,complex_000051,complex_000051,10,-8.63194
critic_r1,complex_000051,complex_000051,11,-6.23666
critic_r1,complex_000051,complex_000051,12,-8.05895
critic_r1,complex_000051,complex_000051,13,-9.56416
critic_r1,complex_000051,complex_000051,14,-5.68928
critic_r1,complex_000051,complex_000051,15,-7.11682
critic_r1,complex_000051,complex_000051,16,-7.62385
critic_r1,complex_000051,complex_000051,17,-6.15074
critic_r1,complex_000051,complex_000051,18,-7.77019
critic_r1,complex_000051,complex_000051,19,-7.28912
critic_r1,complex_000051,complex_000117,0,-9.32657
critic_r1,complex_000051,complex_000117,1,-10.3049
critic_r1,complex_000051,complex_000117,2,-7.58116
critic_r1,complex_000051,complex_000117,3,-8.41784
critic_r1,complex_000051,complex_000117,4,-8.77019
critic_r1,complex_000051,complex_000117,5,-8.55088
critic_r1,complex_000051,complex_000117,6,-10.49819
critic_r1,complex_000051,complex_000117,7,-9.39281
critic_r1,complex_000051,complex_000117,8,-9.08964
critic_r1,complex_000051,complex_000117,9,-8.2052
critic_r1,complex_000051,complex_000117,10,-8.44756
critic_r1,complex_000051,complex_000117,11,-5.7448
critic_r1,complex_000051,complex_000117,12,-7.70267
critic_r1,complex_000051,complex_000117,13,-9.08586
critic_r1,complex_000051,complex_000117,14,-6.19836
critic_r1,complex_000051,complex_000117,15,-7.45337
critic_r1,complex_000051,complex_000117,16,-7.52419
critic_r1,complex_000051,complex_000117,17,-6.23769
critic_r1,complex_000051,complex_000117,18,-7.32629
critic_r1,complex_000051,complex_000117,19,-7.41945
critic_r1,complex_000026,complex_000177,0,-6.02077
critic_r1,complex_000026,complex_000177,1,-8.26164
critic_r1,complex_000026,complex_000177,2,-6.15819
critic_r1,complex_000026,complex_000177,3,-6.24292
critic_r1,complex_000026,complex_000177,4,-8.89801
critic_r1,complex_000026,complex_000177,5,-7.65364
critic_r1,complex_000026,complex_000177,6,-8.1708
critic_r1,complex_000026,complex_000177,7,-9.03893
critic_r1,complex_000026,complex_000177,8,-7.71403
critic_r1,complex_000026,complex_000177,9,-8.59783
critic_r1,complex_000026,complex_000177,10,-9.12398
critic_r1,complex_000026,complex_000177,11,-5.04522
critic_r1,complex_000026,complex_000177,12,-8.99007
critic_r1,complex_000026,complex_000177,13,-5.32648
critic_r1,complex_000026,complex_000177,14,-8.22637
critic_r1,complex_000026,complex_000177,15,-8.43613
critic_r1,complex_000026,complex_000177,16,-5.0615
critic_r1,complex_000026,complex_000177,17,-7.43929
critic_r1,complex_000026,complex_000177,18,-8.49421
critic_r1,complex_000026,complex_000177,19,-5.65205
critic_r1,complex_000026,complex_000026,0,-5.5567
critic_r1,complex_000026,complex_000026,1,-7.79436
critic_r1,complex_000026,complex_000026,2,-5.83995
critic_r1,complex_000026,complex_000026,3,-6.20177
critic_r1,complex_000026,complex_000026,4,-10.89434
critic_r1,complex_000026,complex_000026,5,-6.81246
critic_r1,complex_000026,complex_000026,6,-8.25115
critic_r1,complex_000026,complex_000026,7,-8.85548
critic_r1,complex_000026,complex_000026,8,-7.47743
critic_r1,complex_000026,complex_000026,9,-8.32287
critic_r1,complex_000026,complex_000026,10,-8.54324
critic_r1,complex_000026,complex_000026,11,-5.22267
critic_r1,complex_000026,complex_000026,12,-8.9
critic_r1,complex_000026,complex_000026,13,-5.22794
critic_r1,complex_000026,complex_000026,14,-7.55452
critic_r1,complex_000026,complex_000026,15,-8.69808
critic_r1,complex_000026,complex_000026,16,-9.63924
critic_r1,complex_000026,complex_000026,17,-8.43831
critic_r1,complex_000026,complex_000026,18,-8.79587
critic_r1,complex_000026,complex_000026,19,-6.21933
critic_r1,complex_000069,complex_000069,0,-9.44596
critic_r1,complex_000069,complex_000069,1,-6.4063
critic_r1,complex_000069,complex_000069,2,-10.93526
critic_r1,complex_000069,complex_000069,3,-6.80277
critic_r1,complex_000069,complex_000069,4,-6.93212
critic_r1,complex_000069,complex_000069,5,-9.32933
critic_r1,complex_000069,complex_000069,6,-5.14206
critic_r1,complex_000069,complex_000069,7,-5.77739
critic_r1,complex_000069,complex_000069,8,-7.82635
critic_r1,complex_000069,complex_000069,9,-8.44674
critic_r1,complex_000069,complex_000069,10,-8.52393
critic_r1,complex_000069,complex_000069,11,-7.74778
critic_r1,complex_000069,complex_000069,12,-6.06763
critic_r1,complex_000069,complex_000069,13,-8.41492
critic_r1,complex_000069,complex_000069,14,-8.80148
critic_r1,complex_000069,complex_000069,15,-9.14309
critic_r1,complex_000069,complex_000069,16,-6.64676
critic_r1,complex_000069,complex_000069,17,-8.7554
critic_r1,complex_000069,complex_000069,18,-7.27253
critic_r1,complex_000069,complex_000069,19,-8.02591
critic_r1,complex_000069,complex_000411,0,-8.36337
critic_r1,complex_000069,complex_000411,1,-5.86305
critic_r1,complex_000069,complex_000411,2,-9.39936
critic_r1,complex_000069,complex_000411,3,-6.77683
critic_r1,complex_000069,complex_000411,4,-6.04907
critic_r1,complex_000069,complex_000411,5,-8.52659
critic_r1,complex_000069,complex_000411,6,-5.16288
critic_r1,complex_000069,complex_000411,7,-6.07119
critic_r1,complex_000069,complex_000411,8,-6.99564
critic_r1,complex_000069,complex_000411,9,-7.92708
critic_r1,complex_000069,complex_000411,10,-8.35826
critic_r1,complex_000069,complex_000411,11,-8.52908
critic_r1,complex_000069,complex_000411,12,-5.95378
critic_r1,complex_000069,complex_000411,13,-7.84254
critic_r1,complex_000069,complex_000411,14,-8.48774
critic_r1,complex_000069,complex_000411,15,-9.22297
critic_r1,complex_000069,complex_000411,16,-6.68273
critic_r1,complex_000069,complex_000411,17,-7.91339
critic_r1,complex_000069,complex_000411,18,-6.9206
critic_r1,complex_000069,complex_000411,19,-7.24324
critic_r1,complex_000069,complex_000400,0,-9.57216
critic_r1,complex_000069,complex_000400,1,-6.80483
critic_r1,complex_000069,complex_000400,2,-12.35233
critic_r1,complex_000069,complex_000400,3,-6.92848
critic_r1,complex_000069,complex_000400,4,-6.50598
critic_r1,complex_000069,complex_000400,5,-8.97519
critic_r1,complex_000069,complex_000400,6,-5.52846
critic_r1,complex_000069,complex_000400,7,-5.98692
critic_r1,complex_000069,complex_000400,8,-7.92006
critic_r1,complex_000069,complex_000400,9,-9.1036
critic_r1,complex_000069,complex_000400,10,-8.22071
critic_r1,complex_000069,complex_000400,11,-9.02934
critic_r1,complex_000069,complex_000400,12,-6.50202
critic_r1,complex_000069,complex_000400,13,-9.10898
critic_r1,complex_000069,complex_000400,14,-9.43455
critic_r1,complex_000069,complex_000400,15,-9.90136
critic_r1,complex_000069,complex_000400,16,-7.37887
critic_r1,complex_000069,complex_000400,17,-9.22013
critic_r1,complex_000069,complex_000400,18,-7.488
critic_r1,complex_000069,complex_000400,19,-7.76341
critic_r1,complex_000069,complex_000170,0,-4.58262
critic_r1,complex_000069,complex_000170,1,-6.93248
critic_r1,complex_000069,complex_000170,2,-4.28948
critic_r1,complex_000069,complex_000170,3,-7.87273
critic_r1,complex_000069,complex_000170,4,-5.30828
critic_r1,complex_000069,complex_000170,5,-5.64021
critic_r1,complex_000069,complex_000170,6,-5.69914
critic_r1,complex_000069,complex_000170,7,-6.88687
critic_r1,complex_000069,complex_000170,8,-8.95882
critic_r1,complex_000069,complex_000170,9,-8.86226
critic_r1,complex_000069,complex_000170,10,-7.09125
critic_r1,complex_000069,complex_000170,11,-10.08122
critic_r1,complex_000069,complex_000170,12,-7.37529
critic_r1,complex_000069,complex_000170,13,-8.09852
critic_r1,complex_000069,complex_000170,14,-10.3049
critic_r1,complex_000069,complex_000170,15,-9.98605
critic_r1,complex_000069,complex_000170,16,-7.22161
critic_r1,complex_000069,complex_000170,17,-8.66257
critic_r1,complex_000069,complex_000170,18,-8.49239
critic_r1,complex_000069,complex_000170,19,-8.44809
critic_r1,complex_000085,complex_000400,0,-9.85558
critic_r1,complex_000085,complex_000400,1,-9.58329
critic_r1,complex_000085,complex_000400,2,-9.21107
critic_r1,complex_000085,complex_000400,3,-9.95608
critic_r1,complex_000085,complex_000400,4,-6.61926
critic_r1,complex_000085,complex_000400,5,-8.54868
critic_r1,complex_000085,complex_000400,6,-8.94994
critic_r1,complex_000085,complex_000400,7,-7.33484
critic_r1,complex_000085,complex_000400,8,-7.2136
critic_r1,complex_000085,complex_000400,9,-11.02429
critic_r1,complex_000085,complex_000400,10,-8.79924
critic_r1,complex_000085,complex_000400,11,-6.65691
critic_r1,complex_000085,complex_000400,12,-7.17605
critic_r1,complex_000085,complex_000400,13,-10.81989
critic_r1,complex_000085,complex_000400,14,-7.67007
critic_r1,complex_000085,complex_000400,15,-11.37327
critic_r1,complex_000085,complex_000400,16,-10.1749
critic_r1,complex_000085,complex_000400,17,-8.57908
critic_r1,complex_000085,complex_000400,18,-10.05541
critic_r1,complex_000085,complex_000400,19,-8.73737
critic_r1,complex_000085,complex_000085,0,-10.05094
critic_r1,complex_000085,complex_000085,1,-9.77082
critic_r1,complex_000085,complex_000085,2,-9.43501
critic_r1,complex_000085,complex_000085,3,-12.47686
critic_r1,complex_000085,complex_000085,4,-6.61679
critic_r1,complex_000085,complex_000085,5,-11.50951
critic_r1,complex_000085,complex_000085,6,-7.77908
critic_r1,complex_000085,complex_000085,7,-6.70114
critic_r1,complex_000085,complex_000085,8,-7.00912
critic_r1,complex_000085,complex_000085,9,-13.4056
critic_r1,complex_000085,complex_000085,10,-8.78839
critic_r1,complex_000085,complex_000085,11,-6.4364
critic_r1,complex_000085,complex_000085,12,-6.82549
critic_r1,complex_000085,complex_000085,13,-10.2999
critic_r1,complex_000085,complex_000085,14,-8.07747
critic_r1,complex_000085,complex_000085,15,-12.5633
critic_r1,complex_000085,complex_000085,16,-10.24009
critic_r1,complex_000085,complex_000085,17,-8.07694
critic_r1,complex_000085,complex_000085,18,-10.33539
critic_r1,complex_000085,complex_000085,19,-9.73759
critic_r1,complex_000063,complex_000063,0,-6.98014
critic_r1,complex_000063,complex_000063,1,-4.47397
critic_r1,complex_000063,complex_000063,2,-9.48819
critic_r1,complex_000063,complex_000063,3,-6.04097
critic_r1,complex_000063,complex_000063,4,-6.84622
critic_r1,complex_000063,complex_000063,5,-9.88268
critic_r1,complex_000063,complex_000063,6,-6.1774
critic_r1,complex_000063,complex_000063,7,-8.20725
critic_r1,complex_000063,complex_000063,8,-6.83003
critic_r1,complex_000063,complex_000063,9,-6.93132
critic_r1,complex_000063,complex_000063,10,-7.93563
critic_r1,complex_000063,complex_000063,11,-5.57999
critic_r1,complex_000063,complex_000063,12,-8.80441
critic_r1,complex_000063,complex_000063,13,-7.30133
critic_r1,complex_000063,complex_000063,14,-7.74443
critic_r1,complex_000063,complex_000063,15,-5.56548
critic_r1,complex_000063,complex_000063,16,-6.80313
critic_r1,complex_000063,complex_000063,17,-7.32467
critic_r1,complex_000063,complex_000063,18,-7.70003
critic_r1,complex_000063,complex_000063,19,-6.98209
critic_r1,complex_000112,complex_000112,0,-6.98571
critic_r1,complex_000112,complex_000112,1,-7.36358
critic_r1,complex_000112,complex_000112,2,-6.61502
critic_r1,complex_000112,complex_000112,3,-8.00169
critic_r1,complex_000112,complex_000112,4,-7.48985
critic_r1,complex_000112,complex_000112,5,-7.34728
critic_r1,complex_000112,complex_000112,6,-7.28556
critic_r1,complex_000112,complex_000112,7,-5.8568
critic_r1,complex_000112,complex_000112,8,-7.52595
critic_r1,complex_000112,complex_000112,9,-6.56228
critic_r1,complex_000112,complex_000112,10,-8.80181
critic_r1,complex_000112,complex_000112,11,-8.13631
critic_r1,complex_000112,complex_000112,12,-6.98896
critic_r1,complex_000112,complex_000112,13,-4.96843
critic_r1,complex_000112,complex_000112,14,-7.41637
critic_r1,complex_000112,complex_000112,15,-8.29499
critic_r1,complex_000112,complex_000112,16,-7.39452
critic_r1,complex_000112,complex_000112,17,-6.68592
critic_r1,complex_000112,complex_000112,18,-8.28725
critic_r1,complex_000112,complex_000112,19,-6.25953
critic_r1,complex_000112,complex_000473,0,-6.26351
critic_r1,complex_000112,complex_000473,1,-5.85387
critic_r1,complex_000112,complex_000473,2,-6.40936
critic_r1,complex_000112,complex_000473,3,-7.06259
critic_r1,complex_000112,complex_000473,4,-6.26682
critic_r1,complex_000112,complex_000473,5,-6.96534
critic_r1,complex_000112,complex_000473,6,-8.31205
critic_r1,complex_000112,complex_000473,7,-5.61859
critic_r1,complex_000112,complex_000473,8,-6.51771
critic_r1,complex_000112,complex_000473,9,-5.07111
critic_r1,complex_000112,complex_000473,10,-8.07346
critic_r1,complex_000112,complex_000473,11,-6.90471
critic_r1,complex_000112,complex_000473,12,-5.95531
critic_r1,complex_000112,complex_000473,13,-4.44117
critic_r1,complex_000112,complex_000473,14,-6.92266
critic_r1,complex_000112,complex_000473,15,-7.75208
critic_r1,complex_000112,complex_000473,16,-6.32659
critic_r1,complex_000112,complex_000473,17,-6.79766
critic_r1,complex_000112,complex_000473,18,-7.05935
critic_r1,complex_000112,complex_000473,19,-6.42088
critic_r1,complex_000085,complex_000026,0,-8.27315
critic_r1,complex_000085,complex_000026,1,-8.52275
critic_r1,complex_000085,complex_000026,2,-8.47143
critic_r1,complex_000085,complex_000026,3,-9.40046
critic_r1,complex_000085,complex_000026,4,-5.74407
critic_r1,complex_000085,complex_000026,5,-8.09851
critic_r1,complex_000085,complex_000026,6,-6.83767
critic_r1,complex_000085,complex_000026,7,-7.16371
critic_r1,complex_000085,complex_000026,8,-5.73097
critic_r1,complex_000085,complex_000026,9,-10.00937
critic_r1,complex_000085,complex_000026,10,-7.63831
critic_r1,complex_000085,complex_000026,11,-6.23789
critic_r1,complex_000085,complex_000026,12,-6.23625
critic_r1,complex_000085,complex_000026,13,-9.75837
critic_r1,complex_000085,complex_000026,14,-7.38548
critic_r1,complex_000085,complex_000026,15,-9.41307
critic_r1,complex_000085,complex_000026,16,-9.02654
critic_r1,complex_000085,complex_000026,17,-6.84804
critic_r1,complex_000085,complex_000026,18,-8.66306
critic_r1,complex_000085,complex_000026,19,-7.00611
critic_r1,complex_000063,complex_000472,0,-7.58634
critic_r1,complex_000063,complex_000472,1,-5.46453
critic_r1,complex_000063,complex_000472,2,-11.70902
critic_r1,complex_000063,complex_000472,3,-6.64759
critic_r1,complex_000063,complex_000472,4,-7.58774
critic_r1,complex_000063,complex_000472,5,-10.60085
critic_r1,complex_000063,complex_000472,6,-7.30633
critic_r1,complex_000063,complex_000472,7,-9.26847
critic_r1,complex_000063,complex_000472,8,-8.29074
critic_r1,complex_000063,complex_000472,9,-8.66225
critic_r1,complex_000063,complex_000472,10,-8.30531
critic_r1,complex_000063,complex_000472,11,-6.20189
critic_r1,complex_000063,complex_000472,12,-9.57835
critic_r1,complex_000063,complex_000472,13,-7.99102
critic_r1,complex_000063,complex_000472,14,-8.87123
critic_r1,complex_000063,complex_000472,15,-6.36602
critic_r1,complex_000063,complex_000472,16,-7.82211
critic_r1,complex_000063,complex_000472,17,-8.09382
critic_r1,complex_000063,complex_000472,18,-7.87662
critic_r1,complex_000063,complex_000472,19,-7.36151
critic_r1,complex_000112,complex_000456,0,-7.19432
critic_r1,complex_000112,complex_000456,1,-6.21795
critic_r1,complex_000112,complex_000456,2,-6.29448
critic_r1,complex_000112,complex_000456,3,-7.87886
critic_r1,complex_000112,complex_000456,4,-6.59455
critic_r1,complex_000112,complex_000456,5,-7.3446
critic_r1,complex_000112,complex_000456,6,-8.97172
critic_r1,complex_000112,complex_000456,7,-5.73627
critic_r1,complex_000112,complex_000456,8,-6.79538
critic_r1,complex_000112,complex_000456,9,-5.52157
critic_r1,complex_000112,complex_000456,10,-9.17001
critic_r1,complex_000112,complex_000456,11,-7.50685
critic_r1,complex_000112,complex_000456,12,-6.35611
critic_r1,complex_000112,complex_000456,13,-5.90329
critic_r1,complex_000112,complex_000456,14,-7.49538
critic_r1,complex_000112,complex_000456,15,-9.29501
critic_r1,complex_000112,complex_000456,16,-6.85015
critic_r1,complex_000112,complex_000456,17,-7.19243
critic_r1,complex_000112,complex_000456,18,-7.55816
critic_r1,complex_000112,complex_000456,19,-5.75107
critic_r1,complex_000112,complex_000179,0,-7.73015
critic_r1,complex_000112,complex_000179,1,-7.46992
critic_r1,complex_000112,complex_000179,2,-7.42099
critic_r1,complex_000112,complex_000179,3,-9.51027
critic_r1,complex_000112,complex_000179,4,-7.39206
critic_r1,complex_000112,complex_000179,5,-7.87502
critic_r1,complex_000112,complex_000179,6,-11.24681
critic_r1,complex_000112,complex_000179,7,-6.92614
critic_r1,complex_000112,complex_000179,8,-7.74813
critic_r1,complex_000112,complex_000179,9,-5.86544
critic_r1,complex_000112,complex_000179,10,-10.58207
critic_r1,complex_000112,complex_000179,11,-8.80862
critic_r1,complex_000112,complex_000179,12,-7.6391
critic_r1,complex_000112,complex_000179,13,-5.43695
critic_r1,complex_000112,complex_000179,14,-8.82363
critic_r1,complex_000112,complex_000179,15,-9.98791
critic_r1,complex_000112,complex_000179,16,-7.31176
critic_r1,complex_000112,complex_000179,17,-8.40069
critic_r1,complex_000112,complex_000179,18,-7.9993
critic_r1,complex_000112,complex_000179,19,-7.17128
critic_r1,complex_000063,complex_000193,0,-7.00213
critic_r1,complex_000063,complex_000193,1,-4.90821
critic_r1,complex_000063,complex_000193,2,-7.5685
critic_r1,complex_000063,complex_000193,3,-6.7613
critic_r1,complex_000063,complex_000193,4,-6.60319
critic_r1,complex_000063,complex_000193,5,-8.16657
critic_r1,complex_000063,complex_000193,6,-6.49729
critic_r1,complex_000063,complex_000193,7,-8.52034
critic_r1,complex_000063,complex_000193,8,-7.7138
critic_r1,complex_000063,complex_000193,9,-7.48332
critic_r1,complex_000063,complex_000193,10,-6.9969
critic_r1,complex_000063,complex_000193,11,-5.79895
critic_r1,complex_000063,complex_000193,12,-6.77697
critic_r1,complex_000063,complex_000193,13,-6.37667
critic_r1,complex_000063,complex_000193,14,-7.63433
critic_r1,complex_000063,complex_000193,15,-6.50739
critic_r1,complex_000063,complex_000193,16,-6.4953
critic_r1,complex_000063,complex_000193,17,-6.39073
critic_r1,complex_000063,complex_000193,18,-6.963
critic_r1,complex_000063,complex_000193,19,-6.55213
critic_r1,complex_000117,complex_000117,0,-9.07499
critic_r1,complex_000117,complex_000117,1,-6.32167
critic_r1,complex_000117,complex_000117,2,-8.11056
critic_r1,complex_000117,complex_000117,3,-7.59531
critic_r1,complex_000117,complex_000117,4,-5.0811
critic_r1,complex_000117,complex_000117,5,-10.13068
critic_r1,complex_000117,complex_000117,6,-8.61076
critic_r1,complex_000117,complex_000117,7,-7.89861
critic_r1,complex_000117,complex_000117,8,-5.22307
critic_r1,complex_000117,complex_000117,9,-6.90411
critic_r1,complex_000117,complex_000117,10,-8.47416
critic_r1,complex_000117,complex_000117,11,-9.05682
critic_r1,complex_000117,complex_000117,12,-8.65845
critic_r1,complex_000117,complex_000117,13,-7.6812
critic_r1,complex_000117,complex_000117,14,-5.51873
critic_r1,complex_000117,complex_000117,15,-6.29352
critic_r1,complex_000117,complex_000117,16,-9.06887
critic_r1,complex_000117,complex_000117,17,-5.61165
critic_r1,complex_000117,complex_000117,18,-9.04619
critic_r1,complex_000117,complex_000117,19,-8.49939
critic_r1,complex_000085,complex_000374,0,-9.08413
critic_r1,complex_000085,complex_000374,1,-9.36072
critic_r1,complex_000085,complex_000374,2,-9.55705
critic_r1,complex_000085,complex_000374,3,-7.955
critic_r1,complex_000085,complex_000374,4,-6.21808
critic_r1,complex_000085,complex_000374,5,-8.19404
critic_r1,complex_000085,complex_000374,6,-8.13754
critic_r1,complex_000085,complex_000374,7,-7.32373
critic_r1,complex_000085,complex_000374,8,-6.62653
critic_r1,complex_000085,complex_000374,9,-8.485
critic_r1,complex_000085,complex_000374,10,-9.18295
critic_r1,complex_000085,complex_000374,11,-6.64314
critic_r1,complex_000085,complex_000374,12,-7.3262
critic_r1,complex_000085,complex_000374,13,-7.09598
critic_r1,complex_000085,complex_000374,14,-8.54043
critic_r1,complex_000085,complex_000374,15,-10.22728
critic_r1,complex_000085,complex_000374,16,-9.25925
critic_r1,complex_000085,complex_000374,17,-7.85803
critic_r1,complex_000085,complex_000374,18,-7.89719
critic_r1,complex_000085,complex_000374,19,-6.41953
critic_r1,complex_000117,complex_000069,0,-9.93575
critic_r1,complex_000117,complex_000069,1,-6.36052
critic_r1,complex_000117,complex_000069,2,-7.02484
critic_r1,complex_000117,complex_000069,3,-7.39364
critic_r1,complex_000117,complex_000069,4,-4.46798
critic_r1,complex_000117,complex_000069,5,-8.8973
critic_r1,complex_000117,complex_000069,6,-7.82062
critic_r1,complex_000117,complex_000069,7,-7.80489
critic_r1,complex_000117,complex_000069,8,-5.32748
critic_r1,complex_000117,complex_000069,9,-6.99089
critic_r1,complex_000117,complex_000069,10,-7.70856
critic_r1,complex_000117,complex_000069,11,-8.88838
critic_r1,complex_000117,complex_000069,12,-9.10453
critic_r1,complex_000117,complex_000069,13,-8.66182
critic_r1,complex_000117,complex_000069,14,-5.01094
critic_r1,complex_000117,complex_000069,15,-6.21134
critic_r1,complex_000117,complex_000069,16,-8.59976
critic_r1,complex_000117,complex_000069,17,-5.13772
critic_r1,complex_000117,complex_000069,18,-9.83079
critic_r1,complex_000117,complex_000069,19,-9.3333
critic_r1,complex_000117,complex_000456,0,-9.09544
critic_r1,complex_000117,complex_000456,1,-5.78644
critic_r1,complex_000117,complex_000456,2,-5.97805
critic_r1,complex_000117,complex_000456,3,-7.23623
critic_r1,complex_000117,complex_000456,4,-5.23885
critic_r1,complex_000117,complex_000456,5,-7.8481
critic_r1,complex_000117,complex_000456,6,-7.02439
critic_r1,complex_000117,complex_000456,7,-7.72357
critic_r1,complex_000117,complex_000456,8,-4.64995
critic_r1,complex_000117,complex_000456,9,-5.93444
critic_r1,complex_000117,complex_000456,10,-7.09296
critic_r1,complex_000117,complex_000456,11,-7.56779
critic_r1,complex_000117,complex_000456,12,-7.72387
critic_r1,complex_000117,complex_000456,13,-7.86603
critic_r1,complex_000117,complex_000456,14,-5.11699
critic_r1,complex_000117,complex_000456,15,-5.60707
critic_r1,complex_000117,complex_000456,16,-7.98431
critic_r1,complex_000117,complex_000456,17,-5.09112
critic_r1,complex_000117,complex_000456,18,-8.0237
critic_r1,complex_000117,complex_000456,19,-7.87682
critic_r1,complex_000063,complex_000305,0,-7.85969
critic_r1,complex_000063,complex_000305,1,-5.11296
critic_r1,complex_000063,complex_000305,2,-11.40574
critic_r1,complex_000063,complex_000305,3,-6.7599
critic_r1,complex_000063,complex_000305,4,-7.56472
critic_r1,complex_000063,complex_000305,5,-9.77795
critic_r1,complex_000063,complex_000305,6,-7.02367
critic_r1,complex_000063,complex_000305,7,-9.63545
critic_r1,complex_000063,complex_000305,8,-7.94648
critic_r1,complex_000063,complex_000305,9,-8.87326
critic_r1,complex_000063,complex_000305,10,-8.65164
critic_r1,complex_000063,complex_000305,11,-5.95386
critic_r1,complex_000063,complex_000305,12,-10.32067
critic_r1,complex_000063,complex_000305,13,-7.40419
critic_r1,complex_000063,complex_000305,14,-8.04303
critic_r1,complex_000063,complex_000305,15,-5.8601
critic_r1,complex_000063,complex_000305,16,-8.35116
critic_r1,complex_000063,complex_000305,17,-8.22167
critic_r1,complex_000063,complex_000305,18,-8.35239
critic_r1,complex_000063,complex_000305,19,-7.81638
critic_r1,complex_000140,complex_000140,0,-5.54622
critic_r1,complex_000140,complex_000140,1,-6.37077
critic_r1,complex_000140,complex_000140,2,-10.09481
critic_r1,complex_000140,complex_000140,3,-8.33352
critic_r1,complex_000140,complex_000140,4,-7.80525
critic_r1,complex_000140,complex_000140,5,-8.56831
critic_r1,complex_000140,complex_000140,6,-8.36251
critic_r1,complex_000140,complex_000140,7,-6.34209
critic_r1,complex_000140,complex_000140,8,-9.49209
critic_r1,complex_000140,complex_000140,9,-8.65937
critic_r1,complex_000140,complex_000140,10,-9.28386
critic_r1,complex_000140,complex_000140,11,-6.42864
critic_r1,complex_000140,complex_000140,12,-9.49772
critic_r1,complex_000140,complex_000140,13,-9.15682
critic_r1,complex_000140,complex_000140,14,-10.3289
critic_r1,complex_000140,complex_000140,15,-12.87005
critic_r1,complex_000140,complex_000140,16,-9.52476
critic_r1,complex_000140,complex_000140,17,-14.15847
critic_r1,complex_000140,complex_000140,18,-9.18461
critic_r1,complex_000140,complex_000140,19,-8.57107
critic_r1,complex_000117,complex_000269,0,-7.48643
critic_r1,complex_000117,complex_000269,1,-5.22706
critic_r1,complex_000117,complex_000269,2,-6.16422
critic_r1,complex_000117,complex_000269,3,-6.26248
critic_r1,complex_000117,complex_000269,4,-4.73198
critic_r1,complex_000117,complex_000269,5,-7.72587
critic_r1,complex_000117,complex_000269,6,-6.93186
critic_r1,complex_000117,complex_000269,7,-7.61184
critic_r1,complex_000117,complex_000269,8,-4.4266
critic_r1,complex_000117,complex_000269,9,-5.15526
critic_r1,complex_000117,complex_000269,10,-6.91919
critic_r1,complex_000117,complex_000269,11,-7.70619
critic_r1,complex_000117,complex_000269,12,-7.66058
critic_r1,complex_000117,complex_000269,13,-7.33449
critic_r1,complex_000117,complex_000269,14,-5.47795
critic_r1,complex_000117,complex_000269,15,-5.58832
critic_r1,complex_000117,complex_000269,16,-7.04742
critic_r1,complex_000117,complex_000269,17,-5.30104
critic_r1,complex_000117,complex_000269,18,-7.76631
critic_r1,complex_000117,complex_000269,19,-7.28031
critic_r1,complex_000140,complex_000387,0,-6.04443
critic_r1,complex_000140,complex_000387,1,-6.10707
critic_r1,complex_000140,complex_000387,2,-10.39051
critic_r1,complex_000140,complex_000387,3,-8.18453
critic_r1,complex_000140,complex_000387,4,-8.07785
critic_r1,complex_000140,complex_000387,5,-8.0526
critic_r1,complex_000140,complex_000387,6,-8.34297
critic_r1,complex_000140,complex_000387,7,-6.99211
critic_r1,complex_000140,complex_000387,8,-9.06289
critic_r1,complex_000140,complex_000387,9,-7.80135
critic_r1,complex_000140,complex_000387,10,-9.4696
critic_r1,complex_000140,complex_000387,11,-7.96513
critic_r1,complex_000140,complex_000387,12,-8.32111
critic_r1,complex_000140,complex_000387,13,-10.16527
critic_r1,complex_000140,complex_000387,14,-9.30549
critic_r1,complex_000140,complex_000387,15,-9.67689
critic_r1,complex_000140,complex_000387,16,-9.25365
critic_r1,complex_000140,complex_000387,17,-10.19511
critic_r1,complex_000140,complex_000387,18,-8.64831
critic_r1,complex_000140,complex_000387,19,-9.42544
critic_r1,complex_000140,complex_000382,0,-5.65274
critic_r1,complex_000140,complex_000382,1,-5.95747
critic_r1,complex_000140,complex_000382,2,-9.86651
critic_r1,complex_000140,complex_000382,3,-8.23007
critic_r1,complex_000140,complex_000382,4,-8.09278
critic_r1,complex_000140,complex_000382,5,-9.05121
critic_r1,complex_000140,complex_000382,6,-8.74501
critic_r1,complex_000140,complex_000382,7,-6.33578
critic_r1,complex_000140,complex_000382,8,-9.93957
critic_r1,complex_000140,complex_000382,9,-8.88898
critic_r1,complex_000140,complex_000382,10,-10.02966
critic_r1,complex_000140,complex_000382,11,-6.66148
critic_r1,complex_000140,complex_000382,12,-10.24612
critic_r1,complex_000140,complex_000382,13,-10.66715
critic_r1,complex_000140,complex_000382,14,-11.26084
critic_r1,complex_000140,complex_000382,15,-12.98711
critic_r1,complex_000140,complex_000382,16,-9.44664
critic_r1,complex_000140,complex_000382,17,-13.11111
critic_r1,complex_000140,complex_000382,18,-9.21206
critic_r1,complex_000140,complex_000382,19,-9.58461
critic_r1,complex_000148,complex_000148,0,-8.86581
critic_r1,complex_000148,complex_000148,1,-5.98269
critic_r1,complex_000148,complex_000148,2,-4.09605
critic_r1,complex_000148,complex_000148,3,-8.60318
critic_r1,complex_000148,complex_000148,4,-3.49704
critic_r1,complex_000148,complex_000148,5,-4.92078
critic_r1,complex_000148,complex_000148,6,-3.85576
critic_r1,complex_000148,complex_000148,7,-6.79275
critic_r1,complex_000148,complex_000148,8,-8.90062
critic_r1,complex_000148,complex_000148,9,-5.90526
critic_r1,complex_000148,complex_000148,10,-8.92332
critic_r1,complex_000148,complex_000148,11,-9.23667
critic_r1,complex_000148,complex_000148,12,-9.2242
critic_r1,complex_000148,complex_000148,13,-8.02324
critic_r1,complex_000148,complex_000148,14,-5.26628
critic_r1,complex_000148,complex_000148,15,-6.93364
critic_r1,complex_000148,complex_000148,16,-8.2535
critic_r1,complex_000148,complex_000148,17,-6.2716
critic_r1,complex_000148,complex_000148,18,-4.39159
critic_r1,complex_000148,complex_000148,19,-7.88468
critic_r1,complex_000140,complex_000535,0,-6.28477
critic_r1,complex_000140,complex_000535,1,-6.388
critic_r1,complex_000140,complex_000535,2,-7.98765
critic_r1,complex_000140,complex_000535,3,-6.46404
critic_r1,complex_000140,complex_000535,4,-6.54157
critic_r1,complex_000140,complex_000535,5,-8.21755
critic_r1,complex_000140,complex_000535,6,-7.18485
critic_r1,complex_000140,complex_000535,7,-6.98652
critic_r1,complex_000140,complex_000535,8,-7.72058
critic_r1,complex_000140,complex_000535,9,-6.83942
critic_r1,complex_000140,complex_000535,10,-8.88032
critic_r1,complex_000140,complex_000535,11,-6.41926
critic_r1,complex_000140,complex_000535,12,-7.44566
critic_r1,complex_000140,complex_000535,13,-7.4438
critic_r1,complex_000140,complex_000535,14,-8.13528
critic_r1,complex_000140,complex_000535,15,-8.40292
critic_r1,complex_000140,complex_000535,16,-8.27263
critic_r1,complex_000140,complex_000535,17,-9.4166
critic_r1,complex_000140,complex_000535,18,-8.15652
critic_r1,complex_000140,complex_000535,19,-9.54317
critic_r1,complex_000148,complex_000411,0,-8.84232
critic_r1,complex_000148,complex_000411,1,-6.56556
critic_r1,complex_000148,complex_000411,2,-4.64971
critic_r1,complex_000148,complex_000411,3,-9.40386
critic_r1,complex_000148,complex_000411,4,-3.86823
critic_r1,complex_000148,complex_000411,5,-5.68614
critic_r1,complex_000148,complex_000411,6,-4.56401
critic_r1,complex_000148,complex_000411,7,-7.41279
critic_r1,complex_000148,complex_000411,8,-9.77689
critic_r1,complex_000148,complex_000411,9,-6.53997
critic_r1,complex_000148,complex_000411,10,-10.0159
critic_r1,complex_000148,complex_000411,11,-8.34044
critic_r1,complex_000148,complex_000411,12,-8.33412
critic_r1,complex_000148,complex_000411,13,-8.33711
critic_r1,complex_000148,complex_000411,14,-5.37381
critic_r1,complex_000148,complex_000411,15,-7.91909
critic_r1,complex_000148,complex_000411,16,-7.91549
critic_r1,complex_000148,complex_000411,17,-7.08215
critic_r1,complex_000148,complex_000411,18,-5.51373
critic_r1,complex_000148,complex_000411,19,-8.79193
critic_r1,complex_000148,complex_000177,0,-8.66955
critic_r1,complex_000148,complex_000177,1,-8.30178
critic_r1,complex_000148,complex_000177,2,-4.76347
critic_r1,complex_000148,complex_000177,3,-9.06828
critic_r1,complex_000148,complex_000177,4,-4.31173
critic_r1,complex_000148,complex_000177,5,-5.55266
critic_r1,complex_000148,complex_000177,6,-5.16459
critic_r1,complex_000148,complex_000177,7,-7.13921
critic_r1,complex_000148,complex_000177,8,-7.99368
critic_r1,complex_000148,complex_000177,9,-7.01667
critic_r1,complex_000148,complex_000177,10,-10.13455
critic_r1,complex_000148,complex_000177,11,-7.47419
critic_r1,complex_000148,complex_000177,12,-7.86888
critic_r1,complex_000148,complex_000177,13,-7.37728
critic_r1,complex_000148,complex_000177,14,-5.65372
critic_r1,complex_000148,complex_000177,15,-6.57066
critic_r1,complex_000148,complex_000177,16,-6.7951
critic_r1,complex_000148,complex_000177,17,-6.98736
critic_r1,complex_000148,complex_000177,18,-4.46821
critic_r1,complex_000148,complex_000177,19,-7.91369
critic_r1,complex_000148,complex_000472,0,-9.8746
critic_r1,complex_000148,complex_000472,1,-6.95516
critic_r1,complex_000148,complex_000472,2,-4.94166
critic_r1,complex_000148,complex_000472,3,-9.68066
critic_r1,complex_000148,complex_000472,4,-3.89375
critic_r1,complex_000148,complex_000472,5,-6.08207
critic_r1,complex_000148,complex_000472,6,-5.02971
critic_r1,complex_000148,complex_000472,7,-8.63764
critic_r1,complex_000148,complex_000472,8,-10.072
critic_r1,complex_000148,complex_000472,9,-7.11036
critic_r1,complex_000148,complex_000472,10,-10.83681
critic_r1,complex_000148,complex_000472,11,-8.75927
critic_r1,complex_000148,complex_000472,12,-9.98158
critic_r1,complex_000148,complex_000472,13,-9.657
critic_r1,complex_000148,complex_000472,14,-5.71125
critic_r1,complex_000148,complex_000472,15,-8.30304
critic_r1,complex_000148,complex_000472,16,-7.71812
critic_r1,complex_000148,complex_000472,17,-7.4972
critic_r1,complex_000148,complex_000472,18,-5.21174
critic_r1,complex_000148,complex_000472,19,-9.07129
critic_r1,complex_000145,complex_000145,0,-7.40663
critic_r1,complex_000145,complex_000145,1,-5.92666
critic_r1,complex_000145,complex_000145,2,-6.80485
critic_r1,complex_000145,complex_000145,3,-7.03285
critic_r1,complex_000145,complex_000145,4,-6.54402
critic_r1,complex_000145,complex_000145,5,-5.1248
critic_r1,complex_000145,complex_000145,6,-4.11636
critic_r1,complex_000145,complex_000145,7,-4.05463
critic_r1,complex_000145,complex_000145,8,-6.05624
critic_r1,complex_000145,complex_000145,9,-4.1573
critic_r1,complex_000145,complex_000145,10,-6.05845
critic_r1,complex_000145,complex_000145,11,-5.61656
critic_r1,complex_000145,complex_000145,12,-4.38135
critic_r1,complex_000145,complex_000145,13,-4.74426
critic_r1,complex_000145,complex_000145,14,-6.77152
critic_r1,complex_000145,complex_000145,15,-4.84114
critic_r1,complex_000145,complex_000145,16,-6.11727
critic_r1,complex_000145,complex_000145,17,-5.45696
critic_r1,complex_000145,complex_000145,18,-5.18195
critic_r1,complex_000145,complex_000145,19,-5.71013
critic_r1,complex_000145,complex_000266,0,-9.589
critic_r1,complex_000145,complex_000266,1,-8.86901
critic_r1,complex_000145,complex_000266,2,-9.66609
critic_r1,complex_000145,complex_000266,3,-9.6744
critic_r1,complex_000145,complex_000266,4,-9.10603
critic_r1,complex_000145,complex_000266,5,-6.40227
critic_r1,complex_000145,complex_000266,6,-5.78832
critic_r1,complex_000145,complex_000266,7,-5.31087
critic_r1,complex_000145,complex_000266,8,-8.96137
critic_r1,complex_000145,complex_000266,9,-5.65294
critic_r1,complex_000145,complex_000266,10,-9.60461
critic_r1,complex_000145,complex_000266,11,-8.76823
critic_r1,complex_000145,complex_000266,12,-5.50713
critic_r1,complex_000145,complex_000266,13,-6.07724
critic_r1,complex_000145,complex_000266,14,-9.10464
critic_r1,complex_000145,complex_000266,15,-6.29958
critic_r1,complex_000145,complex_000266,16,-8.13151
critic_r1,complex_000145,complex_000266,17,-6.96737
critic_r1,complex_000145,complex_000266,18,-7.29659
critic_r1,complex_000145,complex_000266,19,-8.70111
critic_r1,complex_000145,complex_000456,0,-8.76514
critic_r1,complex_000145,complex_000456,1,-7.4341
critic_r1,complex_000145,complex_000456,2,-8.18561
critic_r1,complex_000145,complex_000456,3,-8.38482
critic_r1,complex_000145,complex_000456,4,-8.7245
critic_r1,complex_000145,complex_000456,5,-5.85936
critic_r1,complex_000145,complex_000456,6,-5.44048
critic_r1,complex_000145,complex_000456,7,-5.21803
critic_r1,complex_000145,complex_000456,8,-6.96152
critic_r1,complex_000145,complex_000456,9,-5.13954
critic_r1,complex_000145,complex_000456,10,-7.76585
critic_r1,complex_000145,complex_000456,11,-6.77931
critic_r1,complex_000145,complex_000456,12,-5.56381
critic_r1,complex_000145,complex_000456,13,-5.81848
critic_r1,complex_000145,complex_000456,14,-8.84017
critic_r1,complex_000145,complex_000456,15,-6.34116
critic_r1,complex_000145,complex_000456,16,-7.18927
critic_r1,complex_000145,complex_000456,17,-6.71242
critic_r1,complex_000145,complex_000456,18,-6.34946
critic_r1,complex_000145,complex_000456,19,-7.45802
critic_r1,complex_000141,complex_000540,0,-7.99519
critic_r1,complex_000141,complex_000540,1,-8.52627
critic_r1,complex_000141,complex_000540,2,-8.26826
critic_r1,complex_000141,complex_000540,3,-6.76482
critic_r1,complex_000141,complex_000540,4,-8.64224
critic_r1,complex_000141,complex_000540,5,-6.26443
critic_r1,complex_000141,complex_000540,6,-8.02985
critic_r1,complex_000141,complex_000540,7,-5.16204
critic_r1,complex_000141,complex_000540,8,-6.07793
critic_r1,complex_000141,complex_000540,9,-7.68741
critic_r1,complex_000141,complex_000540,10,-5.44244
critic_r1,complex_000141,complex_000540,11,-4.77284
critic_r1,complex_000141,complex_000540,12,-6.83091
critic_r1,complex_000141,complex_000540,13,-7.58266
critic_r1,complex_000141,complex_000540,14,-8.19169
critic_r1,complex_000141,complex_000540,15,-8.28948
critic_r1,complex_000141,complex_000540,16,-6.39398
critic_r1,complex_000141,complex_000540,17,-7.72665
critic_r1,complex_000141,complex_000540,18,-8.57304
critic_r1,complex_000141,complex_000540,19,-7.88187
critic_r1,complex_000141,complex_000387,0,-8.0212
critic_r1,complex_000141,complex_000387,1,-8.45668
critic_r1,complex_000141,complex_000387,2,-10.31343
critic_r1,complex_000141,complex_000387,3,-8.13663
critic_r1,complex_000141,complex_000387,4,-9.85288
critic_r1,complex_000141,complex_000387,5,-8.37999
critic_r1,complex_000141,complex_000387,6,-8.98011
critic_r1,complex_000141,complex_000387,7,-6.15592
critic_r1,complex_000141,complex_000387,8,-6.94017
critic_r1,complex_000141,complex_000387,9,-8.47424
critic_r1,complex_000141,complex_000387,10,-6.37138
critic_r1,complex_000141,complex_000387,11,-5.7365
critic_r1,complex_000141,complex_000387,12,-7.31548
critic_r1,complex_000141,complex_000387,13,-9.27708
critic_r1,complex_000141,complex_000387,14,-9.41945
critic_r1,complex_000141,complex_000387,15,-9.16683
critic_r1,complex_000141,complex_000387,16,-8.56429
critic_r1,complex_000141,complex_000387,17,-9.10664
critic_r1,complex_000141,complex_000387,18,-9.62918
critic_r1,complex_000141,complex_000387,19,-8.87572
critic_r1,complex_000141,complex_000141,0,-7.67442
critic_r1,complex_000141,complex_000141,1,-7.69423
critic_r1,complex_000141,complex_000141,2,-8.60323
critic_r1,complex_000141,complex_000141,3,-7.46138
critic_r1,complex_000141,complex_000141,4,-9.60486
critic_r1,complex_000141,complex_000141,5,-6.96726
critic_r1,complex_000141,complex_000141,6,-8.98591
critic_r1,complex_000141,complex_000141,7,-5.58282
critic_r1,complex_000141,complex_000141,8,-5.86159
critic_r1,complex_000141,complex_000141,9,-7.75037
critic_r1,complex_000141,complex_000141,10,-5.75298
critic_r1,complex_000141,complex_000141,11,-5.18438
critic_r1,complex_000141,complex_000141,12,-6.08865
critic_r1,complex_000141,complex_000141,13,-8.80052
critic_r1,complex_000141,complex_000141,14,-8.38167
critic_r1,complex_000141,complex_000141,15,-8.3273
critic_r1,complex_000141,complex_000141,16,-7.06187
critic_r1,complex_000141,complex_000141,17,-7.30771
critic_r1,complex_000141,complex_000141,18,-8.21899
critic_r1,complex_000141,complex_000141,19,-8.17179
critic_r1,complex_000141,complex_000426,0,-8.3569
critic_r1,complex_000141,complex_000426,1,-7.99725
critic_r1,complex_000141,complex_000426,2,-8.72567
critic_r1,complex_000141,complex_000426,3,-7.50573
critic_r1,complex_000141,complex_000426,4,-9.2013
critic_r1,complex_000141,complex_000426,5,-6.82214
critic_r1,complex_000141,complex_000426,6,-8.67383
critic_r1,complex_000141,complex_000426,7,-5.52744
critic_r1,complex_000141,complex_000426,8,-5.9575
critic_r1,complex_000141,complex_000426,9,-7.10642
critic_r1,complex_000141,complex_000426,10,-5.87552
critic_r1,complex_000141,complex_000426,11,-5.62726
critic_r1,complex_000141,complex_000426,12,-6.66255
critic_r1,complex_000141,complex_000426,13,-8.65708
critic_r1,complex_000141,complex_000426,14,-9.00006
critic_r1,complex_000141,complex_000426,15,-9.29605
critic_r1,complex_000141,complex_000426,16,-7.42987
critic_r1,complex_000141,complex_000426,17,-7.53098
critic_r1,complex_000141,complex_000426,18,-8.49089
critic_r1,complex_000141,complex_000426,19,-8.27672
critic_r1,complex_000149,complex_000149,0,-8.8688
critic_r1,complex_000149,complex_000149,1,-7.24275
critic_r1,complex_000149,complex_000149,2,-7.0594
critic_r1,complex_000149,complex_000149,3,-7.307
critic_r1,complex_000149,complex_000149,4,-9.18911
critic_r1,complex_000149,complex_000149,5,-6.78278
critic_r1,complex_000149,complex_000149,6,-9.3254
critic_r1,complex_000149,complex_000149,7,-8.17071
critic_r1,complex_000149,complex_000149,8,-8.84991
critic_r1,complex_000149,complex_000149,9,-7.70893
critic_r1,complex_000149,complex_000149,10,-7.22045
critic_r1,complex_000149,complex_000149,11,-8.73945
critic_r1,complex_000149,complex_000149,12,-6.57766
critic_r1,complex_000149,complex_000149,13,-4.48701
critic_r1,complex_000149,complex_000149,14,-7.75314
critic_r1,complex_000149,complex_000149,15,-7.7498
critic_r1,complex_000149,complex_000149,16,-5.69587
critic_r1,complex_000149,complex_000149,17,-8.87142
critic_r1,complex_000149,complex_000149,18,-9.37346
critic_r1,complex_000149,complex_000149,19,-8.26047
critic_r1,complex_000149,complex_000059,0,-8.71252
critic_r1,complex_000149,complex_000059,1,-6.49064
critic_r1,complex_000149,complex_000059,2,-6.41194
critic_r1,complex_000149,complex_000059,3,-6.36786
critic_r1,complex_000149,complex_000059,4,-6.77501
critic_r1,complex_000149,complex_000059,5,-5.70827
critic_r1,complex_000149,complex_000059,6,-5.12127
critic_r1,complex_000149,complex_000059,7,-9.58845
critic_r1,complex_000149,complex_000059,8,-6.12407
critic_r1,complex_000149,complex_000059,9,-6.36085
critic_r1,complex_000149,complex_000059,10,-7.02345
critic_r1,complex_000149,complex_000059,11,-9.04386
critic_r1,complex_000149,complex_000059,12,-6.18653
critic_r1,complex_000149,complex_000059,13,-4.49407
critic_r1,complex_000149,complex_000059,14,-7.00241
critic_r1,complex_000149,complex_000059,15,-7.18315
critic_r1,complex_000149,complex_000059,16,2.35244
critic_r1,complex_000149,complex_000059,17,-9.03816
critic_r1,complex_000149,complex_000059,18,-9.68075
critic_r1,complex_000149,complex_000059,19,-8.72272
critic_r1,complex_000149,complex_000363,0,-8.04583
critic_r1,complex_000149,complex_000363,1,-6.30501
critic_r1,complex_000149,complex_000363,2,-6.82024
critic_r1,complex_000149,complex_000363,3,-6.46615
critic_r1,complex_000149,complex_000363,4,-7.03231
critic_r1,complex_000149,complex_000363,5,-6.04747
critic_r1,complex_000149,complex_000363,6,-5.80329
critic_r1,complex_000149,complex_000363,7,-8.82116
critic_r1,complex_000149,complex_000363,8,-7.1458
critic_r1,complex_000149,complex_000363,9,-7.04321
critic_r1,complex_000149,complex_000363,10,-7.47579
critic_r1,complex_000149,complex_000363,11,-8.59302
critic_r1,complex_000149,complex_000363,12,-6.02023
critic_r1,complex_000149,complex_000363,13,-4.59491
critic_r1,complex_000149,complex_000363,14,-7.22888
critic_r1,complex_000149,complex_000363,15,-7.66715
critic_r1,complex_000149,complex_000363,16,5.61458
critic_r1,complex_000149,complex_000363,17,-9.5856
critic_r1,complex_000149,complex_000363,18,-9.72907
critic_r1,complex_000149,complex_000363,19,-9.39489
critic_r1,complex_000149,complex_000236,0,-9.62781
critic_r1,complex_000149,complex_000236,1,-7.35865
critic_r1,complex_000149,complex_000236,2,-6.54095
critic_r1,complex_000149,complex_000236,3,-5.91239
critic_r1,complex_000149,complex_000236,4,-7.79932
critic_r1,complex_000149,complex_000236,5,-5.55472
critic_r1,complex_000149,complex_000236,6,-8.4529
critic_r1,complex_000149,complex_000236,7,-8.70606
critic_r1,complex_000149,complex_000236,8,-8.05252
critic_r1,complex_000149,complex_000236,9,-7.09318
critic_r1,complex_000149,complex_000236,10,-6.62153
critic_r1,complex_000149,complex_000236,11,-7.94384
critic_r1,complex_000149,complex_000236,12,-5.4082
critic_r1,complex_000149,complex_000236,13,-4.99579
critic_r1,complex_000149,complex_000236,14,-6.79153
critic_r1,complex_000149,complex_000236,15,-8.30011
critic_r1,complex_000149,complex_000236,16,-8.81476
critic_r1,complex_000149,complex_000236,17,-8.47452
critic_r1,complex_000149,complex_000236,18,-7.32783
critic_r1,complex_000149,complex_000236,19,-8.44688
critic_r1,complex_000165,complex_000472,0,-7.12373
critic_r1,complex_000165,complex_000472,1,-8.61412
critic_r1,complex_000165,complex_000472,2,-8.84739
critic_r1,complex_000165,complex_000472,3,-7.84267
critic_r1,complex_000165,complex_000472,4,-5.39969
critic_r1,complex_000165,complex_000472,5,-7.22203
critic_r1,complex_000165,complex_000472,6,-8.02228
critic_r1,complex_000165,complex_000472,7,-6.12852
critic_r1,complex_000165,complex_000472,8,-6.85985
critic_r1,complex_000165,complex_000472,9,-5.15575
critic_r1,complex_000165,complex_000472,10,-7.21589
critic_r1,complex_000165,complex_000472,11,-8.02896
critic_r1,complex_000165,complex_000472,12,-8.3441
critic_r1,complex_000165,complex_000472,13,-7.56029
critic_r1,complex_000165,complex_000472,14,-5.63018
critic_r1,complex_000165,complex_000472,15,-8.18425
critic_r1,complex_000165,complex_000472,16,-8.75966
critic_r1,complex_000165,complex_000472,17,-3.87608
critic_r1,complex_000165,complex_000472,18,-9.15466
critic_r1,complex_000165,complex_000472,19,-4.91139
critic_r1,complex_000145,complex_000269,0,
critic_r1,complex_000145,complex_000269,1,
critic_r1,complex_000145,complex_000269,2,
critic_r1,complex_000145,complex_000269,3,
critic_r1,complex_000145,complex_000269,4,
critic_r1,complex_000145,complex_000269,5,
critic_r1,complex_000145,complex_000269,6,
critic_r1,complex_000145,complex_000269,7,
critic_r1,complex_000145,complex_000269,8,
critic_r1,complex_000145,complex_000269,9,
critic_r1,complex_000145,complex_000269,10,
critic_r1,complex_000145,complex_000269,11,
critic_r1,complex_000145,complex_000269,12,
critic_r1,complex_000145,complex_000269,13,
critic_r1,complex_000145,complex_000269,14,
critic_r1,complex_000145,complex_000269,15,
critic_r1,complex_000145,complex_000269,16,
critic_r1,complex_000145,complex_000269,17,
critic_r1,complex_000145,complex_000269,18,
critic_r1,complex_000145,complex_000269,19,
critic_r1,complex_000165,complex_000165,0,-5.69943
critic_r1,complex_000165,complex_000165,1,-7.19727
critic_r1,complex_000165,complex_000165,2,-5.20476
critic_r1,complex_000165,complex_000165,3,-0.80878
critic_r1,complex_000165,complex_000165,4,-6.9596
critic_r1,complex_000165,complex_000165,5,-6.59768
critic_r1,complex_000165,complex_000165,6,-9.93039
critic_r1,complex_000165,complex_000165,7,-7.80625
critic_r1,complex_000165,complex_000165,8,-8.13216
critic_r1,complex_000165,complex_000165,9,-5.95385
critic_r1,complex_000165,complex_000165,10,-5.91336
critic_r1,complex_000165,complex_000165,11,-1.79999
critic_r1,complex_000165,complex_000165,12,-4.35652
critic_r1,complex_000165,complex_000165,13,-8.10939
critic_r1,complex_000165,complex_000165,14,-6.87621
critic_r1,complex_000165,complex_000165,15,-8.96902
critic_r1,complex_000165,complex_000165,16,-2.87041
critic_r1,complex_000165,complex_000165,17,-4.43274
critic_r1,complex_000165,complex_000165,18,-8.92134
critic_r1,complex_000165,complex_000165,19,-5.89077
critic_r1,complex_000165,complex_000305,0,-7.30306
critic_r1,complex_000165,complex_000305,1,-9.10941
critic_r1,complex_000165,complex_000305,2,-9.33952
critic_r1,complex_000165,complex_000305,3,-8.7887
critic_r1,complex_000165,complex_000305,4,-4.6542
critic_r1,complex_000165,complex_000305,5,-7.02919
critic_r1,complex_000165,complex_000305,6,-8.01922
critic_r1,complex_000165,complex_000305,7,-5.7902
critic_r1,complex_000165,complex_000305,8,-6.46561
critic_r1,complex_000165,complex_000305,9,-5.08774
critic_r1,complex_000165,complex_000305,10,-7.9392
critic_r1,complex_000165,complex_000305,11,-8.48714
critic_r1,complex_000165,complex_000305,12,-7.87133
critic_r1,complex_000165,complex_000305,13,-7.63008
critic_r1,complex_000165,complex_000305,14,-6.20586
critic_r1,complex_000165,complex_000305,15,-7.28605
critic_r1,complex_000165,complex_000305,16,-7.74257
critic_r1,complex_000165,complex_000305,17,-4.2805
critic_r1,complex_000165,complex_000305,18,-8.76783
critic_r1,complex_000165,complex_000305,19,-4.33105
critic_r1,complex_000170,complex_000411,0,-7.12618
critic_r1,complex_000170,complex_000411,1,-5.50818
critic_r1,complex_000170,complex_000411,2,-11.09643
critic_r1,complex_000170,complex_000411,3,-6.80587
critic_r1,complex_000170,complex_000411,4,-8.6891
critic_r1,complex_000170,complex_000411,5,-4.78781
critic_r1,complex_000170,complex_000411,6,-8.74197
critic_r1,complex_000170,complex_000411,7,-7.08244
critic_r1,complex_000170,complex_000411,8,-8.21477
critic_r1,complex_000170,complex_000411,9,-7.59623
critic_r1,complex_000170,complex_000411,10,-9.04175
critic_r1,complex_000170,complex_000411,11,-5.71748
critic_r1,complex_000170,complex_000411,12,-9.17298
critic_r1,complex_000170,complex_000411,13,-7.19794
critic_r1,complex_000170,complex_000411,14,-7.67898
critic_r1,complex_000170,complex_000411,15,-9.31345
critic_r1,complex_000170,complex_000411,16,-8.15802
critic_r1,complex_000170,complex_000411,17,-9.13504
critic_r1,complex_000170,complex_000411,18,-6.17346
critic_r1,complex_000170,complex_000411,19,-9.51401
critic_r1,complex_000170,complex_000112,0,-6.79743
critic_r1,complex_000170,complex_000112,1,-5.00136
critic_r1,complex_000170,complex_000112,2,-8.95083
critic_r1,complex_000170,complex_000112,3,-7.92059
critic_r1,complex_000170,complex_000112,4,-6.9057
critic_r1,complex_000170,complex_000112,5,-4.88115
critic_r1,complex_000170,complex_000112,6,-7.45304
critic_r1,complex_000170,complex_000112,7,-6.89859
critic_r1,complex_000170,complex_000112,8,-6.29706
critic_r1,complex_000170,complex_000112,9,-7.39642
critic_r1,complex_000170,complex_000112,10,-7.1297
critic_r1,complex_000170,complex_000112,11,-4.94491
critic_r1,complex_000170,complex_000112,12,-7.29692
critic_r1,complex_000170,complex_000112,13,-6.15144
critic_r1,complex_000170,complex_000112,14,-7.30971
critic_r1,complex_000170,complex_000112,15,-7.5602
critic_r1,complex_000170,complex_000112,16,-7.627
critic_r1,complex_000170,complex_000112,17,-7.04584
critic_r1,complex_000170,complex_000112,18,-7.08817
critic_r1,complex_000170,complex_000112,19,-7.98797
critic_r1,complex_000170,complex_000170,0,-8.26865
critic_r1,complex_000170,complex_000170,1,-7.90042
critic_r1,complex_000170,complex_000170,2,-5.49341
critic_r1,complex_000170,complex_000170,3,-8.21169
critic_r1,complex_000170,complex_000170,4,2.22931
critic_r1,complex_000170,complex_000170,5,-5.5604
critic_r1,complex_000170,complex_000170,6,-9.29558
critic_r1,complex_000170,complex_000170,7,-9.04851
critic_r1,complex_000170,complex_000170,8,-9.47195
critic_r1,complex_000170,complex_000170,9,-9.79241
critic_r1,complex_000170,complex_000170,10,-5.92024
critic_r1,complex_000170,complex_000170,11,-6.93815
critic_r1,complex_000170,complex_000170,12,-10.07866
critic_r1,complex_000170,complex_000170,13,-8.46978
critic_r1,complex_000170,complex_000170,14,-10.88566
critic_r1,complex_000170,complex_000170,15,-8.75993
critic_r1,complex_000170,complex_000170,16,-9.10132
critic_r1,complex_000170,complex_000170,17,-10.97036
critic_r1,complex_000170,complex_000170,18,-8.10902
critic_r1,complex_000170,complex_000170,19,-11.23982
critic_r1,complex_000165,complex_000148,0,-6.24623
critic_r1,complex_000165,complex_000148,1,-7.979
critic_r1,complex_000165,complex_000148,2,-7.1305
critic_r1,complex_000165,complex_000148,3,-7.02385
critic_r1,complex_000165,complex_000148,4,-4.12522
critic_r1,complex_000165,complex_000148,5,-5.81973
critic_r1,complex_000165,complex_000148,6,-6.73996
critic_r1,complex_000165,complex_000148,7,-4.96194
critic_r1,complex_000165,complex_000148,8,-5.44422
critic_r1,complex_000165,complex_000148,9,-4.37642
critic_r1,complex_000165,complex_000148,10,-6.23237
critic_r1,complex_000165,complex_000148,11,-7.58618
critic_r1,complex_000165,complex_000148,12,-6.87109
critic_r1,complex_000165,complex_000148,13,-6.17226
critic_r1,complex_000165,complex_000148,14,-4.85995
critic_r1,complex_000165,complex_000148,15,-7.07896
critic_r1,complex_000165,complex_000148,16,-8.92695
critic_r1,complex_000165,complex_000148,17,-3.53568
critic_r1,complex_000165,complex_000148,18,-7.32053
critic_r1,complex_000165,complex_000148,19,-4.01679
critic_r1,complex_000170,complex_000236,0,-7.54704
critic_r1,complex_000170,complex_000236,1,-6.43445
critic_r1,complex_000170,complex_000236,2,-11.43148
critic_r1,complex_000170,complex_000236,3,-7.75058
critic_r1,complex_000170,complex_000236,4,-8.30828
critic_r1,complex_000170,complex_000236,5,-5.13552
critic_r1,complex_000170,complex_000236,6,-8.10226
critic_r1,complex_000170,complex_000236,7,-7.81949
critic_r1,complex_000170,complex_000236,8,-8.54218
critic_r1,complex_000170,complex_000236,9,-7.36828
critic_r1,complex_000170,complex_000236,10,-8.56576
critic_r1,complex_000170,complex_000236,11,-5.93038
critic_r1,complex_000170,complex_000236,12,-8.50328
critic_r1,complex_000170,complex_000236,13,-7.18975
critic_r1,complex_000170,complex_000236,14,-9.23694
critic_r1,complex_000170,complex_000236,15,-8.35804
critic_r1,complex_000170,complex_000236,16,-9.03291
critic_r1,complex_000170,complex_000236,17,-9.13261
critic_r1,complex_000170,complex_000236,18,-6.17617
critic_r1,complex_000170,complex_000236,19,-9.19149
critic_r1,complex_000177,complex_000305,0,-5.00194
critic_r1,complex_000177,complex_000305,1,-8.12629
critic_r1,complex_000177,complex_000305,2,-11.1015
critic_r1,complex_000177,complex_000305,3,-8.62286
critic_r1,complex_000177,complex_000305,4,-4.49164
critic_r1,complex_000177,complex_000305,5,-7.86705
critic_r1,complex_000177,complex_000305,6,-9.86187
critic_r1,complex_000177,complex_000305,7,-6.07557
critic_r1,complex_000177,complex_000305,8,-7.1604
critic_r1,complex_000177,complex_000305,9,-6.62527
critic_r1,complex_000177,complex_000305,10,-5.91807
critic_r1,complex_000177,complex_000305,11,-7.52259
critic_r1,complex_000177,complex_000305,12,-10.19835
critic_r1,complex_000177,complex_000305,13,-7.74932
critic_r1,complex_000177,complex_000305,14,-7.3457
critic_r1,complex_000177,complex_000305,15,-7.89108
critic_r1,complex_000177,complex_000305,16,-8.76701
critic_r1,complex_000177,complex_000305,17,-5.86647
critic_r1,complex_000177,complex_000305,18,-8.05334
critic_r1,complex_000177,complex_000305,19,-6.37796
critic_r1,complex_000177,complex_000177,0,-5.02176
critic_r1,complex_000177,complex_000177,1,-7.65648
critic_r1,complex_000177,complex_000177,2,-8.84239
critic_r1,complex_000177,complex_000177,3,-8.28298
critic_r1,complex_000177,complex_000177,4,-5.24007
critic_r1,complex_000177,complex_000177,5,-7.37126
critic_r1,complex_000177,complex_000177,6,-8.44836
critic_r1,complex_000177,complex_000177,7,-6.55225
critic_r1,complex_000177,complex_000177,8,-6.0639
critic_r1,complex_000177,complex_000177,9,-6.02269
critic_r1,complex_000177,complex_000177,10,-5.61239
critic_r1,complex_000177,complex_000177,11,-7.08446
critic_r1,complex_000177,complex_000177,12,-10.47966
critic_r1,complex_000177,complex_000177,13,-6.22565
critic_r1,complex_000177,complex_000177,14,-7.12796
critic_r1,complex_000177,complex_000177,15,-6.20018
critic_r1,complex_000177,complex_000177,16,-8.68297
critic_r1,complex_000177,complex_000177,17,-5.50364
critic_r1,complex_000177,complex_000177,18,-7.23148
critic_r1,complex_000177,complex_000177,19,-6.3907
critic_r1,complex_000191,complex_000191,0,-6.81767
critic_r1,complex_000191,complex_000191,1,-4.16806
critic_r1,complex_000191,complex_000191,2,-5.0626
critic_r1,complex_000191,complex_000191,3,-3.12474
critic_r1,complex_000191,complex_000191,4,-4.18986
critic_r1,complex_000191,complex_000191,5,-5.43651
critic_r1,complex_000191,complex_000191,6,-5.42495
critic_r1,complex_000191,complex_000191,7,-6.52461
critic_r1,complex_000191,complex_000191,8,-4.55985
critic_r1,complex_000191,complex_000191,9,-5.58473
critic_r1,complex_000191,complex_000191,10,-3.29986
critic_r1,complex_000191,complex_000191,11,-5.3834
critic_r1,complex_000191,complex_000191,12,-3.70719
critic_r1,complex_000191,complex_000191,13,-4.91606
critic_r1,complex_000191,complex_000191,14,-6.26106
critic_r1,complex_000191,complex_000191,15,-3.83312
critic_r1,complex_000191,complex_000191,16,-5.05106
critic_r1,complex_000191,complex_000191,17,-4.27328
critic_r1,complex_000191,complex_000191,18,-4.39734
critic_r1,complex_000191,complex_000191,19,-5.21936
critic_r1,complex_000177,complex_000051,0,-4.3523
critic_r1,complex_000177,complex_000051,1,-8.01289
critic_r1,complex_000177,complex_000051,2,-9.04362
critic_r1,complex_000177,complex_000051,3,-7.81219
critic_r1,complex_000177,complex_000051,4,-4.81368
critic_r1,complex_000177,complex_000051,5,-7.63611
critic_r1,complex_000177,complex_000051,6,-6.80837
critic_r1,complex_000177,complex_000051,7,-5.61981
critic_r1,complex_000177,complex_000051,8,-6.11217
critic_r1,complex_000177,complex_000051,9,-5.95356
critic_r1,complex_000177,complex_000051,10,-5.45882
critic_r1,complex_000177,complex_000051,11,-6.55408
critic_r1,complex_000177,complex_000051,12,-6.7275
critic_r1,complex_000177,complex_000051,13,-6.27637
critic_r1,complex_000177,complex_000051,14,-6.54857
critic_r1,complex_000177,complex_000051,15,-6.71387
critic_r1,complex_000177,complex_000051,16,-7.74854
critic_r1,complex_000177,complex_000051,17,-5.565
critic_r1,complex_000177,complex_000051,18,-6.87394
critic_r1,complex_000177,complex_000051,19,-5.91029
critic_r1,complex_000191,complex_000193,0,-6.61541
critic_r1,complex_000191,complex_000193,1,-4.76105
critic_r1,complex_000191,complex_000193,2,-4.88699
critic_r1,complex_000191,complex_000193,3,-3.53086
critic_r1,complex_000191,complex_000193,4,-4.07449
critic_r1,complex_000191,complex_000193,5,-6.3434
critic_r1,complex_000191,complex_000193,6,-5.68833
critic_r1,complex_000191,complex_000193,7,-6.69107
critic_r1,complex_000191,complex_000193,8,-5.23535
critic_r1,complex_000191,complex_000193,9,-5.89885
critic_r1,complex_000191,complex_000193,10,-3.77069
critic_r1,complex_000191,complex_000193,11,-7.31484
critic_r1,complex_000191,complex_000193,12,-3.97091
critic_r1,complex_000191,complex_000193,13,-5.06066
critic_r1,complex_000191,complex_000193,14,-5.87234
critic_r1,complex_000191,complex_000193,15,-4.15298
critic_r1,complex_000191,complex_000193,16,-4.84617
critic_r1,complex_000191,complex_000193,17,-4.48222
critic_r1,complex_000191,complex_000193,18,-4.17821
critic_r1,complex_000191,complex_000193,19,-5.74116
critic_r1,complex_000177,complex_000382,0,-4.57557
critic_r1,complex_000177,complex_000382,1,-8.0869
critic_r1,complex_000177,complex_000382,2,-11.14271
critic_r1,complex_000177,complex_000382,3,-9.03706
critic_r1,complex_000177,complex_000382,4,-4.65182
critic_r1,complex_000177,complex_000382,5,-8.2268
critic_r1,complex_000177,complex_000382,6,-8.82366
critic_r1,complex_000177,complex_000382,7,-5.9896
critic_r1,complex_000177,complex_000382,8,-6.75083
critic_r1,complex_000177,complex_000382,9,-6.4234
critic_r1,complex_000177,complex_000382,10,-5.69619
critic_r1,complex_000177,complex_000382,11,-7.1662
critic_r1,complex_000177,complex_000382,12,-12.04283
critic_r1,complex_000177,complex_000382,13,-7.12984
critic_r1,complex_000177,complex_000382,14,-7.35558
critic_r1,complex_000177,complex_000382,15,-7.11055
critic_r1,complex_000177,complex_000382,16,-9.16911
critic_r1,complex_000177,complex_000382,17,-6.14747
critic_r1,complex_000177,complex_000382,18,-7.99984
critic_r1,complex_000177,complex_000382,19,-6.68288
critic_r1,complex_000191,complex_000266,0,-7.93027
critic_r1,complex_000191,complex_000266,1,-5.31241
critic_r1,complex_000191,complex_000266,2,-5.35974
critic_r1,complex_000191,complex_000266,3,-4.08144
critic_r1,complex_000191,complex_000266,4,-5.33071
critic_r1,complex_000191,complex_000266,5,-6.43488
critic_r1,complex_000191,complex_000266,6,-5.57108
critic_r1,complex_000191,complex_000266,7,-8.51563
critic_r1,complex_000191,complex_000266,8,-6.42991
critic_r1,complex_000191,complex_000266,9,-5.64932
critic_r1,complex_000191,complex_000266,10,-5.10976
critic_r1,complex_000191,complex_000266,11,-7.15793
critic_r1,complex_000191,complex_000266,12,-4.01631
critic_r1,complex_000191,complex_000266,13,-5.44149
critic_r1,complex_000191,complex_000266,14,-6.61454
critic_r1,complex_000191,complex_000266,15,-4.78566
critic_r1,complex_000191,complex_000266,16,-4.9977
critic_r1,complex_000191,complex_000266,17,-5.25259
critic_r1,complex_000191,complex_000266,18,-4.59487
critic_r1,complex_000191,complex_000266,19,-6.55225
critic_r1,complex_000191,complex_000165,0,-5.49579
critic_r1,complex_000191,complex_000165,1,-6.18904
critic_r1,complex_000191,complex_000165,2,-6.44922
critic_r1,complex_000191,complex_000165,3,-4.89241
critic_r1,complex_000191,complex_000165,4,-4.71813
critic_r1,complex_000191,complex_000165,5,-8.03574
critic_r1,complex_000191,complex_000165,6,-7.52443
critic_r1,complex_000191,complex_000165,7,-8.40531
critic_r1,complex_000191,complex_000165,8,-6.24013
critic_r1,complex_000191,complex_000165,9,-5.75072
critic_r1,complex_000191,complex_000165,10,-5.17023
critic_r1,complex_000191,complex_000165,11,-5.77701
critic_r1,complex_000191,complex_000165,12,-4.80747
critic_r1,complex_000191,complex_000165,13,-6.52974
critic_r1,complex_000191,complex_000165,14,-6.50689
critic_r1,complex_000191,complex_000165,15,-6.16057
critic_r1,complex_000191,complex_000165,16,-6.18205
critic_r1,complex_000191,complex_000165,17,-5.3002
critic_r1,complex_000191,complex_000165,18,-5.24292
critic_r1,complex_000191,complex_000165,19,-6.20859
critic_r1,complex_000193,complex_000193,0,-5.43776
critic_r1,complex_000193,complex_000193,1,-4.41527
critic_r1,complex_000193,complex_000193,2,-7.41153
critic_r1,complex_000193,complex_000193,3,-7.33635
critic_r1,complex_000193,complex_000193,4,-4.57032
critic_r1,complex_000193,complex_000193,5,-7.04085
critic_r1,complex_000193,complex_000193,6,-5.97224
critic_r1,complex_000193,complex_000193,7,-5.8532
critic_r1,complex_000193,complex_000193,8,-9.0196
critic_r1,complex_000193,complex_000193,9,-6.04958
critic_r1,complex_000193,complex_000193,10,-5.12317
critic_r1,complex_000193,complex_000193,11,-7.13916
critic_r1,complex_000193,complex_000193,12,-7.73093
critic_r1,complex_000193,complex_000193,13,-5.66306
critic_r1,complex_000193,complex_000193,14,-6.4447
critic_r1,complex_000193,complex_000193,15,-7.27215
critic_r1,complex_000193,complex_000193,16,-7.59608
critic_r1,complex_000193,complex_000193,17,-6.04358
critic_r1,complex_000193,complex_000193,18,-6.53476
critic_r1,complex_000193,complex_000193,19,-5.95316
critic_r1,complex_000179,complex_000473,0,-7.12217
critic_r1,complex_000179,complex_000473,1,-7.31827
critic_r1,complex_000179,complex_000473,2,-8.501
critic_r1,complex_000179,complex_000473,3,-7.67911
critic_r1,complex_000179,complex_000473,4,-8.66729
critic_r1,complex_000179,complex_000473,5,-5.92305
critic_r1,complex_000179,complex_000473,6,-7.22851
critic_r1,complex_000179,complex_000473,7,-5.32558
critic_r1,complex_000179,complex_000473,8,-8.22359
critic_r1,complex_000179,complex_000473,9,-7.46477
critic_r1,complex_000179,complex_000473,10,-6.15041
critic_r1,complex_000179,complex_000473,11,-4.83957
critic_r1,complex_000179,complex_000473,12,-5.64797
critic_r1,complex_000179,complex_000473,13,-6.65071
critic_r1,complex_000179,complex_000473,14,-6.19422
critic_r1,complex_000179,complex_000473,15,-7.70026
critic_r1,complex_000179,complex_000473,16,-10.19456
critic_r1,complex_000179,complex_000473,17,-8.38741
critic_r1,complex_000179,complex_000473,18,-5.78991
critic_r1,complex_000179,complex_000473,19,-6.75963
critic_r1,complex_000193,complex_000292,0,-4.50097
critic_r1,complex_000193,complex_000292,1,-4.38703
critic_r1,complex_000193,complex_000292,2,-6.45799
critic_r1,complex_000193,complex_000292,3,-5.56481
critic_r1,complex_000193,complex_000292,4,-3.92825
critic_r1,complex_000193,complex_000292,5,-5.90045
critic_r1,complex_000193,complex_000292,6,-5.47619
critic_r1,complex_000193,complex_000292,7,-4.83215
critic_r1,complex_000193,complex_000292,8,-7.12493
critic_r1,complex_000193,complex_000292,9,-5.27893
critic_r1,complex_000193,complex_000292,10,-5.11338
critic_r1,complex_000193,complex_000292,11,-5.91802
critic_r1,complex_000193,complex_000292,12,-6.60055
critic_r1,complex_000193,complex_000292,13,-5.11888
critic_r1,complex_000193,complex_000292,14,-6.39438
critic_r1,complex_000193,complex_000292,15,-6.76063
critic_r1,complex_000193,complex_000292,16,-6.55779
critic_r1,complex_000193,complex_000292,17,-5.03938
critic_r1,complex_000193,complex_000292,18,-5.24956
critic_r1,complex_000193,complex_000292,19,-5.26888
critic_r1,complex_000179,complex_000179,0,-9.17347
critic_r1,complex_000179,complex_000179,1,-8.70989
critic_r1,complex_000179,complex_000179,2,-11.86162
critic_r1,complex_000179,complex_000179,3,-10.33561
critic_r1,complex_000179,complex_000179,4,-11.04542
critic_r1,complex_000179,complex_000179,5,-7.02621
critic_r1,complex_000179,complex_000179,6,-9.97857
critic_r1,complex_000179,complex_000179,7,-6.65831
critic_r1,complex_000179,complex_000179,8,-10.08547
critic_r1,complex_000179,complex_000179,9,-8.61517
critic_r1,complex_000179,complex_000179,10,-7.66028
critic_r1,complex_000179,complex_000179,11,-5.61696
critic_r1,complex_000179,complex_000179,12,-6.20913
critic_r1,complex_000179,complex_000179,13,-7.87546
critic_r1,complex_000179,complex_000179,14,-7.13064
critic_r1,complex_000179,complex_000179,15,-10.03517
critic_r1,complex_000179,complex_000179,16,-12.03408
critic_r1,complex_000179,complex_000179,17,-10.70926
critic_r1,complex_000179,complex_000179,18,-7.31175
critic_r1,complex_000179,complex_000179,19,-8.52405
critic_r1,complex_000193,complex_000394,0,-5.62965
critic_r1,complex_000193,complex_000394,1,-4.7464
critic_r1,complex_000193,complex_000394,2,-7.84089
critic_r1,complex_000193,complex_000394,3,-7.70967
critic_r1,complex_000193,complex_000394,4,-5.2426
critic_r1,complex_000193,complex_000394,5,-7.5967
critic_r1,complex_000193,complex_000394,6,-7.30729
critic_r1,complex_000193,complex_000394,7,-5.9743
critic_r1,complex_000193,complex_000394,8,-8.98361
critic_r1,complex_000193,complex_000394,9,-6.54599
critic_r1,complex_000193,complex_000394,10,-6.50651
critic_r1,complex_000193,complex_000394,11,-7.23546
critic_r1,complex_000193,complex_000394,12,-7.84381
critic_r1,complex_000193,complex_000394,13,-6.0602
critic_r1,complex_000193,complex_000394,14,-6.39068
critic_r1,complex_000193,complex_000394,15,-8.23613
critic_r1,complex_000193,complex_000394,16,-7.38638
critic_r1,complex_000193,complex_000394,17,-5.64775
critic_r1,complex_000193,complex_000394,18,-6.30959
critic_r1,complex_000193,complex_000394,19,-5.93389
critic_r1,complex_000179,complex_000292,0,-6.52801
critic_r1,complex_000179,complex_000292,1,-6.7528
critic_r1,complex_000179,complex_000292,2,-8.41223
critic_r1,complex_000179,complex_000292,3,-7.66116
critic_r1,complex_000179,complex_000292,4,-7.87627
critic_r1,complex_000179,complex_000292,5,-5.5188
critic_r1,complex_000179,complex_000292,6,-6.90304
critic_r1,complex_000179,complex_000292,7,-5.13825
critic_r1,complex_000179,complex_000292,8,-7.62219
critic_r1,complex_000179,complex_000292,9,-6.37901
critic_r1,complex_000179,complex_000292,10,-5.64971
critic_r1,complex_000179,complex_000292,11,-4.64047
critic_r1,complex_000179,complex_000292,12,-4.65496
critic_r1,complex_000179,complex_000292,13,-6.77555
critic_r1,complex_000179,complex_000292,14,-5.61127
critic_r1,complex_000179,complex_000292,15,-6.91765
critic_r1,complex_000179,complex_000292,16,-7.69863
critic_r1,complex_000179,complex_000292,17,-6.97939
critic_r1,complex_000179,complex_000292,18,-5.67145
critic_r1,complex_000179,complex_000292,19,-5.77433
critic_r1,complex_000193,complex_000177,0,-5.6957
critic_r1,complex_000193,complex_000177,1,-5.10384
critic_r1,complex_000193,complex_000177,2,-7.99612
critic_r1,complex_000193,complex_000177,3,-6.84228
critic_r1,complex_000193,complex_000177,4,-4.96067
critic_r1,complex_000193,complex_000177,5,-6.56335
critic_r1,complex_000193,complex_000177,6,-6.70862
critic_r1,complex_000193,complex_000177,7,-5.65484
critic_r1,complex_000193,complex_000177,8,-8.41358
critic_r1,complex_000193,complex_000177,9,-6.98212
critic_r1,complex_000193,complex_000177,10,-5.85619
critic_r1,complex_000193,complex_000177,11,-7.55499
critic_r1,complex_000193,complex_000177,12,-7.83556
critic_r1,complex_000193,complex_000177,13,-6.49343
critic_r1,complex_000193,complex_000177,14,-6.07546
critic_r1,complex_000193,complex_000177,15,-7.19455
critic_r1,complex_000193,complex_000177,16,-7.16734
critic_r1,complex_000193,complex_000177,17,-5.99851
critic_r1,complex_000193,complex_000177,18,-6.01079
critic_r1,complex_000193,complex_000177,19,-5.77485
critic_r1,complex_000223,complex_000223,0,-6.28157
critic_r1,complex_000223,complex_000223,1,-4.49036
critic_r1,complex_000223,complex_000223,2,-5.2525
critic_r1,complex_000223,complex_000223,3,-5.79211
critic_r1,complex_000223,complex_000223,4,-7.65059
critic_r1,complex_000223,complex_000223,5,-5.02368
critic_r1,complex_000223,complex_000223,6,-3.74033
critic_r1,complex_000223,complex_000223,7,-4.22839
critic_r1,complex_000223,complex_000223,8,-5.87156
critic_r1,complex_000223,complex_000223,9,-5.42618
critic_r1,complex_000223,complex_000223,10,-5.56564
critic_r1,complex_000223,complex_000223,11,-5.85729
critic_r1,complex_000223,complex_000223,12,-6.1621
critic_r1,complex_000223,complex_000223,13,-4.8172
critic_r1,complex_000223,complex_000223,14,-4.26197
critic_r1,complex_000223,complex_000223,15,-4.85004
critic_r1,complex_000223,complex_000223,16,-4.55711
critic_r1,complex_000223,complex_000223,17,-5.91124
critic_r1,complex_000223,complex_000223,18,-4.08551
critic_r1,complex_000223,complex_000223,19,-4.51597
critic_r1,complex_000179,complex_000411,0,-8.12666
critic_r1,complex_000179,complex_000411,1,-8.1483
critic_r1,complex_000179,complex_000411,2,-9.45102
critic_r1,complex_000179,complex_000411,3,-8.0908
critic_r1,complex_000179,complex_000411,4,-9.99269
critic_r1,complex_000179,complex_000411,5,-6.86066
critic_r1,complex_000179,complex_000411,6,-7.40761
critic_r1,complex_000179,complex_000411,7,-6.5386
critic_r1,complex_000179,complex_000411,8,-10.40034
critic_r1,complex_000179,complex_000411,9,-7.71729
critic_r1,complex_000179,complex_000411,10,-6.83555
critic_r1,complex_000179,complex_000411,11,-5.10561
critic_r1,complex_000179,complex_000411,12,-5.73492
critic_r1,complex_000179,complex_000411,13,-7.59612
critic_r1,complex_000179,complex_000411,14,-6.5442
critic_r1,complex_000179,complex_000411,15,-9.63425
critic_r1,complex_000179,complex_000411,16,-9.53454
critic_r1,complex_000179,complex_000411,17,-8.54662
critic_r1,complex_000179,complex_000411,18,-6.02272
critic_r1,complex_000179,complex_000411,19,-7.58073
critic_r1,complex_000223,complex_000472,0,-9.83201
critic_r1,complex_000223,complex_000472,1,-7.46275
critic_r1,complex_000223,complex_000472,2,-9.11326
critic_r1,complex_000223,complex_000472,3,-8.12337
critic_r1,complex_000223,complex_000472,4,-11.96731
critic_r1,complex_000223,complex_000472,5,-7.15119
critic_r1,complex_000223,complex_000472,6,-4.99647
critic_r1,complex_000223,complex_000472,7,-5.82777
critic_r1,complex_000223,complex_000472,8,-9.43119
critic_r1,complex_000223,complex_000472,9,-7.01578
critic_r1,complex_000223,complex_000472,10,-9.15838
critic_r1,complex_000223,complex_000472,11,-9.58291
critic_r1,complex_000223,complex_000472,12,-10.09437
critic_r1,complex_000223,complex_000472,13,-8.54702
critic_r1,complex_000223,complex_000472,14,-5.34422
critic_r1,complex_000223,complex_000472,15,-7.19072
critic_r1,complex_000223,complex_000472,16,-6.14293
critic_r1,complex_000223,complex_000472,17,-9.2937
critic_r1,complex_000223,complex_000472,18,-5.59271
critic_r1,complex_000223,complex_000472,19,-6.57885
critic_r1,complex_000223,complex_000179,0,-9.86725
critic_r1,complex_000223,complex_000179,1,-7.604
critic_r1,complex_000223,complex_000179,2,-8.78864
critic_r1,complex_000223,complex_000179,3,-8.07807
critic_r1,complex_000223,complex_000179,4,-11.08969
critic_r1,complex_000223,complex_000179,5,-7.76152
critic_r1,complex_000223,complex_000179,6,-5.11969
critic_r1,complex_000223,complex_000179,7,-5.63737
critic_r1,complex_000223,complex_000179,8,-9.4409
critic_r1,complex_000223,complex_000179,9,-7.13275
critic_r1,complex_000223,complex_000179,10,-9.14366
critic_r1,complex_000223,complex_000179,11,-9.64467
critic_r1,complex_000223,complex_000179,12,-10.92735
critic_r1,complex_000223,complex_000179,13,-8.08804
critic_r1,complex_000223,complex_000179,14,-5.0551
critic_r1,complex_000223,complex_000179,15,-7.19
critic_r1,complex_000223,complex_000179,16,-7.06958
critic_r1,complex_000223,complex_000179,17,-9.67631
critic_r1,complex_000223,complex_000179,18,-5.19369
critic_r1,complex_000223,complex_000179,19,-6.3767
critic_r1,complex_000223,complex_000177,0,-8.85787
critic_r1,complex_000223,complex_000177,1,-6.8918
critic_r1,complex_000223,complex_000177,2,-7.78462
critic_r1,complex_000223,complex_000177,3,-7.76142
critic_r1,complex_000223,complex_000177,4,-9.40098
critic_r1,complex_000223,complex_000177,5,-6.71452
critic_r1,complex_000223,complex_000177,6,-5.37473
critic_r1,complex_000223,complex_000177,7,-5.82896
critic_r1,complex_000223,complex_000177,8,-8.43156
critic_r1,complex_000223,complex_000177,9,-6.65593
critic_r1,complex_000223,complex_000177,10,-7.51219
critic_r1,complex_000223,complex_000177,11,-8.24341
critic_r1,complex_000223,complex_000177,12,-8.10411
critic_r1,complex_000223,complex_000177,13,-7.42269
critic_r1,complex_000223,complex_000177,14,-4.97595
critic_r1,complex_000223,complex_000177,15,-6.52917
critic_r1,complex_000223,complex_000177,16,-5.33192
critic_r1,complex_000223,complex_000177,17,-7.63874
critic_r1,complex_000223,complex_000177,18,-5.3627
critic_r1,complex_000223,complex_000177,19,-6.32355
critic_r1,complex_000236,complex_000236,0,-8.1882
critic_r1,complex_000236,complex_000236,1,-11.84847
critic_r1,complex_000236,complex_000236,2,-9.33067
critic_r1,complex_000236,complex_000236,3,-8.42231
critic_r1,complex_000236,complex_000236,4,-11.73938
critic_r1,complex_000236,complex_000236,5,-10.08118
critic_r1,complex_000236,complex_000236,6,-6.82376
critic_r1,complex_000236,complex_000236,7,-9.45661
critic_r1,complex_000236,complex_000236,8,-6.20317
critic_r1,complex_000236,complex_000236,9,-7.38193
critic_r1,complex_000236,complex_000236,10,-7.8595
critic_r1,complex_000236,complex_000236,11,-9.70217
critic_r1,complex_000236,complex_000236,12,-6.5658
critic_r1,complex_000236,complex_000236,13,-8.16358
critic_r1,complex_000236,complex_000236,14,-8.31327
critic_r1,complex_000236,complex_000236,15,-8.67427
critic_r1,complex_000236,complex_000236,16,-8.1842
critic_r1,complex_000236,complex_000236,17,-10.58875
critic_r1,complex_000236,complex_000236,18,-9.22785
critic_r1,complex_000236,complex_000236,19,-7.50022
critic_r1,complex_000292,complex_000403,0,-4.7776
critic_r1,complex_000292,complex_000403,1,-5.83408
critic_r1,complex_000292,complex_000403,2,-5.36781
critic_r1,complex_000292,complex_000403,3,-6.48114
critic_r1,complex_000292,complex_000403,4,-9.0665
critic_r1,complex_000292,complex_000403,5,-7.18319
critic_r1,complex_000292,complex_000403,6,-5.71975
critic_r1,complex_000292,complex_000403,7,-5.33449
critic_r1,complex_000292,complex_000403,8,-8.0249
critic_r1,complex_000292,complex_000403,9,-6.74653
critic_r1,complex_000292,complex_000403,10,-5.20038
critic_r1,complex_000292,complex_000403,11,-5.10088
critic_r1,complex_000292,complex_000403,12,-7.13223
critic_r1,complex_000292,complex_000403,13,-7.6168
critic_r1,complex_000292,complex_000403,14,-6.85302
critic_r1,complex_000292,complex_000403,15,-5.15106
critic_r1,complex_000292,complex_000403,16,-8.09673
critic_r1,complex_000292,complex_000403,17,-7.95813
critic_r1,complex_000292,complex_000403,18,-5.10658
critic_r1,complex_000292,complex_000403,19,-7.25251
critic_r1,complex_000292,complex_000292,0,-4.54871
critic_r1,complex_000292,complex_000292,1,-5.31512
critic_r1,complex_000292,complex_000292,2,-4.64433
critic_r1,complex_000292,complex_000292,3,-5.69379
critic_r1,complex_000292,complex_000292,4,-6.7733
critic_r1,complex_000292,complex_000292,5,-6.62872
critic_r1,complex_000292,complex_000292,6,-5.21906
critic_r1,complex_000292,complex_000292,7,-4.73269
critic_r1,complex_000292,complex_000292,8,-7.14428
critic_r1,complex_000292,complex_000292,9,-5.87435
critic_r1,complex_000292,complex_000292,10,-4.68834
critic_r1,complex_000292,complex_000292,11,-4.19703
critic_r1,complex_000292,complex_000292,12,-5.26755
critic_r1,complex_000292,complex_000292,13,-6.44523
critic_r1,complex_000292,complex_000292,14,-5.90054
critic_r1,complex_000292,complex_000292,15,-4.81833
critic_r1,complex_000292,complex_000292,16,-7.54661
critic_r1,complex_000292,complex_000292,17,-6.69766
critic_r1,complex_000292,complex_000292,18,-4.47348
critic_r1,complex_000292,complex_000292,19,-6.15046
critic_r1,complex_000236,complex_000085,0,-9.14859
critic_r1,complex_000236,complex_000085,1,-9.66457
critic_r1,complex_000236,complex_000085,2,-9.42855
critic_r1,complex_000236,complex_000085,3,-9.69545
critic_r1,complex_000236,complex_000085,4,-6.65086
critic_r1,complex_000236,complex_000085,5,-8.06968
critic_r1,complex_000236,complex_000085,6,-7.97311
critic_r1,complex_000236,complex_000085,7,-9.75645
critic_r1,complex_000236,complex_000085,8,-7.06987
critic_r1,complex_000236,complex_000085,9,-6.4782
critic_r1,complex_000236,complex_000085,10,-8.25867
critic_r1,complex_000236,complex_000085,11,-9.37928
critic_r1,complex_000236,complex_000085,12,-7.66541
critic_r1,complex_000236,complex_000085,13,-8.60078
critic_r1,complex_000236,complex_000085,14,-8.02831
critic_r1,complex_000236,complex_000085,15,-9.39773
critic_r1,complex_000236,complex_000085,16,-8.80213
critic_r1,complex_000236,complex_000085,17,-9.12285
critic_r1,complex_000236,complex_000085,18,-8.73953
critic_r1,complex_000236,complex_000085,19,-7.31085
critic_r1,complex_000292,complex_000335,0,-4.15851
critic_r1,complex_000292,complex_000335,1,-5.37608
critic_r1,complex_000292,complex_000335,2,-4.63081
critic_r1,complex_000292,complex_000335,3,-5.44898
critic_r1,complex_000292,complex_000335,4,-7.1158
critic_r1,complex_000292,complex_000335,5,-5.99335
critic_r1,complex_000292,complex_000335,6,-5.28073
critic_r1,complex_000292,complex_000335,7,-4.44727
critic_r1,complex_000292,complex_000335,8,-7.27366
critic_r1,complex_000292,complex_000335,9,-5.75409
critic_r1,complex_000292,complex_000335,10,-4.74427
critic_r1,complex_000292,complex_000335,11,-3.81285
critic_r1,complex_000292,complex_000335,12,-5.48019
critic_r1,complex_000292,complex_000335,13,-6.33186
critic_r1,complex_000292,complex_000335,14,-6.00543
critic_r1,complex_000292,complex_000335,15,-4.46759
critic_r1,complex_000292,complex_000335,16,-7.25542
critic_r1,complex_000292,complex_000335,17,-7.08454
critic_r1,complex_000292,complex_000335,18,-4.5767
critic_r1,complex_000292,complex_000335,19,-5.62836
critic_r1,complex_000236,complex_000477,0,-8.02106
critic_r1,complex_000236,complex_000477,1,-8.69409
critic_r1,complex_000236,complex_000477,2,-8.25428
critic_r1,complex_000236,complex_000477,3,-8.03454
critic_r1,complex_000236,complex_000477,4,-9.13091
critic_r1,complex_000236,complex_000477,5,-8.79211
critic_r1,complex_000236,complex_000477,6,-6.29466
critic_r1,complex_000236,complex_000477,7,-8.71046
critic_r1,complex_000236,complex_000477,8,-6.32707
critic_r1,complex_000236,complex_000477,9,-6.00645
critic_r1,complex_000236,complex_000477,10,-7.53307
critic_r1,complex_000236,complex_000477,11,-7.64778
critic_r1,complex_000236,complex_000477,12,-6.52325
critic_r1,complex_000236,complex_000477,13,-7.07061
critic_r1,complex_000236,complex_000477,14,-7.41462
critic_r1,complex_000236,complex_000477,15,-7.5984
critic_r1,complex_000236,complex_000477,16,-7.71861
critic_r1,complex_000236,complex_000477,17,-8.28978
critic_r1,complex_000236,complex_000477,18,-7.05745
critic_r1,complex_000236,complex_000477,19,-5.98524
critic_r1,complex_000292,complex_000473,0,-4.13481
critic_r1,complex_000292,complex_000473,1,-5.57819
critic_r1,complex_000292,complex_000473,2,-4.42743
critic_r1,complex_000292,complex_000473,3,-5.807
critic_r1,complex_000292,complex_000473,4,-7.99016
critic_r1,complex_000292,complex_000473,5,-6.78355
critic_r1,complex_000292,complex_000473,6,-5.42333
critic_r1,complex_000292,complex_000473,7,-4.95748
critic_r1,complex_000292,complex_000473,8,-6.93584
critic_r1,complex_000292,complex_000473,9,-6.98408
critic_r1,complex_000292,complex_000473,10,-4.67753
critic_r1,complex_000292,complex_000473,11,-4.31883
critic_r1,complex_000292,complex_000473,12,-5.64165
critic_r1,complex_000292,complex_000473,13,-6.36853
critic_r1,complex_000292,complex_000473,14,-6.15117
critic_r1,complex_000292,complex_000473,15,-4.79598
critic_r1,complex_000292,complex_000473,16,-7.04646
critic_r1,complex_000292,complex_000473,17,-7.1033
critic_r1,complex_000292,complex_000473,18,-4.4782
critic_r1,complex_000292,complex_000473,19,-6.14027
critic_r1,complex_000266,complex_000266,0,-5.58111
critic_r1,complex_000266,complex_000266,1,-10.10621
critic_r1,complex_000266,complex_000266,2,-7.5056
critic_r1,complex_000266,complex_000266,3,-6.66505
critic_r1,complex_000266,complex_000266,4,-9.90247
critic_r1,complex_000266,complex_000266,5,-9.23116
critic_r1,complex_000266,complex_000266,6,-4.72551
critic_r1,complex_000266,complex_000266,7,-7.54212
critic_r1,complex_000266,complex_000266,8,-7.47011
critic_r1,complex_000266,complex_000266,9,-8.45771
critic_r1,complex_000266,complex_000266,10,-8.64138
critic_r1,complex_000266,complex_000266,11,-7.99617
critic_r1,complex_000266,complex_000266,12,-7.94012
critic_r1,complex_000266,complex_000266,13,-10.1117
critic_r1,complex_000266,complex_000266,14,-5.48573
critic_r1,complex_000266,complex_000266,15,-9.3916
critic_r1,complex_000266,complex_000266,16,-6.81081
critic_r1,complex_000266,complex_000266,17,-4.65115
critic_r1,complex_000266,complex_000266,18,-6.91089
critic_r1,complex_000266,complex_000266,19,-9.72942
critic_r1,complex_000236,complex_000374,0,
critic_r1,complex_000236,complex_000374,1,
critic_r1,complex_000236,complex_000374,2,
critic_r1,complex_000236,complex_000374,3,
critic_r1,complex_000236,complex_000374,4,
critic_r1,complex_000236,complex_000374,5,
critic_r1,complex_000236,complex_000374,6,
critic_r1,complex_000236,complex_000374,7,
critic_r1,complex_000236,complex_000374,8,
critic_r1,complex_000236,complex_000374,9,
critic_r1,complex_000236,complex_000374,10,
critic_r1,complex_000236,complex_000374,11,
critic_r1,complex_000236,complex_000374,12,
critic_r1,complex_000236,complex_000374,13,
critic_r1,complex_000236,complex_000374,14,
critic_r1,complex_000236,complex_000374,15,
critic_r1,complex_000236,complex_000374,16,
critic_r1,complex_000236,complex_000374,17,
critic_r1,complex_000236,complex_000374,18,
critic_r1,complex_000236,complex_000374,19,
critic_r1,complex_000269,complex_000363,0,-7.45643
critic_r1,complex_000269,complex_000363,1,-9.35489
critic_r1,complex_000269,complex_000363,2,-5.55002
critic_r1,complex_000269,complex_000363,3,-7.20712
critic_r1,complex_000269,complex_000363,4,-9.90199
critic_r1,complex_000269,complex_000363,5,-8.72884
critic_r1,complex_000269,complex_000363,6,-7.61857
critic_r1,complex_000269,complex_000363,7,-7.49377
critic_r1,complex_000269,complex_000363,8,-7.86558
critic_r1,complex_000269,complex_000363,9,-8.58953
critic_r1,complex_000269,complex_000363,10,-7.1136
critic_r1,complex_000269,complex_000363,11,-6.16683
critic_r1,complex_000269,complex_000363,12,-6.67421
critic_r1,complex_000269,complex_000363,13,-10.25306
critic_r1,complex_000269,complex_000363,14,-6.98236
critic_r1,complex_000269,complex_000363,15,-7.40354
critic_r1,complex_000269,complex_000363,16,-8.13343
critic_r1,complex_000269,complex_000363,17,-10.11236
critic_r1,complex_000269,complex_000363,18,-5.88974
critic_r1,complex_000269,complex_000363,19,-8.17375
critic_r1,complex_000266,complex_000148,0,-4.51097
critic_r1,complex_000266,complex_000148,1,-9.548
critic_r1,complex_000266,complex_000148,2,-7.44567
critic_r1,complex_000266,complex_000148,3,-5.9732
critic_r1,complex_000266,complex_000148,4,-8.62429
critic_r1,complex_000266,complex_000148,5,-8.83069
critic_r1,complex_000266,complex_000148,6,-4.05589
critic_r1,complex_000266,complex_000148,7,-7.15166
critic_r1,complex_000266,complex_000148,8,-7.44916
critic_r1,complex_000266,complex_000148,9,-8.07604
critic_r1,complex_000266,complex_000148,10,-8.44459
critic_r1,complex_000266,complex_000148,11,-8.20776
critic_r1,complex_000266,complex_000148,12,-6.74103
critic_r1,complex_000266,complex_000148,13,-8.85198
critic_r1,complex_000266,complex_000148,14,-4.91017
critic_r1,complex_000266,complex_000148,15,-9.25497
critic_r1,complex_000266,complex_000148,16,-6.12927
critic_r1,complex_000266,complex_000148,17,-4.46843
critic_r1,complex_000266,complex_000148,18,-5.80304
critic_r1,complex_000266,complex_000148,19,-10.35112
critic_r1,complex_000269,complex_000170,0,-7.44659
critic_r1,complex_000269,complex_000170,1,-9.36174
critic_r1,complex_000269,complex_000170,2,-5.76824
critic_r1,complex_000269,complex_000170,3,-8.38271
critic_r1,complex_000269,complex_000170,4,-10.66871
critic_r1,complex_000269,complex_000170,5,-9.16639
critic_r1,complex_000269,complex_000170,6,-9.55562
critic_r1,complex_000269,complex_000170,7,-7.26098
critic_r1,complex_000269,complex_000170,8,-7.01647
critic_r1,complex_000269,complex_000170,9,-10.76892
critic_r1,complex_000269,complex_000170,10,-8.10805
critic_r1,complex_000269,complex_000170,11,-7.27778
critic_r1,complex_000269,complex_000170,12,-8.66747
critic_r1,complex_000269,complex_000170,13,-9.34421
critic_r1,complex_000269,complex_000170,14,-6.98132
critic_r1,complex_000269,complex_000170,15,-8.43836
critic_r1,complex_000269,complex_000170,16,-9.92524
critic_r1,complex_000269,complex_000170,17,-8.29103
critic_r1,complex_000269,complex_000170,18,-7.29956
critic_r1,complex_000269,complex_000170,19,-8.48443
critic_r1,complex_000266,complex_000477,0,-4.96477
critic_r1,complex_000266,complex_000477,1,-8.64287
critic_r1,complex_000266,complex_000477,2,-7.23299
critic_r1,complex_000266,complex_000477,3,-6.09371
critic_r1,complex_000266,complex_000477,4,-8.48882
critic_r1,complex_000266,complex_000477,5,-8.78489
critic_r1,complex_000266,complex_000477,6,-4.57453
critic_r1,complex_000266,complex_000477,7,-7.5733
critic_r1,complex_000266,complex_000477,8,-7.38747
critic_r1,complex_000266,complex_000477,9,-8.47999
critic_r1,complex_000266,complex_000477,10,-9.12571
critic_r1,complex_000266,complex_000477,11,-8.16467
critic_r1,complex_000266,complex_000477,12,-6.96403
critic_r1,complex_000266,complex_000477,13,-8.37232
critic_r1,complex_000266,complex_000477,14,-4.57859
critic_r1,complex_000266,complex_000477,15,-8.17368
critic_r1,complex_000266,complex_000477,16,-5.88291
critic_r1,complex_000266,complex_000477,17,-4.84703
critic_r1,complex_000266,complex_000477,18,-5.48406
critic_r1,complex_000266,complex_000477,19,-9.25928
critic_r1,complex_000269,complex_000292,0,-5.62356
critic_r1,complex_000269,complex_000292,1,-7.14432
critic_r1,complex_000269,complex_000292,2,-4.6298
critic_r1,complex_000269,complex_000292,3,-6.24767
critic_r1,complex_000269,complex_000292,4,-7.51688
critic_r1,complex_000269,complex_000292,5,-6.95307
critic_r1,complex_000269,complex_000292,6,-5.67589
critic_r1,complex_000269,complex_000292,7,-6.36855
critic_r1,complex_000269,complex_000292,8,-6.27632
critic_r1,complex_000269,complex_000292,9,-6.65195
critic_r1,complex_000269,complex_000292,10,-5.69854
critic_r1,complex_000269,complex_000292,11,-5.17365
critic_r1,complex_000269,complex_000292,12,-4.77662
critic_r1,complex_000269,complex_000292,13,-8.29559
critic_r1,complex_000269,complex_000292,14,-5.02441
critic_r1,complex_000269,complex_000292,15,-5.95015
critic_r1,complex_000269,complex_000292,16,-6.20455
critic_r1,complex_000269,complex_000292,17,-7.3501
critic_r1,complex_000269,complex_000292,18,-4.77388
critic_r1,complex_000269,complex_000292,19,-6.87479
critic_r1,complex_000269,complex_000269,0,-5.24661
critic_r1,complex_000269,complex_000269,1,-6.86563
critic_r1,complex_000269,complex_000269,2,-5.24975
critic_r1,complex_000269,complex_000269,3,-6.28273
critic_r1,complex_000269,complex_000269,4,-7.38749
critic_r1,complex_000269,complex_000269,5,-6.20854
critic_r1,complex_000269,complex_000269,6,-5.96312
critic_r1,complex_000269,complex_000269,7,-6.80945
critic_r1,complex_000269,complex_000269,8,-7.95297
critic_r1,complex_000269,complex_000269,9,-6.97392
critic_r1,complex_000269,complex_000269,10,-5.8107
critic_r1,complex_000269,complex_000269,11,-5.50256
critic_r1,complex_000269,complex_000269,12,-4.98575
critic_r1,complex_000269,complex_000269,13,-8.04669
critic_r1,complex_000269,complex_000269,14,-5.6235
critic_r1,complex_000269,complex_000269,15,-6.15007
critic_r1,complex_000269,complex_000269,16,-6.16738
critic_r1,complex_000269,complex_000269,17,-7.34061
critic_r1,complex_000269,complex_000269,18,-5.51567
critic_r1,complex_000269,complex_000269,19,-6.66525
critic_r1,complex_000266,complex_000305,0,
critic_r1,complex_000266,complex_000305,1,
critic_r1,complex_000266,complex_000305,2,
critic_r1,complex_000266,complex_000305,3,
critic_r1,complex_000266,complex_000305,4,
critic_r1,complex_000266,complex_000305,5,
critic_r1,complex_000266,complex_000305,6,
critic_r1,complex_000266,complex_000305,7,
critic_r1,complex_000266,complex_000305,8,
critic_r1,complex_000266,complex_000305,9,
critic_r1,complex_000266,complex_000305,10,
critic_r1,complex_000266,complex_000305,11,
critic_r1,complex_000266,complex_000305,12,
critic_r1,complex_000266,complex_000305,13,
critic_r1,complex_000266,complex_000305,14,
critic_r1,complex_000266,complex_000305,15,
critic_r1,complex_000266,complex_000305,16,
critic_r1,complex_000266,complex_000305,17,
critic_r1,complex_000266,complex_000305,18,
critic_r1,complex_000266,complex_000305,19,
critic_r1,complex_000335,complex_000426,0,-5.15333
critic_r1,complex_000335,complex_000426,1,-9.76795
critic_r1,complex_000335,complex_000426,2,-5.84748
critic_r1,complex_000335,complex_000426,3,-6.23445
critic_r1,complex_000335,complex_000426,4,-6.39828
critic_r1,complex_000335,complex_000426,5,-5.90037
critic_r1,complex_000335,complex_000426,6,-5.67598
critic_r1,complex_000335,complex_000426,7,-6.0546
critic_r1,complex_000335,complex_000426,8,-7.09881
critic_r1,complex_000335,complex_000426,9,-6.8782
critic_r1,complex_000335,complex_000426,10,-9.17109
critic_r1,complex_000335,complex_000426,11,-5.35801
critic_r1,complex_000335,complex_000426,12,-7.70134
critic_r1,complex_000335,complex_000426,13,-5.18235
critic_r1,complex_000335,complex_000426,14,-7.67982
critic_r1,complex_000335,complex_000426,15,-5.45306
critic_r1,complex_000335,complex_000426,16,-5.83488
critic_r1,complex_000335,complex_000426,17,-5.78999
critic_r1,complex_000335,complex_000426,18,-8.23632
critic_r1,complex_000335,complex_000426,19,-4.99585
critic_r1,complex_000335,complex_000335,0,-4.52925
critic_r1,complex_000335,complex_000335,1,-7.51235
critic_r1,complex_000335,complex_000335,2,-5.0851
critic_r1,complex_000335,complex_000335,3,-5.23408
critic_r1,complex_000335,complex_000335,4,-5.1505
critic_r1,complex_000335,complex_000335,5,-4.55215
critic_r1,complex_000335,complex_000335,6,-5.10788
critic_r1,complex_000335,complex_000335,7,-5.22039
critic_r1,complex_000335,complex_000335,8,-5.46605
critic_r1,complex_000335,complex_000335,9,-5.51361
critic_r1,complex_000335,complex_000335,10,-6.56911
critic_r1,complex_000335,complex_000335,11,-4.65306
critic_r1,complex_000335,complex_000335,12,-6.83302
critic_r1,complex_000335,complex_000335,13,-4.40124
critic_r1,complex_000335,complex_000335,14,-6.45188
critic_r1,complex_000335,complex_000335,15,-5.37621
critic_r1,complex_000335,complex_000335,16,-4.69057
critic_r1,complex_000335,complex_000335,17,-5.66303
critic_r1,complex_000335,complex_000335,18,-5.74976
critic_r1,complex_000335,complex_000335,19,-4.31279
critic_r1,complex_000305,complex_000149,0,-6.31368
critic_r1,complex_000305,complex_000149,1,-10.31715
critic_r1,complex_000305,complex_000149,2,-7.1737
critic_r1,complex_000305,complex_000149,3,-9.06033
critic_r1,complex_000305,complex_000149,4,-8.1062
critic_r1,complex_000305,complex_000149,5,-7.42308
critic_r1,complex_000305,complex_000149,6,-8.34256
critic_r1,complex_000305,complex_000149,7,-5.87281
critic_r1,complex_000305,complex_000149,8,-6.97243
critic_r1,complex_000305,complex_000149,9,-8.10617
critic_r1,complex_000305,complex_000149,10,-6.28183
critic_r1,complex_000305,complex_000149,11,-5.74859
critic_r1,complex_000305,complex_000149,12,-9.31667
critic_r1,complex_000305,complex_000149,13,-8.73531
critic_r1,complex_000305,complex_000149,14,-8.77832
critic_r1,complex_000305,complex_000149,15,-9.06256
critic_r1,complex_000305,complex_000149,16,-10.3565
critic_r1,complex_000305,complex_000149,17,-6.55186
critic_r1,complex_000305,complex_000149,18,-8.71749
critic_r1,complex_000305,complex_000149,19,-9.311
critic_r1,complex_000305,complex_000540,0,-5.46986
critic_r1,complex_000305,complex_000540,1,-8.25701
critic_r1,complex_000305,complex_000540,2,-6.30916
critic_r1,complex_000305,complex_000540,3,-8.47828
critic_r1,complex_000305,complex_000540,4,-8.40335
critic_r1,complex_000305,complex_000540,5,-8.50157
critic_r1,complex_000305,complex_000540,6,-8.13987
critic_r1,complex_000305,complex_000540,7,-4.723
critic_r1,complex_000305,complex_000540,8,-5.99533
critic_r1,complex_000305,complex_000540,9,-8.42625
critic_r1,complex_000305,complex_000540,10,-6.51238
critic_r1,complex_000305,complex_000540,11,-5.24788
critic_r1,complex_000305,complex_000540,12,-9.35881
critic_r1,complex_000305,complex_000540,13,-9.43346
critic_r1,complex_000305,complex_000540,14,-8.02241
critic_r1,complex_000305,complex_000540,15,-7.24102
critic_r1,complex_000305,complex_000540,16,-10.32761
critic_r1,complex_000305,complex_000540,17,-5.67573
critic_r1,complex_000305,complex_000540,18,-8.109
critic_r1,complex_000305,complex_000540,19,-8.19326
critic_r1,complex_000305,complex_000001,0,-5.40876
critic_r1,complex_000305,complex_000001,1,-8.76067
critic_r1,complex_000305,complex_000001,2,-6.2734
critic_r1,complex_000305,complex_000001,3,-7.68413
critic_r1,complex_000305,complex_000001,4,-7.75329
critic_r1,complex_000305,complex_000001,5,-8.05338
critic_r1,complex_000305,complex_000001,6,-6.89032
critic_r1,complex_000305,complex_000001,7,-4.89855
critic_r1,complex_000305,complex_000001,8,-6.43889
critic_r1,complex_000305,complex_000001,9,-8.32811
critic_r1,complex_000305,complex_000001,10,-6.6787
critic_r1,complex_000305,complex_000001,11,-5.98031
critic_r1,complex_000305,complex_000001,12,-9.82445
critic_r1,complex_000305,complex_000001,13,-8.93502
critic_r1,complex_000305,complex_000001,14,-8.24687
critic_r1,complex_000305,complex_000001,15,-7.02812
critic_r1,complex_000305,complex_000001,16,-10.37759
critic_r1,complex_000305,complex_000001,17,-5.62306
critic_r1,complex_000305,complex_000001,18,-8.48806
critic_r1,complex_000305,complex_000001,19,-8.35747
critic_r1,complex_000305,complex_000305,0,-5.86633
critic_r1,complex_000305,complex_000305,1,-10.55608
critic_r1,complex_000305,complex_000305,2,-7.32307
critic_r1,complex_000305,complex_000305,3,-8.40919
critic_r1,complex_000305,complex_000305,4,-9.17467
critic_r1,complex_000305,complex_000305,5,-9.94505
critic_r1,complex_000305,complex_000305,6,-8.86436
critic_r1,complex_000305,complex_000305,7,-5.14974
critic_r1,complex_000305,complex_000305,8,-7.11473
critic_r1,complex_000305,complex_000305,9,-9.79734
critic_r1,complex_000305,complex_000305,10,-7.60166
critic_r1,complex_000305,complex_000305,11,-5.71266
critic_r1,complex_000305,complex_000305,12,-12.44922
critic_r1,complex_000305,complex_000305,13,-9.40232
critic_r1,complex_000305,complex_000305,14,-9.55975
critic_r1,complex_000305,complex_000305,15,-8.16245
critic_r1,complex_000305,complex_000305,16,-11.21015
critic_r1,complex_000305,complex_000305,17,-6.00153
critic_r1,complex_000305,complex_000305,18,-8.4968
critic_r1,complex_000305,complex_000305,19,-10.4263
critic_r1,complex_000335,complex_000305,0,-5.03694
critic_r1,complex_000335,complex_000305,1,-9.44835
critic_r1,complex_000335,complex_000305,2,-5.89658
critic_r1,complex_000335,complex_000305,3,-6.56491
critic_r1,complex_000335,complex_000305,4,-6.01768
critic_r1,complex_000335,complex_000305,5,-5.54494
critic_r1,complex_000335,complex_000305,6,-5.61145
critic_r1,complex_000335,complex_000305,7,-6.48482
critic_r1,complex_000335,complex_000305,8,-6.97327
critic_r1,complex_000335,complex_000305,9,-7.0585
critic_r1,complex_000335,complex_000305,10,-8.42778
critic_r1,complex_000335,complex_000305,11,-5.3687
critic_r1,complex_000335,complex_000305,12,-8.54685
critic_r1,complex_000335,complex_000305,13,-5.29092
critic_r1,complex_000335,complex_000305,14,-8.85104
critic_r1,complex_000335,complex_000305,15,-6.98285
critic_r1,complex_000335,complex_000305,16,-6.24601
critic_r1,complex_000335,complex_000305,17,-6.8916
critic_r1,complex_000335,complex_000305,18,-8.35969
critic_r1,complex_000335,complex_000305,19,-4.96531
critic_r1,complex_000335,complex_000193,0,-4.60941
critic_r1,complex_000335,complex_000193,1,-7.90849
critic_r1,complex_000335,complex_000193,2,-5.42761
critic_r1,complex_000335,complex_000193,3,-5.80139
critic_r1,complex_000335,complex_000193,4,-6.28866
critic_r1,complex_000335,complex_000193,5,-5.69649
critic_r1,complex_000335,complex_000193,6,-5.21074
critic_r1,complex_000335,complex_000193,7,-5.39049
critic_r1,complex_000335,complex_000193,8,-6.16522
critic_r1,complex_000335,complex_000193,9,-6.87959
critic_r1,complex_000335,complex_000193,10,-8.04751
critic_r1,complex_000335,complex_000193,11,-5.57273
critic_r1,complex_000335,complex_000193,12,-7.47853
critic_r1,complex_000335,complex_000193,13,-5.22147
critic_r1,complex_000335,complex_000193,14,-7.05142
critic_r1,complex_000335,complex_000193,15,-6.03176
critic_r1,complex_000335,complex_000193,16,-4.72649
critic_r1,complex_000335,complex_000193,17,-6.10169
critic_r1,complex_000335,complex_000193,18,-6.4371
critic_r1,complex_000335,complex_000193,19,-5.4974
critic_r1,complex_000363,complex_000382,0,-8.05731
critic_r1,complex_000363,complex_000382,1,-9.24785
critic_r1,complex_000363,complex_000382,2,-9.23927
critic_r1,complex_000363,complex_000382,3,-8.82001
critic_r1,complex_000363,complex_000382,4,-8.87342
critic_r1,complex_000363,complex_000382,5,-11.31282
critic_r1,complex_000363,complex_000382,6,-8.61948
critic_r1,complex_000363,complex_000382,7,-7.0378
critic_r1,complex_000363,complex_000382,8,-7.59584
critic_r1,complex_000363,complex_000382,9,-11.43983
critic_r1,complex_000363,complex_000382,10,-9.81483
critic_r1,complex_000363,complex_000382,11,-7.69534
critic_r1,complex_000363,complex_000382,12,-12.46502
critic_r1,complex_000363,complex_000382,13,-11.38765
critic_r1,complex_000363,complex_000382,14,-12.03996
critic_r1,complex_000363,complex_000382,15,-6.33025
critic_r1,complex_000363,complex_000382,16,-8.58084
critic_r1,complex_000363,complex_000382,17,-13.12125
critic_r1,complex_000363,complex_000382,18,-8.4884
critic_r1,complex_000363,complex_000382,19,-9.89702
critic_r1,complex_000374,complex_000374,0,-6.59934
critic_r1,complex_000374,complex_000374,1,-7.4427
critic_r1,complex_000374,complex_000374,2,-7.43182
critic_r1,complex_000374,complex_000374,3,-10.29506
critic_r1,complex_000374,complex_000374,4,-8.77751
critic_r1,complex_000374,complex_000374,5,-5.80704
critic_r1,complex_000374,complex_000374,6,-8.27857
critic_r1,complex_000374,complex_000374,7,-7.14668
critic_r1,complex_000374,complex_000374,8,-8.24337
critic_r1,complex_000374,complex_000374,9,-7.85983
critic_r1,complex_000374,complex_000374,10,-6.85131
critic_r1,complex_000374,complex_000374,11,-7.54743
critic_r1,complex_000374,complex_000374,12,-9.62698
critic_r1,complex_000374,complex_000374,13,-8.00985
critic_r1,complex_000374,complex_000374,14,-9.62734
critic_r1,complex_000374,complex_000374,15,-7.41311
critic_r1,complex_000374,complex_000374,16,-9.10638
critic_r1,complex_000374,complex_000374,17,-12.56051
critic_r1,complex_000374,complex_000374,18,-10.01687
critic_r1,complex_000374,complex_000374,19,-10.55197
critic_r1,complex_000363,complex_000140,0,-8.10866
critic_r1,complex_000363,complex_000140,1,-8.75601
critic_r1,complex_000363,complex_000140,2,-9.18519
critic_r1,complex_000363,complex_000140,3,-7.82035
critic_r1,complex_000363,complex_000140,4,-8.14462
critic_r1,complex_000363,complex_000140,5,-9.42245
critic_r1,complex_000363,complex_000140,6,-8.68052
critic_r1,complex_000363,complex_000140,7,-6.9565
critic_r1,complex_000363,complex_000140,8,-7.75286
critic_r1,complex_000363,complex_000140,9,-10.07981
critic_r1,complex_000363,complex_000140,10,-8.93393
critic_r1,complex_000363,complex_000140,11,-7.72748
critic_r1,complex_000363,complex_000140,12,-11.89944
critic_r1,complex_000363,complex_000140,13,-9.43953
critic_r1,complex_000363,complex_000140,14,-10.69777
critic_r1,complex_000363,complex_000140,15,-6.12671
critic_r1,complex_000363,complex_000140,16,-8.58686
critic_r1,complex_000363,complex_000140,17,-10.81597
critic_r1,complex_000363,complex_000140,18,-8.68035
critic_r1,complex_000363,complex_000140,19,-9.10052
critic_r1,complex_000363,complex_000411,0,-7.4137
critic_r1,complex_000363,complex_000411,1,-8.05308
critic_r1,complex_000363,complex_000411,2,-8.6929
critic_r1,complex_000363,complex_000411,3,-8.0375
critic_r1,complex_000363,complex_000411,4,-7.56426
critic_r1,complex_000363,complex_000411,5,-8.80596
critic_r1,complex_000363,complex_000411,6,-7.96656
critic_r1,complex_000363,complex_000411,7,-6.62159
critic_r1,complex_000363,complex_000411,8,-7.02745
critic_r1,complex_000363,complex_000411,9,-9.10884
critic_r1,complex_000363,complex_000411,10,-8.80535
critic_r1,complex_000363,complex_000411,11,-7.51006
critic_r1,complex_000363,complex_000411,12,-10.49055
critic_r1,complex_000363,complex_000411,13,-10.22899
critic_r1,complex_000363,complex_000411,14,-9.79108
critic_r1,complex_000363,complex_000411,15,-6.42109
critic_r1,complex_000363,complex_000411,16,-8.08892
critic_r1,complex_000363,complex_000411,17,-10.99262
critic_r1,complex_000363,complex_000411,18,-7.26831
critic_r1,complex_000363,complex_000411,19,-8.5045
critic_r1,complex_000363,complex_000363,0,-8.22466
critic_r1,complex_000363,complex_000363,1,-9.6394
critic_r1,complex_000363,complex_000363,2,-10.36879
critic_r1,complex_000363,complex_000363,3,-8.7268
critic_r1,complex_000363,complex_000363,4,-8.66157
critic_r1,complex_000363,complex_000363,5,-12.16926
critic_r1,complex_000363,complex_000363,6,-8.40468
critic_r1,complex_000363,complex_000363,7,-6.72164
critic_r1,complex_000363,complex_000363,8,-7.83905
critic_r1,complex_000363,complex_000363,9,-7.8544
critic_r1,complex_000363,complex_000363,10,-9.51475
critic_r1,complex_000363,complex_000363,11,-7.46288
critic_r1,complex_000363,complex_000363,12,-12.43768
critic_r1,complex_000363,complex_000363,13,-11.83507
critic_r1,complex_000363,complex_000363,14,-12.22206
critic_r1,complex_000363,complex_000363,15,-6.61313
critic_r1,complex_000363,complex_000363,16,-8.64206
critic_r1,complex_000363,complex_000363,17,-8.26836
critic_r1,complex_000363,complex_000363,18,-8.54079
critic_r1,complex_000363,complex_000363,19,-9.23614
critic_r1,complex_000374,complex_000148,0,-5.52307
critic_r1,complex_000374,complex_000148,1,-6.08492
critic_r1,complex_000374,complex_000148,2,-6.18254
critic_r1,complex_000374,complex_000148,3,-8.12017
critic_r1,complex_000374,complex_000148,4,-8.1166
critic_r1,complex_000374,complex_000148,5,-5.15235
critic_r1,complex_000374,complex_000148,6,-8.12114
critic_r1,complex_000374,complex_000148,7,-6.26756
critic_r1,complex_000374,complex_000148,8,-6.67303
critic_r1,complex_000374,complex_000148,9,-6.79648
critic_r1,complex_000374,complex_000148,10,-6.48255
critic_r1,complex_000374,complex_000148,11,-7.02445
critic_r1,complex_000374,complex_000148,12,-8.58573
critic_r1,complex_000374,complex_000148,13,-6.86406
critic_r1,complex_000374,complex_000148,14,-8.11458
critic_r1,complex_000374,complex_000148,15,-6.15367
critic_r1,complex_000374,complex_000148,16,-7.3322
critic_r1,complex_000374,complex_000148,17,-9.86657
critic_r1,complex_000374,complex_000148,18,-8.69908
critic_r1,complex_000374,complex_000148,19,-7.91141
critic_r1,complex_000374,complex_000363,0,-6.95314
critic_r1,complex_000374,complex_000363,1,-7.73677
critic_r1,complex_000374,complex_000363,2,-8.12915
critic_r1,complex_000374,complex_000363,3,-8.64357
critic_r1,complex_000374,complex_000363,4,-9.87566
critic_r1,complex_000374,complex_000363,5,-6.81458
critic_r1,complex_000374,complex_000363,6,-9.12088
critic_r1,complex_000374,complex_000363,7,-7.04375
critic_r1,complex_000374,complex_000363,8,-8.48666
critic_r1,complex_000374,complex_000363,9,-9.11316
critic_r1,complex_000374,complex_000363,10,-7.37277
critic_r1,complex_000374,complex_000363,11,-7.64341
critic_r1,complex_000374,complex_000363,12,-9.78358
critic_r1,complex_000374,complex_000363,13,-9.02733
critic_r1,complex_000374,complex_000363,14,-9.33315
critic_r1,complex_000374,complex_000363,15,-7.80998
critic_r1,complex_000374,complex_000363,16,-9.93807
critic_r1,complex_000374,complex_000363,17,-8.42946
critic_r1,complex_000374,complex_000363,18,-8.93713
critic_r1,complex_000374,complex_000363,19,-7.11793
critic_r1,complex_000374,complex_000177,0,-5.79143
critic_r1,complex_000374,complex_000177,1,-7.91751
critic_r1,complex_000374,complex_000177,2,-6.72141
critic_r1,complex_000374,complex_000177,3,-8.18063
critic_r1,complex_000374,complex_000177,4,-7.77627
critic_r1,complex_000374,complex_000177,5,-6.24571
critic_r1,complex_000374,complex_000177,6,-8.5083
critic_r1,complex_000374,complex_000177,7,-6.35625
critic_r1,complex_000374,complex_000177,8,-7.37213
critic_r1,complex_000374,complex_000177,9,-7.02582
critic_r1,complex_000374,complex_000177,10,-7.02633
critic_r1,complex_000374,complex_000177,11,-6.98718
critic_r1,complex_000374,complex_000177,12,-8.5497
critic_r1,complex_000374,complex_000177,13,-8.06802
critic_r1,complex_000374,complex_000177,14,-9.13122
critic_r1,complex_000374,complex_000177,15,-6.43986
critic_r1,complex_000374,complex_000177,16,-8.01336
critic_r1,complex_000374,complex_000177,17,-8.99801
critic_r1,complex_000374,complex_000177,18,-8.38392
critic_r1,complex_000374,complex_000177,19,-7.25463
critic_r1,complex_000376,complex_000376,0,-9.38856
critic_r1,complex_000376,complex_000376,1,-4.88941
critic_r1,complex_000376,complex_000376,2,-5.85215
critic_r1,complex_000376,complex_000376,3,-11.68277
critic_r1,complex_000376,complex_000376,4,-8.02601
critic_r1,complex_000376,complex_000376,5,-8.91356
critic_r1,complex_000376,complex_000376,6,-5.48692
critic_r1,complex_000376,complex_000376,7,-9.87133
critic_r1,complex_000376,complex_000376,8,-9.72267
critic_r1,complex_000376,complex_000376,9,-8.25839
critic_r1,complex_000376,complex_000376,10,-6.84319
critic_r1,complex_000376,complex_000376,11,-5.51591
critic_r1,complex_000376,complex_000376,12,-12.11325
critic_r1,complex_000376,complex_000376,13,-8.278
critic_r1,complex_000376,complex_000376,14,-9.20158
critic_r1,complex_000376,complex_000376,15,-10.79068
critic_r1,complex_000376,complex_000376,16,-5.02399
critic_r1,complex_000376,complex_000376,17,-9.83691
critic_r1,complex_000376,complex_000376,18,-9.58924
critic_r1,complex_000376,complex_000376,19,-5.04626
critic_r1,complex_000376,complex_000145,0,-6.75156
critic_r1,complex_000376,complex_000145,1,-3.75353
critic_r1,complex_000376,complex_000145,2,-4.35938
critic_r1,complex_000376,complex_000145,3,-7.14587
critic_r1,complex_000376,complex_000145,4,-5.6467
critic_r1,complex_000376,complex_000145,5,-5.94832
critic_r1,complex_000376,complex_000145,6,-4.4145
critic_r1,complex_000376,complex_000145,7,-6.6831
critic_r1,complex_000376,complex_000145,8,-7.50777
critic_r1,complex_000376,complex_000145,9,-5.37196
critic_r1,complex_000376,complex_000145,10,-5.1812
critic_r1,complex_000376,complex_000145,11,-4.65152
critic_r1,complex_000376,complex_000145,12,-7.20553
critic_r1,complex_000376,complex_000145,13,-6.32212
critic_r1,complex_000376,complex_000145,14,-6.13099
critic_r1,complex_000376,complex_000145,15,-6.7732
critic_r1,complex_000376,complex_000145,16,-3.87224
critic_r1,complex_000376,complex_000145,17,-7.21593
critic_r1,complex_000376,complex_000145,18,-7.09771
critic_r1,complex_000376,complex_000145,19,-3.73982
critic_r1,complex_000382,complex_000472,0,-8.20956
critic_r1,complex_000382,complex_000472,1,-12.10045
critic_r1,complex_000382,complex_000472,2,-9.60418
critic_r1,complex_000382,complex_000472,3,-9.10854
critic_r1,complex_000382,complex_000472,4,-9.93059
critic_r1,complex_000382,complex_000472,5,-9.75951
critic_r1,complex_000382,complex_000472,6,-6.77404
critic_r1,complex_000382,complex_000472,7,-5.75214
critic_r1,complex_000382,complex_000472,8,-8.56434
critic_r1,complex_000382,complex_000472,9,-10.60732
critic_r1,complex_000382,complex_000472,10,-5.05225
critic_r1,complex_000382,complex_000472,11,-7.95796
critic_r1,complex_000382,complex_000472,12,-10.85686
critic_r1,complex_000382,complex_000472,13,-8.93828
critic_r1,complex_000382,complex_000472,14,-10.89683
critic_r1,complex_000382,complex_000472,15,-6.99435
critic_r1,complex_000382,complex_000472,16,-8.62987
critic_r1,complex_000382,complex_000472,17,-11.00999
critic_r1,complex_000382,complex_000472,18,-7.82509
critic_r1,complex_000382,complex_000472,19,-7.31768
critic_r1,complex_000376,complex_000387,0,-6.42861
critic_r1,complex_000376,complex_000387,1,-5.30812
critic_r1,complex_000376,complex_000387,2,-6.63068
critic_r1,complex_000376,complex_000387,3,-7.65517
critic_r1,complex_000376,complex_000387,4,-7.78921
critic_r1,complex_000376,complex_000387,5,-9.38262
critic_r1,complex_000376,complex_000387,6,-6.4685
critic_r1,complex_000376,complex_000387,7,-10.15309
critic_r1,complex_000376,complex_000387,8,-10.45405
critic_r1,complex_000376,complex_000387,9,-7.57349
critic_r1,complex_000376,complex_000387,10,-6.64379
critic_r1,complex_000376,complex_000387,11,-6.6659
critic_r1,complex_000376,complex_000387,12,-6.45277
critic_r1,complex_000376,complex_000387,13,-9.04747
critic_r1,complex_000376,complex_000387,14,-9.98504
critic_r1,complex_000376,complex_000387,15,-8.65299
critic_r1,complex_000376,complex_000387,16,-5.52795
critic_r1,complex_000376,complex_000387,17,-7.77694
critic_r1,complex_000376,complex_000387,18,-9.36341
critic_r1,complex_000376,complex_000387,19,-5.56565
critic_r1,complex_000382,complex_000382,0,-8.3228
critic_r1,complex_000382,complex_000382,1,-13.83972
critic_r1,complex_000382,complex_000382,2,-9.6349
critic_r1,complex_000382,complex_000382,3,-10.90916
critic_r1,complex_000382,complex_000382,4,-11.04989
critic_r1,complex_000382,complex_000382,5,-9.38263
critic_r1,complex_000382,complex_000382,6,-6.48396
critic_r1,complex_000382,complex_000382,7,-5.97969
critic_r1,complex_000382,complex_000382,8,-8.61753
critic_r1,complex_000382,complex_000382,9,-12.73185
critic_r1,complex_000382,complex_000382,10,-5.12683
critic_r1,complex_000382,complex_000382,11,-8.25347
critic_r1,complex_000382,complex_000382,12,-15.29472
critic_r1,complex_000382,complex_000382,13,-10.66315
critic_r1,complex_000382,complex_000382,14,-13.43575
critic_r1,complex_000382,complex_000382,15,-7.19117
critic_r1,complex_000382,complex_000382,16,-8.27724
critic_r1,complex_000382,complex_000382,17,-10.95721
critic_r1,complex_000382,complex_000382,18,-8.79076
critic_r1,complex_000382,complex_000382,19,-7.42726
critic_r1,complex_000394,complex_000374,0,-8.83215
critic_r1,complex_000394,complex_000374,1,-8.03628
critic_r1,complex_000394,complex_000374,2,-9.58002
critic_r1,complex_000394,complex_000374,3,-6.47727
critic_r1,complex_000394,complex_000374,4,-9.41012
critic_r1,complex_000394,complex_000374,5,-6.02223
critic_r1,complex_000394,complex_000374,6,-7.76155
critic_r1,complex_000394,complex_000374,7,-8.1959
critic_r1,complex_000394,complex_000374,8,-9.91799
critic_r1,complex_000394,complex_000374,9,-7.84494
critic_r1,complex_000394,complex_000374,10,-9.26052
critic_r1,complex_000394,complex_000374,11,-9.08131
critic_r1,complex_000394,complex_000374,12,-4.73063
critic_r1,complex_000394,complex_000374,13,-7.42581
critic_r1,complex_000394,complex_000374,14,-9.7137
critic_r1,complex_000394,complex_000374,15,-7.25823
critic_r1,complex_000394,complex_000374,16,-7.46422
critic_r1,complex_000394,complex_000374,17,-6.23231
critic_r1,complex_000394,complex_000374,18,-7.85205
critic_r1,complex_000394,complex_000374,19,-9.14789
critic_r1,complex_000382,complex_000456,0,-6.85083
critic_r1,complex_000382,complex_000456,1,-9.86244
critic_r1,complex_000382,complex_000456,2,-7.8077
critic_r1,complex_000382,complex_000456,3,-7.95212
critic_r1,complex_000382,complex_000456,4,-8.79223
critic_r1,complex_000382,complex_000456,5,-8.07067
critic_r1,complex_000382,complex_000456,6,-5.96858
critic_r1,complex_000382,complex_000456,7,-5.18333
critic_r1,complex_000382,complex_000456,8,-7.09116
critic_r1,complex_000382,complex_000456,9,-8.35526
critic_r1,complex_000382,complex_000456,10,-5.03026
critic_r1,complex_000382,complex_000456,11,-6.43428
critic_r1,complex_000382,complex_000456,12,-9.29159
critic_r1,complex_000382,complex_000456,13,-7.56212
critic_r1,complex_000382,complex_000456,14,-9.55875
critic_r1,complex_000382,complex_000456,15,-6.34916
critic_r1,complex_000382,complex_000456,16,-7.53886
critic_r1,complex_000382,complex_000456,17,-9.27078
critic_r1,complex_000382,complex_000456,18,-7.25407
critic_r1,complex_000382,complex_000456,19,-6.07158
critic_r1,complex_000394,complex_000394,0,-8.16306
critic_r1,complex_000394,complex_000394,1,-9.03663
critic_r1,complex_000394,complex_000394,2,-9.70435
critic_r1,complex_000394,complex_000394,3,-6.39489
critic_r1,complex_000394,complex_000394,4,-8.61388
critic_r1,complex_000394,complex_000394,5,-5.86769
critic_r1,complex_000394,complex_000394,6,-7.92425
critic_r1,complex_000394,complex_000394,7,-8.28306
critic_r1,complex_000394,complex_000394,8,-8.48185
critic_r1,complex_000394,complex_000394,9,-7.71647
critic_r1,complex_000394,complex_000394,10,-7.79051
critic_r1,complex_000394,complex_000394,11,-9.28382
critic_r1,complex_000394,complex_000394,12,-5.14172
critic_r1,complex_000394,complex_000394,13,-7.39925
critic_r1,complex_000394,complex_000394,14,-9.98895
critic_r1,complex_000394,complex_000394,15,-7.11516
critic_r1,complex_000394,complex_000394,16,-7.61961
critic_r1,complex_000394,complex_000394,17,-6.54405
critic_r1,complex_000394,complex_000394,18,-8.86068
critic_r1,complex_000394,complex_000394,19,-11.24576
critic_r1,complex_000376,complex_000535,0,-6.6107
critic_r1,complex_000376,complex_000535,1,-5.42542
critic_r1,complex_000376,complex_000535,2,-6.24542
critic_r1,complex_000376,complex_000535,3,-8.57326
critic_r1,complex_000376,complex_000535,4,-7.35078
critic_r1,complex_000376,complex_000535,5,-8.24799
critic_r1,complex_000376,complex_000535,6,-5.74308
critic_r1,complex_000376,complex_000535,7,-7.923
critic_r1,complex_000376,complex_000535,8,-8.47159
critic_r1,complex_000376,complex_000535,9,-7.13524
critic_r1,complex_000376,complex_000535,10,-5.99289
critic_r1,complex_000376,complex_000535,11,-6.2321
critic_r1,complex_000376,complex_000535,12,-7.77806
critic_r1,complex_000376,complex_000535,13,-7.31984
critic_r1,complex_000376,complex_000535,14,-7.91235
critic_r1,complex_000376,complex_000535,15,-7.86419
critic_r1,complex_000376,complex_000535,16,-4.54051
critic_r1,complex_000376,complex_000535,17,-7.76851
critic_r1,complex_000376,complex_000535,18,-8.38143
critic_r1,complex_000376,complex_000535,19,-5.22811
critic_r1,complex_000394,complex_000411,0,-7.99294
critic_r1,complex_000394,complex_000411,1,-8.17198
critic_r1,complex_000394,complex_000411,2,-8.89665
critic_r1,complex_000394,complex_000411,3,-6.24753
critic_r1,complex_000394,complex_000411,4,-8.90322
critic_r1,complex_000394,complex_000411,5,-6.06889
critic_r1,complex_000394,complex_000411,6,-7.36677
critic_r1,complex_000394,complex_000411,7,-7.70975
critic_r1,complex_000394,complex_000411,8,-8.7889
critic_r1,complex_000394,complex_000411,9,-6.83028
critic_r1,complex_000394,complex_000411,10,-8.12299
critic_r1,complex_000394,complex_000411,11,-8.56066
critic_r1,complex_000394,complex_000411,12,-4.7937
critic_r1,complex_000394,complex_000411,13,-6.61819
critic_r1,complex_000394,complex_000411,14,-9.4667
critic_r1,complex_000394,complex_000411,15,-7.28921
critic_r1,complex_000394,complex_000411,16,-6.93887
critic_r1,complex_000394,complex_000411,17,-6.47179
critic_r1,complex_000394,complex_000411,18,-8.08822
critic_r1,complex_000394,complex_000411,19,-8.6866
critic_r1,complex_000394,complex_000112,0,-7.05628
critic_r1,complex_000394,complex_000112,1,-6.82538
critic_r1,complex_000394,complex_000112,2,-7.3751
critic_r1,complex_000394,complex_000112,3,-6.18505
critic_r1,complex_000394,complex_000112,4,-6.28762
critic_r1,complex_000394,complex_000112,5,-5.88822
critic_r1,complex_000394,complex_000112,6,-6.75129
critic_r1,complex_000394,complex_000112,7,-6.62553
critic_r1,complex_000394,complex_000112,8,-8.03388
critic_r1,complex_000394,complex_000112,9,-6.24866
critic_r1,complex_000394,complex_000112,10,-6.69058
critic_r1,complex_000394,complex_000112,11,-7.32445
critic_r1,complex_000394,complex_000112,12,-5.51093
critic_r1,complex_000394,complex_000112,13,-5.15178
critic_r1,complex_000394,complex_000112,14,-8.19095
critic_r1,complex_000394,complex_000112,15,-5.72659
critic_r1,complex_000394,complex_000112,16,-6.90867
critic_r1,complex_000394,complex_000112,17,-5.43538
critic_r1,complex_000394,complex_000112,18,-6.62152
critic_r1,complex_000394,complex_000112,19,-8.2536
critic_r1,complex_000382,complex_000191,0,-5.57354
critic_r1,complex_000382,complex_000191,1,-7.84829
critic_r1,complex_000382,complex_000191,2,-6.68332
critic_r1,complex_000382,complex_000191,3,-6.8252
critic_r1,complex_000382,complex_000191,4,-8.0503
critic_r1,complex_000382,complex_000191,5,-7.5604
critic_r1,complex_000382,complex_000191,6,-5.51847
critic_r1,complex_000382,complex_000191,7,-4.41138
critic_r1,complex_000382,complex_000191,8,-5.84134
critic_r1,complex_000382,complex_000191,9,-7.53374
critic_r1,complex_000382,complex_000191,10,-4.72181
critic_r1,complex_000382,complex_000191,11,-5.85918
critic_r1,complex_000382,complex_000191,12,-7.10821
critic_r1,complex_000382,complex_000191,13,-6.18942
critic_r1,complex_000382,complex_000191,14,-7.99448
critic_r1,complex_000382,complex_000191,15,-5.85445
critic_r1,complex_000382,complex_000191,16,-6.04313
critic_r1,complex_000382,complex_000191,17,-7.29229
critic_r1,complex_000382,complex_000191,18,-6.44966
critic_r1,complex_000382,complex_000191,19,-5.70984
critic_r1,complex_000387,complex_000085,0,-8.97849
critic_r1,complex_000387,complex_000085,1,-8.62347
critic_r1,complex_000387,complex_000085,2,-7.52936
critic_r1,complex_000387,complex_000085,3,-9.76807
critic_r1,complex_000387,complex_000085,4,-8.20427
critic_r1,complex_000387,complex_000085,5,-8.8386
critic_r1,complex_000387,complex_000085,6,-6.95106
critic_r1,complex_000387,complex_000085,7,-9.55753
critic_r1,complex_000387,complex_000085,8,-9.23304
critic_r1,complex_000387,complex_000085,9,-5.30183
critic_r1,complex_000387,complex_000085,10,-9.23901
critic_r1,complex_000387,complex_000085,11,-8.15577
critic_r1,complex_000387,complex_000085,12,-9.11024
critic_r1,complex_000387,complex_000085,13,-6.15359
critic_r1,complex_000387,complex_000085,14,-8.60859
critic_r1,complex_000387,complex_000085,15,-7.06397
critic_r1,complex_000387,complex_000085,16,-9.38838
critic_r1,complex_000387,complex_000085,17,-7.25514
critic_r1,complex_000387,complex_000085,18,-7.4623
critic_r1,complex_000387,complex_000085,19,-8.59879
critic_r1,complex_000387,complex_000472,0,-9.47271
critic_r1,complex_000387,complex_000472,1,-9.91355
critic_r1,complex_000387,complex_000472,2,-8.43618
critic_r1,complex_000387,complex_000472,3,-10.36362
critic_r1,complex_000387,complex_000472,4,-8.43966
critic_r1,complex_000387,complex_000472,5,-9.22824
critic_r1,complex_000387,complex_000472,6,-7.39628
critic_r1,complex_000387,complex_000472,7,-9.66526
critic_r1,complex_000387,complex_000472,8,-10.05076
critic_r1,complex_000387,complex_000472,9,-6.56286
critic_r1,complex_000387,complex_000472,10,-9.64966
critic_r1,complex_000387,complex_000472,11,-8.64609
critic_r1,complex_000387,complex_000472,12,-9.6577
critic_r1,complex_000387,complex_000472,13,-6.48569
critic_r1,complex_000387,complex_000472,14,-8.97574
critic_r1,complex_000387,complex_000472,15,-7.90264
critic_r1,complex_000387,complex_000472,16,-11.5705
critic_r1,complex_000387,complex_000472,17,-7.3329
critic_r1,complex_000387,complex_000472,18,-7.35436
critic_r1,complex_000387,complex_000472,19,-8.9963
critic_r1,complex_000387,complex_000001,0,-7.83814
critic_r1,complex_000387,complex_000001,1,-7.99154
critic_r1,complex_000387,complex_000001,2,-7.758
critic_r1,complex_000387,complex_000001,3,-9.4948
critic_r1,complex_000387,complex_000001,4,-7.27229
critic_r1,complex_000387,complex_000001,5,-8.69405
critic_r1,complex_000387,complex_000001,6,-6.05269
critic_r1,complex_000387,complex_000001,7,-8.14462
critic_r1,complex_000387,complex_000001,8,-7.74738
critic_r1,complex_000387,complex_000001,9,-5.30664
critic_r1,complex_000387,complex_000001,10,-7.93515
critic_r1,complex_000387,complex_000001,11,-6.77964
critic_r1,complex_000387,complex_000001,12,-7.51119
critic_r1,complex_000387,complex_000001,13,-5.28304
critic_r1,complex_000387,complex_000001,14,-7.02408
critic_r1,complex_000387,complex_000001,15,-6.63704
critic_r1,complex_000387,complex_000001,16,-8.83535
critic_r1,complex_000387,complex_000001,17,-5.96773
critic_r1,complex_000387,complex_000001,18,-6.44284
critic_r1,complex_000387,complex_000001,19,-8.16079
critic_r1,complex_000387,complex_000387,0,-10.1757
critic_r1,complex_000387,complex_000387,1,-10.3599
critic_r1,complex_000387,complex_000387,2,-8.41921
critic_r1,complex_000387,complex_000387,3,-11.60534
critic_r1,complex_000387,complex_000387,4,-8.31845
critic_r1,complex_000387,complex_000387,5,-9.27807
critic_r1,complex_000387,complex_000387,6,-7.91076
critic_r1,complex_000387,complex_000387,7,-11.74519
critic_r1,complex_000387,complex_000387,8,-10.39772
critic_r1,complex_000387,complex_000387,9,-7.0525
critic_r1,complex_000387,complex_000387,10,-10.75942
critic_r1,complex_000387,complex_000387,11,-8.56802
critic_r1,complex_000387,complex_000387,12,-7.83549
critic_r1,complex_000387,complex_000387,13,-6.7703
critic_r1,complex_000387,complex_000387,14,-10.07399
critic_r1,complex_000387,complex_000387,15,-8.07526
critic_r1,complex_000387,complex_000387,16,-10.89902
critic_r1,complex_000387,complex_000387,17,-7.72041
critic_r1,complex_000387,complex_000387,18,-8.54026
critic_r1,complex_000387,complex_000387,19,-9.11931
critic_r1,complex_000403,complex_000403,0,-7.79695
critic_r1,complex_000403,complex_000403,1,-8.28501
critic_r1,complex_000403,complex_000403,2,-7.11501
critic_r1,complex_000403,complex_000403,3,-8.96127
critic_r1,complex_000403,complex_000403,4,-8.11184
critic_r1,complex_000403,complex_000403,5,-6.04796
critic_r1,complex_000403,complex_000403,6,-9.79402
critic_r1,complex_000403,complex_000403,7,-5.62172
critic_r1,complex_000403,complex_000403,8,-8.40175
critic_r1,complex_000403,complex_000403,9,-7.47978
critic_r1,complex_000403,complex_000403,10,-5.79941
critic_r1,complex_000403,complex_000403,11,-8.92138
critic_r1,complex_000403,complex_000403,12,-5.61544
critic_r1,complex_000403,complex_000403,13,-6.67395
critic_r1,complex_000403,complex_000403,14,-6.77125
critic_r1,complex_000403,complex_000403,15,-5.36362
critic_r1,complex_000403,complex_000403,16,-6.49168
critic_r1,complex_000403,complex_000403,17,-7.78933
critic_r1,complex_000403,complex_000403,18,-5.17122
critic_r1,complex_000403,complex_000403,19,-6.61131
critic_r1,complex_000403,complex_000063,0,-7.60421
critic_r1,complex_000403,complex_000063,1,-9.04456
critic_r1,complex_000403,complex_000063,2,-7.27164
critic_r1,complex_000403,complex_000063,3,-8.81415
critic_r1,complex_000403,complex_000063,4,-7.73204
critic_r1,complex_000403,complex_000063,5,-5.61197
critic_r1,complex_000403,complex_000063,6,-9.47695
critic_r1,complex_000403,complex_000063,7,-5.24201
critic_r1,complex_000403,complex_000063,8,-7.11883
critic_r1,complex_000403,complex_000063,9,-7.32874
critic_r1,complex_000403,complex_000063,10,-5.3485
critic_r1,complex_000403,complex_000063,11,-9.70502
critic_r1,complex_000403,complex_000063,12,-5.54933
critic_r1,complex_000403,complex_000063,13,-6.78419
critic_r1,complex_000403,complex_000063,14,-5.84491
critic_r1,complex_000403,complex_000063,15,-4.47644
critic_r1,complex_000403,complex_000063,16,-5.96398
critic_r1,complex_000403,complex_000063,17,-6.5404
critic_r1,complex_000403,complex_000063,18,-4.80604
critic_r1,complex_000403,complex_000063,19,-6.40419
critic_r1,complex_000403,complex_000477,0,-7.06815
critic_r1,complex_000403,complex_000477,1,-7.22615
critic_r1,complex_000403,complex_000477,2,-6.92439
critic_r1,complex_000403,complex_000477,3,-7.48376
critic_r1,complex_000403,complex_000477,4,-7.81423
critic_r1,complex_000403,complex_000477,5,-5.65041
critic_r1,complex_000403,complex_000477,6,-7.9059
critic_r1,complex_000403,complex_000477,7,-4.48867
critic_r1,complex_000403,complex_000477,8,-7.57944
critic_r1,complex_000403,complex_000477,9,-7.61623
critic_r1,complex_000403,complex_000477,10,-5.8842
critic_r1,complex_000403,complex_000477,11,-8.32999
critic_r1,complex_000403,complex_000477,12,-5.54533
critic_r1,complex_000403,complex_000477,13,-5.86078
critic_r1,complex_000403,complex_000477,14,-5.24536
critic_r1,complex_000403,complex_000477,15,-4.69385
critic_r1,complex_000403,complex_000477,16,-6.4045
critic_r1,complex_000403,complex_000477,17,-6.31394
critic_r1,complex_000403,complex_000477,18,-5.12008
critic_r1,complex_000403,complex_000477,19,-5.72905
critic_r1,complex_000403,complex_000335,0,-6.22587
critic_r1,complex_000403,complex_000335,1,-6.74628
critic_r1,complex_000403,complex_000335,2,-6.10553
critic_r1,complex_000403,complex_000335,3,-6.92373
critic_r1,complex_000403,complex_000335,4,-7.29723
critic_r1,complex_000403,complex_000335,5,-4.90093
critic_r1,complex_000403,complex_000335,6,-7.81511
critic_r1,complex_000403,complex_000335,7,-3.95835
critic_r1,complex_000403,complex_000335,8,-7.26983
critic_r1,complex_000403,complex_000335,9,-6.17053
critic_r1,complex_000403,complex_000335,10,-5.34282
critic_r1,complex_000403,complex_000335,11,-7.438
critic_r1,complex_000403,complex_000335,12,-4.82206
critic_r1,complex_000403,complex_000335,13,-5.18416
critic_r1,complex_000403,complex_000335,14,-4.71922
critic_r1,complex_000403,complex_000335,15,-4.3502
critic_r1,complex_000403,complex_000335,16,-5.61994
critic_r1,complex_000403,complex_000335,17,-5.99678
critic_r1,complex_000403,complex_000335,18,-4.19544
critic_r1,complex_000403,complex_000335,19,-5.56301
critic_r1,complex_000411,complex_000411,0,-7.92072
critic_r1,complex_000411,complex_000411,1,-8.61483
critic_r1,complex_000411,complex_000411,2,-10.11731
critic_r1,complex_000411,complex_000411,3,-7.34668
critic_r1,complex_000411,complex_000411,4,-7.79091
critic_r1,complex_000411,complex_000411,5,-8.28697
critic_r1,complex_000411,complex_000411,6,-7.14253
critic_r1,complex_000411,complex_000411,7,-7.55197
critic_r1,complex_000411,complex_000411,8,-8.90808
critic_r1,complex_000411,complex_000411,9,-6.2718
critic_r1,complex_000411,complex_000411,10,-7.64647
critic_r1,complex_000411,complex_000411,11,-9.51853
critic_r1,complex_000411,complex_000411,12,-5.65173
critic_r1,complex_000411,complex_000411,13,-7.54515
critic_r1,complex_000411,complex_000411,14,-7.95306
critic_r1,complex_000411,complex_000411,15,-8.28458
critic_r1,complex_000411,complex_000411,16,-8.23751
critic_r1,complex_000411,complex_000411,17,-4.81275
critic_r1,complex_000411,complex_000411,18,-5.19634
critic_r1,complex_000411,complex_000411,19,-6.77665
critic_r1,complex_000411,complex_000292,0,-6.39741
critic_r1,complex_000411,complex_000292,1,-7.6924
critic_r1,complex_000411,complex_000292,2,-8.17783
critic_r1,complex_000411,complex_000292,3,-6.35434
critic_r1,complex_000411,complex_000292,4,-7.50562
critic_r1,complex_000411,complex_000292,5,-7.18346
critic_r1,complex_000411,complex_000292,6,-5.99982
critic_r1,complex_000411,complex_000292,7,-6.69235
critic_r1,complex_000411,complex_000292,8,-7.16522
critic_r1,complex_000411,complex_000292,9,-5.68802
critic_r1,complex_000411,complex_000292,10,-7.26759
critic_r1,complex_000411,complex_000292,11,-8.04832
critic_r1,complex_000411,complex_000292,12,-5.0911
critic_r1,complex_000411,complex_000292,13,-5.80434
critic_r1,complex_000411,complex_000292,14,-6.64304
critic_r1,complex_000411,complex_000292,15,-6.27049
critic_r1,complex_000411,complex_000292,16,-6.5052
critic_r1,complex_000411,complex_000292,17,-4.46647
critic_r1,complex_000411,complex_000292,18,-4.40196
critic_r1,complex_000411,complex_000292,19,-6.37698
critic_r1,complex_000411,complex_000305,0,-8.31884
critic_r1,complex_000411,complex_000305,1,-9.37886
critic_r1,complex_000411,complex_000305,2,-10.76585
critic_r1,complex_000411,complex_000305,3,-7.47733
critic_r1,complex_000411,complex_000305,4,-8.39349
critic_r1,complex_000411,complex_000305,5,-9.23431
critic_r1,complex_000411,complex_000305,6,-7.26831
critic_r1,complex_000411,complex_000305,7,-7.62291
critic_r1,complex_000411,complex_000305,8,-9.65381
critic_r1,complex_000411,complex_000305,9,-6.21849
critic_r1,complex_000411,complex_000305,10,-9.47574
critic_r1,complex_000411,complex_000305,11,-10.49203
critic_r1,complex_000411,complex_000305,12,-6.17502
critic_r1,complex_000411,complex_000305,13,-8.19274
critic_r1,complex_000411,complex_000305,14,-8.0582
critic_r1,complex_000411,complex_000305,15,-8.60569
critic_r1,complex_000411,complex_000305,16,-9.16946
critic_r1,complex_000411,complex_000305,17,-4.55915
critic_r1,complex_000411,complex_000305,18,-5.22472
critic_r1,complex_000411,complex_000305,19,-7.88412
critic_r1,complex_000400,complex_000400,0,-10.2017
critic_r1,complex_000400,complex_000400,1,-6.79709
critic_r1,complex_000400,complex_000400,2,-8.26562
critic_r1,complex_000400,complex_000400,3,-8.1978
critic_r1,complex_000400,complex_000400,4,-9.57612
critic_r1,complex_000400,complex_000400,5,-10.60336
critic_r1,complex_000400,complex_000400,6,-9.31258
critic_r1,complex_000400,complex_000400,7,-8.60722
critic_r1,complex_000400,complex_000400,8,-10.8141
critic_r1,complex_000400,complex_000400,9,-8.32564
critic_r1,complex_000400,complex_000400,10,-9.6699
critic_r1,complex_000400,complex_000400,11,-10.24094
critic_r1,complex_000400,complex_000400,12,-8.76099
critic_r1,complex_000400,complex_000400,13,-11.71928
critic_r1,complex_000400,complex_000400,14,-7.89668
critic_r1,complex_000400,complex_000400,15,-8.93365
critic_r1,complex_000400,complex_000400,16,-10.3723
critic_r1,complex_000400,complex_000400,17,-8.03958
critic_r1,complex_000400,complex_000400,18,-8.74183
critic_r1,complex_000400,complex_000400,19,-8.45416
critic_r1,complex_000400,complex_000266,0,-9.54511
critic_r1,complex_000400,complex_000266,1,-5.69369
critic_r1,complex_000400,complex_000266,2,-7.27893
critic_r1,complex_000400,complex_000266,3,-7.81352
critic_r1,complex_000400,complex_000266,4,-8.05867
critic_r1,complex_000400,complex_000266,5,-9.07368
critic_r1,complex_000400,complex_000266,6,-7.85995
critic_r1,complex_000400,complex_000266,7,-8.2313
critic_r1,complex_000400,complex_000266,8,-9.94688
critic_r1,complex_000400,complex_000266,9,-8.67598
critic_r1,complex_000400,complex_000266,10,-8.96
critic_r1,complex_000400,complex_000266,11,-8.49784
critic_r1,complex_000400,complex_000266,12,-6.81272
critic_r1,complex_000400,complex_000266,13,-10.51225
critic_r1,complex_000400,complex_000266,14,-7.05922
critic_r1,complex_000400,complex_000266,15,-7.36608
critic_r1,complex_000400,complex_000266,16,-8.94478
critic_r1,complex_000400,complex_000266,17,-7.56357
critic_r1,complex_000400,complex_000266,18,-7.77111
critic_r1,complex_000400,complex_000266,19,-7.63723
critic_r1,complex_000426,complex_000426,0,-8.17072
critic_r1,complex_000426,complex_000426,1,-8.42178
critic_r1,complex_000426,complex_000426,2,-5.76122
critic_r1,complex_000426,complex_000426,3,-7.01664
critic_r1,complex_000426,complex_000426,4,-8.02785
critic_r1,complex_000426,complex_000426,5,-6.36383
critic_r1,complex_000426,complex_000426,6,-5.53496
critic_r1,complex_000426,complex_000426,7,-8.14737
critic_r1,complex_000426,complex_000426,8,-6.26369
critic_r1,complex_000426,complex_000426,9,-7.01417
critic_r1,complex_000426,complex_000426,10,-10.45374
critic_r1,complex_000426,complex_000426,11,-6.45871
critic_r1,complex_000426,complex_000426,12,-9.52547
critic_r1,complex_000426,complex_000426,13,-9.04934
critic_r1,complex_000426,complex_000426,14,-9.76513
critic_r1,complex_000426,complex_000426,15,-7.25437
critic_r1,complex_000426,complex_000426,16,-8.47727
critic_r1,complex_000426,complex_000426,17,-5.65473
critic_r1,complex_000426,complex_000426,18,-9.45516
critic_r1,complex_000426,complex_000426,19,-6.57191
critic_r1,complex_000411,complex_000165,0,-4.7176
critic_r1,complex_000411,complex_000165,1,-1.62009
critic_r1,complex_000411,complex_000165,2,-6.36123
critic_r1,complex_000411,complex_000165,3,2.62567
critic_r1,complex_000411,complex_000165,4,-7.38318
critic_r1,complex_000411,complex_000165,5,-5.53573
critic_r1,complex_000411,complex_000165,6,-7.11354
critic_r1,complex_000411,complex_000165,7,-6.50944
critic_r1,complex_000411,complex_000165,8,-7.42709
critic_r1,complex_000411,complex_000165,9,-6.80692
critic_r1,complex_000411,complex_000165,10,-5.11914
critic_r1,complex_000411,complex_000165,11,-4.6565
critic_r1,complex_000411,complex_000165,12,-6.39365
critic_r1,complex_000411,complex_000165,13,-6.2955
critic_r1,complex_000411,complex_000165,14,-5.89013
critic_r1,complex_000411,complex_000165,15,-5.13658
critic_r1,complex_000411,complex_000165,16,-4.91826
critic_r1,complex_000411,complex_000165,17,-5.9758
critic_r1,complex_000411,complex_000165,18,-6.72958
critic_r1,complex_000411,complex_000165,19,-4.70401
critic_r1,complex_000400,complex_000363,0,-6.9797
critic_r1,complex_000400,complex_000363,1,-6.74064
critic_r1,complex_000400,complex_000363,2,-8.81744
critic_r1,complex_000400,complex_000363,3,-8.17343
critic_r1,complex_000400,complex_000363,4,-8.63704
critic_r1,complex_000400,complex_000363,5,-8.31194
critic_r1,complex_000400,complex_000363,6,-9.7505
critic_r1,complex_000400,complex_000363,7,-8.49973
critic_r1,complex_000400,complex_000363,8,-10.40057
critic_r1,complex_000400,complex_000363,9,-4.03612
critic_r1,complex_000400,complex_000363,10,-9.11608
critic_r1,complex_000400,complex_000363,11,-8.93313
critic_r1,complex_000400,complex_000363,12,-8.73502
critic_r1,complex_000400,complex_000363,13,-10.20904
critic_r1,complex_000400,complex_000363,14,-8.11492
critic_r1,complex_000400,complex_000363,15,-9.07453
critic_r1,complex_000400,complex_000363,16,-9.47196
critic_r1,complex_000400,complex_000363,17,-8.34373
critic_r1,complex_000400,complex_000363,18,-8.31575
critic_r1,complex_000400,complex_000363,19,-8.88337
critic_r1,complex_000426,complex_000335,0,-6.44049
critic_r1,complex_000426,complex_000335,1,-7.11171
critic_r1,complex_000426,complex_000335,2,-5.10423
critic_r1,complex_000426,complex_000335,3,-5.99974
critic_r1,complex_000426,complex_000335,4,-6.84441
critic_r1,complex_000426,complex_000335,5,-5.38843
critic_r1,complex_000426,complex_000335,6,-4.42952
critic_r1,complex_000426,complex_000335,7,-6.67553
critic_r1,complex_000426,complex_000335,8,-5.57539
critic_r1,complex_000426,complex_000335,9,-6.11086
critic_r1,complex_000426,complex_000335,10,-8.13116
critic_r1,complex_000426,complex_000335,11,-5.33947
critic_r1,complex_000426,complex_000335,12,-6.73665
critic_r1,complex_000426,complex_000335,13,-6.77466
critic_r1,complex_000426,complex_000335,14,-7.90598
critic_r1,complex_000426,complex_000335,15,-6.09996
critic_r1,complex_000426,complex_000335,16,-6.55657
critic_r1,complex_000426,complex_000335,17,-4.22751
critic_r1,complex_000426,complex_000335,18,-7.65769
critic_r1,complex_000426,complex_000335,19,-5.55651
critic_r1,complex_000426,complex_000145,0,-6.64705
critic_r1,complex_000426,complex_000145,1,-6.00417
critic_r1,complex_000426,complex_000145,2,-4.88898
critic_r1,complex_000426,complex_000145,3,-5.50227
critic_r1,complex_000426,complex_000145,4,-6.79416
critic_r1,complex_000426,complex_000145,5,-5.26662
critic_r1,complex_000426,complex_000145,6,-4.00938
critic_r1,complex_000426,complex_000145,7,-7.05659
critic_r1,complex_000426,complex_000145,8,-5.03962
critic_r1,complex_000426,complex_000145,9,-5.74848
critic_r1,complex_000426,complex_000145,10,-7.08014
critic_r1,complex_000426,complex_000145,11,-4.64323
critic_r1,complex_000426,complex_000145,12,-6.64737
critic_r1,complex_000426,complex_000145,13,-6.75017
critic_r1,complex_000426,complex_000145,14,-7.57194
critic_r1,complex_000426,complex_000145,15,-5.5798
critic_r1,complex_000426,complex_000145,16,-5.69196
critic_r1,complex_000426,complex_000145,17,-3.97976
critic_r1,complex_000426,complex_000145,18,-6.67857
critic_r1,complex_000426,complex_000145,19,-5.33348
critic_r1,complex_000456,complex_000456,0,-8.14381
critic_r1,complex_000456,complex_000456,1,-6.56926
critic_r1,complex_000456,complex_000456,2,-7.96152
critic_r1,complex_000456,complex_000456,3,-5.76411
critic_r1,complex_000456,complex_000456,4,-6.65292
critic_r1,complex_000456,complex_000456,5,-5.76868
critic_r1,complex_000456,complex_000456,6,-10.65112
critic_r1,complex_000456,complex_000456,7,-6.90718
critic_r1,complex_000456,complex_000456,8,-7.70589
critic_r1,complex_000456,complex_000456,9,-7.42503
critic_r1,complex_000456,complex_000456,10,-7.57871
critic_r1,complex_000456,complex_000456,11,-9.09661
critic_r1,complex_000456,complex_000456,12,-6.01619
critic_r1,complex_000456,complex_000456,13,-9.86186
critic_r1,complex_000456,complex_000456,14,-8.93782
critic_r1,complex_000456,complex_000456,15,-10.28041
critic_r1,complex_000456,complex_000456,16,-4.7508
critic_r1,complex_000456,complex_000456,17,-7.05418
critic_r1,complex_000456,complex_000456,18,-6.84082
critic_r1,complex_000456,complex_000456,19,-9.33835
critic_r1,complex_000400,complex_000403,0,-8.79162
critic_r1,complex_000400,complex_000403,1,-6.61549
critic_r1,complex_000400,complex_000403,2,-7.22082
critic_r1,complex_000400,complex_000403,3,-7.20481
critic_r1,complex_000400,complex_000403,4,-7.68845
critic_r1,complex_000400,complex_000403,5,-8.3641
critic_r1,complex_000400,complex_000403,6,-8.2793
critic_r1,complex_000400,complex_000403,7,-7.7536
critic_r1,complex_000400,complex_000403,8,-9.25643
critic_r1,complex_000400,complex_000403,9,-8.21732
critic_r1,complex_000400,complex_000403,10,-7.64652
critic_r1,complex_000400,complex_000403,11,-8.22488
critic_r1,complex_000400,complex_000403,12,-7.44946
critic_r1,complex_000400,complex_000403,13,-10.54858
critic_r1,complex_000400,complex_000403,14,-6.94562
critic_r1,complex_000400,complex_000403,15,-7.86762
critic_r1,complex_000400,complex_000403,16,-9.2515
critic_r1,complex_000400,complex_000403,17,-7.70152
critic_r1,complex_000400,complex_000403,18,-7.25829
critic_r1,complex_000400,complex_000403,19,-7.20232
critic_r1,complex_000472,complex_000472,0,-7.53426
critic_r1,complex_000472,complex_000472,1,-5.43057
critic_r1,complex_000472,complex_000472,2,-8.33403
critic_r1,complex_000472,complex_000472,3,-5.3949
critic_r1,complex_000472,complex_000472,4,-7.26463
critic_r1,complex_000472,complex_000472,5,-6.81773
critic_r1,complex_000472,complex_000472,6,-6.31147
critic_r1,complex_000472,complex_000472,7,-7.64046
critic_r1,complex_000472,complex_000472,8,-12.19873
critic_r1,complex_000472,complex_000472,9,-9.57322
critic_r1,complex_000472,complex_000472,10,-12.67161
critic_r1,complex_000472,complex_000472,11,-6.36967
critic_r1,complex_000472,complex_000472,12,-10.02751
critic_r1,complex_000472,complex_000472,13,-8.94888
critic_r1,complex_000472,complex_000472,14,-5.41711
critic_r1,complex_000472,complex_000472,15,-6.91901
critic_r1,complex_000472,complex_000472,16,-5.7251
critic_r1,complex_000472,complex_000472,17,-11.48683
critic_r1,complex_000472,complex_000472,18,-6.36135
critic_r1,complex_000472,complex_000472,19,-9.537
critic_r1,complex_000456,complex_000387,0,-9.44419
critic_r1,complex_000456,complex_000387,1,-6.73084
critic_r1,complex_000456,complex_000387,2,-8.10005
critic_r1,complex_000456,complex_000387,3,-7.2143
critic_r1,complex_000456,complex_000387,4,-8.29343
critic_r1,complex_000456,complex_000387,5,-7.29039
critic_r1,complex_000456,complex_000387,6,-9.58009
critic_r1,complex_000456,complex_000387,7,-7.77448
critic_r1,complex_000456,complex_000387,8,-8.82484
critic_r1,complex_000456,complex_000387,9,-7.52629
critic_r1,complex_000456,complex_000387,10,-8.21857
critic_r1,complex_000456,complex_000387,11,-8.63686
critic_r1,complex_000456,complex_000387,12,-6.42441
critic_r1,complex_000456,complex_000387,13,-7.83881
critic_r1,complex_000456,complex_000387,14,-10.26153
critic_r1,complex_000456,complex_000387,15,-9.5893
critic_r1,complex_000456,complex_000387,16,-5.68544
critic_r1,complex_000456,complex_000387,17,-7.29476
critic_r1,complex_000456,complex_000387,18,-8.03254
critic_r1,complex_000456,complex_000387,19,-8.29203
critic_r1,complex_000456,complex_000376,0,-9.13648
critic_r1,complex_000456,complex_000376,1,-5.80385
critic_r1,complex_000456,complex_000376,2,-7.17257
critic_r1,complex_000456,complex_000376,3,-6.56939
critic_r1,complex_000456,complex_000376,4,-7.53889
critic_r1,complex_000456,complex_000376,5,-5.97917
critic_r1,complex_000456,complex_000376,6,-10.66635
critic_r1,complex_000456,complex_000376,7,-7.20465
critic_r1,complex_000456,complex_000376,8,-7.23551
critic_r1,complex_000456,complex_000376,9,-8.60707
critic_r1,complex_000456,complex_000376,10,-7.31894
critic_r1,complex_000456,complex_000376,11,-9.66627
critic_r1,complex_000456,complex_000376,12,-6.15827
critic_r1,complex_000456,complex_000376,13,-10.04967
critic_r1,complex_000456,complex_000376,14,-8.58806
critic_r1,complex_000456,complex_000376,15,-9.59293
critic_r1,complex_000456,complex_000376,16,-4.98163
critic_r1,complex_000456,complex_000376,17,-7.92825
critic_r1,complex_000456,complex_000376,18,-7.29959
critic_r1,complex_000456,complex_000376,19,-10.65226
critic_r1,complex_000456,complex_000069,0,-8.3376
critic_r1,complex_000456,complex_000069,1,-5.86305
critic_r1,complex_000456,complex_000069,2,-7.43063
critic_r1,complex_000456,complex_000069,3,-6.84759
critic_r1,complex_000456,complex_000069,4,-7.73657
critic_r1,complex_000456,complex_000069,5,-5.81887
critic_r1,complex_000456,complex_000069,6,-10.02746
critic_r1,complex_000456,complex_000069,7,-7.00014
critic_r1,complex_000456,complex_000069,8,-8.3309
critic_r1,complex_000456,complex_000069,9,-8.50169
critic_r1,complex_000456,complex_000069,10,-7.29246
critic_r1,complex_000456,complex_000069,11,-9.2097
critic_r1,complex_000456,complex_000069,12,-6.48125
critic_r1,complex_000456,complex_000069,13,-9.24133
critic_r1,complex_000456,complex_000069,14,-8.67935
critic_r1,complex_000456,complex_000069,15,-9.65186
critic_r1,complex_000456,complex_000069,16,-5.04173
critic_r1,complex_000456,complex_000069,17,-7.7445
critic_r1,complex_000456,complex_000069,18,-7.17459
critic_r1,complex_000456,complex_000069,19,-10.917
critic_r1,complex_000426,complex_000236,0,-8.28158
critic_r1,complex_000426,complex_000236,1,-8.86204
critic_r1,complex_000426,complex_000236,2,-6.11399
critic_r1,complex_000426,complex_000236,3,-7.33905
critic_r1,complex_000426,complex_000236,4,-8.268
critic_r1,complex_000426,complex_000236,5,-6.74012
critic_r1,complex_000426,complex_000236,6,-5.14437
critic_r1,complex_000426,complex_000236,7,-8.48219
critic_r1,complex_000426,complex_000236,8,-6.35454
critic_r1,complex_000426,complex_000236,9,-8.32062
critic_r1,complex_000426,complex_000236,10,-9.97252
critic_r1,complex_000426,complex_000236,11,-6.37754
critic_r1,complex_000426,complex_000236,12,-8.18517
critic_r1,complex_000426,complex_000236,13,-8.51533
critic_r1,complex_000426,complex_000236,14,-10.24143
critic_r1,complex_000426,complex_000236,15,-6.72476
critic_r1,complex_000426,complex_000236,16,-8.11415
critic_r1,complex_000426,complex_000236,17,-4.82963
critic_r1,complex_000426,complex_000236,18,-9.66452
critic_r1,complex_000426,complex_000236,19,-7.68856
critic_r1,complex_000472,complex_000117,0,-6.39618
critic_r1,complex_000472,complex_000117,1,-5.36741
critic_r1,complex_000472,complex_000117,2,-7.81399
critic_r1,complex_000472,complex_000117,3,-5.29888
critic_r1,complex_000472,complex_000117,4,-7.62848
critic_r1,complex_000472,complex_000117,5,-7.02914
critic_r1,complex_000472,complex_000117,6,-6.27947
critic_r1,complex_000472,complex_000117,7,-7.32181
critic_r1,complex_000472,complex_000117,8,-6.94203
critic_r1,complex_000472,complex_000117,9,-7.21212
critic_r1,complex_000472,complex_000117,10,-9.97216
critic_r1,complex_000472,complex_000117,11,-6.45921
critic_r1,complex_000472,complex_000117,12,-7.90968
critic_r1,complex_000472,complex_000117,13,-6.14992
critic_r1,complex_000472,complex_000117,14,-5.58861
critic_r1,complex_000472,complex_000117,15,-6.48625
critic_r1,complex_000472,complex_000117,16,-5.63093
critic_r1,complex_000472,complex_000117,17,-7.22373
critic_r1,complex_000472,complex_000117,18,-6.19764
critic_r1,complex_000472,complex_000117,19,-7.45134
critic_r1,complex_000472,complex_000535,0,-6.69936
critic_r1,complex_000472,complex_000535,1,-5.69113
critic_r1,complex_000472,complex_000535,2,-7.27282
critic_r1,complex_000472,complex_000535,3,-5.78626
critic_r1,complex_000472,complex_000535,4,-6.42432
critic_r1,complex_000472,complex_000535,5,-6.10835
critic_r1,complex_000472,complex_000535,6,-5.81617
critic_r1,complex_000472,complex_000535,7,-7.83683
critic_r1,complex_000472,complex_000535,8,-9.13841
critic_r1,complex_000472,complex_000535,9,-8.57376
critic_r1,complex_000472,complex_000535,10,-10.88585
critic_r1,complex_000472,complex_000535,11,-5.89908
critic_r1,complex_000472,complex_000535,12,-8.06261
critic_r1,complex_000472,complex_000535,13,-6.48453
critic_r1,complex_000472,complex_000535,14,-5.59169
critic_r1,complex_000472,complex_000535,15,-5.65966
critic_r1,complex_000472,complex_000535,16,-5.70712
critic_r1,complex_000472,complex_000535,17,-7.2117
critic_r1,complex_000472,complex_000535,18,-5.99814
critic_r1,complex_000472,complex_000535,19,-7.29904
critic_r1,complex_000473,complex_000473,0,-6.62216
critic_r1,complex_000473,complex_000473,1,-6.62569
critic_r1,complex_000473,complex_000473,2,-6.52459
critic_r1,complex_000473,complex_000473,3,-5.19019
critic_r1,complex_000473,complex_000473,4,-5.18143
critic_r1,complex_000473,complex_000473,5,-5.77465
critic_r1,complex_000473,complex_000473,6,-7.76761
critic_r1,complex_000473,complex_000473,7,-6.13885
critic_r1,complex_000473,complex_000473,8,-5.6512
critic_r1,complex_000473,complex_000473,9,-6.91972
critic_r1,complex_000473,complex_000473,10,-6.94973
critic_r1,complex_000473,complex_000473,11,-5.34516
critic_r1,complex_000473,complex_000473,12,-7.92439
critic_r1,complex_000473,complex_000473,13,-7.64426
critic_r1,complex_000473,complex_000473,14,-6.53991
critic_r1,complex_000473,complex_000473,15,-7.22943
critic_r1,complex_000473,complex_000473,16,-3.52398
critic_r1,complex_000473,complex_000473,17,-6.77738
critic_r1,complex_000473,complex_000473,18,-5.17484
critic_r1,complex_000473,complex_000473,19,-6.61642
critic_r1,complex_000473,complex_000506,0,-5.90802
critic_r1,complex_000473,complex_000506,1,-6.32324
critic_r1,complex_000473,complex_000506,2,-5.42348
critic_r1,complex_000473,complex_000506,3,-5.62943
critic_r1,complex_000473,complex_000506,4,-5.32423
critic_r1,complex_000473,complex_000506,5,-5.48235
critic_r1,complex_000473,complex_000506,6,-7.63194
critic_r1,complex_000473,complex_000506,7,-5.88981
critic_r1,complex_000473,complex_000506,8,-6.52159
critic_r1,complex_000473,complex_000506,9,-6.09177
critic_r1,complex_000473,complex_000506,10,-7.5974
critic_r1,complex_000473,complex_000506,11,-5.80162
critic_r1,complex_000473,complex_000506,12,-6.11436
critic_r1,complex_000473,complex_000506,13,-6.49025
critic_r1,complex_000473,complex_000506,14,-6.28697
critic_r1,complex_000473,complex_000506,15,-6.50691
critic_r1,complex_000473,complex_000506,16,-4.25543
critic_r1,complex_000473,complex_000506,17,-6.5645
critic_r1,complex_000473,complex_000506,18,-4.83922
critic_r1,complex_000473,complex_000506,19,-6.36499
critic_r1,complex_000472,complex_000177,0,-6.34947
critic_r1,complex_000472,complex_000177,1,-5.17387
critic_r1,complex_000472,complex_000177,2,-7.17557
critic_r1,complex_000472,complex_000177,3,-5.49836
critic_r1,complex_000472,complex_000177,4,-6.08339
critic_r1,complex_000472,complex_000177,5,-6.00823
critic_r1,complex_000472,complex_000177,6,-6.06199
critic_r1,complex_000472,complex_000177,7,-7.48079
critic_r1,complex_000472,complex_000177,8,-9.43729
critic_r1,complex_000472,complex_000177,9,-8.92619
critic_r1,complex_000472,complex_000177,10,-8.89871
critic_r1,complex_000472,complex_000177,11,-6.32624
critic_r1,complex_000472,complex_000177,12,-8.14233
critic_r1,complex_000472,complex_000177,13,-7.69883
critic_r1,complex_000472,complex_000177,14,-5.03893
critic_r1,complex_000472,complex_000177,15,-5.67996
critic_r1,complex_000472,complex_000177,16,-5.95915
critic_r1,complex_000472,complex_000177,17,-8.03391
critic_r1,complex_000472,complex_000177,18,-5.76169
critic_r1,complex_000472,complex_000177,19,-6.79001
critic_r1,complex_000506,complex_000506,0,-6.16941
critic_r1,complex_000506,complex_000506,1,-6.09067
critic_r1,complex_000506,complex_000506,2,-6.72692
critic_r1,complex_000506,complex_000506,3,-6.28893
critic_r1,complex_000506,complex_000506,4,-5.28014
critic_r1,complex_000506,complex_000506,5,-9.11829
critic_r1,complex_000506,complex_000506,6,-6.22022
critic_r1,complex_000506,complex_000506,7,-7.54734
critic_r1,complex_000506,complex_000506,8,-5.21728
critic_r1,complex_000506,complex_000506,9,-5.69652
critic_r1,complex_000506,complex_000506,10,-6.61135
critic_r1,complex_000506,complex_000506,11,-5.41047
critic_r1,complex_000506,complex_000506,12,-6.41989
critic_r1,complex_000506,complex_000506,13,-7.77369
critic_r1,complex_000506,complex_000506,14,-6.95709
critic_r1,complex_000506,complex_000506,15,-4.92361
critic_r1,complex_000506,complex_000506,16,-5.27804
critic_r1,complex_000506,complex_000506,17,-5.85398
critic_r1,complex_000506,complex_000506,18,-4.41561
critic_r1,complex_000506,complex_000506,19,-8.63874
critic_r1,complex_000506,complex_000382,0,-8.52373
critic_r1,complex_000506,complex_000382,1,-5.27744
critic_r1,complex_000506,complex_000382,2,-8.65172
critic_r1,complex_000506,complex_000382,3,-8.50575
critic_r1,complex_000506,complex_000382,4,-6.67268
critic_r1,complex_000506,complex_000382,5,-11.80946
critic_r1,complex_000506,complex_000382,6,-7.78262
critic_r1,complex_000506,complex_000382,7,-6.95186
critic_r1,complex_000506,complex_000382,8,-6.96039
critic_r1,complex_000506,complex_000382,9,-5.76549
critic_r1,complex_000506,complex_000382,10,-7.24352
critic_r1,complex_000506,complex_000382,11,-5.45469
critic_r1,complex_000506,complex_000382,12,-6.98578
critic_r1,complex_000506,complex_000382,13,-6.97927
critic_r1,complex_000506,complex_000382,14,-6.17461
critic_r1,complex_000506,complex_000382,15,-5.20657
critic_r1,complex_000506,complex_000382,16,-5.36848
critic_r1,complex_000506,complex_000382,17,-4.72909
critic_r1,complex_000506,complex_000382,18,-5.06308
critic_r1,complex_000506,complex_000382,19,-7.78943
critic_r1,complex_000473,complex_000363,0,-7.46862
critic_r1,complex_000473,complex_000363,1,-8.30191
critic_r1,complex_000473,complex_000363,2,-7.95222
critic_r1,complex_000473,complex_000363,3,-7.17925
critic_r1,complex_000473,complex_000363,4,-6.26033
critic_r1,complex_000473,complex_000363,5,-7.21484
critic_r1,complex_000473,complex_000363,6,-5.08323
critic_r1,complex_000473,complex_000363,7,-8.34885
critic_r1,complex_000473,complex_000363,8,-6.74158
critic_r1,complex_000473,complex_000363,9,-7.74112
critic_r1,complex_000473,complex_000363,10,-8.5968
critic_r1,complex_000473,complex_000363,11,-6.47717
critic_r1,complex_000473,complex_000363,12,-9.41291
critic_r1,complex_000473,complex_000363,13,-9.28256
critic_r1,complex_000473,complex_000363,14,-8.81472
critic_r1,complex_000473,complex_000363,15,-9.12152
critic_r1,complex_000473,complex_000363,16,-3.91592
critic_r1,complex_000473,complex_000363,17,-9.47015
critic_r1,complex_000473,complex_000363,18,-5.54311
critic_r1,complex_000473,complex_000363,19,-7.63147
critic_r1,complex_000506,complex_000170,0,-8.65526
critic_r1,complex_000506,complex_000170,1,-5.61547
critic_r1,complex_000506,complex_000170,2,-9.67732
critic_r1,complex_000506,complex_000170,3,-9.11883
critic_r1,complex_000506,complex_000170,4,-7.73202
critic_r1,complex_000506,complex_000170,5,-8.89568
critic_r1,complex_000506,complex_000170,6,-9.37903
critic_r1,complex_000506,complex_000170,7,-7.79038
critic_r1,complex_000506,complex_000170,8,-7.95816
critic_r1,complex_000506,complex_000170,9,-6.33307
critic_r1,complex_000506,complex_000170,10,-7.80555
critic_r1,complex_000506,complex_000170,11,-5.99809
critic_r1,complex_000506,complex_000170,12,-8.03561
critic_r1,complex_000506,complex_000170,13,-7.83254
critic_r1,complex_000506,complex_000170,14,-6.08299
critic_r1,complex_000506,complex_000170,15,-5.43765
critic_r1,complex_000506,complex_000170,16,-5.33372
critic_r1,complex_000506,complex_000170,17,-4.87375
critic_r1,complex_000506,complex_000170,18,-5.51524
critic_r1,complex_000506,complex_000170,19,-8.88043
critic_r1,complex_000473,complex_000170,0,-7.83542
critic_r1,complex_000473,complex_000170,1,-8.14965
critic_r1,complex_000473,complex_000170,2,-8.58421
critic_r1,complex_000473,complex_000170,3,-7.45067
critic_r1,complex_000473,complex_000170,4,-6.63049
critic_r1,complex_000473,complex_000170,5,-7.49012
critic_r1,complex_000473,complex_000170,6,-1.38804
critic_r1,complex_000473,complex_000170,7,-8.63656
critic_r1,complex_000473,complex_000170,8,-6.91944
critic_r1,complex_000473,complex_000170,9,-9.99081
critic_r1,complex_000473,complex_000170,10,-8.92619
critic_r1,complex_000473,complex_000170,11,-6.71077
critic_r1,complex_000473,complex_000170,12,-7.08091
critic_r1,complex_000473,complex_000170,13,-5.39302
critic_r1,complex_000473,complex_000170,14,-5.41713
critic_r1,complex_000473,complex_000170,15,-9.58104
critic_r1,complex_000473,complex_000170,16,-3.89166
critic_r1,complex_000473,complex_000170,17,-8.27229
critic_r1,complex_000473,complex_000170,18,-6.69038
critic_r1,complex_000473,complex_000170,19,-8.70465
critic_r1,complex_000506,complex_000266,0,-8.20706
critic_r1,complex_000506,complex_000266,1,-5.29744
critic_r1,complex_000506,complex_000266,2,-7.93333
critic_r1,complex_000506,complex_000266,3,-7.387
critic_r1,complex_000506,complex_000266,4,-6.40131
critic_r1,complex_000506,complex_000266,5,-9.04047
critic_r1,complex_000506,complex_000266,6,-7.20073
critic_r1,complex_000506,complex_000266,7,-6.056
critic_r1,complex_000506,complex_000266,8,-6.72051
critic_r1,complex_000506,complex_000266,9,-5.91279
critic_r1,complex_000506,complex_000266,10,-6.69162
critic_r1,complex_000506,complex_000266,11,-5.40032
critic_r1,complex_000506,complex_000266,12,-6.53324
critic_r1,complex_000506,complex_000266,13,-6.63975
critic_r1,complex_000506,complex_000266,14,-5.85983
critic_r1,complex_000506,complex_000266,15,-5.25482
critic_r1,complex_000506,complex_000266,16,-5.10608
critic_r1,complex_000506,complex_000266,17,-5.10172
critic_r1,complex_000506,complex_000266,18,-5.12265
critic_r1,complex_000506,complex_000266,19,-7.32292
critic_r1,complex_000477,complex_000477,0,-7.77968
critic_r1,complex_000477,complex_000477,1,-7.88275
critic_r1,complex_000477,complex_000477,2,-4.8916
critic_r1,complex_000477,complex_000477,3,-5.70302
critic_r1,complex_000477,complex_000477,4,-8.1227
critic_r1,complex_000477,complex_000477,5,-5.90843
critic_r1,complex_000477,complex_000477,6,-11.62917
critic_r1,complex_000477,complex_000477,7,-7.03115
critic_r1,complex_000477,complex_000477,8,-6.72688
critic_r1,complex_000477,complex_000477,9,-6.92177
critic_r1,complex_000477,complex_000477,10,-10.03976
critic_r1,complex_000477,complex_000477,11,-5.39589
critic_r1,complex_000477,complex_000477,12,-5.97357
critic_r1,complex_000477,complex_000477,13,-8.27943
critic_r1,complex_000477,complex_000477,14,-7.75203
critic_r1,complex_000477,complex_000477,15,-4.94424
critic_r1,complex_000477,complex_000477,16,-7.76045
critic_r1,complex_000477,complex_000477,17,-5.49607
critic_r1,complex_000477,complex_000477,18,-4.48894
critic_r1,complex_000477,complex_000477,19,-6.16376
critic_r1,complex_000535,complex_000535,0,-9.24672
critic_r1,complex_000535,complex_000535,1,-6.1278
critic_r1,complex_000535,complex_000535,2,-9.02247
critic_r1,complex_000535,complex_000535,3,-7.60237
critic_r1,complex_000535,complex_000535,4,-6.37971
critic_r1,complex_000535,complex_000535,5,-8.09374
critic_r1,complex_000535,complex_000535,6,-7.27618
critic_r1,complex_000535,complex_000535,7,-7.42795
critic_r1,complex_000535,complex_000535,8,-7.96384
critic_r1,complex_000535,complex_000535,9,-7.99958
critic_r1,complex_000535,complex_000535,10,-8.07966
critic_r1,complex_000535,complex_000535,11,-6.02513
critic_r1,complex_000535,complex_000535,12,-7.49086
critic_r1,complex_000535,complex_000535,13,-7.66617
critic_r1,complex_000535,complex_000535,14,-5.75832
critic_r1,complex_000535,complex_000535,15,-10.12303
critic_r1,complex_000535,complex_000535,16,-8.74012
critic_r1,complex_000535,complex_000535,17,-7.06563
critic_r1,complex_000535,complex_000535,18,-7.4695
critic_r1,complex_000535,complex_000535,19,-7.79448
critic_r1,complex_000535,complex_000026,0,-7.66551
critic_r1,complex_000535,complex_000026,1,-5.31544
critic_r1,complex_000535,complex_000026,2,-8.4139
critic_r1,complex_000535,complex_000026,3,-7.11237
critic_r1,complex_000535,complex_000026,4,-6.00039
critic_r1,complex_000535,complex_000026,5,-6.48796
critic_r1,complex_000535,complex_000026,6,-7.03601
critic_r1,complex_000535,complex_000026,7,-8.46476
critic_r1,complex_000535,complex_000026,8,-7.68079
critic_r1,complex_000535,complex_000026,9,-7.67246
critic_r1,complex_000535,complex_000026,10,-8.22974
critic_r1,complex_000535,complex_000026,11,-6.32166
critic_r1,complex_000535,complex_000026,12,-6.69706
critic_r1,complex_000535,complex_000026,13,-6.59391
critic_r1,complex_000535,complex_000026,14,-5.24493
critic_r1,complex_000535,complex_000026,15,-8.7205
critic_r1,complex_000535,complex_000026,16,-7.64197
critic_r1,complex_000535,complex_000026,17,-6.46019
critic_r1,complex_000535,complex_000026,18,-6.43483
critic_r1,complex_000535,complex_000026,19,-7.75616
critic_r1,complex_000535,complex_000473,0,-6.49515
critic_r1,complex_000535,complex_000473,1,-5.03395
critic_r1,complex_000535,complex_000473,2,-6.67034
critic_r1,complex_000535,complex_000473,3,-6.97835
critic_r1,complex_000535,complex_000473,4,-5.24162
critic_r1,complex_000535,complex_000473,5,-6.51819
critic_r1,complex_000535,complex_000473,6,-6.20781
critic_r1,complex_000535,complex_000473,7,-6.86023
critic_r1,complex_000535,complex_000473,8,-6.09056
critic_r1,complex_000535,complex_000473,9,-6.34539
critic_r1,complex_000535,complex_000473,10,-7.5048
critic_r1,complex_000535,complex_000473,11,-5.74792
critic_r1,complex_000535,complex_000473,12,-5.7107
critic_r1,complex_000535,complex_000473,13,-5.50414
critic_r1,complex_000535,complex_000473,14,-4.62076
critic_r1,complex_000535,complex_000473,15,-7.64033
critic_r1,complex_000535,complex_000473,16,-7.24732
critic_r1,complex_000535,complex_000473,17,-5.91148
critic_r1,complex_000535,complex_000473,18,-5.8278
critic_r1,complex_000535,complex_000473,19,-6.64282
critic_r1,complex_000477,complex_000051,0,-7.87864
critic_r1,complex_000477,complex_000051,1,-7.98
critic_r1,complex_000477,complex_000051,2,-5.51024
critic_r1,complex_000477,complex_000051,3,-6.50223
critic_r1,complex_000477,complex_000051,4,-9.01167
critic_r1,complex_000477,complex_000051,5,-5.75843
critic_r1,complex_000477,complex_000051,6,-10.24518
critic_r1,complex_000477,complex_000051,7,-6.53745
critic_r1,complex_000477,complex_000051,8,-8.24144
critic_r1,complex_000477,complex_000051,9,-7.35375
critic_r1,complex_000477,complex_000051,10,-9.39542
critic_r1,complex_000477,complex_000051,11,-5.71298
critic_r1,complex_000477,complex_000051,12,-5.4003
critic_r1,complex_000477,complex_000051,13,-8.67013
critic_r1,complex_000477,complex_000051,14,-8.53781
critic_r1,complex_000477,complex_000051,15,-4.66483
critic_r1,complex_000477,complex_000051,16,-7.41191
critic_r1,complex_000477,complex_000051,17,-5.40503
critic_r1,complex_000477,complex_000051,18,-4.72264
critic_r1,complex_000477,complex_000051,19,-6.40654
critic_r1,complex_000477,complex_000506,0,-7.08093
critic_r1,complex_000477,complex_000506,1,-6.46729
critic_r1,complex_000477,complex_000506,2,-5.24544
critic_r1,complex_000477,complex_000506,3,-5.30462
critic_r1,complex_000477,complex_000506,4,-7.55996
critic_r1,complex_000477,complex_000506,5,-6.26482
critic_r1,complex_000477,complex_000506,6,-8.14003
critic_r1,complex_000477,complex_000506,7,-6.17752
critic_r1,complex_000477,complex_000506,8,-5.94639
critic_r1,complex_000477,complex_000506,9,-5.58522
critic_r1,complex_000477,complex_000506,10,-7.98521
critic_r1,complex_000477,complex_000506,11,-5.19505
critic_r1,complex_000477,complex_000506,12,-5.57302
critic_r1,complex_000477,complex_000506,13,-7.39422
critic_r1,complex_000477,complex_000506,14,-6.57834
critic_r1,complex_000477,complex_000506,15,-5.47202
critic_r1,complex_000477,complex_000506,16,-7.03448
critic_r1,complex_000477,complex_000506,17,-5.52283
critic_r1,complex_000477,complex_000506,18,-4.3544
critic_r1,complex_000477,complex_000506,19,-5.38388
critic_r1,complex_000477,complex_000165,0,-6.26912
critic_r1,complex_000477,complex_000165,1,-5.73671
critic_r1,complex_000477,complex_000165,2,-6.93875
critic_r1,complex_000477,complex_000165,3,-7.05856
critic_r1,complex_000477,complex_000165,4,-4.07837
critic_r1,complex_000477,complex_000165,5,-8.11763
critic_r1,complex_000477,complex_000165,6,-6.75371
critic_r1,complex_000477,complex_000165,7,-7.03251
critic_r1,complex_000477,complex_000165,8,-5.97244
critic_r1,complex_000477,complex_000165,9,-6.08881
critic_r1,complex_000477,complex_000165,10,-3.75722
critic_r1,complex_000477,complex_000165,11,-6.32397
critic_r1,complex_000477,complex_000165,12,-7.23586
critic_r1,complex_000477,complex_000165,13,-7.23939
critic_r1,complex_000477,complex_000165,14,-5.33572
critic_r1,complex_000477,complex_000165,15,-6.63001
critic_r1,complex_000477,complex_000165,16,-2.39984
critic_r1,complex_000477,complex_000165,17,-5.95155
critic_r1,complex_000477,complex_000165,18,-6.13189
critic_r1,complex_000477,complex_000165,19,-6.36487
critic_r1,complex_000535,complex_000269,0,-6.50712
critic_r1,complex_000535,complex_000269,1,-5.00433
critic_r1,complex_000535,complex_000269,2,-7.11963
critic_r1,complex_000535,complex_000269,3,-7.26416
critic_r1,complex_000535,complex_000269,4,-5.66464
critic_r1,complex_000535,complex_000269,5,-6.59642
critic_r1,complex_000535,complex_000269,6,-6.29705
critic_r1,complex_000535,complex_000269,7,-7.19189
critic_r1,complex_000535,complex_000269,8,-6.81487
critic_r1,complex_000535,complex_000269,9,-6.62719
critic_r1,complex_000535,complex_000269,10,-7.57022
critic_r1,complex_000535,complex_000269,11,-6.13346
critic_r1,complex_000535,complex_000269,12,-6.70456
critic_r1,complex_000535,complex_000269,13,-5.89469
critic_r1,complex_000535,complex_000269,14,-5.52599
critic_r1,complex_000535,complex_000269,15,-8.34535
critic_r1,complex_000535,complex_000269,16,-6.33099
critic_r1,complex_000535,complex_000269,17,-5.78974
critic_r1,complex_000535,complex_000269,18,-5.52231
critic_r1,complex_000535,complex_000269,19,-7.13837
critic_r1,complex_000540,complex_000540,0,-6.31652
critic_r1,complex_000540,complex_000540,1,-11.02667
critic_r1,complex_000540,complex_000540,2,-7.89237
critic_r1,complex_000540,complex_000540,3,-6.63712
critic_r1,complex_000540,complex_000540,4,-7.99957
critic_r1,complex_000540,complex_000540,5,-6.37511
critic_r1,complex_000540,complex_000540,6,-8.32598
critic_r1,complex_000540,complex_000540,7,-7.55218
critic_r1,complex_000540,complex_000540,8,-7.34579
critic_r1,complex_000540,complex_000540,9,-7.31661
critic_r1,complex_000540,complex_000540,10,-10.45161
critic_r1,complex_000540,complex_000540,11,-7.41924
critic_r1,complex_000540,complex_000540,12,-7.48489
critic_r1,complex_000540,complex_000540,13,-8.40577
critic_r1,complex_000540,complex_000540,14,-11.66545
critic_r1,complex_000540,complex_000540,15,-7.73738
critic_r1,complex_000540,complex_000540,16,-6.91352
critic_r1,complex_000540,complex_000540,17,-8.73222
critic_r1,complex_000540,complex_000540,18,-7.69803
critic_r1,complex_000540,complex_000540,19,-9.2521
critic_r1,complex_000540,complex_000472,0,-6.79956
critic_r1,complex_000540,complex_000472,1,-10.30498
critic_r1,complex_000540,complex_000472,2,-8.84491
critic_r1,complex_000540,complex_000472,3,-7.34713
critic_r1,complex_000540,complex_000472,4,-9.29677
critic_r1,complex_000540,complex_000472,5,-7.61624
critic_r1,complex_000540,complex_000472,6,-8.61345
critic_r1,complex_000540,complex_000472,7,-8.21541
critic_r1,complex_000540,complex_000472,8,-8.43923
critic_r1,complex_000540,complex_000472,9,-7.88094
critic_r1,complex_000540,complex_000472,10,-9.25639
critic_r1,complex_000540,complex_000472,11,-8.16722
critic_r1,complex_000540,complex_000472,12,-7.81615
critic_r1,complex_000540,complex_000472,13,-10.5388
critic_r1,complex_000540,complex_000472,14,-11.98241
critic_r1,complex_000540,complex_000472,15,-8.35525
critic_r1,complex_000540,complex_000472,16,-7.21288
critic_r1,complex_000540,complex_000472,17,-9.47691
critic_r1,complex_000540,complex_000472,18,-8.31684
critic_r1,complex_000540,complex_000472,19,-8.60967
critic_r1,complex_000540,complex_000335,0,-5.19725
critic_r1,complex_000540,complex_000335,1,-7.91029
critic_r1,complex_000540,complex_000335,2,-6.70199
critic_r1,complex_000540,complex_000335,3,-5.88437
critic_r1,complex_000540,complex_000335,4,-6.47584
critic_r1,complex_000540,complex_000335,5,-5.52211
critic_r1,complex_000540,complex_000335,6,-6.80807
critic_r1,complex_000540,complex_000335,7,-6.21288
critic_r1,complex_000540,complex_000335,8,-5.97995
critic_r1,complex_000540,complex_000335,9,-5.89692
critic_r1,complex_000540,complex_000335,10,-6.58187
critic_r1,complex_000540,complex_000335,11,-6.2351
critic_r1,complex_000540,complex_000335,12,-6.4682
critic_r1,complex_000540,complex_000335,13,-7.40084
critic_r1,complex_000540,complex_000335,14,-8.84675
critic_r1,complex_000540,complex_000335,15,-6.63982
critic_r1,complex_000540,complex_000335,16,-5.51671
critic_r1,complex_000540,complex_000335,17,-6.3627
critic_r1,complex_000540,complex_000335,18,-6.11537
critic_r1,complex_000540,complex_000335,19,-6.43792
critic_r1,complex_000540,complex_000112,0,-6.62985
critic_r1,complex_000540,complex_000112,1,-7.81659
critic_r1,complex_000540,complex_000112,2,-5.6703
critic_r1,complex_000540,complex_000112,3,-6.83171
critic_r1,complex_000540,complex_000112,4,-6.71957
critic_r1,complex_000540,complex_000112,5,-6.57221
critic_r1,complex_000540,complex_000112,6,-6.084
critic_r1,complex_000540,complex_000112,7,-6.86942
critic_r1,complex_000540,complex_000112,8,-6.69369
critic_r1,complex_000540,complex_000112,9,-6.69437
critic_r1,complex_000540,complex_000112,10,-7.81655
critic_r1,complex_000540,complex_000112,11,-6.80502
critic_r1,complex_000540,complex_000112,12,-6.87894
critic_r1,complex_000540,complex_000112,13,-6.84484
critic_r1,complex_000540,complex_000112,14,-9.07057
critic_r1,complex_000540,complex_000112,15,-7.21081
critic_r1,complex_000540,complex_000112,16,-6.88805
critic_r1,complex_000540,complex_000112,17,-7.70087
critic_r1,complex_000540,complex_000112,18,-7.04034
critic_r1,complex_000540,complex_000112,19,-6.88302
control_r1,complex_000001,complex_000456,0,-7.8098
control_r1,complex_000001,complex_000456,1,-8.33895
control_r1,complex_000001,complex_000456,2,-5.17293
control_r1,complex_000001,complex_000456,3,-5.24916
control_r1,complex_000001,complex_000456,4,-6.56959
control_r1,complex_000001,complex_000456,5,-7.94739
control_r1,complex_000001,complex_000456,6,-9.91277
control_r1,complex_000001,complex_000456,7,-7.50301
control_r1,complex_000001,complex_000456,8,-7.58936
control_r1,complex_000001,complex_000456,9,-6.47198
control_r1,complex_000001,complex_000456,10,-7.24358
control_r1,complex_000001,complex_000456,11,-5.15204
control_r1,complex_000001,complex_000456,12,-6.59429
control_r1,complex_000001,complex_000456,13,-5.93025
control_r1,complex_000001,complex_000456,14,-7.91739
control_r1,complex_000001,complex_000456,15,-7.58132
control_r1,complex_000001,complex_000456,16,-8.07032
control_r1,complex_000001,complex_000456,17,-5.88066
control_r1,complex_000001,complex_000456,18,-5.84148
control_r1,complex_000001,complex_000456,19,-5.24869
control_r1,complex_000001,complex_000001,0,-6.97132
control_r1,complex_000001,complex_000001,1,-8.36167
control_r1,complex_000001,complex_000001,2,-5.47269
control_r1,complex_000001,complex_000001,3,-5.50368
control_r1,complex_000001,complex_000001,4,-6.63407
control_r1,complex_000001,complex_000001,5,-9.09619
control_r1,complex_000001,complex_000001,6,-8.42632
control_r1,complex_000001,complex_000001,7,-7.64479
control_r1,complex_000001,complex_000001,8,-10.67368
control_r1,complex_000001,complex_000001,9,-6.187
control_r1,complex_000001,complex_000001,10,-8.30094
control_r1,complex_000001,complex_000001,11,-6.50536
control_r1,complex_000001,complex_000001,12,-6.32522
control_r1,complex_000001,complex_000001,13,-6.42246
control_r1,complex_000001,complex_000001,14,-8.28102
control_r1,complex_000001,complex_000001,15,-9.68399
control_r1,complex_000001,complex_000001,16,-8.80905
control_r1,complex_000001,complex_000001,17,-6.61622
control_r1,complex_000001,complex_000001,18,-6.14977
control_r1,complex_000001,complex_000001,19,-6.065
control_r1,complex_000001,complex_000191,0,-5.97289
control_r1,complex_000001,complex_000191,1,-6.95436
control_r1,complex_000001,complex_000191,2,-5.25859
control_r1,complex_000001,complex_000191,3,-5.42665
control_r1,complex_000001,complex_000191,4,-5.25159
control_r1,complex_000001,complex_000191,5,-6.25054
control_r1,complex_000001,complex_000191,6,-7.17519
control_r1,complex_000001,complex_000191,7,-6.05473
control_r1,complex_000001,complex_000191,8,-6.96506
control_r1,complex_000001,complex_000191,9,-4.91401
control_r1,complex_000001,complex_000191,10,-6.20916
control_r1,complex_000001,complex_000191,11,-5.90103
control_r1,complex_000001,complex_000191,12,-6.56896
control_r1,complex_000001,complex_000191,13,-4.36203
control_r1,complex_000001,complex_000191,14,-6.8546
control_r1,complex_000001,complex_000191,15,-5.83866
control_r1,complex_000001,complex_000191,16,-7.70213
control_r1,complex_000001,complex_000191,17,-5.78895
control_r1,complex_000001,complex_000191,18,-5.18735
control_r1,complex_000001,complex_000191,19,-5.77891
control_r1,complex_000001,complex_000292,0,-6.23614
control_r1,complex_000001,complex_000292,1,-7.99945
control_r1,complex_000001,complex_000292,2,-4.71015
control_r1,complex_000001,complex_000292,3,-4.87951
control_r1,complex_000001,complex_000292,4,-5.84848
control_r1,complex_000001,complex_000292,5,-7.3884
control_r1,complex_000001,complex_000292,6,-8.64305
control_r1,complex_000001,complex_000292,7,-7.11084
control_r1,complex_000001,complex_000292,8,-8.12397
control_r1,complex_000001,complex_000292,9,-5.86985
control_r1,complex_000001,complex_000292,10,-6.65493
control_r1,complex_000001,complex_000292,11,-5.63053
control_r1,complex_000001,complex_000292,12,-6.02306
control_r1,complex_000001,complex_000292,13,-5.2454
control_r1,complex_000001,complex_000292,14,-7.24645
control_r1,complex_000001,complex_000292,15,-6.84987
control_r1,complex_000001,complex_000292,16,-8.29419
control_r1,complex_000001,complex_000292,17,-5.53966
control_r1,complex_000001,complex_000292,18,-5.31734
control_r1,complex_000001,complex_000292,19,-5.04237
control_r1,complex_000026,complex_000148,0,-6.41862
control_r1,complex_000026,complex_000148,1,-6.39262
control_r1,complex_000026,complex_000148,2,-4.42923
control_r1,complex_000026,complex_000148,3,-6.76908
control_r1,complex_000026,complex_000148,4,-7.86364
control_r1,complex_000026,complex_000148,5,-7.03911
control_r1,complex_000026,complex_000148,6,-7.42868
control_r1,complex_000026,complex_000148,7,-6.39695
control_r1,complex_000026,complex_000148,8,-6.11226
control_r1,complex_000026,complex_000148,9,-5.13185
control_r1,complex_000026,complex_000148,10,-6.80391
control_r1,complex_000026,complex_000148,11,-7.46232
control_r1,complex_000026,complex_000148,12,-5.93674
control_r1,complex_000026,complex_000148,13,-4.63523
control_r1,complex_000026,complex_000148,14,-6.86245
control_r1,complex_000026,complex_000148,15,-8.64276
control_r1,complex_000026,complex_000148,16,-5.61175
control_r1,complex_000026,complex_000148,17,-8.47266
control_r1,complex_000026,complex_000148,18,-6.61067
control_r1,complex_000026,complex_000148,19,-6.12971
control_r1,complex_000026,complex_000426,0,-6.61813
control_r1,complex_000026,complex_000426,1,-7.28331
control_r1,complex_000026,complex_000426,2,-5.34645
control_r1,complex_000026,complex_000426,3,-7.81096
control_r1,complex_000026,complex_000426,4,-8.61132
control_r1,complex_000026,complex_000426,5,-7.48998
control_r1,complex_000026,complex_000426,6,-8.4564
control_r1,complex_000026,complex_000426,7,-7.14364
control_r1,complex_000026,complex_000426,8,-7.78007
control_r1,complex_000026,complex_000426,9,-5.36554
control_r1,complex_000026,complex_000426,10,-7.9075
control_r1,complex_000026,complex_000426,11,-7.83256
control_r1,complex_000026,complex_000426,12,-7.13957
control_r1,complex_000026,complex_000426,13,-4.84273
control_r1,complex_000026,complex_000426,14,-7.03767
control_r1,complex_000026,complex_000426,15,-9.57521
control_r1,complex_000026,complex_000426,16,-6.96186
control_r1,complex_000026,complex_000426,17,-8.70257
control_r1,complex_000026,complex_000426,18,-7.06848
control_r1,complex_000026,complex_000426,19,-7.51742
control_r1,complex_000026,complex_000382,0,-7.24676
control_r1,complex_000026,complex_000382,1,-7.32066
control_r1,complex_000026,complex_000382,2,-5.62399
control_r1,complex_000026,complex_000382,3,-8.65632
control_r1,complex_000026,complex_000382,4,-9.99744
control_r1,complex_000026,complex_000382,5,-8.55622
control_r1,complex_000026,complex_000382,6,-8.57363
control_r1,complex_000026,complex_000382,7,-7.57872
control_r1,complex_000026,complex_000382,8,-8.3027
control_r1,complex_000026,complex_000382,9,-6.08594
control_r1,complex_000026,complex_000382,10,-8.39427
control_r1,complex_000026,complex_000382,11,-8.88317
control_r1,complex_000026,complex_000382,12,-9.09546
control_r1,complex_000026,complex_000382,13,-5.38874
control_r1,complex_000026,complex_000382,14,-8.4705
control_r1,complex_000026,complex_000382,15,-10.66004
control_r1,complex_000026,complex_000382,16,-8.10429
control_r1,complex_000026,complex_000382,17,-10.18368
control_r1,complex_000026,complex_000382,18,-7.51602
control_r1,complex_000026,complex_000382,19,-8.01133
control_r1,complex_000051,complex_000387,0,-11.31058
control_r1,complex_000051,complex_000387,1,-8.32058
control_r1,complex_000051,complex_000387,2,-8.82745
control_r1,complex_000051,complex_000387,3,-7.80798
control_r1,complex_000051,complex_000387,4,-7.32135
control_r1,complex_000051,complex_000387,5,-8.77549
control_r1,complex_000051,complex_000387,6,-9.81072
control_r1,complex_000051,complex_000387,7,-7.52337
control_r1,complex_000051,complex_000387,8,-9.55088
control_r1,complex_000051,complex_000387,9,-8.54166
control_r1,complex_000051,complex_000387,10,-9.624
control_r1,complex_000051,complex_000387,11,-7.65614
control_r1,complex_000051,complex_000387,12,-10.00539
control_r1,complex_000051,complex_000387,13,-10.36453
control_r1,complex_000051,complex_000387,14,-5.48223
control_r1,complex_000051,complex_000387,15,-8.48433
control_r1,complex_000051,complex_000387,16,-10.73669
control_r1,complex_000051,complex_000387,17,-9.61319
control_r1,complex_000051,complex_000387,18,-9.15968
control_r1,complex_000051,complex_000387,19,-10.31648
control_r1,complex_000051,complex_000266,0,-11.08221
control_r1,complex_000051,complex_000266,1,-8.65726
control_r1,complex_000051,complex_000266,2,-7.80924
control_r1,complex_000051,complex_000266,3,-7.90198
control_r1,complex_000051,complex_000266,4,-6.55084
control_r1,complex_000051,complex_000266,5,-8.37411
control_r1,complex_000051,complex_000266,6,-9.31451
control_r1,complex_000051,complex_000266,7,-6.92233
control_r1,complex_000051,complex_000266,8,-8.4836
control_r1,complex_000051,complex_000266,9,-9.00735
control_r1,complex_000051,complex_000266,10,-8.1609
control_r1,complex_000051,complex_000266,11,-7.70438
control_r1,complex_000051,complex_000266,12,-10.24264
control_r1,complex_000051,complex_000266,13,-10.20915
control_r1,complex_000051,complex_000266,14,-4.35652
control_r1,complex_000051,complex_000266,15,-8.73126
control_r1,complex_000051,complex_000266,16,-9.28033
control_r1,complex_000051,complex_000266,17,-8.60993
control_r1,complex_000051,complex_000266,18,-9.09569
control_r1,complex_000051,complex_000266,19,-10.22115
control_r1,complex_000026,complex_000026,0,-7.1297
control_r1,complex_000026,complex_000026,1,-7.24007
control_r1,complex_000026,complex_000026,2,-5.46592
control_r1,complex_000026,complex_000026,3,-8.21868
control_r1,complex_000026,complex_000026,4,-9.16383
control_r1,complex_000026,complex_000026,5,-7.81777
control_r1,complex_000026,complex_000026,6,-8.3498
control_r1,complex_000026,complex_000026,7,-7.528
control_r1,complex_000026,complex_000026,8,-7.70151
control_r1,complex_000026,complex_000026,9,-5.77661
control_r1,complex_000026,complex_000026,10,-8.80682
control_r1,complex_000026,complex_000026,11,-7.80625
control_r1,complex_000026,complex_000026,12,-6.99918
control_r1,complex_000026,complex_000026,13,-4.75594
control_r1,complex_000026,complex_000026,14,-7.69368
control_r1,complex_000026,complex_000026,15,-9.97259
control_r1,complex_000026,complex_000026,16,-7.28177
control_r1,complex_000026,complex_000026,17,-8.55498
control_r1,complex_000026,complex_000026,18,-6.63557
control_r1,complex_000026,complex_000026,19,-6.08784
control_r1,complex_000051,complex_000117,0,-10.2302
control_r1,complex_000051,complex_000117,1,-7.72169
control_r1,complex_000051,complex_000117,2,-7.99484
control_r1,complex_000051,complex_000117,3,-7.70943
control_r1,complex_000051,complex_000117,4,-7.0289
control_r1,complex_000051,complex_000117,5,-7.46132
control_r1,complex_000051,complex_000117,6,-7.80367
control_r1,complex_000051,complex_000117,7,-7.69893
control_r1,complex_000051,complex_000117,8,-8.52646
control_r1,complex_000051,complex_000117,9,-7.14911
control_r1,complex_000051,complex_000117,10,-8.11254
control_r1,complex_000051,complex_000117,11,-7.23801
control_r1,complex_000051,complex_000117,12,-8.59055
control_r1,complex_000051,complex_000117,13,-9.12582
control_r1,complex_000051,complex_000117,14,-4.6196
control_r1,complex_000051,complex_000117,15,-7.07135
control_r1,complex_000051,complex_000117,16,-8.35177
control_r1,complex_000051,complex_000117,17,-9.1882
control_r1,complex_000051,complex_000117,18,-7.79972
control_r1,complex_000051,complex_000117,19,-9.1416
control_r1,complex_000051,complex_000051,0,
control_r1,complex_000051,complex_000051,1,
control_r1,complex_000051,complex_000051,2,
control_r1,complex_000051,complex_000051,3,
control_r1,complex_000051,complex_000051,4,
control_r1,complex_000051,complex_000051,5,
control_r1,complex_000051,complex_000051,6,
control_r1,complex_000051,complex_000051,7,
control_r1,complex_000051,complex_000051,8,
control_r1,complex_000051,complex_000051,9,
control_r1,complex_000051,complex_000051,10,
control_r1,complex_000051,complex_000051,11,
control_r1,complex_000051,complex_000051,12,
control_r1,complex_000051,complex_000051,13,
control_r1,complex_000051,complex_000051,14,
control_r1,complex_000051,complex_000051,15,
control_r1,complex_000051,complex_000051,16,
control_r1,complex_000051,complex_000051,17,
control_r1,complex_000051,complex_000051,18,
control_r1,complex_000051,complex_000051,19,
control_r1,complex_000059,complex_000149,0,
control_r1,complex_000059,complex_000149,1,
control_r1,complex_000059,complex_000149,2,
control_r1,complex_000059,complex_000149,3,
control_r1,complex_000059,complex_000149,4,
control_r1,complex_000059,complex_000149,5,
control_r1,complex_000059,complex_000149,6,
control_r1,complex_000059,complex_000149,7,
control_r1,complex_000059,complex_000149,8,
control_r1,complex_000059,complex_000149,9,
control_r1,complex_000059,complex_000149,10,
control_r1,complex_000059,complex_000149,11,
control_r1,complex_000059,complex_000149,12,
control_r1,complex_000059,complex_000149,13,
control_r1,complex_000059,complex_000149,14,
control_r1,complex_000059,complex_000149,15,
control_r1,complex_000059,complex_000149,16,
control_r1,complex_000059,complex_000149,17,
control_r1,complex_000059,complex_000149,18,
control_r1,complex_000059,complex_000149,19,
control_r1,complex_000059,complex_000051,0,
control_r1,complex_000059,complex_000051,1,
control_r1,complex_000059,complex_000051,2,
control_r1,complex_000059,complex_000051,3,
control_r1,complex_000059,complex_000051,4,
control_r1,complex_000059,complex_000051,5,
control_r1,complex_000059,complex_000051,6,
control_r1,complex_000059,complex_000051,7,
control_r1,complex_000059,complex_000051,8,
control_r1,complex_000059,complex_000051,9,
control_r1,complex_000059,complex_000051,10,
control_r1,complex_000059,complex_000051,11,
control_r1,complex_000059,complex_000051,12,
control_r1,complex_000059,complex_000051,13,
control_r1,complex_000059,complex_000051,14,
control_r1,complex_000059,complex_000051,15,
control_r1,complex_000059,complex_000051,16,
control_r1,complex_000059,complex_000051,17,
control_r1,complex_000059,complex_000051,18,
control_r1,complex_000059,complex_000051,19,
control_r1,complex_000059,complex_000059,0,
control_r1,complex_000059,complex_000059,1,
control_r1,complex_000059,complex_000059,2,
control_r1,complex_000059,complex_000059,3,
control_r1,complex_000059,complex_000059,4,
control_r1,complex_000059,complex_000059,5,
control_r1,complex_000059,complex_000059,6,
control_r1,complex_000059,complex_000059,7,
control_r1,complex_000059,complex_000059,8,
control_r1,complex_000059,complex_000059,9,
control_r1,complex_000059,complex_000059,10,
control_r1,complex_000059,complex_000059,11,
control_r1,complex_000059,complex_000059,12,
control_r1,complex_000059,complex_000059,13,
control_r1,complex_000059,complex_000059,14,
control_r1,complex_000059,complex_000059,15,
control_r1,complex_000059,complex_000059,16,
control_r1,complex_000059,complex_000059,17,
control_r1,complex_000059,complex_000059,18,
control_r1,complex_000059,complex_000059,19,
control_r1,complex_000059,complex_000165,0,
control_r1,complex_000059,complex_000165,1,
control_r1,complex_000059,complex_000165,2,
control_r1,complex_000059,complex_000165,3,
control_r1,complex_000059,complex_000165,4,
control_r1,complex_000059,complex_000165,5,
control_r1,complex_000059,complex_000165,6,
control_r1,complex_000059,complex_000165,7,
control_r1,complex_000059,complex_000165,8,
control_r1,complex_000059,complex_000165,9,
control_r1,complex_000059,complex_000165,10,
control_r1,complex_000059,complex_000165,11,
control_r1,complex_000059,complex_000165,12,
control_r1,complex_000059,complex_000165,13,
control_r1,complex_000059,complex_000165,14,
control_r1,complex_000059,complex_000165,15,
control_r1,complex_000059,complex_000165,16,
control_r1,complex_000059,complex_000165,17,
control_r1,complex_000059,complex_000165,18,
control_r1,complex_000059,complex_000165,19,
control_r1,complex_000063,complex_000063,0,-8.2123
control_r1,complex_000063,complex_000063,1,-7.23612
control_r1,complex_000063,complex_000063,2,-7.96228
control_r1,complex_000063,complex_000063,3,-5.64863
control_r1,complex_000063,complex_000063,4,-6.5281
control_r1,complex_000063,complex_000063,5,-8.23828
control_r1,complex_000063,complex_000063,6,-9.36869
control_r1,complex_000063,complex_000063,7,-8.17206
control_r1,complex_000063,complex_000063,8,-5.52815
control_r1,complex_000063,complex_000063,9,-6.99948
control_r1,complex_000063,complex_000063,10,-8.88983
control_r1,complex_000063,complex_000063,11,-8.25134
control_r1,complex_000063,complex_000063,12,-7.73094
control_r1,complex_000063,complex_000063,13,-7.25155
control_r1,complex_000063,complex_000063,14,-4.96907
control_r1,complex_000063,complex_000063,15,-5.37401
control_r1,complex_000063,complex_000063,16,-4.56212
control_r1,complex_000063,complex_000063,17,-8.21806
control_r1,complex_000063,complex_000063,18,-6.7731
control_r1,complex_000063,complex_000063,19,-8.69584
control_r1,complex_000063,complex_000191,0,-6.07508
control_r1,complex_000063,complex_000191,1,-5.77602
control_r1,complex_000063,complex_000191,2,-5.78636
control_r1,complex_000063,complex_000191,3,-6.011
control_r1,complex_000063,complex_000191,4,-6.35928
control_r1,complex_000063,complex_000191,5,-6.78717
control_r1,complex_000063,complex_000191,6,-7.52348
control_r1,complex_000063,complex_000191,7,-6.40292
control_r1,complex_000063,complex_000191,8,-5.67293
control_r1,complex_000063,complex_000191,9,-6.15556
control_r1,complex_000063,complex_000191,10,-8.51298
control_r1,complex_000063,complex_000191,11,-6.18041
control_r1,complex_000063,complex_000191,12,-6.89007
control_r1,complex_000063,complex_000191,13,-5.91112
control_r1,complex_000063,complex_000191,14,-5.10434
control_r1,complex_000063,complex_000191,15,-5.66005
control_r1,complex_000063,complex_000191,16,-5.58112
control_r1,complex_000063,complex_000191,17,-6.42208
control_r1,complex_000063,complex_000191,18,-6.26189
control_r1,complex_000063,complex_000191,19,-7.02371
control_r1,complex_000063,complex_000117,0,-9.14385
control_r1,complex_000063,complex_000117,1,-8.10108
control_r1,complex_000063,complex_000117,2,-7.58272
control_r1,complex_000063,complex_000117,3,-6.58063
control_r1,complex_000063,complex_000117,4,-7.48028
control_r1,complex_000063,complex_000117,5,-7.0887
control_r1,complex_000063,complex_000117,6,-7.58272
control_r1,complex_000063,complex_000117,7,-7.88776
control_r1,complex_000063,complex_000117,8,-6.98547
control_r1,complex_000063,complex_000117,9,-6.85492
control_r1,complex_000063,complex_000117,10,-7.86995
control_r1,complex_000063,complex_000117,11,-7.32874
control_r1,complex_000063,complex_000117,12,-8.27712
control_r1,complex_000063,complex_000117,13,-7.5386
control_r1,complex_000063,complex_000117,14,-5.52516
control_r1,complex_000063,complex_000117,15,-6.45106
control_r1,complex_000063,complex_000117,16,-5.80751
control_r1,complex_000063,complex_000117,17,-8.3568
control_r1,complex_000063,complex_000117,18,-7.4603
control_r1,complex_000063,complex_000117,19,-7.8886
control_r1,complex_000063,complex_000374,0,-9.14068
control_r1,complex_000063,complex_000374,1,-8.15453
control_r1,complex_000063,complex_000374,2,-9.00253
control_r1,complex_000063,complex_000374,3,-6.29776
control_r1,complex_000063,complex_000374,4,-6.58397
control_r1,complex_000063,complex_000374,5,-9.41071
control_r1,complex_000063,complex_000374,6,-8.70479
control_r1,complex_000063,complex_000374,7,-7.14544
control_r1,complex_000063,complex_000374,8,-6.09759
control_r1,complex_000063,complex_000374,9,-8.07885
control_r1,complex_000063,complex_000374,10,-9.79587
control_r1,complex_000063,complex_000374,11,-7.26582
control_r1,complex_000063,complex_000374,12,-8.50407
control_r1,complex_000063,complex_000374,13,-8.2135
control_r1,complex_000063,complex_000374,14,-4.84958
control_r1,complex_000063,complex_000374,15,-5.66119
control_r1,complex_000063,complex_000374,16,-4.85957
control_r1,complex_000063,complex_000374,17,-7.58007
control_r1,complex_000063,complex_000374,18,-7.9191
control_r1,complex_000063,complex_000374,19,-8.5878
control_r1,complex_000069,complex_000069,0,-7.71104
control_r1,complex_000069,complex_000069,1,-8.79537
control_r1,complex_000069,complex_000069,2,-8.84799
control_r1,complex_000069,complex_000069,3,-7.92244
control_r1,complex_000069,complex_000069,4,-7.23275
control_r1,complex_000069,complex_000069,5,-8.51868
control_r1,complex_000069,complex_000069,6,-8.92844
control_r1,complex_000069,complex_000069,7,-5.50119
control_r1,complex_000069,complex_000069,8,-10.63279
control_r1,complex_000069,complex_000069,9,-7.36542
control_r1,complex_000069,complex_000069,10,-4.02861
control_r1,complex_000069,complex_000069,11,-6.03149
control_r1,complex_000069,complex_000069,12,-8.73973
control_r1,complex_000069,complex_000069,13,-9.14258
control_r1,complex_000069,complex_000069,14,-4.69316
control_r1,complex_000069,complex_000069,15,-6.22537
control_r1,complex_000069,complex_000069,16,-5.03518
control_r1,complex_000069,complex_000069,17,-5.555
control_r1,complex_000069,complex_000069,18,-6.66747
control_r1,complex_000069,complex_000069,19,-7.70036
control_r1,complex_000069,complex_000001,0,-7.28715
control_r1,complex_000069,complex_000001,1,-7.35806
control_r1,complex_000069,complex_000001,2,-8.51971
control_r1,complex_000069,complex_000001,3,-7.26133
control_r1,complex_000069,complex_000001,4,-6.52647
control_r1,complex_000069,complex_000001,5,-7.78792
control_r1,complex_000069,complex_000001,6,-7.8916
control_r1,complex_000069,complex_000001,7,-5.63187
control_r1,complex_000069,complex_000001,8,-8.81918
control_r1,complex_000069,complex_000001,9,-7.11337
control_r1,complex_000069,complex_000001,10,-3.86591
control_r1,complex_000069,complex_000001,11,-5.67879
control_r1,complex_000069,complex_000001,12,-6.69311
control_r1,complex_000069,complex_000001,13,-8.47288
control_r1,complex_000069,complex_000001,14,-4.41789
control_r1,complex_000069,complex_000001,15,-5.54048
control_r1,complex_000069,complex_000001,16,-4.52535
control_r1,complex_000069,complex_000001,17,-5.40277
control_r1,complex_000069,complex_000001,18,-6.18403
control_r1,complex_000069,complex_000001,19,-6.93074
control_r1,complex_000069,complex_000063,0,-7.2673
control_r1,complex_000069,complex_000063,1,-8.2585
control_r1,complex_000069,complex_000063,2,-8.00404
control_r1,complex_000069,complex_000063,3,-7.03366
control_r1,complex_000069,complex_000063,4,-6.72542
control_r1,complex_000069,complex_000063,5,-7.88463
control_r1,complex_000069,complex_000063,6,-8.38465
control_r1,complex_000069,complex_000063,7,-4.99952
control_r1,complex_000069,complex_000063,8,-11.25953
control_r1,complex_000069,complex_000063,9,-6.70554
control_r1,complex_000069,complex_000063,10,-3.7342
control_r1,complex_000069,complex_000063,11,-5.74112
control_r1,complex_000069,complex_000063,12,-7.16238
control_r1,complex_000069,complex_000063,13,-8.15266
control_r1,complex_000069,complex_000063,14,-4.48676
control_r1,complex_000069,complex_000063,15,-5.52717
control_r1,complex_000069,complex_000063,16,-4.5156
control_r1,complex_000069,complex_000063,17,-5.21197
control_r1,complex_000069,complex_000063,18,-6.15747
control_r1,complex_000069,complex_000063,19,-7.64648
control_r1,complex_000069,complex_000177,0,-7.27134
control_r1,complex_000069,complex_000177,1,-7.66669
control_r1,complex_000069,complex_000177,2,-8.21135
control_r1,complex_000069,complex_000177,3,-7.65119
control_r1,complex_000069,complex_000177,4,-6.74853
control_r1,complex_000069,complex_000177,5,-7.23149
control_r1,complex_000069,complex_000177,6,-9.4155
control_r1,complex_000069,complex_000177,7,-5.38182
control_r1,complex_000069,complex_000177,8,-3.44551
control_r1,complex_000069,complex_000177,9,-6.12986
control_r1,complex_000069,complex_000177,10,-4.25068
control_r1,complex_000069,complex_000177,11,-5.95589
control_r1,complex_000069,complex_000177,12,-6.80427
control_r1,complex_000069,complex_000177,13,-9.04162
control_r1,complex_000069,complex_000177,14,-4.97782
control_r1,complex_000069,complex_000177,15,-6.21273
control_r1,complex_000069,complex_000177,16,-4.9019
control_r1,complex_000069,complex_000177,17,-5.13983
control_r1,complex_000069,complex_000177,18,-6.53532
control_r1,complex_000069,complex_000177,19,-7.02633
control_r1,complex_000112,complex_000266,0,-6.7199
control_r1,complex_000112,complex_000266,1,-8.73369
control_r1,complex_000112,complex_000266,2,-7.58688
control_r1,complex_000112,complex_000266,3,-8.26866
control_r1,complex_000112,complex_000266,4,-5.538
control_r1,complex_000112,complex_000266,5,-6.92434
control_r1,complex_000112,complex_000266,6,-5.30917
control_r1,complex_000112,complex_000266,7,-5.96663
control_r1,complex_000112,complex_000266,8,-9.18344
control_r1,complex_000112,complex_000266,9,-4.99449
control_r1,complex_000112,complex_000266,10,-5.57852
control_r1,complex_000112,complex_000266,11,-8.76902
control_r1,complex_000112,complex_000266,12,-8.63505
control_r1,complex_000112,complex_000266,13,-6.05807
control_r1,complex_000112,complex_000266,14,-6.43926
control_r1,complex_000112,complex_000266,15,-7.92967
control_r1,complex_000112,complex_000266,16,-7.88603
control_r1,complex_000112,complex_000266,17,-6.82781
control_r1,complex_000112,complex_000266,18,-10.22901
control_r1,complex_000112,complex_000266,19,-7.16382
control_r1,complex_000112,complex_000411,0,-7.85869
control_r1,complex_000112,complex_000411,1,-8.96688
control_r1,complex_000112,complex_000411,2,-7.62442
control_r1,complex_000112,complex_000411,3,-8.71725
control_r1,complex_000112,complex_000411,4,-6.14551
control_r1,complex_000112,complex_000411,5,-6.57411
control_r1,complex_000112,complex_000411,6,-5.04431
control_r1,complex_000112,complex_000411,7,-6.40137
control_r1,complex_000112,complex_000411,8,-10.38201
control_r1,complex_000112,complex_000411,9,-5.44306
control_r1,complex_000112,complex_000411,10,-5.53601
control_r1,complex_000112,complex_000411,11,-8.27858
control_r1,complex_000112,complex_000411,12,-8.09311
control_r1,complex_000112,complex_000411,13,-5.73536
control_r1,complex_000112,complex_000411,14,-6.6159
control_r1,complex_000112,complex_000411,15,-9.04223
control_r1,complex_000112,complex_000411,16,-7.9969
control_r1,complex_000112,complex_000411,17,-7.11544
control_r1,complex_000112,complex_000411,18,-10.52738
control_r1,complex_000112,complex_000411,19,-7.55323
control_r1,complex_000085,complex_000426,0,-7.02834
control_r1,complex_000085,complex_000426,1,-8.61251
control_r1,complex_000085,complex_000426,2,-8.8518
control_r1,complex_000085,complex_000426,3,-7.24784
control_r1,complex_000085,complex_000426,4,-9.10787
control_r1,complex_000085,complex_000426,5,-7.85522
control_r1,complex_000085,complex_000426,6,-8.93058
control_r1,complex_000085,complex_000426,7,-8.13455
control_r1,complex_000085,complex_000426,8,-8.18749
control_r1,complex_000085,complex_000426,9,-6.56801
control_r1,complex_000085,complex_000426,10,-10.3719
control_r1,complex_000085,complex_000426,11,-9.68448
control_r1,complex_000085,complex_000426,12,-8.62952
control_r1,complex_000085,complex_000426,13,-10.72526
control_r1,complex_000085,complex_000426,14,-10.32336
control_r1,complex_000085,complex_000426,15,-10.70285
control_r1,complex_000085,complex_000426,16,-7.60047
control_r1,complex_000085,complex_000426,17,-9.47085
control_r1,complex_000085,complex_000426,18,-8.8775
control_r1,complex_000085,complex_000426,19,-7.28012
control_r1,complex_000112,complex_000376,0,-7.6531
control_r1,complex_000112,complex_000376,1,-9.27387
control_r1,complex_000112,complex_000376,2,-7.93993
control_r1,complex_000112,complex_000376,3,-9.07149
control_r1,complex_000112,complex_000376,4,-6.36143
control_r1,complex_000112,complex_000376,5,-6.38541
control_r1,complex_000112,complex_000376,6,-5.3885
control_r1,complex_000112,complex_000376,7,-5.90761
control_r1,complex_000112,complex_000376,8,-9.50937
control_r1,complex_000112,complex_000376,9,-5.0869
control_r1,complex_000112,complex_000376,10,-5.64344
control_r1,complex_000112,complex_000376,11,-9.86117
control_r1,complex_000112,complex_000376,12,-7.37889
control_r1,complex_000112,complex_000376,13,-6.27557
control_r1,complex_000112,complex_000376,14,-6.94949
control_r1,complex_000112,complex_000376,15,-8.0728
control_r1,complex_000112,complex_000376,16,-9.19333
control_r1,complex_000112,complex_000376,17,-8.06254
control_r1,complex_000112,complex_000376,18,-10.97856
control_r1,complex_000112,complex_000376,19,-8.29748
control_r1,complex_000112,complex_000112,0,-7.51415
control_r1,complex_000112,complex_000112,1,-9.5651
control_r1,complex_000112,complex_000112,2,-8.26884
control_r1,complex_000112,complex_000112,3,-7.93134
control_r1,complex_000112,complex_000112,4,-6.49195
control_r1,complex_000112,complex_000112,5,-7.17368
control_r1,complex_000112,complex_000112,6,-4.88526
control_r1,complex_000112,complex_000112,7,-6.30794
control_r1,complex_000112,complex_000112,8,-9.13068
control_r1,complex_000112,complex_000112,9,-5.78977
control_r1,complex_000112,complex_000112,10,-6.47985
control_r1,complex_000112,complex_000112,11,-7.07662
control_r1,complex_000112,complex_000112,12,-7.86689
control_r1,complex_000112,complex_000112,13,-6.01943
control_r1,complex_000112,complex_000112,14,-6.99087
control_r1,complex_000112,complex_000112,15,-7.33484
control_r1,complex_000112,complex_000112,16,-6.56132
control_r1,complex_000112,complex_000112,17,-7.04773
control_r1,complex_000112,complex_000112,18,-8.15602
control_r1,complex_000112,complex_000112,19,-6.62714
control_r1,complex_000085,complex_000085,0,-8.20941
control_r1,complex_000085,complex_000085,1,-9.06358
control_r1,complex_000085,complex_000085,2,-9.92777
control_r1,complex_000085,complex_000085,3,-8.46688
control_r1,complex_000085,complex_000085,4,-10.58824
control_r1,complex_000085,complex_000085,5,-8.66979
control_r1,complex_000085,complex_000085,6,-9.57959
control_r1,complex_000085,complex_000085,7,-9.96014
control_r1,complex_000085,complex_000085,8,-9.32439
control_r1,complex_000085,complex_000085,9,-7.53258
control_r1,complex_000085,complex_000085,10,-11.10633
control_r1,complex_000085,complex_000085,11,-10.66472
control_r1,complex_000085,complex_000085,12,-10.68679
control_r1,complex_000085,complex_000085,13,-11.19891
control_r1,complex_000085,complex_000085,14,-13.43684
control_r1,complex_000085,complex_000085,15,-12.1833
control_r1,complex_000085,complex_000085,16,-8.01774
control_r1,complex_000085,complex_000085,17,-9.92611
control_r1,complex_000085,complex_000085,18,-10.11905
control_r1,complex_000085,complex_000085,19,-8.61509
control_r1,complex_000085,complex_000403,0,-7.83646
control_r1,complex_000085,complex_000403,1,-8.20072
control_r1,complex_000085,complex_000403,2,-7.83289
control_r1,complex_000085,complex_000403,3,-7.04923
control_r1,complex_000085,complex_000403,4,-8.79601
control_r1,complex_000085,complex_000403,5,-8.10627
control_r1,complex_000085,complex_000403,6,-8.5982
control_r1,complex_000085,complex_000403,7,-8.68765
control_r1,complex_000085,complex_000403,8,-8.34298
control_r1,complex_000085,complex_000403,9,-7.11282
control_r1,complex_000085,complex_000403,10,-9.948
control_r1,complex_000085,complex_000403,11,-9.60189
control_r1,complex_000085,complex_000403,12,-9.06874
control_r1,complex_000085,complex_000403,13,-9.02076
control_r1,complex_000085,complex_000403,14,-9.10464
control_r1,complex_000085,complex_000403,15,-9.66309
control_r1,complex_000085,complex_000403,16,-7.59915
control_r1,complex_000085,complex_000403,17,-8.51889
control_r1,complex_000085,complex_000403,18,-8.23035
control_r1,complex_000085,complex_000403,19,-7.37276
control_r1,complex_000117,complex_000112,0,-5.77576
control_r1,complex_000117,complex_000112,1,-7.91085
control_r1,complex_000117,complex_000112,2,-5.22297
control_r1,complex_000117,complex_000112,3,-7.3472
control_r1,complex_000117,complex_000112,4,-10.32537
control_r1,complex_000117,complex_000112,5,-8.05898
control_r1,complex_000117,complex_000112,6,-6.80236
control_r1,complex_000117,complex_000112,7,-8.20062
control_r1,complex_000117,complex_000112,8,-5.40169
control_r1,complex_000117,complex_000112,9,-9.29491
control_r1,complex_000117,complex_000112,10,-8.00717
control_r1,complex_000117,complex_000112,11,-7.82909
control_r1,complex_000117,complex_000112,12,-6.43709
control_r1,complex_000117,complex_000112,13,-5.45
control_r1,complex_000117,complex_000112,14,-6.26263
control_r1,complex_000117,complex_000112,15,-6.17768
control_r1,complex_000117,complex_000112,16,-6.96839
control_r1,complex_000117,complex_000112,17,-7.21701
control_r1,complex_000117,complex_000112,18,-6.13408
control_r1,complex_000117,complex_000112,19,-4.38082
control_r1,complex_000117,complex_000426,0,-5.85642
control_r1,complex_000117,complex_000426,1,-6.95165
control_r1,complex_000117,complex_000426,2,-5.99231
control_r1,complex_000117,complex_000426,3,-8.13546
control_r1,complex_000117,complex_000426,4,-9.18549
control_r1,complex_000117,complex_000426,5,-6.81415
control_r1,complex_000117,complex_000426,6,-8.66864
control_r1,complex_000117,complex_000426,7,-7.84127
control_r1,complex_000117,complex_000426,8,-5.87342
control_r1,complex_000117,complex_000426,9,-10.01323
control_r1,complex_000117,complex_000426,10,-7.81308
control_r1,complex_000117,complex_000426,11,-7.03462
control_r1,complex_000117,complex_000426,12,-8.73829
control_r1,complex_000117,complex_000426,13,-4.59344
control_r1,complex_000117,complex_000426,14,-8.62736
control_r1,complex_000117,complex_000426,15,-8.04106
control_r1,complex_000117,complex_000426,16,-8.05711
control_r1,complex_000117,complex_000426,17,-8.08889
control_r1,complex_000117,complex_000426,18,-7.16772
control_r1,complex_000117,complex_000426,19,-5.03959
control_r1,complex_000117,complex_000140,0,-6.38934
control_r1,complex_000117,complex_000140,1,-7.74008
control_r1,complex_000117,complex_000140,2,-6.62773
control_r1,complex_000117,complex_000140,3,-8.88036
control_r1,complex_000117,complex_000140,4,-10.62717
control_r1,complex_000117,complex_000140,5,-7.82658
control_r1,complex_000117,complex_000140,6,-9.24907
control_r1,complex_000117,complex_000140,7,-9.09148
control_r1,complex_000117,complex_000140,8,-5.60545
control_r1,complex_000117,complex_000140,9,-9.68891
control_r1,complex_000117,complex_000140,10,-8.61696
control_r1,complex_000117,complex_000140,11,-8.05104
control_r1,complex_000117,complex_000140,12,-9.64437
control_r1,complex_000117,complex_000140,13,-5.17627
control_r1,complex_000117,complex_000140,14,-9.33204
control_r1,complex_000117,complex_000140,15,-8.70073
control_r1,complex_000117,complex_000140,16,-9.44904
control_r1,complex_000117,complex_000140,17,-9.81846
control_r1,complex_000117,complex_000140,18,-7.85184
control_r1,complex_000117,complex_000140,19,-4.68106
control_r1,complex_000117,complex_000117,0,-6.96195
control_r1,complex_000117,complex_000117,1,-8.12468
control_r1,complex_000117,complex_000117,2,-6.3944
control_r1,complex_000117,complex_000117,3,-8.64317
control_r1,complex_000117,complex_000117,4,-9.61466
control_r1,complex_000117,complex_000117,5,-8.11371
control_r1,complex_000117,complex_000117,6,-8.31109
control_r1,complex_000117,complex_000117,7,-7.65346
control_r1,complex_000117,complex_000117,8,-6.01756
control_r1,complex_000117,complex_000117,9,-9.01802
control_r1,complex_000117,complex_000117,10,-6.78779
control_r1,complex_000117,complex_000117,11,-7.46414
control_r1,complex_000117,complex_000117,12,-8.70807
control_r1,complex_000117,complex_000117,13,-5.23522
control_r1,complex_000117,complex_000117,14,-8.98861
control_r1,complex_000117,complex_000117,15,-7.44552
control_r1,complex_000117,complex_000117,16,-10.00843
control_r1,complex_000117,complex_000117,17,-7.52685
control_r1,complex_000117,complex_000117,18,-5.88731
control_r1,complex_000117,complex_000117,19,-5.15926
control_r1,complex_000085,complex_000269,0,-6.56408
control_r1,complex_000085,complex_000269,1,-7.27353
control_r1,complex_000085,complex_000269,2,-7.04071
control_r1,complex_000085,complex_000269,3,-6.27064
control_r1,complex_000085,complex_000269,4,-7.05507
control_r1,complex_000085,complex_000269,5,-6.60328
control_r1,complex_000085,complex_000269,6,-6.98657
control_r1,complex_000085,complex_000269,7,-6.02109
control_r1,complex_000085,complex_000269,8,-7.64531
control_r1,complex_000085,complex_000269,9,-5.5636
control_r1,complex_000085,complex_000269,10,-7.50503
control_r1,complex_000085,complex_000269,11,-7.67839
control_r1,complex_000085,complex_000269,12,-7.03446
control_r1,complex_000085,complex_000269,13,-7.66399
control_r1,complex_000085,complex_000269,14,-7.84032
control_r1,complex_000085,complex_000269,15,-7.68762
control_r1,complex_000085,complex_000269,16,-6.32401
control_r1,complex_000085,complex_000269,17,-7.83412
control_r1,complex_000085,complex_000269,18,-7.18424
control_r1,complex_000085,complex_000269,19,-7.01246
control_r1,complex_000140,complex_000140,0,-9.36506
control_r1,complex_000140,complex_000140,1,-8.1654
control_r1,complex_000140,complex_000140,2,-7.29514
control_r1,complex_000140,complex_000140,3,-8.86517
control_r1,complex_000140,complex_000140,4,-8.72738
control_r1,complex_000140,complex_000140,5,-8.48586
control_r1,complex_000140,complex_000140,6,-7.1916
control_r1,complex_000140,complex_000140,7,-6.24146
control_r1,complex_000140,complex_000140,8,-10.13642
control_r1,complex_000140,complex_000140,9,-10.70128
control_r1,complex_000140,complex_000140,10,-8.71892
control_r1,complex_000140,complex_000140,11,-4.72406
control_r1,complex_000140,complex_000140,12,-10.72782
control_r1,complex_000140,complex_000140,13,-8.74881
control_r1,complex_000140,complex_000140,14,-8.93439
control_r1,complex_000140,complex_000140,15,-11.53607
control_r1,complex_000140,complex_000140,16,-8.92726
control_r1,complex_000140,complex_000140,17,-9.76649
control_r1,complex_000140,complex_000140,18,-11.19128
control_r1,complex_000140,complex_000140,19,-9.81202
control_r1,complex_000140,complex_000477,0,-8.22447
control_r1,complex_000140,complex_000477,1,-6.96334
control_r1,complex_000140,complex_000477,2,-6.13775
control_r1,complex_000140,complex_000477,3,-6.79721
control_r1,complex_000140,complex_000477,4,-7.38966
control_r1,complex_000140,complex_000477,5,-7.76388
control_r1,complex_000140,complex_000477,6,-6.25093
control_r1,complex_000140,complex_000477,7,-5.20166
control_r1,complex_000140,complex_000477,8,-8.23162
control_r1,complex_000140,complex_000477,9,-8.56852
control_r1,complex_000140,complex_000477,10,-7.67776
control_r1,complex_000140,complex_000477,11,-4.71198
control_r1,complex_000140,complex_000477,12,-8.94826
control_r1,complex_000140,complex_000477,13,-7.38353
control_r1,complex_000140,complex_000477,14,-7.92554
control_r1,complex_000140,complex_000477,15,-9.339
control_r1,complex_000140,complex_000477,16,-7.54961
control_r1,complex_000140,complex_000477,17,-8.17805
control_r1,complex_000140,complex_000477,18,-8.89179
control_r1,complex_000140,complex_000477,19,-8.44882
control_r1,complex_000141,complex_000141,0,-6.57562
control_r1,complex_000141,complex_000141,1,-7.01223
control_r1,complex_000141,complex_000141,2,-4.84956
control_r1,complex_000141,complex_000141,3,-5.66166
control_r1,complex_000141,complex_000141,4,-9.11029
control_r1,complex_000141,complex_000141,5,-6.90257
control_r1,complex_000141,complex_000141,6,-8.38041
control_r1,complex_000141,complex_000141,7,-5.68464
control_r1,complex_000141,complex_000141,8,-6.32624
control_r1,complex_000141,complex_000141,9,-6.02539
control_r1,complex_000141,complex_000141,10,-7.06824
control_r1,complex_000141,complex_000141,11,-8.41376
control_r1,complex_000141,complex_000141,12,-4.77153
control_r1,complex_000141,complex_000141,13,-8.5076
control_r1,complex_000141,complex_000141,14,-8.10166
control_r1,complex_000141,complex_000141,15,-7.57169
control_r1,complex_000141,complex_000141,16,-8.52856
control_r1,complex_000141,complex_000141,17,-6.82629
control_r1,complex_000141,complex_000141,18,-7.56437
control_r1,complex_000141,complex_000141,19,-5.80104
control_r1,complex_000145,complex_000145,0,-5.03761
control_r1,complex_000145,complex_000145,1,-4.19531
control_r1,complex_000145,complex_000145,2,-5.76652
control_r1,complex_000145,complex_000145,3,-3.89855
control_r1,complex_000145,complex_000145,4,-6.11832
control_r1,complex_000145,complex_000145,5,-3.98614
control_r1,complex_000145,complex_000145,6,-4.84964
control_r1,complex_000145,complex_000145,7,-5.16095
control_r1,complex_000145,complex_000145,8,-6.28351
control_r1,complex_000145,complex_000145,9,-6.88738
control_r1,complex_000145,complex_000145,10,-6.85559
control_r1,complex_000145,complex_000145,11,-5.90868
control_r1,complex_000145,complex_000145,12,-4.37996
control_r1,complex_000145,complex_000145,13,-6.7482
control_r1,complex_000145,complex_000145,14,-5.72538
control_r1,complex_000145,complex_000145,15,-3.80677
control_r1,complex_000145,complex_000145,16,-5.59507
control_r1,complex_000145,complex_000145,17,-6.37177
control_r1,complex_000145,complex_000145,18,-3.87871
control_r1,complex_000145,complex_000145,19,-3.69172
control_r1,complex_000145,complex_000165,0,-6.9322
control_r1,complex_000145,complex_000165,1,-6.89888
control_r1,complex_000145,complex_000165,2,-5.29839
control_r1,complex_000145,complex_000165,3,-5.78519
control_r1,complex_000145,complex_000165,4,9.55853
control_r1,complex_000145,complex_000165,5,-6.38328
control_r1,complex_000145,complex_000165,6,-7.21684
control_r1,complex_000145,complex_000165,7,-8.11521
control_r1,complex_000145,complex_000165,8,-3.95573
control_r1,complex_000145,complex_000165,9,7.1896
control_r1,complex_000145,complex_000165,10,6.22909
control_r1,complex_000145,complex_000165,11,-4.48438
control_r1,complex_000145,complex_000165,12,-6.92525
control_r1,complex_000145,complex_000165,13,-5.12007
control_r1,complex_000145,complex_000165,14,-6.26655
control_r1,complex_000145,complex_000165,15,-6.65668
control_r1,complex_000145,complex_000165,16,-7.76124
control_r1,complex_000145,complex_000165,17,0.55118
control_r1,complex_000145,complex_000165,18,-6.71366
control_r1,complex_000145,complex_000165,19,-6.21831
control_r1,complex_000145,complex_000456,0,-6.32393
control_r1,complex_000145,complex_000456,1,-5.22425
control_r1,complex_000145,complex_000456,2,-6.36881
control_r1,complex_000145,complex_000456,3,-4.52567
control_r1,complex_000145,complex_000456,4,-7.30474
control_r1,complex_000145,complex_000456,5,-4.67035
control_r1,complex_000145,complex_000456,6,-6.13139
control_r1,complex_000145,complex_000456,7,-6.52508
control_r1,complex_000145,complex_000456,8,-7.39447
control_r1,complex_000145,complex_000456,9,-9.01225
control_r1,complex_000145,complex_000456,10,-7.99397
control_r1,complex_000145,complex_000456,11,-7.52147
control_r1,complex_000145,complex_000456,12,-5.50499
control_r1,complex_000145,complex_000456,13,-7.56464
control_r1,complex_000145,complex_000456,14,-6.82132
control_r1,complex_000145,complex_000456,15,-5.17426
control_r1,complex_000145,complex_000456,16,-6.73621
control_r1,complex_000145,complex_000456,17,-8.19608
control_r1,complex_000145,complex_000456,18,-5.17295
control_r1,complex_000145,complex_000456,19,-5.00266
control_r1,complex_000141,complex_000112,0,-5.93196
control_r1,complex_000141,complex_000112,1,-7.22949
control_r1,complex_000141,complex_000112,2,-4.94239
control_r1,complex_000141,complex_000112,3,-4.53849
control_r1,complex_000141,complex_000112,4,-7.58138
control_r1,complex_000141,complex_000112,5,-6.74223
control_r1,complex_000141,complex_000112,6,-5.88592
control_r1,complex_000141,complex_000112,7,-4.56323
control_r1,complex_000141,complex_000112,8,-5.66583
control_r1,complex_000141,complex_000112,9,-4.72849
control_r1,complex_000141,complex_000112,10,-6.297
control_r1,complex_000141,complex_000112,11,-6.03804
control_r1,complex_000141,complex_000112,12,-4.23721
control_r1,complex_000141,complex_000112,13,-7.41397
control_r1,complex_000141,complex_000112,14,-7.7501
control_r1,complex_000141,complex_000112,15,-5.67306
control_r1,complex_000141,complex_000112,16,-6.39955
control_r1,complex_000141,complex_000112,17,-6.78642
control_r1,complex_000141,complex_000112,18,-6.21105
control_r1,complex_000141,complex_000112,19,-4.78212
control_r1,complex_000145,complex_000363,0,-6.65451
control_r1,complex_000145,complex_000363,1,-5.8435
control_r1,complex_000145,complex_000363,2,-8.06182
control_r1,complex_000145,complex_000363,3,-5.73872
control_r1,complex_000145,complex_000363,4,-7.41944
control_r1,complex_000145,complex_000363,5,-5.96713
control_r1,complex_000145,complex_000363,6,-7.04611
control_r1,complex_000145,complex_000363,7,-7.56837
control_r1,complex_000145,complex_000363,8,-9.09072
control_r1,complex_000145,complex_000363,9,-9.91138
control_r1,complex_000145,complex_000363,10,-2.75571
control_r1,complex_000145,complex_000363,11,-8.8964
control_r1,complex_000145,complex_000363,12,-6.44975
control_r1,complex_000145,complex_000363,13,-9.71393
control_r1,complex_000145,complex_000363,14,-7.86002
control_r1,complex_000145,complex_000363,15,-5.52391
control_r1,complex_000145,complex_000363,16,-7.8584
control_r1,complex_000145,complex_000363,17,-8.90458
control_r1,complex_000145,complex_000363,18,-6.07073
control_r1,complex_000145,complex_000363,19,-5.55556
control_r1,complex_000141,complex_000387,0,-7.77143
control_r1,complex_000141,complex_000387,1,-8.76372
control_r1,complex_000141,complex_000387,2,-5.42422
control_r1,complex_000141,complex_000387,3,-6.43689
control_r1,complex_000141,complex_000387,4,-11.0606
control_r1,complex_000141,complex_000387,5,-9.03293
control_r1,complex_000141,complex_000387,6,-8.75714
control_r1,complex_000141,complex_000387,7,-6.35775
control_r1,complex_000141,complex_000387,8,-7.07983
control_r1,complex_000141,complex_000387,9,-6.38605
control_r1,complex_000141,complex_000387,10,-7.82562
control_r1,complex_000141,complex_000387,11,-8.27555
control_r1,complex_000141,complex_000387,12,-5.53529
control_r1,complex_000141,complex_000387,13,-10.17928
control_r1,complex_000141,complex_000387,14,-9.17245
control_r1,complex_000141,complex_000387,15,-7.91023
control_r1,complex_000141,complex_000387,16,-9.66495
control_r1,complex_000141,complex_000387,17,-7.57335
control_r1,complex_000141,complex_000387,18,-9.12911
control_r1,complex_000141,complex_000387,19,-6.53513
control_r1,complex_000140,complex_000117,0,-8.90022
control_r1,complex_000140,complex_000117,1,-7.24917
control_r1,complex_000140,complex_000117,2,-7.77438
control_r1,complex_000140,complex_000117,3,-8.56578
control_r1,complex_000140,complex_000117,4,-7.78635
control_r1,complex_000140,complex_000117,5,-8.27256
control_r1,complex_000140,complex_000117,6,-7.32945
control_r1,complex_000140,complex_000117,7,-6.19814
control_r1,complex_000140,complex_000117,8,-8.64858
control_r1,complex_000140,complex_000117,9,-7.85309
control_r1,complex_000140,complex_000117,10,-8.62983
control_r1,complex_000140,complex_000117,11,-4.85228
control_r1,complex_000140,complex_000117,12,-8.02344
control_r1,complex_000140,complex_000117,13,-7.42998
control_r1,complex_000140,complex_000117,14,-7.65375
control_r1,complex_000140,complex_000117,15,-7.95671
control_r1,complex_000140,complex_000117,16,-8.25141
control_r1,complex_000140,complex_000117,17,-8.99285
control_r1,complex_000140,complex_000117,18,-8.97912
control_r1,complex_000140,complex_000117,19,-9.09891
control_r1,complex_000140,complex_000394,0,-8.79297
control_r1,complex_000140,complex_000394,1,-7.44976
control_r1,complex_000140,complex_000394,2,-7.38532
control_r1,complex_000140,complex_000394,3,-8.37611
control_r1,complex_000140,complex_000394,4,-8.11968
control_r1,complex_000140,complex_000394,5,-7.87701
control_r1,complex_000140,complex_000394,6,-6.26925
control_r1,complex_000140,complex_000394,7,-6.57475
control_r1,complex_000140,complex_000394,8,-9.19425
control_r1,complex_000140,complex_000394,9,-8.46311
control_r1,complex_000140,complex_000394,10,-8.47733
control_r1,complex_000140,complex_000394,11,-5.22895
control_r1,complex_000140,complex_000394,12,-8.95844
control_r1,complex_000140,complex_000394,13,-7.75913
control_r1,complex_000140,complex_000394,14,-8.08498
control_r1,complex_000140,complex_000394,15,-9.35721
control_r1,complex_000140,complex_000394,16,-8.08472
control_r1,complex_000140,complex_000394,17,-8.80332
control_r1,complex_000140,complex_000394,18,-8.1766
control_r1,complex_000140,complex_000394,19,-8.1308
control_r1,complex_000148,complex_000148,0,-6.97417
control_r1,complex_000148,complex_000148,1,-8.15208
control_r1,complex_000148,complex_000148,2,-8.30689
control_r1,complex_000148,complex_000148,3,-6.32345
control_r1,complex_000148,complex_000148,4,-4.84568
control_r1,complex_000148,complex_000148,5,-8.56046
control_r1,complex_000148,complex_000148,6,-9.18011
control_r1,complex_000148,complex_000148,7,-7.51269
control_r1,complex_000148,complex_000148,8,-5.99349
control_r1,complex_000148,complex_000148,9,-7.75489
control_r1,complex_000148,complex_000148,10,-6.12168
control_r1,complex_000148,complex_000148,11,-7.22808
control_r1,complex_000148,complex_000148,12,-7.34589
control_r1,complex_000148,complex_000148,13,-6.20504
control_r1,complex_000148,complex_000148,14,-8.32569
control_r1,complex_000148,complex_000148,15,-5.14601
control_r1,complex_000148,complex_000148,16,-5.1708
control_r1,complex_000148,complex_000148,17,-8.35366
control_r1,complex_000148,complex_000148,18,-8.04053
control_r1,complex_000148,complex_000148,19,-4.46289
control_r1,complex_000148,complex_000506,0,-6.20836
control_r1,complex_000148,complex_000506,1,-7.12472
control_r1,complex_000148,complex_000506,2,-6.56399
control_r1,complex_000148,complex_000506,3,-5.36957
control_r1,complex_000148,complex_000506,4,-6.0749
control_r1,complex_000148,complex_000506,5,-7.29971
control_r1,complex_000148,complex_000506,6,-7.18735
control_r1,complex_000148,complex_000506,7,-7.67345
control_r1,complex_000148,complex_000506,8,-5.23693
control_r1,complex_000148,complex_000506,9,-6.88021
control_r1,complex_000148,complex_000506,10,-5.56643
control_r1,complex_000148,complex_000506,11,-6.22558
control_r1,complex_000148,complex_000506,12,-6.41245
control_r1,complex_000148,complex_000506,13,-5.7501
control_r1,complex_000148,complex_000506,14,-5.93854
control_r1,complex_000148,complex_000506,15,-5.52279
control_r1,complex_000148,complex_000506,16,-5.82201
control_r1,complex_000148,complex_000506,17,-6.97329
control_r1,complex_000148,complex_000506,18,-6.51068
control_r1,complex_000148,complex_000506,19,-5.22764
control_r1,complex_000148,complex_000059,0,-7.9787
control_r1,complex_000148,complex_000059,1,-7.90975
control_r1,complex_000148,complex_000059,2,-6.51903
control_r1,complex_000148,complex_000059,3,-5.65888
control_r1,complex_000148,complex_000059,4,-5.57319
control_r1,complex_000148,complex_000059,5,-8.9077
control_r1,complex_000148,complex_000059,6,-6.18976
control_r1,complex_000148,complex_000059,7,-8.72256
control_r1,complex_000148,complex_000059,8,-7.29574
control_r1,complex_000148,complex_000059,9,-8.66735
control_r1,complex_000148,complex_000059,10,-7.66994
control_r1,complex_000148,complex_000059,11,-7.85299
control_r1,complex_000148,complex_000059,12,-6.88382
control_r1,complex_000148,complex_000059,13,-7.34259
control_r1,complex_000148,complex_000059,14,-2.77096
control_r1,complex_000148,complex_000059,15,-5.8835
control_r1,complex_000148,complex_000059,16,-5.80457
control_r1,complex_000148,complex_000059,17,-9.32777
control_r1,complex_000148,complex_000059,18,-8.13403
control_r1,complex_000148,complex_000059,19,-5.02157
control_r1,complex_000141,complex_000394,0,-6.9033
control_r1,complex_000141,complex_000394,1,-7.74667
control_r1,complex_000141,complex_000394,2,-4.88409
control_r1,complex_000141,complex_000394,3,-5.20801
control_r1,complex_000141,complex_000394,4,-9.14402
control_r1,complex_000141,complex_000394,5,-7.28953
control_r1,complex_000141,complex_000394,6,-8.14163
control_r1,complex_000141,complex_000394,7,-5.27167
control_r1,complex_000141,complex_000394,8,-6.28357
control_r1,complex_000141,complex_000394,9,-5.42687
control_r1,complex_000141,complex_000394,10,-7.76819
control_r1,complex_000141,complex_000394,11,-8.31938
control_r1,complex_000141,complex_000394,12,-4.57815
control_r1,complex_000141,complex_000394,13,-7.26581
control_r1,complex_000141,complex_000394,14,-9.16651
control_r1,complex_000141,complex_000394,15,-7.29591
control_r1,complex_000141,complex_000394,16,-6.37164
control_r1,complex_000141,complex_000394,17,-7.18828
control_r1,complex_000141,complex_000394,18,-7.15767
control_r1,complex_000141,complex_000394,19,-5.24303
control_r1,complex_000170,complex_000477,0,-8.06996
control_r1,complex_000170,complex_000477,1,-7.67129
control_r1,complex_000170,complex_000477,2,-7.93427
control_r1,complex_000170,complex_000477,3,-8.74102
control_r1,complex_000170,complex_000477,4,-9.29089
control_r1,complex_000170,complex_000477,5,-7.08192
control_r1,complex_000170,complex_000477,6,-8.79864
control_r1,complex_000170,complex_000477,7,-5.44612
control_r1,complex_000170,complex_000477,8,-7.01129
control_r1,complex_000170,complex_000477,9,-6.45416
control_r1,complex_000170,complex_000477,10,-6.772
control_r1,complex_000170,complex_000477,11,-7.30275
control_r1,complex_000170,complex_000477,12,-8.17691
control_r1,complex_000170,complex_000477,13,-6.77227
control_r1,complex_000170,complex_000477,14,-7.66592
control_r1,complex_000170,complex_000477,15,-6.666
control_r1,complex_000170,complex_000477,16,-4.72803
control_r1,complex_000170,complex_000477,17,-6.68522
control_r1,complex_000170,complex_000477,18,-6.52791
control_r1,complex_000170,complex_000477,19,-6.54988
control_r1,complex_000170,complex_000170,0,-8.77247
control_r1,complex_000170,complex_000170,1,-8.90598
control_r1,complex_000170,complex_000170,2,-10.30036
control_r1,complex_000170,complex_000170,3,-9.91582
control_r1,complex_000170,complex_000170,4,-11.2042
control_r1,complex_000170,complex_000170,5,-9.05813
control_r1,complex_000170,complex_000170,6,-10.06957
control_r1,complex_000170,complex_000170,7,-7.43329
control_r1,complex_000170,complex_000170,8,-10.23157
control_r1,complex_000170,complex_000170,9,-9.04807
control_r1,complex_000170,complex_000170,10,-8.41589
control_r1,complex_000170,complex_000170,11,-9.87606
control_r1,complex_000170,complex_000170,12,-9.86971
control_r1,complex_000170,complex_000170,13,-9.05072
control_r1,complex_000170,complex_000170,14,-12.921
control_r1,complex_000170,complex_000170,15,-9.35995
control_r1,complex_000170,complex_000170,16,-6.60004
control_r1,complex_000170,complex_000170,17,-8.70592
control_r1,complex_000170,complex_000170,18,-9.94669
control_r1,complex_000170,complex_000170,19,-9.31711
control_r1,complex_000170,complex_000112,0,-9.04086
control_r1,complex_000170,complex_000112,1,-7.53202
control_r1,complex_000170,complex_000112,2,-7.53453
control_r1,complex_000170,complex_000112,3,-8.32563
control_r1,complex_000170,complex_000112,4,-9.04412
control_r1,complex_000170,complex_000112,5,-7.09769
control_r1,complex_000170,complex_000112,6,-8.00445
control_r1,complex_000170,complex_000112,7,-6.6122
control_r1,complex_000170,complex_000112,8,-8.48687
control_r1,complex_000170,complex_000112,9,-6.6397
control_r1,complex_000170,complex_000112,10,-6.78911
control_r1,complex_000170,complex_000112,11,-7.12338
control_r1,complex_000170,complex_000112,12,-8.22959
control_r1,complex_000170,complex_000112,13,-7.37878
control_r1,complex_000170,complex_000112,14,-7.7075
control_r1,complex_000170,complex_000112,15,-6.27984
control_r1,complex_000170,complex_000112,16,-4.92959
control_r1,complex_000170,complex_000112,17,-7.13452
control_r1,complex_000170,complex_000112,18,-7.12057
control_r1,complex_000170,complex_000112,19,-7.04004
control_r1,complex_000165,complex_000179,0,-8.22083
control_r1,complex_000165,complex_000179,1,-7.92839
control_r1,complex_000165,complex_000179,2,-8.77599
control_r1,complex_000165,complex_000179,3,-9.13569
control_r1,complex_000165,complex_000179,4,-6.93087
control_r1,complex_000165,complex_000179,5,-5.55857
control_r1,complex_000165,complex_000179,6,-6.01594
control_r1,complex_000165,complex_000179,7,-8.0103
control_r1,complex_000165,complex_000179,8,-7.03349
control_r1,complex_000165,complex_000179,9,-7.59077
control_r1,complex_000165,complex_000179,10,-6.92988
control_r1,complex_000165,complex_000179,11,-9.48022
control_r1,complex_000165,complex_000179,12,-9.11802
control_r1,complex_000165,complex_000179,13,-5.68331
control_r1,complex_000165,complex_000179,14,-9.39372
control_r1,complex_000165,complex_000179,15,-5.97225
control_r1,complex_000165,complex_000179,16,-8.62421
control_r1,complex_000165,complex_000179,17,-6.18603
control_r1,complex_000165,complex_000179,18,-8.78891
control_r1,complex_000165,complex_000179,19,-5.68997
control_r1,complex_000165,complex_000001,0,-7.19484
control_r1,complex_000165,complex_000001,1,-6.50622
control_r1,complex_000165,complex_000001,2,-7.20174
control_r1,complex_000165,complex_000001,3,-7.0422
control_r1,complex_000165,complex_000001,4,-5.85833
control_r1,complex_000165,complex_000001,5,-4.55452
control_r1,complex_000165,complex_000001,6,-5.04308
control_r1,complex_000165,complex_000001,7,-6.06854
control_r1,complex_000165,complex_000001,8,-5.35752
control_r1,complex_000165,complex_000001,9,-5.43371
control_r1,complex_000165,complex_000001,10,-5.60044
control_r1,complex_000165,complex_000001,11,-7.85822
control_r1,complex_000165,complex_000001,12,-7.12038
control_r1,complex_000165,complex_000001,13,-4.35877
control_r1,complex_000165,complex_000001,14,-6.61175
control_r1,complex_000165,complex_000001,15,-4.77344
control_r1,complex_000165,complex_000001,16,-6.07102
control_r1,complex_000165,complex_000001,17,-5.01536
control_r1,complex_000165,complex_000001,18,-6.33814
control_r1,complex_000165,complex_000001,19,-5.09578
control_r1,complex_000148,complex_000535,0,-7.34372
control_r1,complex_000148,complex_000535,1,-8.48251
control_r1,complex_000148,complex_000535,2,-6.87367
control_r1,complex_000148,complex_000535,3,-6.3715
control_r1,complex_000148,complex_000535,4,-5.44334
control_r1,complex_000148,complex_000535,5,-8.36043
control_r1,complex_000148,complex_000535,6,-8.55286
control_r1,complex_000148,complex_000535,7,-8.44208
control_r1,complex_000148,complex_000535,8,-7.78943
control_r1,complex_000148,complex_000535,9,-6.88406
control_r1,complex_000148,complex_000535,10,-6.82452
control_r1,complex_000148,complex_000535,11,-6.62955
control_r1,complex_000148,complex_000535,12,-7.35971
control_r1,complex_000148,complex_000535,13,-6.29604
control_r1,complex_000148,complex_000535,14,-6.39681
control_r1,complex_000148,complex_000535,15,-6.65798
control_r1,complex_000148,complex_000535,16,-5.75534
control_r1,complex_000148,complex_000535,17,-8.80169
control_r1,complex_000148,complex_000535,18,-7.87347
control_r1,complex_000148,complex_000535,19,-5.47133
control_r1,complex_000165,complex_000165,0,-6.77765
control_r1,complex_000165,complex_000165,1,-6.2102
control_r1,complex_000165,complex_000165,2,-6.15362
control_r1,complex_000165,complex_000165,3,-5.73509
control_r1,complex_000165,complex_000165,4,-8.24797
control_r1,complex_000165,complex_000165,5,-6.69377
control_r1,complex_000165,complex_000165,6,-7.70499
control_r1,complex_000165,complex_000165,7,-6.65702
control_r1,complex_000165,complex_000165,8,-8.97208
control_r1,complex_000165,complex_000165,9,-8.20368
control_r1,complex_000165,complex_000165,10,-7.09717
control_r1,complex_000165,complex_000165,11,-6.15191
control_r1,complex_000165,complex_000165,12,-3.5705
control_r1,complex_000165,complex_000165,13,-6.32859
control_r1,complex_000165,complex_000165,14,-8.50227
control_r1,complex_000165,complex_000165,15,-8.12894
control_r1,complex_000165,complex_000165,16,-8.33783
control_r1,complex_000165,complex_000165,17,-7.88127
control_r1,complex_000165,complex_000165,18,-8.35779
control_r1,complex_000165,complex_000165,19,-6.93538
control_r1,complex_000170,complex_000117,0,-7.92013
control_r1,complex_000170,complex_000117,1,-8.60113
control_r1,complex_000170,complex_000117,2,-7.55076
control_r1,complex_000170,complex_000117,3,-9.71391
control_r1,complex_000170,complex_000117,4,-10.22611
control_r1,complex_000170,complex_000117,5,-8.11637
control_r1,complex_000170,complex_000117,6,-7.73191
control_r1,complex_000170,complex_000117,7,-6.17273
control_r1,complex_000170,complex_000117,8,-9.18477
control_r1,complex_000170,complex_000117,9,-7.74627
control_r1,complex_000170,complex_000117,10,-7.28446
control_r1,complex_000170,complex_000117,11,-7.85229
control_r1,complex_000170,complex_000117,12,-7.96851
control_r1,complex_000170,complex_000117,13,-7.5625
control_r1,complex_000170,complex_000117,14,-8.6359
control_r1,complex_000170,complex_000117,15,-7.83818
control_r1,complex_000170,complex_000117,16,-5.71091
control_r1,complex_000170,complex_000117,17,-8.00243
control_r1,complex_000170,complex_000117,18,-6.80871
control_r1,complex_000170,complex_000117,19,-7.27136
control_r1,complex_000149,complex_000148,0,-6.88171
control_r1,complex_000149,complex_000148,1,-8.53126
control_r1,complex_000149,complex_000148,2,-7.0797
control_r1,complex_000149,complex_000148,3,-8.5761
control_r1,complex_000149,complex_000148,4,-6.8837
control_r1,complex_000149,complex_000148,5,-8.29361
control_r1,complex_000149,complex_000148,6,-7.03771
control_r1,complex_000149,complex_000148,7,-5.37045
control_r1,complex_000149,complex_000148,8,-5.24145
control_r1,complex_000149,complex_000148,9,-7.29193
control_r1,complex_000149,complex_000148,10,-8.91914
control_r1,complex_000149,complex_000148,11,-6.08747
control_r1,complex_000149,complex_000148,12,-5.69907
control_r1,complex_000149,complex_000148,13,-7.69841
control_r1,complex_000149,complex_000148,14,-7.29608
control_r1,complex_000149,complex_000148,15,-6.53862
control_r1,complex_000149,complex_000148,16,-8.15925
control_r1,complex_000149,complex_000148,17,-4.90783
control_r1,complex_000149,complex_000148,18,-8.77839
control_r1,complex_000149,complex_000148,19,-6.79241
control_r1,complex_000165,complex_000223,0,-5.68124
control_r1,complex_000165,complex_000223,1,-6.00381
control_r1,complex_000165,complex_000223,2,-6.6924
control_r1,complex_000165,complex_000223,3,-6.32882
control_r1,complex_000165,complex_000223,4,-4.72143
control_r1,complex_000165,complex_000223,5,-4.81957
control_r1,complex_000165,complex_000223,6,-5.01575
control_r1,complex_000165,complex_000223,7,-5.46415
control_r1,complex_000165,complex_000223,8,-5.14181
control_r1,complex_000165,complex_000223,9,-5.52506
control_r1,complex_000165,complex_000223,10,-4.78934
control_r1,complex_000165,complex_000223,11,-5.98568
control_r1,complex_000165,complex_000223,12,-5.5912
control_r1,complex_000165,complex_000223,13,-4.4438
control_r1,complex_000165,complex_000223,14,-5.96563
control_r1,complex_000165,complex_000223,15,-4.99913
control_r1,complex_000165,complex_000223,16,-6.15868
control_r1,complex_000165,complex_000223,17,-5.19433
control_r1,complex_000165,complex_000223,18,-5.98659
control_r1,complex_000165,complex_000223,19,-4.8898
control_r1,complex_000149,complex_000149,0,-7.00589
control_r1,complex_000149,complex_000149,1,-8.27677
control_r1,complex_000149,complex_000149,2,-9.24125
control_r1,complex_000149,complex_000149,3,-7.9653
control_r1,complex_000149,complex_000149,4,-8.80521
control_r1,complex_000149,complex_000149,5,-7.71502
control_r1,complex_000149,complex_000149,6,-9.82999
control_r1,complex_000149,complex_000149,7,-7.06179
control_r1,complex_000149,complex_000149,8,-7.29369
control_r1,complex_000149,complex_000149,9,-7.65836
control_r1,complex_000149,complex_000149,10,-8.07979
control_r1,complex_000149,complex_000149,11,-7.74168
control_r1,complex_000149,complex_000149,12,-8.47089
control_r1,complex_000149,complex_000149,13,-7.77561
control_r1,complex_000149,complex_000149,14,-8.4046
control_r1,complex_000149,complex_000149,15,-8.17216
control_r1,complex_000149,complex_000149,16,-9.49939
control_r1,complex_000149,complex_000149,17,-7.20493
control_r1,complex_000149,complex_000149,18,-7.69807
control_r1,complex_000149,complex_000149,19,-6.90305
control_r1,complex_000177,complex_000193,0,-6.0946
control_r1,complex_000177,complex_000193,1,-6.96744
control_r1,complex_000177,complex_000193,2,-4.94353
control_r1,complex_000177,complex_000193,3,-7.93108
control_r1,complex_000177,complex_000193,4,-7.48596
control_r1,complex_000177,complex_000193,5,-6.41293
control_r1,complex_000177,complex_000193,6,-4.68001
control_r1,complex_000177,complex_000193,7,-7.2102
control_r1,complex_000177,complex_000193,8,-6.15388
control_r1,complex_000177,complex_000193,9,-6.98921
control_r1,complex_000177,complex_000193,10,-5.68545
control_r1,complex_000177,complex_000193,11,-5.77213
control_r1,complex_000177,complex_000193,12,-5.47986
control_r1,complex_000177,complex_000193,13,-4.90261
control_r1,complex_000177,complex_000193,14,-6.05881
control_r1,complex_000177,complex_000193,15,-6.14727
control_r1,complex_000177,complex_000193,16,-6.82086
control_r1,complex_000177,complex_000193,17,-6.59068
control_r1,complex_000177,complex_000193,18,-7.1163
control_r1,complex_000177,complex_000193,19,-7.68855
control_r1,complex_000191,complex_000191,0,-4.19006
control_r1,complex_000191,complex_000191,1,-5.2507
control_r1,complex_000191,complex_000191,2,-4.12999
control_r1,complex_000191,complex_000191,3,-3.60829
control_r1,complex_000191,complex_000191,4,-5.42355
control_r1,complex_000191,complex_000191,5,-4.37002
control_r1,complex_000191,complex_000191,6,-4.79023
control_r1,complex_000191,complex_000191,7,-5.23477
control_r1,complex_000191,complex_000191,8,-5.4318
control_r1,complex_000191,complex_000191,9,-5.49161
control_r1,complex_000191,complex_000191,10,-5.3314
control_r1,complex_000191,complex_000191,11,-5.6867
control_r1,complex_000191,complex_000191,12,-5.06335
control_r1,complex_000191,complex_000191,13,-3.50868
control_r1,complex_000191,complex_000191,14,-2.78524
control_r1,complex_000191,complex_000191,15,-5.38664
control_r1,complex_000191,complex_000191,16,-5.34096
control_r1,complex_000191,complex_000191,17,-4.9101
control_r1,complex_000191,complex_000191,18,-3.90044
control_r1,complex_000191,complex_000191,19,-4.60928
control_r1,complex_000149,complex_000387,0,-7.38938
control_r1,complex_000149,complex_000387,1,-7.94558
control_r1,complex_000149,complex_000387,2,-7.81647
control_r1,complex_000149,complex_000387,3,-8.07713
control_r1,complex_000149,complex_000387,4,-8.88513
control_r1,complex_000149,complex_000387,5,-7.36079
control_r1,complex_000149,complex_000387,6,-8.08276
control_r1,complex_000149,complex_000387,7,-6.61842
control_r1,complex_000149,complex_000387,8,-7.32861
control_r1,complex_000149,complex_000387,9,-7.7985
control_r1,complex_000149,complex_000387,10,-7.6573
control_r1,complex_000149,complex_000387,11,-8.05019
control_r1,complex_000149,complex_000387,12,-7.56091
control_r1,complex_000149,complex_000387,13,-7.061
control_r1,complex_000149,complex_000387,14,-8.8688
control_r1,complex_000149,complex_000387,15,-6.91829
control_r1,complex_000149,complex_000387,16,-9.20622
control_r1,complex_000149,complex_000387,17,-6.82181
control_r1,complex_000149,complex_000387,18,-8.33129
control_r1,complex_000149,complex_000387,19,-8.05951
control_r1,complex_000177,complex_000177,0,-8.59652
control_r1,complex_000177,complex_000177,1,-9.16109
control_r1,complex_000177,complex_000177,2,-5.19904
control_r1,complex_000177,complex_000177,3,-9.09488
control_r1,complex_000177,complex_000177,4,-10.08691
control_r1,complex_000177,complex_000177,5,-7.16955
control_r1,complex_000177,complex_000177,6,-5.26498
control_r1,complex_000177,complex_000177,7,-8.79408
control_r1,complex_000177,complex_000177,8,-7.65383
control_r1,complex_000177,complex_000177,9,-7.05983
control_r1,complex_000177,complex_000177,10,-8.11172
control_r1,complex_000177,complex_000177,11,-6.28606
control_r1,complex_000177,complex_000177,12,-6.10535
control_r1,complex_000177,complex_000177,13,-5.7327
control_r1,complex_000177,complex_000177,14,-7.34081
control_r1,complex_000177,complex_000177,15,-6.39694
control_r1,complex_000177,complex_000177,16,-8.19518
control_r1,complex_000177,complex_000177,17,-7.92925
control_r1,complex_000177,complex_000177,18,-7.782
control_r1,complex_000177,complex_000177,19,-8.41485
control_r1,complex_000191,complex_000026,0,-4.27036
control_r1,complex_000191,complex_000026,1,-4.92635
control_r1,complex_000191,complex_000026,2,-4.44764
control_r1,complex_000191,complex_000026,3,-3.85901
control_r1,complex_000191,complex_000026,4,-7.15159
control_r1,complex_000191,complex_000026,5,-4.92786
control_r1,complex_000191,complex_000026,6,-6.0528
control_r1,complex_000191,complex_000026,7,-5.70369
control_r1,complex_000191,complex_000026,8,-6.77239
control_r1,complex_000191,complex_000026,9,-5.52826
control_r1,complex_000191,complex_000026,10,-6.85037
control_r1,complex_000191,complex_000026,11,-8.10456
control_r1,complex_000191,complex_000026,12,-6.77487
control_r1,complex_000191,complex_000026,13,-4.27483
control_r1,complex_000191,complex_000026,14,-3.71836
control_r1,complex_000191,complex_000026,15,-5.84623
control_r1,complex_000191,complex_000026,16,-6.38299
control_r1,complex_000191,complex_000026,17,-6.21548
control_r1,complex_000191,complex_000026,18,-4.72607
control_r1,complex_000191,complex_000026,19,-5.96912
control_r1,complex_000177,complex_000165,0,-4.2165
control_r1,complex_000177,complex_000165,1,-4.27097
control_r1,complex_000177,complex_000165,2,-6.21137
control_r1,complex_000177,complex_000165,3,-2.07524
control_r1,complex_000177,complex_000165,4,-1.58162
control_r1,complex_000177,complex_000165,5,-4.90634
control_r1,complex_000177,complex_000165,6,-6.10507
control_r1,complex_000177,complex_000165,7,-6.30875
control_r1,complex_000177,complex_000165,8,-6.72597
control_r1,complex_000177,complex_000165,9,-4.31577
control_r1,complex_000177,complex_000165,10,-6.69637
control_r1,complex_000177,complex_000165,11,-6.88013
control_r1,complex_000177,complex_000165,12,-6.02233
control_r1,complex_000177,complex_000165,13,-6.93131
control_r1,complex_000177,complex_000165,14,-5.78969
control_r1,complex_000177,complex_000165,15,-5.99122
control_r1,complex_000177,complex_000165,16,-5.89865
control_r1,complex_000177,complex_000165,17,-7.72946
control_r1,complex_000177,complex_000165,18,-5.47765
control_r1,complex_000177,complex_000165,19,-4.58671
control_r1,complex_000191,complex_000140,0,-4.85781
control_r1,complex_000191,complex_000140,1,-5.68957
control_r1,complex_000191,complex_000140,2,-4.60217
control_r1,complex_000191,complex_000140,3,-3.72671
control_r1,complex_000191,complex_000140,4,-6.80362
control_r1,complex_000191,complex_000140,5,-5.28969
control_r1,complex_000191,complex_000140,6,-7.12176
control_r1,complex_000191,complex_000140,7,-6.21995
control_r1,complex_000191,complex_000140,8,-7.33173
control_r1,complex_000191,complex_000140,9,-5.7728
control_r1,complex_000191,complex_000140,10,-6.91353
control_r1,complex_000191,complex_000140,11,-8.97348
control_r1,complex_000191,complex_000140,12,-7.73234
control_r1,complex_000191,complex_000140,13,-5.44842
control_r1,complex_000191,complex_000140,14,-4.36423
control_r1,complex_000191,complex_000140,15,-6.55931
control_r1,complex_000191,complex_000140,16,-6.24369
control_r1,complex_000191,complex_000140,17,-6.01836
control_r1,complex_000191,complex_000140,18,-5.25374
control_r1,complex_000191,complex_000140,19,-6.41565
control_r1,complex_000149,complex_000117,0,-7.73461
control_r1,complex_000149,complex_000117,1,-6.61573
control_r1,complex_000149,complex_000117,2,-7.24077
control_r1,complex_000149,complex_000117,3,-6.12531
control_r1,complex_000149,complex_000117,4,-9.20056
control_r1,complex_000149,complex_000117,5,-6.52558
control_r1,complex_000149,complex_000117,6,-6.5066
control_r1,complex_000149,complex_000117,7,-5.72073
control_r1,complex_000149,complex_000117,8,-6.84148
control_r1,complex_000149,complex_000117,9,-6.14602
control_r1,complex_000149,complex_000117,10,-5.48082
control_r1,complex_000149,complex_000117,11,-7.39856
control_r1,complex_000149,complex_000117,12,-6.45989
control_r1,complex_000149,complex_000117,13,-4.84534
control_r1,complex_000149,complex_000117,14,-7.7541
control_r1,complex_000149,complex_000117,15,-7.78694
control_r1,complex_000149,complex_000117,16,-7.83639
control_r1,complex_000149,complex_000117,17,-6.11833
control_r1,complex_000149,complex_000117,18,-9.32072
control_r1,complex_000149,complex_000117,19,-6.67231
control_r1,complex_000191,complex_000069,0,-4.84512
control_r1,complex_000191,complex_000069,1,-5.48292
control_r1,complex_000191,complex_000069,2,-4.79509
control_r1,complex_000191,complex_000069,3,-3.94837
control_r1,complex_000191,complex_000069,4,-6.80072
control_r1,complex_000191,complex_000069,5,-5.05908
control_r1,complex_000191,complex_000069,6,-6.9846
control_r1,complex_000191,complex_000069,7,-6.24105
control_r1,complex_000191,complex_000069,8,-7.40796
control_r1,complex_000191,complex_000069,9,-5.29932
control_r1,complex_000191,complex_000069,10,-7.20279
control_r1,complex_000191,complex_000069,11,-8.94216
control_r1,complex_000191,complex_000069,12,-7.39997
control_r1,complex_000191,complex_000069,13,-4.88484
control_r1,complex_000191,complex_000069,14,-4.1987
control_r1,complex_000191,complex_000069,15,-6.28334
control_r1,complex_000191,complex_000069,16,-5.93372
control_r1,complex_000191,complex_000069,17,-6.16969
control_r1,complex_000191,complex_000069,18,-5.00936
control_r1,complex_000191,complex_000069,19,-6.51981
control_r1,complex_000193,complex_000193,0,-6.49018
control_r1,complex_000193,complex_000193,1,-5.54129
control_r1,complex_000193,complex_000193,2,-6.3338
control_r1,complex_000193,complex_000193,3,-5.19175
control_r1,complex_000193,complex_000193,4,-4.88487
control_r1,complex_000193,complex_000193,5,-5.50926
control_r1,complex_000193,complex_000193,6,-5.70651
control_r1,complex_000193,complex_000193,7,-8.56309
control_r1,complex_000193,complex_000193,8,-7.9533
control_r1,complex_000193,complex_000193,9,-5.42077
control_r1,complex_000193,complex_000193,10,-5.85764
control_r1,complex_000193,complex_000193,11,-7.80697
control_r1,complex_000193,complex_000193,12,-5.5967
control_r1,complex_000193,complex_000193,13,-5.59169
control_r1,complex_000193,complex_000193,14,-3.89743
control_r1,complex_000193,complex_000193,15,-6.5273
control_r1,complex_000193,complex_000193,16,-5.5848
control_r1,complex_000193,complex_000193,17,-8.74737
control_r1,complex_000193,complex_000193,18,-6.20292
control_r1,complex_000193,complex_000193,19,-5.66262
control_r1,complex_000177,complex_000473,0,-6.5176
control_r1,complex_000177,complex_000473,1,-7.3093
control_r1,complex_000177,complex_000473,2,-4.06144
control_r1,complex_000177,complex_000473,3,-8.2183
control_r1,complex_000177,complex_000473,4,-7.16932
control_r1,complex_000177,complex_000473,5,-5.99827
control_r1,complex_000177,complex_000473,6,-3.88801
control_r1,complex_000177,complex_000473,7,-7.05415
control_r1,complex_000177,complex_000473,8,-6.62355
control_r1,complex_000177,complex_000473,9,-6.64988
control_r1,complex_000177,complex_000473,10,-6.7268
control_r1,complex_000177,complex_000473,11,-6.54771
control_r1,complex_000177,complex_000473,12,-6.04524
control_r1,complex_000177,complex_000473,13,-4.84671
control_r1,complex_000177,complex_000473,14,-6.01191
control_r1,complex_000177,complex_000473,15,-5.42116
control_r1,complex_000177,complex_000473,16,-6.13517
control_r1,complex_000177,complex_000473,17,-5.94369
control_r1,complex_000177,complex_000473,18,-6.64117
control_r1,complex_000177,complex_000473,19,-7.76259
control_r1,complex_000193,complex_000292,0,-5.40333
control_r1,complex_000193,complex_000292,1,-4.7981
control_r1,complex_000193,complex_000292,2,-5.49274
control_r1,complex_000193,complex_000292,3,-4.31245
control_r1,complex_000193,complex_000292,4,-4.53925
control_r1,complex_000193,complex_000292,5,-4.98533
control_r1,complex_000193,complex_000292,6,-4.58835
control_r1,complex_000193,complex_000292,7,-6.89422
control_r1,complex_000193,complex_000292,8,-6.5565
control_r1,complex_000193,complex_000292,9,-4.48569
control_r1,complex_000193,complex_000292,10,-4.6073
control_r1,complex_000193,complex_000292,11,-6.82577
control_r1,complex_000193,complex_000292,12,-5.02153
control_r1,complex_000193,complex_000292,13,-5.27928
control_r1,complex_000193,complex_000292,14,-4.09192
control_r1,complex_000193,complex_000292,15,-6.04063
control_r1,complex_000193,complex_000292,16,-4.88548
control_r1,complex_000193,complex_000292,17,-7.9534
control_r1,complex_000193,complex_000292,18,-5.49923
control_r1,complex_000193,complex_000292,19,-4.62542
control_r1,complex_000193,complex_000179,0,-6.7746
control_r1,complex_000193,complex_000179,1,-5.89384
control_r1,complex_000193,complex_000179,2,-6.71291
control_r1,complex_000193,complex_000179,3,-5.31679
control_r1,complex_000193,complex_000179,4,-5.45505
control_r1,complex_000193,complex_000179,5,-5.99254
control_r1,complex_000193,complex_000179,6,-5.65488
control_r1,complex_000193,complex_000179,7,-9.45621
control_r1,complex_000193,complex_000179,8,-9.02414
control_r1,complex_000193,complex_000179,9,-5.6275
control_r1,complex_000193,complex_000179,10,-5.96346
control_r1,complex_000193,complex_000179,11,-10.03549
control_r1,complex_000193,complex_000179,12,-6.29984
control_r1,complex_000193,complex_000179,13,-6.64109
control_r1,complex_000193,complex_000179,14,-4.73039
control_r1,complex_000193,complex_000179,15,-7.23963
control_r1,complex_000193,complex_000179,16,-6.28882
control_r1,complex_000193,complex_000179,17,-10.99739
control_r1,complex_000193,complex_000179,18,-7.10585
control_r1,complex_000193,complex_000179,19,-5.65765
control_r1,complex_000179,complex_000179,0,-8.37524
control_r1,complex_000179,complex_000179,1,-6.2685
control_r1,complex_000179,complex_000179,2,-10.17422
control_r1,complex_000179,complex_000179,3,-7.40381
control_r1,complex_000179,complex_000179,4,-8.025
control_r1,complex_000179,complex_000179,5,-9.10752
control_r1,complex_000179,complex_000179,6,-7.14364
control_r1,complex_000179,complex_000179,7,-7.40492
control_r1,complex_000179,complex_000179,8,-9.42396
control_r1,complex_000179,complex_000179,9,-5.75981
control_r1,complex_000179,complex_000179,10,-9.61047
control_r1,complex_000179,complex_000179,11,-11.72411
control_r1,complex_000179,complex_000179,12,-6.49405
control_r1,complex_000179,complex_000179,13,-8.98765
control_r1,complex_000179,complex_000179,14,-9.15678
control_r1,complex_000179,complex_000179,15,-8.27258
control_r1,complex_000179,complex_000179,16,-7.70205
control_r1,complex_000179,complex_000179,17,-8.74923
control_r1,complex_000179,complex_000179,18,-7.5619
control_r1,complex_000179,complex_000179,19,-9.92351
control_r1,complex_000179,complex_000472,0,-8.41773
control_r1,complex_000179,complex_000472,1,-6.55715
control_r1,complex_000179,complex_000472,2,-8.81735
control_r1,complex_000179,complex_000472,3,-7.95469
control_r1,complex_000179,complex_000472,4,-7.53053
control_r1,complex_000179,complex_000472,5,-9.13924
control_r1,complex_000179,complex_000472,6,-7.23489
control_r1,complex_000179,complex_000472,7,-7.74507
control_r1,complex_000179,complex_000472,8,-9.19237
control_r1,complex_000179,complex_000472,9,-5.76687
control_r1,complex_000179,complex_000472,10,-8.8186
control_r1,complex_000179,complex_000472,11,-10.31343
control_r1,complex_000179,complex_000472,12,-6.09311
control_r1,complex_000179,complex_000472,13,-9.13354
control_r1,complex_000179,complex_000472,14,-8.99379
control_r1,complex_000179,complex_000472,15,-7.39112
control_r1,complex_000179,complex_000472,16,-7.72946
control_r1,complex_000179,complex_000472,17,-8.30143
control_r1,complex_000179,complex_000472,18,-7.80749
control_r1,complex_000179,complex_000472,19,-8.88982
control_r1,complex_000193,complex_000177,0,-6.99041
control_r1,complex_000193,complex_000177,1,-6.24759
control_r1,complex_000193,complex_000177,2,-6.46844
control_r1,complex_000193,complex_000177,3,-5.20087
control_r1,complex_000193,complex_000177,4,-5.73586
control_r1,complex_000193,complex_000177,5,-6.13067
control_r1,complex_000193,complex_000177,6,-5.62397
control_r1,complex_000193,complex_000177,7,-8.13421
control_r1,complex_000193,complex_000177,8,-7.36927
control_r1,complex_000193,complex_000177,9,-5.08627
control_r1,complex_000193,complex_000177,10,-5.66657
control_r1,complex_000193,complex_000177,11,-7.36298
control_r1,complex_000193,complex_000177,12,-6.41027
control_r1,complex_000193,complex_000177,13,-6.45359
control_r1,complex_000193,complex_000177,14,-5.26237
control_r1,complex_000193,complex_000177,15,-6.40095
control_r1,complex_000193,complex_000177,16,-6.35946
control_r1,complex_000193,complex_000177,17,-8.92083
control_r1,complex_000193,complex_000177,18,-7.28694
control_r1,complex_000193,complex_000177,19,-5.32419
control_r1,complex_000179,complex_000141,0,-7.03745
control_r1,complex_000179,complex_000141,1,-5.35511
control_r1,complex_000179,complex_000141,2,-7.94918
control_r1,complex_000179,complex_000141,3,-6.51202
control_r1,complex_000179,complex_000141,4,-5.94024
control_r1,complex_000179,complex_000141,5,-7.00387
control_r1,complex_000179,complex_000141,6,-6.39645
control_r1,complex_000179,complex_000141,7,-6.33703
control_r1,complex_000179,complex_000141,8,-7.90557
control_r1,complex_000179,complex_000141,9,-5.31152
control_r1,complex_000179,complex_000141,10,-8.33448
control_r1,complex_000179,complex_000141,11,-8.5069
control_r1,complex_000179,complex_000141,12,-5.70899
control_r1,complex_000179,complex_000141,13,-7.57575
control_r1,complex_000179,complex_000141,14,-6.55321
control_r1,complex_000179,complex_000141,15,-6.56656
control_r1,complex_000179,complex_000141,16,-6.71937
control_r1,complex_000179,complex_000141,17,-7.85539
control_r1,complex_000179,complex_000141,18,-6.45362
control_r1,complex_000179,complex_000141,19,-8.85517
control_r1,complex_000179,complex_000305,0,-9.08253
control_r1,complex_000179,complex_000305,1,-6.54966
control_r1,complex_000179,complex_000305,2,-9.7728
control_r1,complex_000179,complex_000305,3,-7.96223
control_r1,complex_000179,complex_000305,4,-7.44776
control_r1,complex_000179,complex_000305,5,-9.92254
control_r1,complex_000179,complex_000305,6,-7.49288
control_r1,complex_000179,complex_000305,7,-8.44933
control_r1,complex_000179,complex_000305,8,-9.43635
control_r1,complex_000179,complex_000305,9,-5.3584
control_r1,complex_000179,complex_000305,10,-9.60115
control_r1,complex_000179,complex_000305,11,-8.35993
control_r1,complex_000179,complex_000305,12,-6.3065
control_r1,complex_000179,complex_000305,13,-9.6325
control_r1,complex_000179,complex_000305,14,-8.75507
control_r1,complex_000179,complex_000305,15,-8.5222
control_r1,complex_000179,complex_000305,16,-8.11634
control_r1,complex_000179,complex_000305,17,-8.23109
control_r1,complex_000179,complex_000305,18,-7.90876
control_r1,complex_000179,complex_000305,19,-9.01536
control_r1,complex_000223,complex_000191,0,-4.73534
control_r1,complex_000223,complex_000191,1,-4.73667
control_r1,complex_000223,complex_000191,2,-3.47461
control_r1,complex_000223,complex_000191,3,-5.16747
control_r1,complex_000223,complex_000191,4,-7.31005
control_r1,complex_000223,complex_000191,5,-4.8387
control_r1,complex_000223,complex_000191,6,-4.99739
control_r1,complex_000223,complex_000191,7,-5.39483
control_r1,complex_000223,complex_000191,8,-3.55322
control_r1,complex_000223,complex_000191,9,-4.80192
control_r1,complex_000223,complex_000191,10,-5.78275
control_r1,complex_000223,complex_000191,11,-5.30949
control_r1,complex_000223,complex_000191,12,-5.38358
control_r1,complex_000223,complex_000191,13,-3.77337
control_r1,complex_000223,complex_000191,14,-5.69496
control_r1,complex_000223,complex_000191,15,-4.83906
control_r1,complex_000223,complex_000191,16,-6.55899
control_r1,complex_000223,complex_000191,17,-4.27749
control_r1,complex_000223,complex_000191,18,-5.24346
control_r1,complex_000223,complex_000191,19,-4.45243
control_r1,complex_000223,complex_000085,0,-7.77395
control_r1,complex_000223,complex_000085,1,-8.45057
control_r1,complex_000223,complex_000085,2,-5.42848
control_r1,complex_000223,complex_000085,3,-9.82299
control_r1,complex_000223,complex_000085,4,-9.40903
control_r1,complex_000223,complex_000085,5,-4.67222
control_r1,complex_000223,complex_000085,6,-6.20802
control_r1,complex_000223,complex_000085,7,-7.36806
control_r1,complex_000223,complex_000085,8,-3.21206
control_r1,complex_000223,complex_000085,9,-8.24115
control_r1,complex_000223,complex_000085,10,-10.56221
control_r1,complex_000223,complex_000085,11,-8.78201
control_r1,complex_000223,complex_000085,12,-7.88796
control_r1,complex_000223,complex_000085,13,-6.02189
control_r1,complex_000223,complex_000085,14,-8.59731
control_r1,complex_000223,complex_000085,15,-8.90872
control_r1,complex_000223,complex_000085,16,-8.92092
control_r1,complex_000223,complex_000085,17,-6.71987
control_r1,complex_000223,complex_000085,18,-8.68833
control_r1,complex_000223,complex_000085,19,-4.26884
control_r1,complex_000223,complex_000223,0,-4.69814
control_r1,complex_000223,complex_000223,1,-5.60699
control_r1,complex_000223,complex_000223,2,-4.0682
control_r1,complex_000223,complex_000223,3,-5.39557
control_r1,complex_000223,complex_000223,4,-6.02749
control_r1,complex_000223,complex_000223,5,-4.0328
control_r1,complex_000223,complex_000223,6,-4.73216
control_r1,complex_000223,complex_000223,7,-5.19963
control_r1,complex_000223,complex_000223,8,-2.95169
control_r1,complex_000223,complex_000223,9,-4.99427
control_r1,complex_000223,complex_000223,10,-6.39031
control_r1,complex_000223,complex_000223,11,-6.30163
control_r1,complex_000223,complex_000223,12,-5.05805
control_r1,complex_000223,complex_000223,13,-4.2773
control_r1,complex_000223,complex_000223,14,-6.21143
control_r1,complex_000223,complex_000223,15,-5.04804
control_r1,complex_000223,complex_000223,16,-5.11462
control_r1,complex_000223,complex_000223,17,-4.10719
control_r1,complex_000223,complex_000223,18,-5.11868
control_r1,complex_000223,complex_000223,19,-4.37878
control_r1,complex_000236,complex_000236,0,-5.70861
control_r1,complex_000236,complex_000236,1,-8.55219
control_r1,complex_000236,complex_000236,2,-7.77416
control_r1,complex_000236,complex_000236,3,-7.36392
control_r1,complex_000236,complex_000236,4,-9.4517
control_r1,complex_000236,complex_000236,5,-9.29643
control_r1,complex_000236,complex_000236,6,-7.93475
control_r1,complex_000236,complex_000236,7,-8.72872
control_r1,complex_000236,complex_000236,8,-9.3286
control_r1,complex_000236,complex_000236,9,-7.10643
control_r1,complex_000236,complex_000236,10,-8.00084
control_r1,complex_000236,complex_000236,11,-8.45553
control_r1,complex_000236,complex_000236,12,-9.77178
control_r1,complex_000236,complex_000236,13,-7.99192
control_r1,complex_000236,complex_000236,14,-8.34762
control_r1,complex_000236,complex_000236,15,-7.19425
control_r1,complex_000236,complex_000236,16,-9.03297
control_r1,complex_000236,complex_000236,17,-9.46687
control_r1,complex_000236,complex_000236,18,-7.94771
control_r1,complex_000236,complex_000236,19,-10.2609
control_r1,complex_000223,complex_000026,0,-6.79768
control_r1,complex_000223,complex_000026,1,-6.87145
control_r1,complex_000223,complex_000026,2,-5.1706
control_r1,complex_000223,complex_000026,3,-7.31895
control_r1,complex_000223,complex_000026,4,-7.88033
control_r1,complex_000223,complex_000026,5,-4.73636
control_r1,complex_000223,complex_000026,6,-6.56156
control_r1,complex_000223,complex_000026,7,-6.66866
control_r1,complex_000223,complex_000026,8,-3.30076
control_r1,complex_000223,complex_000026,9,-6.77317
control_r1,complex_000223,complex_000026,10,-9.509
control_r1,complex_000223,complex_000026,11,-7.60222
control_r1,complex_000223,complex_000026,12,-7.7017
control_r1,complex_000223,complex_000026,13,-5.20679
control_r1,complex_000223,complex_000026,14,-8.13792
control_r1,complex_000223,complex_000026,15,-7.32419
control_r1,complex_000223,complex_000026,16,-7.64446
control_r1,complex_000223,complex_000026,17,-5.97933
control_r1,complex_000223,complex_000026,18,-7.11198
control_r1,complex_000223,complex_000026,19,-5.02162
control_r1,complex_000236,complex_000292,0,-5.37598
control_r1,complex_000236,complex_000292,1,-6.71233
control_r1,complex_000236,complex_000292,2,-6.64652
control_r1,complex_000236,complex_000292,3,-6.66344
control_r1,complex_000236,complex_000292,4,-6.4875
control_r1,complex_000236,complex_000292,5,-7.72542
control_r1,complex_000236,complex_000292,6,-7.19646
control_r1,complex_000236,complex_000292,7,-7.35529
control_r1,complex_000236,complex_000292,8,-8.00988
control_r1,complex_000236,complex_000292,9,-5.3263
control_r1,complex_000236,complex_000292,10,-6.26182
control_r1,complex_000236,complex_000292,11,-6.57261
control_r1,complex_000236,complex_000292,12,-8.03722
control_r1,complex_000236,complex_000292,13,-6.09914
control_r1,complex_000236,complex_000292,14,-6.84423
control_r1,complex_000236,complex_000292,15,-5.53307
control_r1,complex_000236,complex_000292,16,-5.51912
control_r1,complex_000236,complex_000292,17,-7.58695
control_r1,complex_000236,complex_000292,18,-7.18274
control_r1,complex_000236,complex_000292,19,-8.58479
control_r1,complex_000266,complex_000266,0,-4.83966
control_r1,complex_000266,complex_000266,1,-5.13887
control_r1,complex_000266,complex_000266,2,-6.02163
control_r1,complex_000266,complex_000266,3,-5.43439
control_r1,complex_000266,complex_000266,4,-8.75549
control_r1,complex_000266,complex_000266,5,-6.64105
control_r1,complex_000266,complex_000266,6,-7.69171
control_r1,complex_000266,complex_000266,7,-9.0122
control_r1,complex_000266,complex_000266,8,-5.82957
control_r1,complex_000266,complex_000266,9,-8.71105
control_r1,complex_000266,complex_000266,10,-5.23207
control_r1,complex_000266,complex_000266,11,-6.14978
control_r1,complex_000266,complex_000266,12,-8.99177
control_r1,complex_000266,complex_000266,13,-10.3973
control_r1,complex_000266,complex_000266,14,-6.56429
control_r1,complex_000266,complex_000266,15,-7.22271
control_r1,complex_000266,complex_000266,16,-5.74948
control_r1,complex_000266,complex_000266,17,-6.48556
control_r1,complex_000266,complex_000266,18,-6.82036
control_r1,complex_000266,complex_000266,19,-7.94117
control_r1,complex_000266,complex_000426,0,-4.81491
control_r1,complex_000266,complex_000426,1,-5.09209
control_r1,complex_000266,complex_000426,2,-5.87204
control_r1,complex_000266,complex_000426,3,-6.28574
control_r1,complex_000266,complex_000426,4,-9.07309
control_r1,complex_000266,complex_000426,5,-6.01793
control_r1,complex_000266,complex_000426,6,-7.87447
control_r1,complex_000266,complex_000426,7,-9.02489
control_r1,complex_000266,complex_000426,8,-5.85973
control_r1,complex_000266,complex_000426,9,-7.96687
control_r1,complex_000266,complex_000426,10,-5.80443
control_r1,complex_000266,complex_000426,11,-5.56639
control_r1,complex_000266,complex_000426,12,-8.7054
control_r1,complex_000266,complex_000426,13,-10.15882
control_r1,complex_000266,complex_000426,14,-6.53878
control_r1,complex_000266,complex_000426,15,-5.97521
control_r1,complex_000266,complex_000426,16,-6.03642
control_r1,complex_000266,complex_000426,17,-6.24863
control_r1,complex_000266,complex_000426,18,-6.65658
control_r1,complex_000266,complex_000426,19,-7.86375
control_r1,complex_000266,complex_000540,0,-4.38888
control_r1,complex_000266,complex_000540,1,-5.0208
control_r1,complex_000266,complex_000540,2,-6.22342
control_r1,complex_000266,complex_000540,3,-6.47948
control_r1,complex_000266,complex_000540,4,-8.80319
control_r1,complex_000266,complex_000540,5,-6.27533
control_r1,complex_000266,complex_000540,6,-7.82669
control_r1,complex_000266,complex_000540,7,-8.64213
control_r1,complex_000266,complex_000540,8,-5.45076
control_r1,complex_000266,complex_000540,9,-8.17879
control_r1,complex_000266,complex_000540,10,-5.72528
control_r1,complex_000266,complex_000540,11,-5.68303
control_r1,complex_000266,complex_000540,12,-8.92628
control_r1,complex_000266,complex_000540,13,-10.54246
control_r1,complex_000266,complex_000540,14,-6.12923
control_r1,complex_000266,complex_000540,15,-6.52746
control_r1,complex_000266,complex_000540,16,-5.93519
control_r1,complex_000266,complex_000540,17,-6.63313
control_r1,complex_000266,complex_000540,18,-6.89119
control_r1,complex_000266,complex_000540,19,-8.54493
control_r1,complex_000266,complex_000026,0,-4.46602
control_r1,complex_000266,complex_000026,1,-5.37125
control_r1,complex_000266,complex_000026,2,-6.29761
control_r1,complex_000266,complex_000026,3,-6.59976
control_r1,complex_000266,complex_000026,4,-8.82407
control_r1,complex_000266,complex_000026,5,-6.94476
control_r1,complex_000266,complex_000026,6,-7.31137
control_r1,complex_000266,complex_000026,7,-7.68317
control_r1,complex_000266,complex_000026,8,-5.8861
control_r1,complex_000266,complex_000026,9,-8.03882
control_r1,complex_000266,complex_000026,10,-5.88482
control_r1,complex_000266,complex_000026,11,-6.2455
control_r1,complex_000266,complex_000026,12,-8.52849
control_r1,complex_000266,complex_000026,13,-9.389
control_r1,complex_000266,complex_000026,14,-6.2213
control_r1,complex_000266,complex_000026,15,-6.50554
control_r1,complex_000266,complex_000026,16,-5.93777
control_r1,complex_000266,complex_000026,17,-6.08736
control_r1,complex_000266,complex_000026,18,-6.94441
control_r1,complex_000266,complex_000026,19,-7.43049
control_r1,complex_000236,complex_000506,0,-4.59652
control_r1,complex_000236,complex_000506,1,-7.13741
control_r1,complex_000236,complex_000506,2,-7.28564
control_r1,complex_000236,complex_000506,3,-5.92482
control_r1,complex_000236,complex_000506,4,-7.72639
control_r1,complex_000236,complex_000506,5,-7.02921
control_r1,complex_000236,complex_000506,6,-5.97492
control_r1,complex_000236,complex_000506,7,-6.66306
control_r1,complex_000236,complex_000506,8,-7.23834
control_r1,complex_000236,complex_000506,9,-5.86916
control_r1,complex_000236,complex_000506,10,-6.84724
control_r1,complex_000236,complex_000506,11,-6.07565
control_r1,complex_000236,complex_000506,12,-8.69924
control_r1,complex_000236,complex_000506,13,-5.76669
control_r1,complex_000236,complex_000506,14,-6.58046
control_r1,complex_000236,complex_000506,15,-6.69336
control_r1,complex_000236,complex_000506,16,-6.67753
control_r1,complex_000236,complex_000506,17,-7.22411
control_r1,complex_000236,complex_000506,18,-6.79861
control_r1,complex_000236,complex_000506,19,-7.77543
control_r1,complex_000236,complex_000305,0,-6.58014
control_r1,complex_000236,complex_000305,1,-9.71114
control_r1,complex_000236,complex_000305,2,-8.73761
control_r1,complex_000236,complex_000305,3,-7.62786
control_r1,complex_000236,complex_000305,4,-9.70757
control_r1,complex_000236,complex_000305,5,-8.88707
control_r1,complex_000236,complex_000305,6,-8.37826
control_r1,complex_000236,complex_000305,7,-9.88944
control_r1,complex_000236,complex_000305,8,-9.85364
control_r1,complex_000236,complex_000305,9,-8.02731
control_r1,complex_000236,complex_000305,10,-8.8589
control_r1,complex_000236,complex_000305,11,-9.34212
control_r1,complex_000236,complex_000305,12,-10.79033
control_r1,complex_000236,complex_000305,13,-7.47584
control_r1,complex_000236,complex_000305,14,-8.59216
control_r1,complex_000236,complex_000305,15,-7.69281
control_r1,complex_000236,complex_000305,16,-8.47667
control_r1,complex_000236,complex_000305,17,-10.18706
control_r1,complex_000236,complex_000305,18,-8.97731
control_r1,complex_000236,complex_000305,19,-11.41622
control_r1,complex_000269,complex_000085,0,-8.76958
control_r1,complex_000269,complex_000085,1,-9.11253
control_r1,complex_000269,complex_000085,2,-9.89611
control_r1,complex_000269,complex_000085,3,-5.52991
control_r1,complex_000269,complex_000085,4,-7.21079
control_r1,complex_000269,complex_000085,5,-9.80935
control_r1,complex_000269,complex_000085,6,-5.47883
control_r1,complex_000269,complex_000085,7,-5.85
control_r1,complex_000269,complex_000085,8,-7.82492
control_r1,complex_000269,complex_000085,9,-8.60353
control_r1,complex_000269,complex_000085,10,-7.56973
control_r1,complex_000269,complex_000085,11,-7.80708
control_r1,complex_000269,complex_000085,12,-5.14006
control_r1,complex_000269,complex_000085,13,-7.22651
control_r1,complex_000269,complex_000085,14,-7.52702
control_r1,complex_000269,complex_000085,15,-12.36524
control_r1,complex_000269,complex_000085,16,-5.96253
control_r1,complex_000269,complex_000085,17,-7.21618
control_r1,complex_000269,complex_000085,18,-7.43046
control_r1,complex_000269,complex_000085,19,-5.44919
control_r1,complex_000269,complex_000363,0,-8.92464
control_r1,complex_000269,complex_000363,1,-9.77178
control_r1,complex_000269,complex_000363,2,-9.99865
control_r1,complex_000269,complex_000363,3,-6.0695
control_r1,complex_000269,complex_000363,4,-6.93076
control_r1,complex_000269,complex_000363,5,-9.88704
control_r1,complex_000269,complex_000363,6,-5.688
control_r1,complex_000269,complex_000363,7,-6.1202
control_r1,complex_000269,complex_000363,8,-8.28867
control_r1,complex_000269,complex_000363,9,-8.4634
control_r1,complex_000269,complex_000363,10,-7.92926
control_r1,complex_000269,complex_000363,11,-7.08217
control_r1,complex_000269,complex_000363,12,-4.54041
control_r1,complex_000269,complex_000363,13,-7.02959
control_r1,complex_000269,complex_000363,14,-7.37285
control_r1,complex_000269,complex_000363,15,-11.11341
control_r1,complex_000269,complex_000363,16,-5.76246
control_r1,complex_000269,complex_000363,17,-8.19349
control_r1,complex_000269,complex_000363,18,-7.56716
control_r1,complex_000269,complex_000363,19,-5.7998
control_r1,complex_000269,complex_000191,0,-6.51492
control_r1,complex_000269,complex_000191,1,-7.5488
control_r1,complex_000269,complex_000191,2,-6.44152
control_r1,complex_000269,complex_000191,3,-4.6069
control_r1,complex_000269,complex_000191,4,-5.16024
control_r1,complex_000269,complex_000191,5,-7.23682
control_r1,complex_000269,complex_000191,6,-4.81584
control_r1,complex_000269,complex_000191,7,-4.59123
control_r1,complex_000269,complex_000191,8,-6.63776
control_r1,complex_000269,complex_000191,9,-5.96534
control_r1,complex_000269,complex_000191,10,-6.13453
control_r1,complex_000269,complex_000191,11,-4.69109
control_r1,complex_000269,complex_000191,12,-3.81793
control_r1,complex_000269,complex_000191,13,-4.75013
control_r1,complex_000269,complex_000191,14,-5.11684
control_r1,complex_000269,complex_000191,15,-8.93404
control_r1,complex_000269,complex_000191,16,-4.83707
control_r1,complex_000269,complex_000191,17,-6.1159
control_r1,complex_000269,complex_000191,18,-5.79205
control_r1,complex_000269,complex_000191,19,-5.17879
control_r1,complex_000269,complex_000269,0,-7.42019
control_r1,complex_000269,complex_000269,1,-6.9131
control_r1,complex_000269,complex_000269,2,-7.31033
control_r1,complex_000269,complex_000269,3,-5.64192
control_r1,complex_000269,complex_000269,4,-6.01967
control_r1,complex_000269,complex_000269,5,-7.52548
control_r1,complex_000269,complex_000269,6,-5.15491
control_r1,complex_000269,complex_000269,7,-5.48547
control_r1,complex_000269,complex_000269,8,-6.6154
control_r1,complex_000269,complex_000269,9,-6.80797
control_r1,complex_000269,complex_000269,10,-6.8734
control_r1,complex_000269,complex_000269,11,-5.75394
control_r1,complex_000269,complex_000269,12,-5.99068
control_r1,complex_000269,complex_000269,13,-5.44899
control_r1,complex_000269,complex_000269,14,-5.97307
control_r1,complex_000269,complex_000269,15,-8.39904
control_r1,complex_000269,complex_000269,16,-5.90748
control_r1,complex_000269,complex_000269,17,-6.4849
control_r1,complex_000269,complex_000269,18,-5.8658
control_r1,complex_000269,complex_000269,19,-5.69975
control_r1,complex_000292,complex_000140,0,-7.17568
control_r1,complex_000292,complex_000140,1,-10.95637
control_r1,complex_000292,complex_000140,2,-4.78431
control_r1,complex_000292,complex_000140,3,-10.87833
control_r1,complex_000292,complex_000140,4,-6.75641
control_r1,complex_000292,complex_000140,5,-6.4203
control_r1,complex_000292,complex_000140,6,-6.23288
control_r1,complex_000292,complex_000140,7,-4.61404
control_r1,complex_000292,complex_000140,8,-5.26766
control_r1,complex_000292,complex_000140,9,-7.31063
control_r1,complex_000292,complex_000140,10,-8.69848
control_r1,complex_000292,complex_000140,11,-7.62365
control_r1,complex_000292,complex_000140,12,-7.79388
control_r1,complex_000292,complex_000140,13,-5.35292
control_r1,complex_000292,complex_000140,14,-4.8197
control_r1,complex_000292,complex_000140,15,-8.44593
control_r1,complex_000292,complex_000140,16,-5.2464
control_r1,complex_000292,complex_000140,17,-4.17931
control_r1,complex_000292,complex_000140,18,-8.98779
control_r1,complex_000292,complex_000140,19,-9.86942
control_r1,complex_000305,complex_000236,0,-6.22562
control_r1,complex_000305,complex_000236,1,-9.40539
control_r1,complex_000305,complex_000236,2,-7.72594
control_r1,complex_000305,complex_000236,3,-5.64571
control_r1,complex_000305,complex_000236,4,-9.7964
control_r1,complex_000305,complex_000236,5,-7.60416
control_r1,complex_000305,complex_000236,6,-8.28313
control_r1,complex_000305,complex_000236,7,-5.89577
control_r1,complex_000305,complex_000236,8,-6.65482
control_r1,complex_000305,complex_000236,9,-6.84957
control_r1,complex_000305,complex_000236,10,-8.8708
control_r1,complex_000305,complex_000236,11,-5.87653
control_r1,complex_000305,complex_000236,12,-7.80679
control_r1,complex_000305,complex_000236,13,-8.28813
control_r1,complex_000305,complex_000236,14,-7.90993
control_r1,complex_000305,complex_000236,15,-4.77151
control_r1,complex_000305,complex_000236,16,-11.49108
control_r1,complex_000305,complex_000236,17,-7.01297
control_r1,complex_000305,complex_000236,18,-8.99778
control_r1,complex_000305,complex_000236,19,-7.14647
control_r1,complex_000292,complex_000292,0,-5.83873
control_r1,complex_000292,complex_000292,1,-8.31026
control_r1,complex_000292,complex_000292,2,-4.61935
control_r1,complex_000292,complex_000292,3,-7.97505
control_r1,complex_000292,complex_000292,4,-5.91643
control_r1,complex_000292,complex_000292,5,-4.82535
control_r1,complex_000292,complex_000292,6,-6.49069
control_r1,complex_000292,complex_000292,7,-4.63827
control_r1,complex_000292,complex_000292,8,-4.79681
control_r1,complex_000292,complex_000292,9,-6.66564
control_r1,complex_000292,complex_000292,10,-7.39318
control_r1,complex_000292,complex_000292,11,-5.75321
control_r1,complex_000292,complex_000292,12,-6.58496
control_r1,complex_000292,complex_000292,13,-5.15521
control_r1,complex_000292,complex_000292,14,-4.12403
control_r1,complex_000292,complex_000292,15,-7.26595
control_r1,complex_000292,complex_000292,16,-5.0625
control_r1,complex_000292,complex_000292,17,-3.79936
control_r1,complex_000292,complex_000292,18,-7.86404
control_r1,complex_000292,complex_000292,19,-7.79846
control_r1,complex_000305,complex_000472,0,-6.056
control_r1,complex_000305,complex_000472,1,-8.80368
control_r1,complex_000305,complex_000472,2,-9.37002
control_r1,complex_000305,complex_000472,3,-5.32075
control_r1,complex_000305,complex_000472,4,-9.60533
control_r1,complex_000305,complex_000472,5,-8.99234
control_r1,complex_000305,complex_000472,6,-8.27665
control_r1,complex_000305,complex_000472,7,-6.57179
control_r1,complex_000305,complex_000472,8,-6.90729
control_r1,complex_000305,complex_000472,9,-7.43887
control_r1,complex_000305,complex_000472,10,-10.28903
control_r1,complex_000305,complex_000472,11,-6.46445
control_r1,complex_000305,complex_000472,12,-9.20399
control_r1,complex_000305,complex_000472,13,-8.36436
control_r1,complex_000305,complex_000472,14,-8.31428
control_r1,complex_000305,complex_000472,15,-5.99122
control_r1,complex_000305,complex_000472,16,-11.2041
control_r1,complex_000305,complex_000472,17,-6.57793
control_r1,complex_000305,complex_000472,18,-9.40644
control_r1,complex_000305,complex_000472,19,-6.91779
control_r1,complex_000305,complex_000403,0,-5.99356
control_r1,complex_000305,complex_000403,1,-8.31744
control_r1,complex_000305,complex_000403,2,-8.22785
control_r1,complex_000305,complex_000403,3,-5.09344
control_r1,complex_000305,complex_000403,4,-9.07187
control_r1,complex_000305,complex_000403,5,-8.38079
control_r1,complex_000305,complex_000403,6,-7.71384
control_r1,complex_000305,complex_000403,7,-6.35355
control_r1,complex_000305,complex_000403,8,-6.04027
control_r1,complex_000305,complex_000403,9,-6.81402
control_r1,complex_000305,complex_000403,10,-8.22021
control_r1,complex_000305,complex_000403,11,-6.07335
control_r1,complex_000305,complex_000403,12,-7.62909
control_r1,complex_000305,complex_000403,13,-7.70787
control_r1,complex_000305,complex_000403,14,-7.97133
control_r1,complex_000305,complex_000403,15,-5.07009
control_r1,complex_000305,complex_000403,16,-9.97067
control_r1,complex_000305,complex_000403,17,-6.24188
control_r1,complex_000305,complex_000403,18,-8.76109
control_r1,complex_000305,complex_000403,19,-7.46867
control_r1,complex_000292,complex_000117,0,-7.37917
control_r1,complex_000292,complex_000117,1,-8.19294
control_r1,complex_000292,complex_000117,2,-5.1262
control_r1,complex_000292,complex_000117,3,-8.72865
control_r1,complex_000292,complex_000117,4,-7.51319
control_r1,complex_000292,complex_000117,5,-6.19556
control_r1,complex_000292,complex_000117,6,-7.09308
control_r1,complex_000292,complex_000117,7,-5.96258
control_r1,complex_000292,complex_000117,8,-5.76425
control_r1,complex_000292,complex_000117,9,-7.42864
control_r1,complex_000292,complex_000117,10,-8.38353
control_r1,complex_000292,complex_000117,11,-7.39168
control_r1,complex_000292,complex_000117,12,-7.85019
control_r1,complex_000292,complex_000117,13,-5.51044
control_r1,complex_000292,complex_000117,14,-5.19093
control_r1,complex_000292,complex_000117,15,-7.74712
control_r1,complex_000292,complex_000117,16,-5.96435
control_r1,complex_000292,complex_000117,17,-4.14139
control_r1,complex_000292,complex_000117,18,-9.15417
control_r1,complex_000292,complex_000117,19,-8.55952
control_r1,complex_000305,complex_000305,0,-6.21832
control_r1,complex_000305,complex_000305,1,-9.12642
control_r1,complex_000305,complex_000305,2,-8.49034
control_r1,complex_000305,complex_000305,3,-5.52391
control_r1,complex_000305,complex_000305,4,-10.17034
control_r1,complex_000305,complex_000305,5,-8.58368
control_r1,complex_000305,complex_000305,6,-7.91302
control_r1,complex_000305,complex_000305,7,-5.96962
control_r1,complex_000305,complex_000305,8,-6.71
control_r1,complex_000305,complex_000305,9,-7.03313
control_r1,complex_000305,complex_000305,10,-9.29377
control_r1,complex_000305,complex_000305,11,-6.045
control_r1,complex_000305,complex_000305,12,-8.75969
control_r1,complex_000305,complex_000305,13,-8.47453
control_r1,complex_000305,complex_000305,14,-8.87215
control_r1,complex_000305,complex_000305,15,-5.27868
control_r1,complex_000305,complex_000305,16,-10.501
control_r1,complex_000305,complex_000305,17,-6.77732
control_r1,complex_000305,complex_000305,18,-9.9076
control_r1,complex_000305,complex_000305,19,-6.50587
control_r1,complex_000292,complex_000223,0,-5.63162
control_r1,complex_000292,complex_000223,1,-7.27219
control_r1,complex_000292,complex_000223,2,-4.29557
control_r1,complex_000292,complex_000223,3,-6.58494
control_r1,complex_000292,complex_000223,4,-5.52968
control_r1,complex_000292,complex_000223,5,-5.40922
control_r1,complex_000292,complex_000223,6,-5.65428
control_r1,complex_000292,complex_000223,7,-4.81317
control_r1,complex_000292,complex_000223,8,-4.89622
control_r1,complex_000292,complex_000223,9,-4.95348
control_r1,complex_000292,complex_000223,10,-6.07788
control_r1,complex_000292,complex_000223,11,-5.41201
control_r1,complex_000292,complex_000223,12,-6.2415
control_r1,complex_000292,complex_000223,13,-4.77719
control_r1,complex_000292,complex_000223,14,-4.05664
control_r1,complex_000292,complex_000223,15,-6.15493
control_r1,complex_000292,complex_000223,16,-4.98524
control_r1,complex_000292,complex_000223,17,-3.72148
control_r1,complex_000292,complex_000223,18,-6.33995
control_r1,complex_000292,complex_000223,19,-6.45392
control_r1,complex_000335,complex_000140,0,-4.77854
control_r1,complex_000335,complex_000140,1,-7.57472
control_r1,complex_000335,complex_000140,2,-7.88239
control_r1,complex_000335,complex_000140,3,-8.14751
control_r1,complex_000335,complex_000140,4,-5.93788
control_r1,complex_000335,complex_000140,5,-5.61627
control_r1,complex_000335,complex_000140,6,-7.36779
control_r1,complex_000335,complex_000140,7,-5.62743
control_r1,complex_000335,complex_000140,8,-8.90368
control_r1,complex_000335,complex_000140,9,-8.07819
control_r1,complex_000335,complex_000140,10,-8.75049
control_r1,complex_000335,complex_000140,11,-6.16553
control_r1,complex_000335,complex_000140,12,-7.87875
control_r1,complex_000335,complex_000140,13,-8.09644
control_r1,complex_000335,complex_000140,14,-6.29287
control_r1,complex_000335,complex_000140,15,-5.92031
control_r1,complex_000335,complex_000140,16,-9.53709
control_r1,complex_000335,complex_000140,17,-7.72795
control_r1,complex_000335,complex_000140,18,-7.84338
control_r1,complex_000335,complex_000140,19,-5.53653
control_r1,complex_000335,complex_000335,0,-4.53791
control_r1,complex_000335,complex_000335,1,-5.4964
control_r1,complex_000335,complex_000335,2,-5.89581
control_r1,complex_000335,complex_000335,3,-5.79422
control_r1,complex_000335,complex_000335,4,-5.46535
control_r1,complex_000335,complex_000335,5,-5.35741
control_r1,complex_000335,complex_000335,6,-5.81009
control_r1,complex_000335,complex_000335,7,-5.26814
control_r1,complex_000335,complex_000335,8,-7.1254
control_r1,complex_000335,complex_000335,9,-5.96042
control_r1,complex_000335,complex_000335,10,-6.98858
control_r1,complex_000335,complex_000335,11,-5.33015
control_r1,complex_000335,complex_000335,12,-7.11539
control_r1,complex_000335,complex_000335,13,-6.1403
control_r1,complex_000335,complex_000335,14,-4.75629
control_r1,complex_000335,complex_000335,15,-5.51486
control_r1,complex_000335,complex_000335,16,-7.59338
control_r1,complex_000335,complex_000335,17,-5.80787
control_r1,complex_000335,complex_000335,18,-5.85022
control_r1,complex_000335,complex_000335,19,-4.49534
control_r1,complex_000335,complex_000394,0,-5.37338
control_r1,complex_000335,complex_000394,1,-6.89154
control_r1,complex_000335,complex_000394,2,-7.40116
control_r1,complex_000335,complex_000394,3,-7.12689
control_r1,complex_000335,complex_000394,4,-6.24332
control_r1,complex_000335,complex_000394,5,-6.1613
control_r1,complex_000335,complex_000394,6,-7.28226
control_r1,complex_000335,complex_000394,7,-5.58356
control_r1,complex_000335,complex_000394,8,-8.02052
control_r1,complex_000335,complex_000394,9,-7.71624
control_r1,complex_000335,complex_000394,10,-7.75442
control_r1,complex_000335,complex_000394,11,-6.21179
control_r1,complex_000335,complex_000394,12,-7.29032
control_r1,complex_000335,complex_000394,13,-6.61032
control_r1,complex_000335,complex_000394,14,-5.63394
control_r1,complex_000335,complex_000394,15,-5.78598
control_r1,complex_000335,complex_000394,16,-8.49035
control_r1,complex_000335,complex_000394,17,-7.15471
control_r1,complex_000335,complex_000394,18,-7.70153
control_r1,complex_000335,complex_000394,19,-5.94827
control_r1,complex_000363,complex_000145,0,-7.63466
control_r1,complex_000363,complex_000145,1,-5.03532
control_r1,complex_000363,complex_000145,2,-6.34353
control_r1,complex_000363,complex_000145,3,-5.83598
control_r1,complex_000363,complex_000145,4,-7.48582
control_r1,complex_000363,complex_000145,5,-5.54227
control_r1,complex_000363,complex_000145,6,-5.60642
control_r1,complex_000363,complex_000145,7,-9.10219
control_r1,complex_000363,complex_000145,8,-7.54895
control_r1,complex_000363,complex_000145,9,-6.55627
control_r1,complex_000363,complex_000145,10,-5.62063
control_r1,complex_000363,complex_000145,11,-5.94038
control_r1,complex_000363,complex_000145,12,-7.07993
control_r1,complex_000363,complex_000145,13,-7.30766
control_r1,complex_000363,complex_000145,14,-5.5946
control_r1,complex_000363,complex_000145,15,-6.70956
control_r1,complex_000363,complex_000145,16,-4.87754
control_r1,complex_000363,complex_000145,17,-5.2956
control_r1,complex_000363,complex_000145,18,-7.73389
control_r1,complex_000363,complex_000145,19,-6.27489
control_r1,complex_000335,complex_000145,0,-3.64103
control_r1,complex_000335,complex_000145,1,-5.03564
control_r1,complex_000335,complex_000145,2,-5.0993
control_r1,complex_000335,complex_000145,3,-5.26699
control_r1,complex_000335,complex_000145,4,-5.01255
control_r1,complex_000335,complex_000145,5,-4.21354
control_r1,complex_000335,complex_000145,6,-5.32336
control_r1,complex_000335,complex_000145,7,-4.84083
control_r1,complex_000335,complex_000145,8,-6.7336
control_r1,complex_000335,complex_000145,9,-5.8553
control_r1,complex_000335,complex_000145,10,-6.74614
control_r1,complex_000335,complex_000145,11,-4.77794
control_r1,complex_000335,complex_000145,12,-5.54019
control_r1,complex_000335,complex_000145,13,-5.5625
control_r1,complex_000335,complex_000145,14,-4.29498
control_r1,complex_000335,complex_000145,15,-4.64242
control_r1,complex_000335,complex_000145,16,-6.76468
control_r1,complex_000335,complex_000145,17,-5.02434
control_r1,complex_000335,complex_000145,18,-4.76196
control_r1,complex_000335,complex_000145,19,-4.04011
control_r1,complex_000363,complex_000363,0,-11.28535
control_r1,complex_000363,complex_000363,1,-7.91594
control_r1,complex_000363,complex_000363,2,-10.6189
control_r1,complex_000363,complex_000363,3,-10.71565
control_r1,complex_000363,complex_000363,4,-10.78654
control_r1,complex_000363,complex_000363,5,-7.63807
control_r1,complex_000363,complex_000363,6,-8.19822
control_r1,complex_000363,complex_000363,7,-10.8531
control_r1,complex_000363,complex_000363,8,-8.81478
control_r1,complex_000363,complex_000363,9,-10.10245
control_r1,complex_000363,complex_000363,10,-8.3154
control_r1,complex_000363,complex_000363,11,-8.42552
control_r1,complex_000363,complex_000363,12,-10.23597
control_r1,complex_000363,complex_000363,13,-10.62256
control_r1,complex_000363,complex_000363,14,-10.17249
control_r1,complex_000363,complex_000363,15,-8.90735
control_r1,complex_000363,complex_000363,16,-7.22178
control_r1,complex_000363,complex_000363,17,-8.20432
control_r1,complex_000363,complex_000363,18,-11.46082
control_r1,complex_000363,complex_000363,19,-9.50061
control_r1,complex_000363,complex_000193,0,-8.87362
control_r1,complex_000363,complex_000193,1,-6.47927
control_r1,complex_000363,complex_000193,2,-8.44807
control_r1,complex_000363,complex_000193,3,-7.80074
control_r1,complex_000363,complex_000193,4,-7.93156
control_r1,complex_000363,complex_000193,5,-6.0815
control_r1,complex_000363,complex_000193,6,-6.67571
control_r1,complex_000363,complex_000193,7,-8.52294
control_r1,complex_000363,complex_000193,8,-7.9689
control_r1,complex_000363,complex_000193,9,-7.0867
control_r1,complex_000363,complex_000193,10,-7.15374
control_r1,complex_000363,complex_000193,11,-7.07711
control_r1,complex_000363,complex_000193,12,-7.58982
control_r1,complex_000363,complex_000193,13,-7.71967
control_r1,complex_000363,complex_000193,14,-6.79167
control_r1,complex_000363,complex_000193,15,-7.43787
control_r1,complex_000363,complex_000193,16,-5.60031
control_r1,complex_000363,complex_000193,17,-6.21336
control_r1,complex_000363,complex_000193,18,-8.77433
control_r1,complex_000363,complex_000193,19,-7.27571
control_r1,complex_000363,complex_000473,0,-8.10015
control_r1,complex_000363,complex_000473,1,-6.46642
control_r1,complex_000363,complex_000473,2,-8.38001
control_r1,complex_000363,complex_000473,3,-7.35405
control_r1,complex_000363,complex_000473,4,-7.65684
control_r1,complex_000363,complex_000473,5,-5.80051
control_r1,complex_000363,complex_000473,6,-6.45084
control_r1,complex_000363,complex_000473,7,-8.92553
control_r1,complex_000363,complex_000473,8,-8.09538
control_r1,complex_000363,complex_000473,9,-7.64937
control_r1,complex_000363,complex_000473,10,-7.01052
control_r1,complex_000363,complex_000473,11,-6.75647
control_r1,complex_000363,complex_000473,12,-8.30001
control_r1,complex_000363,complex_000473,13,-8.87688
control_r1,complex_000363,complex_000473,14,-6.67334
control_r1,complex_000363,complex_000473,15,-7.43408
control_r1,complex_000363,complex_000473,16,-5.61046
control_r1,complex_000363,complex_000473,17,-5.83936
control_r1,complex_000363,complex_000473,18,-9.1748
control_r1,complex_000363,complex_000473,19,-7.11606
control_r1,complex_000374,complex_000374,0,-9.54907
control_r1,complex_000374,complex_000374,1,-8.92481
control_r1,complex_000374,complex_000374,2,-7.91343
control_r1,complex_000374,complex_000374,3,-9.83968
control_r1,complex_000374,complex_000374,4,-8.48682
control_r1,complex_000374,complex_000374,5,-7.31641
control_r1,complex_000374,complex_000374,6,-6.0774
control_r1,complex_000374,complex_000374,7,-11.59242
control_r1,complex_000374,complex_000374,8,-6.78058
control_r1,complex_000374,complex_000374,9,-9.92993
control_r1,complex_000374,complex_000374,10,-10.03308
control_r1,complex_000374,complex_000374,11,-7.2346
control_r1,complex_000374,complex_000374,12,-10.68693
control_r1,complex_000374,complex_000374,13,-8.41711
control_r1,complex_000374,complex_000374,14,-8.59552
control_r1,complex_000374,complex_000374,15,-10.22863
control_r1,complex_000374,complex_000374,16,-9.99475
control_r1,complex_000374,complex_000374,17,-11.69443
control_r1,complex_000374,complex_000374,18,-12.90426
control_r1,complex_000374,complex_000374,19,-8.33478
control_r1,complex_000374,complex_000069,0,-9.02222
control_r1,complex_000374,complex_000069,1,-8.26008
control_r1,complex_000374,complex_000069,2,-7.88831
control_r1,complex_000374,complex_000069,3,-9.99923
control_r1,complex_000374,complex_000069,4,-8.05667
control_r1,complex_000374,complex_000069,5,-7.51685
control_r1,complex_000374,complex_000069,6,-5.70287
control_r1,complex_000374,complex_000069,7,-9.40208
control_r1,complex_000374,complex_000069,8,-6.47665
control_r1,complex_000374,complex_000069,9,-10.09104
control_r1,complex_000374,complex_000069,10,-8.92805
control_r1,complex_000374,complex_000069,11,-7.54661
control_r1,complex_000374,complex_000069,12,-9.03303
control_r1,complex_000374,complex_000069,13,-8.73065
control_r1,complex_000374,complex_000069,14,-8.76967
control_r1,complex_000374,complex_000069,15,-9.21326
control_r1,complex_000374,complex_000069,16,-8.9523
control_r1,complex_000374,complex_000069,17,-10.37332
control_r1,complex_000374,complex_000069,18,-11.27417
control_r1,complex_000374,complex_000069,19,-7.07568
control_r1,complex_000374,complex_000148,0,-8.50428
control_r1,complex_000374,complex_000148,1,-7.36209
control_r1,complex_000374,complex_000148,2,-6.98284
control_r1,complex_000374,complex_000148,3,-9.64825
control_r1,complex_000374,complex_000148,4,-6.69677
control_r1,complex_000374,complex_000148,5,-6.32833
control_r1,complex_000374,complex_000148,6,-5.20059
control_r1,complex_000374,complex_000148,7,-9.20031
control_r1,complex_000374,complex_000148,8,-6.28698
control_r1,complex_000374,complex_000148,9,-8.99773
control_r1,complex_000374,complex_000148,10,-8.50813
control_r1,complex_000374,complex_000148,11,-6.07159
control_r1,complex_000374,complex_000148,12,-8.23288
control_r1,complex_000374,complex_000148,13,-6.82094
control_r1,complex_000374,complex_000148,14,-7.96955
control_r1,complex_000374,complex_000148,15,-8.32188
control_r1,complex_000374,complex_000148,16,-8.07055
control_r1,complex_000374,complex_000148,17,-8.70832
control_r1,complex_000374,complex_000148,18,-10.50027
control_r1,complex_000374,complex_000148,19,-6.37168
control_r1,complex_000374,complex_000117,0,-6.75407
control_r1,complex_000374,complex_000117,1,-7.85041
control_r1,complex_000374,complex_000117,2,-7.45168
control_r1,complex_000374,complex_000117,3,-8.55324
control_r1,complex_000374,complex_000117,4,-8.23519
control_r1,complex_000374,complex_000117,5,-7.7265
control_r1,complex_000374,complex_000117,6,-6.26338
control_r1,complex_000374,complex_000117,7,-9.22217
control_r1,complex_000374,complex_000117,8,-6.41196
control_r1,complex_000374,complex_000117,9,-7.7127
control_r1,complex_000374,complex_000117,10,-8.86686
control_r1,complex_000374,complex_000117,11,-6.11587
control_r1,complex_000374,complex_000117,12,-8.01218
control_r1,complex_000374,complex_000117,13,-8.2083
control_r1,complex_000374,complex_000117,14,-8.06298
control_r1,complex_000374,complex_000117,15,-7.75455
control_r1,complex_000374,complex_000117,16,-8.67864
control_r1,complex_000374,complex_000117,17,-7.67908
control_r1,complex_000374,complex_000117,18,-9.69513
control_r1,complex_000374,complex_000117,19,-7.30981
control_r1,complex_000376,complex_000148,0,-8.45447
control_r1,complex_000376,complex_000148,1,-7.50425
control_r1,complex_000376,complex_000148,2,-5.92826
control_r1,complex_000376,complex_000148,3,-5.68338
control_r1,complex_000376,complex_000148,4,-8.44181
control_r1,complex_000376,complex_000148,5,-8.39082
control_r1,complex_000376,complex_000148,6,-5.09921
control_r1,complex_000376,complex_000148,7,-8.46004
control_r1,complex_000376,complex_000148,8,-8.65642
control_r1,complex_000376,complex_000148,9,-4.80464
control_r1,complex_000376,complex_000148,10,-5.72627
control_r1,complex_000376,complex_000148,11,-6.9145
control_r1,complex_000376,complex_000148,12,-6.06566
control_r1,complex_000376,complex_000148,13,-5.3943
control_r1,complex_000376,complex_000148,14,-6.73936
control_r1,complex_000376,complex_000148,15,-8.33769
control_r1,complex_000376,complex_000148,16,-4.22541
control_r1,complex_000376,complex_000148,17,-6.84815
control_r1,complex_000376,complex_000148,18,-5.7556
control_r1,complex_000376,complex_000148,19,-7.27282
control_r1,complex_000376,complex_000376,0,-9.92704
control_r1,complex_000376,complex_000376,1,-8.13051
control_r1,complex_000376,complex_000376,2,-6.99374
control_r1,complex_000376,complex_000376,3,-7.07801
control_r1,complex_000376,complex_000376,4,-10.10098
control_r1,complex_000376,complex_000376,5,-9.79644
control_r1,complex_000376,complex_000376,6,-5.79703
control_r1,complex_000376,complex_000376,7,-10.39305
control_r1,complex_000376,complex_000376,8,-10.46724
control_r1,complex_000376,complex_000376,9,-5.74953
control_r1,complex_000376,complex_000376,10,-6.34383
control_r1,complex_000376,complex_000376,11,-8.09548
control_r1,complex_000376,complex_000376,12,-7.50282
control_r1,complex_000376,complex_000376,13,-6.14097
control_r1,complex_000376,complex_000376,14,-8.62655
control_r1,complex_000376,complex_000376,15,-9.09375
control_r1,complex_000376,complex_000376,16,-5.02736
control_r1,complex_000376,complex_000376,17,-8.94425
control_r1,complex_000376,complex_000376,18,-6.7737
control_r1,complex_000376,complex_000376,19,-8.95212
control_r1,complex_000376,complex_000145,0,-6.4527
control_r1,complex_000376,complex_000145,1,-6.13543
control_r1,complex_000376,complex_000145,2,-5.35738
control_r1,complex_000376,complex_000145,3,-5.04411
control_r1,complex_000376,complex_000145,4,-6.49264
control_r1,complex_000376,complex_000145,5,-6.03689
control_r1,complex_000376,complex_000145,6,-4.31931
control_r1,complex_000376,complex_000145,7,-6.97619
control_r1,complex_000376,complex_000145,8,-6.56441
control_r1,complex_000376,complex_000145,9,-4.37997
control_r1,complex_000376,complex_000145,10,-4.58769
control_r1,complex_000376,complex_000145,11,-5.72089
control_r1,complex_000376,complex_000145,12,-5.85613
control_r1,complex_000376,complex_000145,13,-4.22485
control_r1,complex_000376,complex_000145,14,-6.37614
control_r1,complex_000376,complex_000145,15,-6.30265
control_r1,complex_000376,complex_000145,16,-3.62009
control_r1,complex_000376,complex_000145,17,-5.14557
control_r1,complex_000376,complex_000145,18,-5.5371
control_r1,complex_000376,complex_000145,19,-6.57831
control_r1,complex_000382,complex_000063,0,-7.53566
control_r1,complex_000382,complex_000063,1,-8.42287
control_r1,complex_000382,complex_000063,2,-7.27627
control_r1,complex_000382,complex_000063,3,-6.90196
control_r1,complex_000382,complex_000063,4,-7.44113
control_r1,complex_000382,complex_000063,5,-7.79677
control_r1,complex_000382,complex_000063,6,-7.23488
control_r1,complex_000382,complex_000063,7,-6.05251
control_r1,complex_000382,complex_000063,8,-6.5789
control_r1,complex_000382,complex_000063,9,-7.86047
control_r1,complex_000382,complex_000063,10,-7.10279
control_r1,complex_000382,complex_000063,11,-8.06252
control_r1,complex_000382,complex_000063,12,-7.37365
control_r1,complex_000382,complex_000063,13,-5.74187
control_r1,complex_000382,complex_000063,14,-6.38112
control_r1,complex_000382,complex_000063,15,-7.00314
control_r1,complex_000382,complex_000063,16,-8.29735
control_r1,complex_000382,complex_000063,17,-6.35999
control_r1,complex_000382,complex_000063,18,-6.58991
control_r1,complex_000382,complex_000063,19,-7.89711
control_r1,complex_000382,complex_000400,0,-9.04853
control_r1,complex_000382,complex_000400,1,-9.13754
control_r1,complex_000382,complex_000400,2,-8.55401
control_r1,complex_000382,complex_000400,3,-8.0484
control_r1,complex_000382,complex_000400,4,-8.7934
control_r1,complex_000382,complex_000400,5,-8.95088
control_r1,complex_000382,complex_000400,6,-7.83983
control_r1,complex_000382,complex_000400,7,-6.77337
control_r1,complex_000382,complex_000400,8,-7.51087
control_r1,complex_000382,complex_000400,9,-8.76243
control_r1,complex_000382,complex_000400,10,-7.96128
control_r1,complex_000382,complex_000400,11,-9.90536
control_r1,complex_000382,complex_000400,12,-9.42874
control_r1,complex_000382,complex_000400,13,-7.20326
control_r1,complex_000382,complex_000400,14,-7.28388
control_r1,complex_000382,complex_000400,15,-8.0151
control_r1,complex_000382,complex_000400,16,-9.10013
control_r1,complex_000382,complex_000400,17,-8.07224
control_r1,complex_000382,complex_000400,18,-6.39499
control_r1,complex_000382,complex_000400,19,-8.44951
control_r1,complex_000382,complex_000382,0,-9.8145
control_r1,complex_000382,complex_000382,1,-9.51428
control_r1,complex_000382,complex_000382,2,-9.16907
control_r1,complex_000382,complex_000382,3,-7.8996
control_r1,complex_000382,complex_000382,4,-9.3379
control_r1,complex_000382,complex_000382,5,-9.89674
control_r1,complex_000382,complex_000382,6,-7.98694
control_r1,complex_000382,complex_000382,7,-6.77546
control_r1,complex_000382,complex_000382,8,-8.16681
control_r1,complex_000382,complex_000382,9,-8.5937
control_r1,complex_000382,complex_000382,10,-8.16683
control_r1,complex_000382,complex_000382,11,-10.39674
control_r1,complex_000382,complex_000382,12,-8.71736
control_r1,complex_000382,complex_000382,13,-6.96843
control_r1,complex_000382,complex_000382,14,-7.32353
control_r1,complex_000382,complex_000382,15,-9.07468
control_r1,complex_000382,complex_000382,16,-8.91877
control_r1,complex_000382,complex_000382,17,-8.61229
control_r1,complex_000382,complex_000382,18,-7.21111
control_r1,complex_000382,complex_000382,19,-9.9844
control_r1,complex_000382,complex_000117,0,-6.78466
control_r1,complex_000382,complex_000117,1,-7.09923
control_r1,complex_000382,complex_000117,2,-7.41985
control_r1,complex_000382,complex_000117,3,-8.24173
control_r1,complex_000382,complex_000117,4,-8.38936
control_r1,complex_000382,complex_000117,5,-8.25985
control_r1,complex_000382,complex_000117,6,-6.68772
control_r1,complex_000382,complex_000117,7,-6.89167
control_r1,complex_000382,complex_000117,8,-7.81139
control_r1,complex_000382,complex_000117,9,-7.61421
control_r1,complex_000382,complex_000117,10,-7.75407
control_r1,complex_000382,complex_000117,11,-9.08336
control_r1,complex_000382,complex_000117,12,-7.32707
control_r1,complex_000382,complex_000117,13,-7.08536
control_r1,complex_000382,complex_000117,14,-7.43569
control_r1,complex_000382,complex_000117,15,-7.4432
control_r1,complex_000382,complex_000117,16,-7.78508
control_r1,complex_000382,complex_000117,17,-7.20267
control_r1,complex_000382,complex_000117,18,-7.04904
control_r1,complex_000382,complex_000117,19,-8.32244
control_r1,complex_000376,complex_000165,0,-8.86458
control_r1,complex_000376,complex_000165,1,-4.18624
control_r1,complex_000376,complex_000165,2,-6.26215
control_r1,complex_000376,complex_000165,3,-7.979
control_r1,complex_000376,complex_000165,4,-1.58974
control_r1,complex_000376,complex_000165,5,-2.86687
control_r1,complex_000376,complex_000165,6,-7.44533
control_r1,complex_000376,complex_000165,7,-4.42683
control_r1,complex_000376,complex_000165,8,4.58334
control_r1,complex_000376,complex_000165,9,-6.68173
control_r1,complex_000376,complex_000165,10,-6.49595
control_r1,complex_000376,complex_000165,11,-6.65393
control_r1,complex_000376,complex_000165,12,-5.36119
control_r1,complex_000376,complex_000165,13,-7.03991
control_r1,complex_000376,complex_000165,14,-7.92576
control_r1,complex_000376,complex_000165,15,-3.28488
control_r1,complex_000376,complex_000165,16,-5.99042
control_r1,complex_000376,complex_000165,17,-6.65978
control_r1,complex_000376,complex_000165,18,-6.87551
control_r1,complex_000376,complex_000165,19,-5.74418
control_r1,complex_000387,complex_000387,0,-8.27939
control_r1,complex_000387,complex_000387,1,-8.21966
control_r1,complex_000387,complex_000387,2,-5.10634
control_r1,complex_000387,complex_000387,3,-10.31835
control_r1,complex_000387,complex_000387,4,-7.3928
control_r1,complex_000387,complex_000387,5,-10.46606
control_r1,complex_000387,complex_000387,6,-10.40415
control_r1,complex_000387,complex_000387,7,-5.31158
control_r1,complex_000387,complex_000387,8,-10.00524
control_r1,complex_000387,complex_000387,9,-7.3774
control_r1,complex_000387,complex_000387,10,-8.20188
control_r1,complex_000387,complex_000387,11,-9.9212
control_r1,complex_000387,complex_000387,12,-10.38391
control_r1,complex_000387,complex_000387,13,-8.91836
control_r1,complex_000387,complex_000387,14,-9.12758
control_r1,complex_000387,complex_000387,15,-9.41771
control_r1,complex_000387,complex_000387,16,-8.67335
control_r1,complex_000387,complex_000387,17,-9.66691
control_r1,complex_000387,complex_000387,18,-8.8309
control_r1,complex_000387,complex_000387,19,-9.35775
control_r1,complex_000387,complex_000456,0,-8.25915
control_r1,complex_000387,complex_000456,1,-6.9372
control_r1,complex_000387,complex_000456,2,-4.57307
control_r1,complex_000387,complex_000456,3,-8.91523
control_r1,complex_000387,complex_000456,4,-6.04556
control_r1,complex_000387,complex_000456,5,-8.41139
control_r1,complex_000387,complex_000456,6,-8.17374
control_r1,complex_000387,complex_000456,7,-4.39052
control_r1,complex_000387,complex_000456,8,-7.63984
control_r1,complex_000387,complex_000456,9,-6.19176
control_r1,complex_000387,complex_000456,10,-6.76626
control_r1,complex_000387,complex_000456,11,-8.07652
control_r1,complex_000387,complex_000456,12,-8.36038
control_r1,complex_000387,complex_000456,13,-7.36626
control_r1,complex_000387,complex_000456,14,-7.58055
control_r1,complex_000387,complex_000456,15,-7.61363
control_r1,complex_000387,complex_000456,16,-7.18714
control_r1,complex_000387,complex_000456,17,-7.98833
control_r1,complex_000387,complex_000456,18,-7.01496
control_r1,complex_000387,complex_000456,19,-7.74207
control_r1,complex_000387,complex_000141,0,-7.51414
control_r1,complex_000387,complex_000141,1,-7.41189
control_r1,complex_000387,complex_000141,2,-4.55514
control_r1,complex_000387,complex_000141,3,-9.22123
control_r1,complex_000387,complex_000141,4,-6.28539
control_r1,complex_000387,complex_000141,5,-8.64066
control_r1,complex_000387,complex_000141,6,-8.96147
control_r1,complex_000387,complex_000141,7,-4.16958
control_r1,complex_000387,complex_000141,8,-8.29547
control_r1,complex_000387,complex_000141,9,-5.90738
control_r1,complex_000387,complex_000141,10,-6.74085
control_r1,complex_000387,complex_000141,11,-8.28416
control_r1,complex_000387,complex_000141,12,-8.01961
control_r1,complex_000387,complex_000141,13,-7.81081
control_r1,complex_000387,complex_000141,14,-7.97674
control_r1,complex_000387,complex_000141,15,-7.35308
control_r1,complex_000387,complex_000141,16,-7.54555
control_r1,complex_000387,complex_000141,17,-8.63992
control_r1,complex_000387,complex_000141,18,-7.24008
control_r1,complex_000387,complex_000141,19,-8.3198
control_r1,complex_000387,complex_000223,0,-6.2316
control_r1,complex_000387,complex_000223,1,-5.72644
control_r1,complex_000387,complex_000223,2,-3.64768
control_r1,complex_000387,complex_000223,3,-7.40706
control_r1,complex_000387,complex_000223,4,-5.26712
control_r1,complex_000387,complex_000223,5,-7.16547
control_r1,complex_000387,complex_000223,6,-6.16367
control_r1,complex_000387,complex_000223,7,-3.78436
control_r1,complex_000387,complex_000223,8,-6.32496
control_r1,complex_000387,complex_000223,9,-4.62291
control_r1,complex_000387,complex_000223,10,-5.7036
control_r1,complex_000387,complex_000223,11,-6.57845
control_r1,complex_000387,complex_000223,12,-6.76652
control_r1,complex_000387,complex_000223,13,-5.91838
control_r1,complex_000387,complex_000223,14,-6.46915
control_r1,complex_000387,complex_000223,15,-6.38558
control_r1,complex_000387,complex_000223,16,-6.00353
control_r1,complex_000387,complex_000223,17,-7.11807
control_r1,complex_000387,complex_000223,18,-5.7173
control_r1,complex_000387,complex_000223,19,-6.2236
control_r1,complex_000394,complex_000085,0,-6.40374
control_r1,complex_000394,complex_000085,1,-7.83632
control_r1,complex_000394,complex_000085,2,-7.17906
control_r1,complex_000394,complex_000085,3,-5.62357
control_r1,complex_000394,complex_000085,4,-10.60801
control_r1,complex_000394,complex_000085,5,-7.92757
control_r1,complex_000394,complex_000085,6,-9.6329
control_r1,complex_000394,complex_000085,7,-5.79543
control_r1,complex_000394,complex_000085,8,-8.16188
control_r1,complex_000394,complex_000085,9,-9.29224
control_r1,complex_000394,complex_000085,10,-7.62602
control_r1,complex_000394,complex_000085,11,-5.84164
control_r1,complex_000394,complex_000085,12,-5.68187
control_r1,complex_000394,complex_000085,13,-5.8233
control_r1,complex_000394,complex_000085,14,-10.53213
control_r1,complex_000394,complex_000085,15,-5.83098
control_r1,complex_000394,complex_000085,16,-8.08043
control_r1,complex_000394,complex_000085,17,-11.44787
control_r1,complex_000394,complex_000085,18,-8.57115
control_r1,complex_000394,complex_000085,19,-4.67592
control_r1,complex_000403,complex_000477,0,-8.24604
control_r1,complex_000403,complex_000477,1,-9.86067
control_r1,complex_000403,complex_000477,2,-7.81017
control_r1,complex_000403,complex_000477,3,-5.7065
control_r1,complex_000403,complex_000477,4,-8.6316
control_r1,complex_000403,complex_000477,5,-5.90242
control_r1,complex_000403,complex_000477,6,-5.98535
control_r1,complex_000403,complex_000477,7,-5.55634
control_r1,complex_000403,complex_000477,8,-7.71085
control_r1,complex_000403,complex_000477,9,-9.36896
control_r1,complex_000403,complex_000477,10,-7.68667
control_r1,complex_000403,complex_000477,11,-7.20493
control_r1,complex_000403,complex_000477,12,-5.85426
control_r1,complex_000403,complex_000477,13,-6.57057
control_r1,complex_000403,complex_000477,14,-6.81896
control_r1,complex_000403,complex_000477,15,-6.50775
control_r1,complex_000403,complex_000477,16,-6.18877
control_r1,complex_000403,complex_000477,17,-6.25166
control_r1,complex_000403,complex_000477,18,-7.80836
control_r1,complex_000403,complex_000477,19,-6.13334
control_r1,complex_000403,complex_000403,0,-8.52508
control_r1,complex_000403,complex_000403,1,-10.39913
control_r1,complex_000403,complex_000403,2,-8.0597
control_r1,complex_000403,complex_000403,3,-7.09229
control_r1,complex_000403,complex_000403,4,-8.59104
control_r1,complex_000403,complex_000403,5,-6.79353
control_r1,complex_000403,complex_000403,6,-5.59952
control_r1,complex_000403,complex_000403,7,-5.59934
control_r1,complex_000403,complex_000403,8,-8.11442
control_r1,complex_000403,complex_000403,9,-10.23052
control_r1,complex_000403,complex_000403,10,-7.31123
control_r1,complex_000403,complex_000403,11,-8.07816
control_r1,complex_000403,complex_000403,12,-7.01606
control_r1,complex_000403,complex_000403,13,-7.90956
control_r1,complex_000403,complex_000403,14,-7.48799
control_r1,complex_000403,complex_000403,15,-7.56973
control_r1,complex_000403,complex_000403,16,-7.3738
control_r1,complex_000403,complex_000403,17,-6.43729
control_r1,complex_000403,complex_000403,18,-8.05649
control_r1,complex_000403,complex_000403,19,-7.137
control_r1,complex_000403,complex_000305,0,-8.97122
control_r1,complex_000403,complex_000305,1,-10.57013
control_r1,complex_000403,complex_000305,2,-9.21101
control_r1,complex_000403,complex_000305,3,-6.82315
control_r1,complex_000403,complex_000305,4,-8.91197
control_r1,complex_000403,complex_000305,5,-7.34547
control_r1,complex_000403,complex_000305,6,-5.80626
control_r1,complex_000403,complex_000305,7,-6.03115
control_r1,complex_000403,complex_000305,8,-9.21637
control_r1,complex_000403,complex_000305,9,-10.22346
control_r1,complex_000403,complex_000305,10,-8.6092
control_r1,complex_000403,complex_000305,11,-9.169
control_r1,complex_000403,complex_000305,12,-6.35745
control_r1,complex_000403,complex_000305,13,-7.4818
control_r1,complex_000403,complex_000305,14,-8.35126
control_r1,complex_000403,complex_000305,15,-8.04726
control_r1,complex_000403,complex_000305,16,-7.2768
control_r1,complex_000403,complex_000305,17,-6.21974
control_r1,complex_000403,complex_000305,18,-9.63491
control_r1,complex_000403,complex_000305,19,-6.89716
control_r1,complex_000394,complex_000411,0,-5.85218
control_r1,complex_000394,complex_000411,1,-7.38422
control_r1,complex_000394,complex_000411,2,-7.34879
control_r1,complex_000394,complex_000411,3,-6.02476
control_r1,complex_000394,complex_000411,4,-9.40825
control_r1,complex_000394,complex_000411,5,-7.31285
control_r1,complex_000394,complex_000411,6,-9.21587
control_r1,complex_000394,complex_000411,7,-6.07894
control_r1,complex_000394,complex_000411,8,-7.57115
control_r1,complex_000394,complex_000411,9,-9.11501
control_r1,complex_000394,complex_000411,10,-7.79748
control_r1,complex_000394,complex_000411,11,-6.39718
control_r1,complex_000394,complex_000411,12,-6.09571
control_r1,complex_000394,complex_000411,13,-5.99457
control_r1,complex_000394,complex_000411,14,-8.84299
control_r1,complex_000394,complex_000411,15,-5.85485
control_r1,complex_000394,complex_000411,16,-9.3121
control_r1,complex_000394,complex_000411,17,-9.74629
control_r1,complex_000394,complex_000411,18,-8.67836
control_r1,complex_000394,complex_000411,19,-4.94487
control_r1,complex_000400,complex_000400,0,-7.52634
control_r1,complex_000400,complex_000400,1,-9.80136
control_r1,complex_000400,complex_000400,2,-8.75607
control_r1,complex_000400,complex_000400,3,-10.95947
control_r1,complex_000400,complex_000400,4,-11.9888
control_r1,complex_000400,complex_000400,5,-9.92023
control_r1,complex_000400,complex_000400,6,-6.07867
control_r1,complex_000400,complex_000400,7,-10.38158
control_r1,complex_000400,complex_000400,8,-9.59675
control_r1,complex_000400,complex_000400,9,-9.27729
control_r1,complex_000400,complex_000400,10,-11.04111
control_r1,complex_000400,complex_000400,11,-8.93657
control_r1,complex_000400,complex_000400,12,-8.663
control_r1,complex_000400,complex_000400,13,-8.00593
control_r1,complex_000400,complex_000400,14,-8.26747
control_r1,complex_000400,complex_000400,15,-9.75879
control_r1,complex_000400,complex_000400,16,-11.36719
control_r1,complex_000400,complex_000400,17,-8.4556
control_r1,complex_000400,complex_000400,18,-8.74778
control_r1,complex_000400,complex_000400,19,-9.03007
control_r1,complex_000394,complex_000394,0,-7.05408
control_r1,complex_000394,complex_000394,1,-8.41108
control_r1,complex_000394,complex_000394,2,-7.83439
control_r1,complex_000394,complex_000394,3,-5.33393
control_r1,complex_000394,complex_000394,4,-8.70007
control_r1,complex_000394,complex_000394,5,-8.59513
control_r1,complex_000394,complex_000394,6,-8.59376
control_r1,complex_000394,complex_000394,7,-6.50111
control_r1,complex_000394,complex_000394,8,-8.47061
control_r1,complex_000394,complex_000394,9,-9.08911
control_r1,complex_000394,complex_000394,10,-8.06086
control_r1,complex_000394,complex_000394,11,-6.30578
control_r1,complex_000394,complex_000394,12,-5.651
control_r1,complex_000394,complex_000394,13,-5.96903
control_r1,complex_000394,complex_000394,14,-9.80157
control_r1,complex_000394,complex_000394,15,-6.93354
control_r1,complex_000394,complex_000394,16,-9.18445
control_r1,complex_000394,complex_000394,17,-9.23137
control_r1,complex_000394,complex_000394,18,-8.47238
control_r1,complex_000394,complex_000394,19,-4.93487
control_r1,complex_000403,complex_000179,0,-9.01326
control_r1,complex_000403,complex_000179,1,-11.7679
control_r1,complex_000403,complex_000179,2,-9.01331
control_r1,complex_000403,complex_000179,3,-6.98351
control_r1,complex_000403,complex_000179,4,-8.98056
control_r1,complex_000403,complex_000179,5,-7.50079
control_r1,complex_000403,complex_000179,6,-5.89559
control_r1,complex_000403,complex_000179,7,-6.38438
control_r1,complex_000403,complex_000179,8,-8.40336
control_r1,complex_000403,complex_000179,9,-9.59974
control_r1,complex_000403,complex_000179,10,-8.41018
control_r1,complex_000403,complex_000179,11,-8.88774
control_r1,complex_000403,complex_000179,12,-6.57722
control_r1,complex_000403,complex_000179,13,-7.94543
control_r1,complex_000403,complex_000179,14,-7.73942
control_r1,complex_000403,complex_000179,15,-8.10716
control_r1,complex_000403,complex_000179,16,-7.9809
control_r1,complex_000403,complex_000179,17,-6.66718
control_r1,complex_000403,complex_000179,18,-9.36577
control_r1,complex_000403,complex_000179,19,-7.91943
control_r1,complex_000400,complex_000477,0,-6.30785
control_r1,complex_000400,complex_000477,1,-8.13771
control_r1,complex_000400,complex_000477,2,-7.52011
control_r1,complex_000400,complex_000477,3,-9.38387
control_r1,complex_000400,complex_000477,4,-9.10639
control_r1,complex_000400,complex_000477,5,-7.41608
control_r1,complex_000400,complex_000477,6,-5.40577
control_r1,complex_000400,complex_000477,7,-8.02483
control_r1,complex_000400,complex_000477,8,-7.18696
control_r1,complex_000400,complex_000477,9,-8.16022
control_r1,complex_000400,complex_000477,10,-8.95139
control_r1,complex_000400,complex_000477,11,-6.93418
control_r1,complex_000400,complex_000477,12,-6.8236
control_r1,complex_000400,complex_000477,13,-6.92165
control_r1,complex_000400,complex_000477,14,-6.65484
control_r1,complex_000400,complex_000477,15,-7.46586
control_r1,complex_000400,complex_000477,16,-8.59759
control_r1,complex_000400,complex_000477,17,-6.79067
control_r1,complex_000400,complex_000477,18,-7.57357
control_r1,complex_000400,complex_000477,19,-7.13448
control_r1,complex_000394,complex_000177,0,-5.96468
control_r1,complex_000394,complex_000177,1,-7.16545
control_r1,complex_000394,complex_000177,2,-7.06868
control_r1,complex_000394,complex_000177,3,-5.40726
control_r1,complex_000394,complex_000177,4,-8.9115
control_r1,complex_000394,complex_000177,5,-7.10934
control_r1,complex_000394,complex_000177,6,-9.42954
control_r1,complex_000394,complex_000177,7,-5.89299
control_r1,complex_000394,complex_000177,8,-7.4864
control_r1,complex_000394,complex_000177,9,-8.67447
control_r1,complex_000394,complex_000177,10,-8.71837
control_r1,complex_000394,complex_000177,11,-5.95777
control_r1,complex_000394,complex_000177,12,-5.12741
control_r1,complex_000394,complex_000177,13,-6.3517
control_r1,complex_000394,complex_000177,14,-9.86225
control_r1,complex_000394,complex_000177,15,-6.27189
control_r1,complex_000394,complex_000177,16,-7.42439
control_r1,complex_000394,complex_000177,17,-11.20876
control_r1,complex_000394,complex_000177,18,-8.68467
control_r1,complex_000394,complex_000177,19,-4.97747
control_r1,complex_000400,complex_000051,0,-6.44536
control_r1,complex_000400,complex_000051,1,-8.75522
control_r1,complex_000400,complex_000051,2,-8.64038
control_r1,complex_000400,complex_000051,3,-7.26556
control_r1,complex_000400,complex_000051,4,-3.27582
control_r1,complex_000400,complex_000051,5,-9.44147
control_r1,complex_000400,complex_000051,6,-5.27808
control_r1,complex_000400,complex_000051,7,-8.28594
control_r1,complex_000400,complex_000051,8,-7.80234
control_r1,complex_000400,complex_000051,9,-8.02553
control_r1,complex_000400,complex_000051,10,-9.01453
control_r1,complex_000400,complex_000051,11,-5.92205
control_r1,complex_000400,complex_000051,12,-7.97632
control_r1,complex_000400,complex_000051,13,-7.11073
control_r1,complex_000400,complex_000051,14,-6.04877
control_r1,complex_000400,complex_000051,15,-5.25174
control_r1,complex_000400,complex_000051,16,-6.18834
control_r1,complex_000400,complex_000051,17,-7.20406
control_r1,complex_000400,complex_000051,18,-7.50336
control_r1,complex_000400,complex_000051,19,-7.08428
control_r1,complex_000411,complex_000411,0,-7.29269
control_r1,complex_000411,complex_000411,1,-7.75728
control_r1,complex_000411,complex_000411,2,-8.07238
control_r1,complex_000411,complex_000411,3,-7.80931
control_r1,complex_000411,complex_000411,4,-8.55406
control_r1,complex_000411,complex_000411,5,-7.7692
control_r1,complex_000411,complex_000411,6,-4.74149
control_r1,complex_000411,complex_000411,7,-8.37549
control_r1,complex_000411,complex_000411,8,-7.55443
control_r1,complex_000411,complex_000411,9,-6.18689
control_r1,complex_000411,complex_000411,10,-8.0004
control_r1,complex_000411,complex_000411,11,-7.64729
control_r1,complex_000411,complex_000411,12,-10.54103
control_r1,complex_000411,complex_000411,13,-5.10051
control_r1,complex_000411,complex_000411,14,-7.41107
control_r1,complex_000411,complex_000411,15,-8.62687
control_r1,complex_000411,complex_000411,16,-8.12112
control_r1,complex_000411,complex_000411,17,-6.92148
control_r1,complex_000411,complex_000411,18,-8.13156
control_r1,complex_000411,complex_000411,19,-5.27722
control_r1,complex_000411,complex_000059,0,-6.87656
control_r1,complex_000411,complex_000059,1,-8.03401
control_r1,complex_000411,complex_000059,2,-7.80192
control_r1,complex_000411,complex_000059,3,-8.29681
control_r1,complex_000411,complex_000059,4,-8.13127
control_r1,complex_000411,complex_000059,5,-8.36336
control_r1,complex_000411,complex_000059,6,-4.7496
control_r1,complex_000411,complex_000059,7,-9.09602
control_r1,complex_000411,complex_000059,8,-7.46185
control_r1,complex_000411,complex_000059,9,-6.44708
control_r1,complex_000411,complex_000059,10,-7.86894
control_r1,complex_000411,complex_000059,11,-7.63107
control_r1,complex_000411,complex_000059,12,-7.38885
control_r1,complex_000411,complex_000059,13,-5.40938
control_r1,complex_000411,complex_000059,14,-8.68966
control_r1,complex_000411,complex_000059,15,-9.39151
control_r1,complex_000411,complex_000059,16,-8.43489
control_r1,complex_000411,complex_000059,17,-6.42446
control_r1,complex_000411,complex_000059,18,-8.01845
control_r1,complex_000411,complex_000059,19,-5.41371
control_r1,complex_000411,complex_000540,0,-7.28368
control_r1,complex_000411,complex_000540,1,-8.81163
control_r1,complex_000411,complex_000540,2,-7.92467
control_r1,complex_000411,complex_000540,3,-7.63324
control_r1,complex_000411,complex_000540,4,-7.74873
control_r1,complex_000411,complex_000540,5,-7.77132
control_r1,complex_000411,complex_000540,6,-4.45919
control_r1,complex_000411,complex_000540,7,-8.62991
control_r1,complex_000411,complex_000540,8,-7.39368
control_r1,complex_000411,complex_000540,9,-5.60949
control_r1,complex_000411,complex_000540,10,-8.00166
control_r1,complex_000411,complex_000540,11,-7.11863
control_r1,complex_000411,complex_000540,12,-9.55236
control_r1,complex_000411,complex_000540,13,-5.14681
control_r1,complex_000411,complex_000540,14,-7.03775
control_r1,complex_000411,complex_000540,15,-8.60591
control_r1,complex_000411,complex_000540,16,-8.27458
control_r1,complex_000411,complex_000540,17,-5.72461
control_r1,complex_000411,complex_000540,18,-8.28046
control_r1,complex_000411,complex_000540,19,-4.73338
control_r1,complex_000400,complex_000394,0,-6.62356
control_r1,complex_000400,complex_000394,1,-8.15646
control_r1,complex_000400,complex_000394,2,-8.43035
control_r1,complex_000400,complex_000394,3,-9.74895
control_r1,complex_000400,complex_000394,4,-6.84504
control_r1,complex_000400,complex_000394,5,-7.65083
control_r1,complex_000400,complex_000394,6,-5.52909
control_r1,complex_000400,complex_000394,7,-7.85092
control_r1,complex_000400,complex_000394,8,-8.49992
control_r1,complex_000400,complex_000394,9,-8.48457
control_r1,complex_000400,complex_000394,10,-9.1846
control_r1,complex_000400,complex_000394,11,-6.86828
control_r1,complex_000400,complex_000394,12,-9.41703
control_r1,complex_000400,complex_000394,13,-8.03209
control_r1,complex_000400,complex_000394,14,-7.29667
control_r1,complex_000400,complex_000394,15,-7.20672
control_r1,complex_000400,complex_000394,16,-7.48904
control_r1,complex_000400,complex_000394,17,-7.54082
control_r1,complex_000400,complex_000394,18,-8.13262
control_r1,complex_000400,complex_000394,19,-7.73101
control_r1,complex_000411,complex_000191,0,-5.74618
control_r1,complex_000411,complex_000191,1,-6.40397
control_r1,complex_000411,complex_000191,2,-7.10438
control_r1,complex_000411,complex_000191,3,-6.99869
control_r1,complex_000411,complex_000191,4,-6.19599
control_r1,complex_000411,complex_000191,5,-6.92244
control_r1,complex_000411,complex_000191,6,-4.31424
control_r1,complex_000411,complex_000191,7,-6.79723
control_r1,complex_000411,complex_000191,8,-6.05104
control_r1,complex_000411,complex_000191,9,-5.0227
control_r1,complex_000411,complex_000191,10,-5.07417
control_r1,complex_000411,complex_000191,11,-5.29349
control_r1,complex_000411,complex_000191,12,-7.31903
control_r1,complex_000411,complex_000191,13,-4.45089
control_r1,complex_000411,complex_000191,14,-5.78382
control_r1,complex_000411,complex_000191,15,-6.93099
control_r1,complex_000411,complex_000191,16,-6.32838
control_r1,complex_000411,complex_000191,17,-5.5436
control_r1,complex_000411,complex_000191,18,-6.76877
control_r1,complex_000411,complex_000191,19,-5.01865
control_r1,complex_000426,complex_000426,0,-8.37642
control_r1,complex_000426,complex_000426,1,-8.13173
control_r1,complex_000426,complex_000426,2,-6.22395
control_r1,complex_000426,complex_000426,3,-5.49321
control_r1,complex_000426,complex_000426,4,-7.89733
control_r1,complex_000426,complex_000426,5,-5.98658
control_r1,complex_000426,complex_000426,6,-5.25967
control_r1,complex_000426,complex_000426,7,-8.04223
control_r1,complex_000426,complex_000426,8,-8.16239
control_r1,complex_000426,complex_000426,9,-6.70445
control_r1,complex_000426,complex_000426,10,-9.52259
control_r1,complex_000426,complex_000426,11,-7.94099
control_r1,complex_000426,complex_000426,12,-6.13386
control_r1,complex_000426,complex_000426,13,-10.46282
control_r1,complex_000426,complex_000426,14,-10.33231
control_r1,complex_000426,complex_000426,15,-10.32099
control_r1,complex_000426,complex_000426,16,-4.95873
control_r1,complex_000426,complex_000426,17,-4.84476
control_r1,complex_000426,complex_000426,18,-6.05059
control_r1,complex_000426,complex_000426,19,-5.64158
control_r1,complex_000426,complex_000140,0,-8.64315
control_r1,complex_000426,complex_000140,1,-8.25548
control_r1,complex_000426,complex_000140,2,-7.20424
control_r1,complex_000426,complex_000140,3,-5.69189
control_r1,complex_000426,complex_000140,4,-8.04807
control_r1,complex_000426,complex_000140,5,-5.80898
control_r1,complex_000426,complex_000140,6,-4.85211
control_r1,complex_000426,complex_000140,7,-8.91848
control_r1,complex_000426,complex_000140,8,-9.62801
control_r1,complex_000426,complex_000140,9,-7.91071
control_r1,complex_000426,complex_000140,10,-9.93552
control_r1,complex_000426,complex_000140,11,-8.07471
control_r1,complex_000426,complex_000140,12,-6.69007
control_r1,complex_000426,complex_000140,13,-10.43347
control_r1,complex_000426,complex_000140,14,-10.36519
control_r1,complex_000426,complex_000140,15,-10.17528
control_r1,complex_000426,complex_000140,16,-4.96544
control_r1,complex_000426,complex_000140,17,-5.32161
control_r1,complex_000426,complex_000140,18,-7.21575
control_r1,complex_000426,complex_000140,19,-6.3414
control_r1,complex_000426,complex_000400,0,-8.67608
control_r1,complex_000426,complex_000400,1,-8.98378
control_r1,complex_000426,complex_000400,2,-7.31682
control_r1,complex_000426,complex_000400,3,-5.8726
control_r1,complex_000426,complex_000400,4,-8.23244
control_r1,complex_000426,complex_000400,5,-6.30442
control_r1,complex_000426,complex_000400,6,-5.51452
control_r1,complex_000426,complex_000400,7,-8.61034
control_r1,complex_000426,complex_000400,8,-8.93883
control_r1,complex_000426,complex_000400,9,-8.32073
control_r1,complex_000426,complex_000400,10,-11.02104
control_r1,complex_000426,complex_000400,11,-8.76157
control_r1,complex_000426,complex_000400,12,-7.3318
control_r1,complex_000426,complex_000400,13,-10.98146
control_r1,complex_000426,complex_000400,14,-10.4094
control_r1,complex_000426,complex_000400,15,-10.82373
control_r1,complex_000426,complex_000400,16,-5.42898
control_r1,complex_000426,complex_000400,17,-6.07306
control_r1,complex_000426,complex_000400,18,-6.86995
control_r1,complex_000426,complex_000400,19,-6.51992
control_r1,complex_000426,complex_000506,0,-6.67163
control_r1,complex_000426,complex_000506,1,-6.75117
control_r1,complex_000426,complex_000506,2,-5.54034
control_r1,complex_000426,complex_000506,3,-4.3647
control_r1,complex_000426,complex_000506,4,-6.47159
control_r1,complex_000426,complex_000506,5,-5.65732
control_r1,complex_000426,complex_000506,6,-5.76794
control_r1,complex_000426,complex_000506,7,-5.85
control_r1,complex_000426,complex_000506,8,-6.74039
control_r1,complex_000426,complex_000506,9,-6.62921
control_r1,complex_000426,complex_000506,10,-7.19489
control_r1,complex_000426,complex_000506,11,-6.67814
control_r1,complex_000426,complex_000506,12,-5.52731
control_r1,complex_000426,complex_000506,13,-7.31071
control_r1,complex_000426,complex_000506,14,-8.42348
control_r1,complex_000426,complex_000506,15,-7.96332
control_r1,complex_000426,complex_000506,16,-4.51854
control_r1,complex_000426,complex_000506,17,-4.93692
control_r1,complex_000426,complex_000506,18,-5.47741
control_r1,complex_000426,complex_000506,19,-6.0499
control_r1,complex_000456,complex_000456,0,-6.93394
control_r1,complex_000456,complex_000456,1,-7.75035
control_r1,complex_000456,complex_000456,2,-6.54252
control_r1,complex_000456,complex_000456,3,-5.56657
control_r1,complex_000456,complex_000456,4,-6.6737
control_r1,complex_000456,complex_000456,5,-7.09487
control_r1,complex_000456,complex_000456,6,-7.93205
control_r1,complex_000456,complex_000456,7,-4.18252
control_r1,complex_000456,complex_000456,8,-6.94248
control_r1,complex_000456,complex_000456,9,-7.74262
control_r1,complex_000456,complex_000456,10,-7.93871
control_r1,complex_000456,complex_000456,11,-6.33011
control_r1,complex_000456,complex_000456,12,-5.0467
control_r1,complex_000456,complex_000456,13,-8.52004
control_r1,complex_000456,complex_000456,14,-8.24722
control_r1,complex_000456,complex_000456,15,-7.03394
control_r1,complex_000456,complex_000456,16,-7.14445
control_r1,complex_000456,complex_000456,17,-8.10415
control_r1,complex_000456,complex_000456,18,-6.22617
control_r1,complex_000456,complex_000456,19,-4.82087
control_r1,complex_000456,complex_000063,0,-6.98096
control_r1,complex_000456,complex_000063,1,-8.30299
control_r1,complex_000456,complex_000063,2,-6.87258
control_r1,complex_000456,complex_000063,3,-5.82488
control_r1,complex_000456,complex_000063,4,-7.1243
control_r1,complex_000456,complex_000063,5,-7.90213
control_r1,complex_000456,complex_000063,6,-7.51262
control_r1,complex_000456,complex_000063,7,-4.05821
control_r1,complex_000456,complex_000063,8,-7.398
control_r1,complex_000456,complex_000063,9,-7.57333
control_r1,complex_000456,complex_000063,10,-8.52259
control_r1,complex_000456,complex_000063,11,-5.46434
control_r1,complex_000456,complex_000063,12,-4.33125
control_r1,complex_000456,complex_000063,13,-7.2194
control_r1,complex_000456,complex_000063,14,-8.24323
control_r1,complex_000456,complex_000063,15,-6.23018
control_r1,complex_000456,complex_000063,16,-6.42179
control_r1,complex_000456,complex_000063,17,-7.36483
control_r1,complex_000456,complex_000063,18,-6.1104
control_r1,complex_000456,complex_000063,19,-4.44638
control_r1,complex_000472,complex_000472,0,-9.69103
control_r1,complex_000472,complex_000472,1,-10.96926
control_r1,complex_000472,complex_000472,2,-8.5376
control_r1,complex_000472,complex_000472,3,-10.05854
control_r1,complex_000472,complex_000472,4,-5.8635
control_r1,complex_000472,complex_000472,5,-9.55348
control_r1,complex_000472,complex_000472,6,-10.0456
control_r1,complex_000472,complex_000472,7,-7.43336
control_r1,complex_000472,complex_000472,8,-10.06478
control_r1,complex_000472,complex_000472,9,-9.64486
control_r1,complex_000472,complex_000472,10,-10.85217
control_r1,complex_000472,complex_000472,11,-6.37916
control_r1,complex_000472,complex_000472,12,-8.62241
control_r1,complex_000472,complex_000472,13,-8.79134
control_r1,complex_000472,complex_000472,14,-8.69891
control_r1,complex_000472,complex_000472,15,-5.43874
control_r1,complex_000472,complex_000472,16,-6.83599
control_r1,complex_000472,complex_000472,17,-11.09422
control_r1,complex_000472,complex_000472,18,-9.69557
control_r1,complex_000472,complex_000472,19,-8.43829
control_r1,complex_000456,complex_000540,0,-7.62617
control_r1,complex_000456,complex_000540,1,-9.00276
control_r1,complex_000456,complex_000540,2,-6.64232
control_r1,complex_000456,complex_000540,3,-5.5619
control_r1,complex_000456,complex_000540,4,-6.84349
control_r1,complex_000456,complex_000540,5,-7.42161
control_r1,complex_000456,complex_000540,6,-8.30786
control_r1,complex_000456,complex_000540,7,-4.07024
control_r1,complex_000456,complex_000540,8,-7.25503
control_r1,complex_000456,complex_000540,9,-8.2864
control_r1,complex_000456,complex_000540,10,-8.89737
control_r1,complex_000456,complex_000540,11,-6.05132
control_r1,complex_000456,complex_000540,12,-4.50948
control_r1,complex_000456,complex_000540,13,-7.64521
control_r1,complex_000456,complex_000540,14,-9.29277
control_r1,complex_000456,complex_000540,15,-5.87852
control_r1,complex_000456,complex_000540,16,-6.4448
control_r1,complex_000456,complex_000540,17,-9.0666
control_r1,complex_000456,complex_000540,18,-6.28606
control_r1,complex_000456,complex_000540,19,-4.40389
control_r1,complex_000456,complex_000112,0,-6.54105
control_r1,complex_000456,complex_000112,1,-7.00396
control_r1,complex_000456,complex_000112,2,-5.86568
control_r1,complex_000456,complex_000112,3,-5.05961
control_r1,complex_000456,complex_000112,4,-5.58875
control_r1,complex_000456,complex_000112,5,-7.60889
control_r1,complex_000456,complex_000112,6,-6.48475
control_r1,complex_000456,complex_000112,7,-3.96811
control_r1,complex_000456,complex_000112,8,-6.64374
control_r1,complex_000456,complex_000112,9,-6.89631
control_r1,complex_000456,complex_000112,10,-7.76815
control_r1,complex_000456,complex_000112,11,-5.63254
control_r1,complex_000456,complex_000112,12,-4.81067
control_r1,complex_000456,complex_000112,13,-7.62776
control_r1,complex_000456,complex_000112,14,-7.03131
control_r1,complex_000456,complex_000112,15,-5.91268
control_r1,complex_000456,complex_000112,16,-6.27515
control_r1,complex_000456,complex_000112,17,-8.06926
control_r1,complex_000456,complex_000112,18,-6.14136
control_r1,complex_000456,complex_000112,19,-5.13449
control_r1,complex_000473,complex_000292,0,-4.39753
control_r1,complex_000473,complex_000292,1,-6.61146
control_r1,complex_000473,complex_000292,2,-4.6264
control_r1,complex_000473,complex_000292,3,-8.56507
control_r1,complex_000473,complex_000292,4,-5.46763
control_r1,complex_000473,complex_000292,5,-5.19775
control_r1,complex_000473,complex_000292,6,-7.89567
control_r1,complex_000473,complex_000292,7,-6.84739
control_r1,complex_000473,complex_000292,8,-5.58223
control_r1,complex_000473,complex_000292,9,-4.52567
control_r1,complex_000473,complex_000292,10,-6.91303
control_r1,complex_000473,complex_000292,11,-6.74554
control_r1,complex_000473,complex_000292,12,-5.16782
control_r1,complex_000473,complex_000292,13,-7.33244
control_r1,complex_000473,complex_000292,14,-7.31064
control_r1,complex_000473,complex_000292,15,-4.81496
control_r1,complex_000473,complex_000292,16,-6.81951
control_r1,complex_000473,complex_000292,17,-6.1146
control_r1,complex_000473,complex_000292,18,-7.1839
control_r1,complex_000473,complex_000292,19,-6.15709
control_r1,complex_000472,complex_000069,0,-8.40783
control_r1,complex_000472,complex_000069,1,-9.13352
control_r1,complex_000472,complex_000069,2,-7.91511
control_r1,complex_000472,complex_000069,3,-8.89534
control_r1,complex_000472,complex_000069,4,-5.99461
control_r1,complex_000472,complex_000069,5,-8.8061
control_r1,complex_000472,complex_000069,6,-10.72473
control_r1,complex_000472,complex_000069,7,-7.06897
control_r1,complex_000472,complex_000069,8,-8.7757
control_r1,complex_000472,complex_000069,9,-8.93776
control_r1,complex_000472,complex_000069,10,-10.16392
control_r1,complex_000472,complex_000069,11,-6.13668
control_r1,complex_000472,complex_000069,12,-8.2213
control_r1,complex_000472,complex_000069,13,-8.79193
control_r1,complex_000472,complex_000069,14,-8.55147
control_r1,complex_000472,complex_000069,15,-5.74862
control_r1,complex_000472,complex_000069,16,-6.89685
control_r1,complex_000472,complex_000069,17,-9.54025
control_r1,complex_000472,complex_000069,18,-9.2975
control_r1,complex_000472,complex_000069,19,-7.62392
control_r1,complex_000472,complex_000535,0,-9.09332
control_r1,complex_000472,complex_000535,1,-7.6988
control_r1,complex_000472,complex_000535,2,-7.27336
control_r1,complex_000472,complex_000535,3,-9.02677
control_r1,complex_000472,complex_000535,4,-6.64087
control_r1,complex_000472,complex_000535,5,-7.8308
control_r1,complex_000472,complex_000535,6,-8.0895
control_r1,complex_000472,complex_000535,7,-7.46255
control_r1,complex_000472,complex_000535,8,-7.0943
control_r1,complex_000472,complex_000535,9,-6.91768
control_r1,complex_000472,complex_000535,10,-8.99261
control_r1,complex_000472,complex_000535,11,-6.14142
control_r1,complex_000472,complex_000535,12,-8.71715
control_r1,complex_000472,complex_000535,13,-7.78806
control_r1,complex_000472,complex_000535,14,-7.27715
control_r1,complex_000472,complex_000535,15,-5.3456
control_r1,complex_000472,complex_000535,16,-6.53033
control_r1,complex_000472,complex_000535,17,-8.56638
control_r1,complex_000472,complex_000535,18,-8.25933
control_r1,complex_000472,complex_000535,19,-6.33776
control_r1,complex_000473,complex_000473,0,-4.51453
control_r1,complex_000473,complex_000473,1,-6.74448
control_r1,complex_000473,complex_000473,2,-4.95445
control_r1,complex_000473,complex_000473,3,-7.63036
control_r1,complex_000473,complex_000473,4,-5.89495
control_r1,complex_000473,complex_000473,5,-5.22122
control_r1,complex_000473,complex_000473,6,-7.47143
control_r1,complex_000473,complex_000473,7,-7.32032
control_r1,complex_000473,complex_000473,8,-5.25137
control_r1,complex_000473,complex_000473,9,-4.95943
control_r1,complex_000473,complex_000473,10,-7.89569
control_r1,complex_000473,complex_000473,11,-6.77671
control_r1,complex_000473,complex_000473,12,-5.67974
control_r1,complex_000473,complex_000473,13,-8.3097
control_r1,complex_000473,complex_000473,14,-6.61381
control_r1,complex_000473,complex_000473,15,-4.54379
control_r1,complex_000473,complex_000473,16,-6.40929
control_r1,complex_000473,complex_000473,17,-6.93254
control_r1,complex_000473,complex_000473,18,-8.55704
control_r1,complex_000473,complex_000473,19,-6.75572
control_r1,complex_000473,complex_000191,0,-4.87641
control_r1,complex_000473,complex_000191,1,-6.46465
control_r1,complex_000473,complex_000191,2,-5.08531
control_r1,complex_000473,complex_000191,3,-6.95597
control_r1,complex_000473,complex_000191,4,-5.99797
control_r1,complex_000473,complex_000191,5,-5.49224
control_r1,complex_000473,complex_000191,6,-6.92543
control_r1,complex_000473,complex_000191,7,-7.41364
control_r1,complex_000473,complex_000191,8,-5.87574
control_r1,complex_000473,complex_000191,9,-5.27877
control_r1,complex_000473,complex_000191,10,-6.99698
control_r1,complex_000473,complex_000191,11,-6.79492
control_r1,complex_000473,complex_000191,12,-5.25418
control_r1,complex_000473,complex_000191,13,-7.54808
control_r1,complex_000473,complex_000191,14,-7.6995
control_r1,complex_000473,complex_000191,15,-4.91593
control_r1,complex_000473,complex_000191,16,-7.19173
control_r1,complex_000473,complex_000191,17,-5.53141
control_r1,complex_000473,complex_000191,18,-6.16817
control_r1,complex_000473,complex_000191,19,-6.50109
control_r1,complex_000472,complex_000059,0,-8.60409
control_r1,complex_000472,complex_000059,1,-7.9707
control_r1,complex_000472,complex_000059,2,-6.99426
control_r1,complex_000472,complex_000059,3,-8.63013
control_r1,complex_000472,complex_000059,4,-6.25935
control_r1,complex_000472,complex_000059,5,-7.32931
control_r1,complex_000472,complex_000059,6,-8.19431
control_r1,complex_000472,complex_000059,7,-7.10946
control_r1,complex_000472,complex_000059,8,-3.16978
control_r1,complex_000472,complex_000059,9,-7.87841
control_r1,complex_000472,complex_000059,10,-8.26768
control_r1,complex_000472,complex_000059,11,-6.36197
control_r1,complex_000472,complex_000059,12,-7.75639
control_r1,complex_000472,complex_000059,13,-9.05237
control_r1,complex_000472,complex_000059,14,-8.52326
control_r1,complex_000472,complex_000059,15,-5.26934
control_r1,complex_000472,complex_000059,16,-6.79854
control_r1,complex_000472,complex_000059,17,-9.03692
control_r1,complex_000472,complex_000059,18,-9.03105
control_r1,complex_000472,complex_000059,19,-6.691
control_r1,complex_000506,complex_000506,0,-4.7769
control_r1,complex_000506,complex_000506,1,-4.77661
control_r1,complex_000506,complex_000506,2,-4.76838
control_r1,complex_000506,complex_000506,3,-6.60289
control_r1,complex_000506,complex_000506,4,-7.59887
control_r1,complex_000506,complex_000506,5,-6.82965
control_r1,complex_000506,complex_000506,6,-5.67284
control_r1,complex_000506,complex_000506,7,-6.22904
control_r1,complex_000506,complex_000506,8,-6.6602
control_r1,complex_000506,complex_000506,9,-6.96326
control_r1,complex_000506,complex_000506,10,-7.32226
control_r1,complex_000506,complex_000506,11,-6.72026
control_r1,complex_000506,complex_000506,12,-8.41568
control_r1,complex_000506,complex_000506,13,-6.3209
control_r1,complex_000506,complex_000506,14,-6.20531
control_r1,complex_000506,complex_000506,15,-6.14577
control_r1,complex_000506,complex_000506,16,-6.7906
control_r1,complex_000506,complex_000506,17,-7.02047
control_r1,complex_000506,complex_000506,18,-5.95318
control_r1,complex_000506,complex_000506,19,-6.55177
control_r1,complex_000506,complex_000400,0,-5.8897
control_r1,complex_000506,complex_000400,1,-5.67551
control_r1,complex_000506,complex_000400,2,-5.97685
control_r1,complex_000506,complex_000400,3,-9.99776
control_r1,complex_000506,complex_000400,4,-7.40573
control_r1,complex_000506,complex_000400,5,-9.79643
control_r1,complex_000506,complex_000400,6,-4.60347
control_r1,complex_000506,complex_000400,7,-7.08285
control_r1,complex_000506,complex_000400,8,-8.95301
control_r1,complex_000506,complex_000400,9,-7.62885
control_r1,complex_000506,complex_000400,10,-7.48068
control_r1,complex_000506,complex_000400,11,-11.14693
control_r1,complex_000506,complex_000400,12,-7.13936
control_r1,complex_000506,complex_000400,13,-5.23066
control_r1,complex_000506,complex_000400,14,-5.85899
control_r1,complex_000506,complex_000400,15,-8.45649
control_r1,complex_000506,complex_000400,16,-6.5146
control_r1,complex_000506,complex_000400,17,-6.07697
control_r1,complex_000506,complex_000400,18,-5.79358
control_r1,complex_000506,complex_000400,19,-6.31162
control_r1,complex_000506,complex_000140,0,-5.39099
control_r1,complex_000506,complex_000140,1,-5.70582
control_r1,complex_000506,complex_000140,2,-5.36564
control_r1,complex_000506,complex_000140,3,-9.04958
control_r1,complex_000506,complex_000140,4,-7.15035
control_r1,complex_000506,complex_000140,5,-8.34142
control_r1,complex_000506,complex_000140,6,-4.13093
control_r1,complex_000506,complex_000140,7,-7.3873
control_r1,complex_000506,complex_000140,8,-8.78044
control_r1,complex_000506,complex_000140,9,-7.26679
control_r1,complex_000506,complex_000140,10,-7.21251
control_r1,complex_000506,complex_000140,11,-11.43145
control_r1,complex_000506,complex_000140,12,-6.8742
control_r1,complex_000506,complex_000140,13,-5.10653
control_r1,complex_000506,complex_000140,14,-5.3344
control_r1,complex_000506,complex_000140,15,-7.73726
control_r1,complex_000506,complex_000140,16,-6.65164
control_r1,complex_000506,complex_000140,17,-5.70257
control_r1,complex_000506,complex_000140,18,-4.8088
control_r1,complex_000506,complex_000140,19,-6.01224
control_r1,complex_000506,complex_000535,0,-6.14323
control_r1,complex_000506,complex_000535,1,-5.08887
control_r1,complex_000506,complex_000535,2,-6.18491
control_r1,complex_000506,complex_000535,3,-8.36832
control_r1,complex_000506,complex_000535,4,-7.60528
control_r1,complex_000506,complex_000535,5,-8.91072
control_r1,complex_000506,complex_000535,6,-4.96804
control_r1,complex_000506,complex_000535,7,-7.18594
control_r1,complex_000506,complex_000535,8,-8.79547
control_r1,complex_000506,complex_000535,9,-7.35529
control_r1,complex_000506,complex_000535,10,-7.76187
control_r1,complex_000506,complex_000535,11,-7.48244
control_r1,complex_000506,complex_000535,12,-7.22293
control_r1,complex_000506,complex_000535,13,-5.8158
control_r1,complex_000506,complex_000535,14,-5.62975
control_r1,complex_000506,complex_000535,15,-8.21386
control_r1,complex_000506,complex_000535,16,-6.76594
control_r1,complex_000506,complex_000535,17,-6.33998
control_r1,complex_000506,complex_000535,18,-6.11251
control_r1,complex_000506,complex_000535,19,-6.1968
control_r1,complex_000477,complex_000477,0,-4.58981
control_r1,complex_000477,complex_000477,1,-5.62751
control_r1,complex_000477,complex_000477,2,-7.0441
control_r1,complex_000477,complex_000477,3,-6.48731
control_r1,complex_000477,complex_000477,4,-7.18951
control_r1,complex_000477,complex_000477,5,-5.26137
control_r1,complex_000477,complex_000477,6,-7.46491
control_r1,complex_000477,complex_000477,7,-7.28654
control_r1,complex_000477,complex_000477,8,-4.40558
control_r1,complex_000477,complex_000477,9,-5.8372
control_r1,complex_000477,complex_000477,10,-8.74186
control_r1,complex_000477,complex_000477,11,-9.13648
control_r1,complex_000477,complex_000477,12,-8.85984
control_r1,complex_000477,complex_000477,13,-8.59203
control_r1,complex_000477,complex_000477,14,-7.13703
control_r1,complex_000477,complex_000477,15,-5.00421
control_r1,complex_000477,complex_000477,16,-4.54649
control_r1,complex_000477,complex_000477,17,-8.83248
control_r1,complex_000477,complex_000477,18,-4.5152
control_r1,complex_000477,complex_000477,19,-5.13163
control_r1,complex_000477,complex_000140,0,-5.67002
control_r1,complex_000477,complex_000140,1,-5.27309
control_r1,complex_000477,complex_000140,2,-9.57198
control_r1,complex_000477,complex_000140,3,-7.50975
control_r1,complex_000477,complex_000140,4,-8.16916
control_r1,complex_000477,complex_000140,5,-5.47734
control_r1,complex_000477,complex_000140,6,-7.75822
control_r1,complex_000477,complex_000140,7,-9.68654
control_r1,complex_000477,complex_000140,8,-5.25234
control_r1,complex_000477,complex_000140,9,-6.90978
control_r1,complex_000477,complex_000140,10,-9.15241
control_r1,complex_000477,complex_000140,11,-9.61406
control_r1,complex_000477,complex_000140,12,-9.66028
control_r1,complex_000477,complex_000140,13,-9.53561
control_r1,complex_000477,complex_000140,14,-7.26104
control_r1,complex_000477,complex_000140,15,-4.64522
control_r1,complex_000477,complex_000140,16,-5.51944
control_r1,complex_000477,complex_000140,17,-9.53476
control_r1,complex_000477,complex_000140,18,-4.29217
control_r1,complex_000477,complex_000140,19,-5.91012
control_r1,complex_000477,complex_000376,0,-5.505
control_r1,complex_000477,complex_000376,1,-5.36563
control_r1,complex_000477,complex_000376,2,-9.0178
control_r1,complex_000477,complex_000376,3,-7.13395
control_r1,complex_000477,complex_000376,4,-8.60789
control_r1,complex_000477,complex_000376,5,-5.80626
control_r1,complex_000477,complex_000376,6,-8.35614
control_r1,complex_000477,complex_000376,7,-7.95688
control_r1,complex_000477,complex_000376,8,-5.52799
control_r1,complex_000477,complex_000376,9,-6.61013
control_r1,complex_000477,complex_000376,10,-9.29478
control_r1,complex_000477,complex_000376,11,-9.46605
control_r1,complex_000477,complex_000376,12,-9.37064
control_r1,complex_000477,complex_000376,13,-8.92171
control_r1,complex_000477,complex_000376,14,-8.67737
control_r1,complex_000477,complex_000376,15,-4.55844
control_r1,complex_000477,complex_000376,16,-5.46705
control_r1,complex_000477,complex_000376,17,-8.93449
control_r1,complex_000477,complex_000376,18,-4.68562
control_r1,complex_000477,complex_000376,19,-6.54309
control_r1,complex_000473,complex_000269,0,-5.65194
control_r1,complex_000473,complex_000269,1,-7.16944
control_r1,complex_000473,complex_000269,2,-5.68779
control_r1,complex_000473,complex_000269,3,-7.55134
control_r1,complex_000473,complex_000269,4,-6.24813
control_r1,complex_000473,complex_000269,5,-5.92846
control_r1,complex_000473,complex_000269,6,-8.23605
control_r1,complex_000473,complex_000269,7,-7.44463
control_r1,complex_000473,complex_000269,8,-6.14837
control_r1,complex_000473,complex_000269,9,-5.60758
control_r1,complex_000473,complex_000269,10,-7.37375
control_r1,complex_000473,complex_000269,11,-7.02153
control_r1,complex_000473,complex_000269,12,-5.44982
control_r1,complex_000473,complex_000269,13,-6.96794
control_r1,complex_000473,complex_000269,14,-6.91825
control_r1,complex_000473,complex_000269,15,-5.00783
control_r1,complex_000473,complex_000269,16,-6.93056
control_r1,complex_000473,complex_000269,17,-6.25724
control_r1,complex_000473,complex_000269,18,-8.9544
control_r1,complex_000473,complex_000269,19,-6.54786
control_r1,complex_000477,complex_000141,0,-4.83532
control_r1,complex_000477,complex_000141,1,-5.22258
control_r1,complex_000477,complex_000141,2,-7.81778
control_r1,complex_000477,complex_000141,3,-6.67696
control_r1,complex_000477,complex_000141,4,-7.94728
control_r1,complex_000477,complex_000141,5,-5.51997
control_r1,complex_000477,complex_000141,6,-8.16824
control_r1,complex_000477,complex_000141,7,-6.89337
control_r1,complex_000477,complex_000141,8,-4.85052
control_r1,complex_000477,complex_000141,9,-6.10004
control_r1,complex_000477,complex_000141,10,-7.91479
control_r1,complex_000477,complex_000141,11,-8.67567
control_r1,complex_000477,complex_000141,12,-7.82104
control_r1,complex_000477,complex_000141,13,-8.71018
control_r1,complex_000477,complex_000141,14,-7.34889
control_r1,complex_000477,complex_000141,15,-4.91811
control_r1,complex_000477,complex_000141,16,-5.11119
control_r1,complex_000477,complex_000141,17,-7.26701
control_r1,complex_000477,complex_000141,18,-4.69747
control_r1,complex_000477,complex_000141,19,-6.1321
control_r1,complex_000535,complex_000426,0,-6.52414
control_r1,complex_000535,complex_000426,1,-8.05833
control_r1,complex_000535,complex_000426,2,-6.34996
control_r1,complex_000535,complex_000426,3,-6.21309
control_r1,complex_000535,complex_000426,4,-6.10848
control_r1,complex_000535,complex_000426,5,-7.20715
control_r1,complex_000535,complex_000426,6,-8.07514
control_r1,complex_000535,complex_000426,7,-6.4578
control_r1,complex_000535,complex_000426,8,-9.73953
control_r1,complex_000535,complex_000426,9,-6.66165
control_r1,complex_000535,complex_000426,10,-6.17122
control_r1,complex_000535,complex_000426,11,-5.33984
control_r1,complex_000535,complex_000426,12,-6.22085
control_r1,complex_000535,complex_000426,13,-5.89504
control_r1,complex_000535,complex_000426,14,-9.0572
control_r1,complex_000535,complex_000426,15,-7.94444
control_r1,complex_000535,complex_000426,16,-8.86186
control_r1,complex_000535,complex_000426,17,-8.90064
control_r1,complex_000535,complex_000426,18,-5.34284
control_r1,complex_000535,complex_000426,19,-6.17682
control_r1,complex_000535,complex_000540,0,-7.33941
control_r1,complex_000535,complex_000540,1,-7.97095
control_r1,complex_000535,complex_000540,2,-6.25327
control_r1,complex_000535,complex_000540,3,-6.20321
control_r1,complex_000535,complex_000540,4,-5.93263
control_r1,complex_000535,complex_000540,5,-7.55284
control_r1,complex_000535,complex_000540,6,-7.98935
control_r1,complex_000535,complex_000540,7,-5.18462
control_r1,complex_000535,complex_000540,8,-9.15352
control_r1,complex_000535,complex_000540,9,-6.44849
control_r1,complex_000535,complex_000540,10,-6.09892
control_r1,complex_000535,complex_000540,11,-4.99212
control_r1,complex_000535,complex_000540,12,-6.37192
control_r1,complex_000535,complex_000540,13,-5.74729
control_r1,complex_000535,complex_000540,14,-8.47129
control_r1,complex_000535,complex_000540,15,-8.5263
control_r1,complex_000535,complex_000540,16,-8.1026
control_r1,complex_000535,complex_000540,17,-8.6759
control_r1,complex_000535,complex_000540,18,-5.87084
control_r1,complex_000535,complex_000540,19,-6.32665
control_r1,complex_000535,complex_000535,0,-7.71124
control_r1,complex_000535,complex_000535,1,-6.93418
control_r1,complex_000535,complex_000535,2,-7.07818
control_r1,complex_000535,complex_000535,3,-7.1851
control_r1,complex_000535,complex_000535,4,-7.1577
control_r1,complex_000535,complex_000535,5,-6.98958
control_r1,complex_000535,complex_000535,6,-7.57426
control_r1,complex_000535,complex_000535,7,-6.55713
control_r1,complex_000535,complex_000535,8,-7.74077
control_r1,complex_000535,complex_000535,9,-8.01322
control_r1,complex_000535,complex_000535,10,-6.39504
control_r1,complex_000535,complex_000535,11,-5.71991
control_r1,complex_000535,complex_000535,12,-7.6894
control_r1,complex_000535,complex_000535,13,-7.07934
control_r1,complex_000535,complex_000535,14,-8.34848
control_r1,complex_000535,complex_000535,15,-8.31884
control_r1,complex_000535,complex_000535,16,-7.12673
control_r1,complex_000535,complex_000535,17,-8.91459
control_r1,complex_000535,complex_000535,18,-6.85443
control_r1,complex_000535,complex_000535,19,-6.98705
control_r1,complex_000535,complex_000363,0,-8.2574
control_r1,complex_000535,complex_000363,1,-7.89882
control_r1,complex_000535,complex_000363,2,-6.73487
control_r1,complex_000535,complex_000363,3,-7.83765
control_r1,complex_000535,complex_000363,4,-6.45191
control_r1,complex_000535,complex_000363,5,-8.54122
control_r1,complex_000535,complex_000363,6,-9.42301
control_r1,complex_000535,complex_000363,7,-6.60354
control_r1,complex_000535,complex_000363,8,-9.57426
control_r1,complex_000535,complex_000363,9,-7.46241
control_r1,complex_000535,complex_000363,10,-7.26281
control_r1,complex_000535,complex_000363,11,-5.38431
control_r1,complex_000535,complex_000363,12,-8.45122
control_r1,complex_000535,complex_000363,13,-6.73652
control_r1,complex_000535,complex_000363,14,-9.61714
control_r1,complex_000535,complex_000363,15,-9.27227
control_r1,complex_000535,complex_000363,16,-8.6122
control_r1,complex_000535,complex_000363,17,-9.09637
control_r1,complex_000535,complex_000363,18,-6.03053
control_r1,complex_000535,complex_000363,19,-6.76729
control_r1,complex_000540,complex_000540,0,-7.17241
control_r1,complex_000540,complex_000540,1,-6.66966
control_r1,complex_000540,complex_000540,2,-10.90468
control_r1,complex_000540,complex_000540,3,-7.54439
control_r1,complex_000540,complex_000540,4,-10.95183
control_r1,complex_000540,complex_000540,5,-6.82035
control_r1,complex_000540,complex_000540,6,-9.62501
control_r1,complex_000540,complex_000540,7,-9.01301
control_r1,complex_000540,complex_000540,8,-9.61957
control_r1,complex_000540,complex_000540,9,-5.14824
control_r1,complex_000540,complex_000540,10,-8.82901
control_r1,complex_000540,complex_000540,11,-7.39399
control_r1,complex_000540,complex_000540,12,-6.56535
control_r1,complex_000540,complex_000540,13,-9.37146
control_r1,complex_000540,complex_000540,14,-9.16219
control_r1,complex_000540,complex_000540,15,-6.77849
control_r1,complex_000540,complex_000540,16,-8.20868
control_r1,complex_000540,complex_000540,17,-7.15009
control_r1,complex_000540,complex_000540,18,-9.48133
control_r1,complex_000540,complex_000540,19,-10.98626
control_r1,complex_000540,complex_000382,0,-7.69857
control_r1,complex_000540,complex_000382,1,-7.27697
control_r1,complex_000540,complex_000382,2,-11.45032
control_r1,complex_000540,complex_000382,3,-8.84724
control_r1,complex_000540,complex_000382,4,-11.10782
control_r1,complex_000540,complex_000382,5,-7.60056
control_r1,complex_000540,complex_000382,6,-11.44402
control_r1,complex_000540,complex_000382,7,-10.56092
control_r1,complex_000540,complex_000382,8,-11.03231
control_r1,complex_000540,complex_000382,9,-5.60045
control_r1,complex_000540,complex_000382,10,-9.05591
control_r1,complex_000540,complex_000382,11,-7.75354
control_r1,complex_000540,complex_000382,12,-7.1888
control_r1,complex_000540,complex_000382,13,-10.59597
control_r1,complex_000540,complex_000382,14,-10.22965
control_r1,complex_000540,complex_000382,15,-8.40349
control_r1,complex_000540,complex_000382,16,-9.77342
control_r1,complex_000540,complex_000382,17,-7.96423
control_r1,complex_000540,complex_000382,18,-10.59632
control_r1,complex_000540,complex_000382,19,-12.30226
control_r1,complex_000540,complex_000177,0,-7.41877
control_r1,complex_000540,complex_000177,1,-6.88331
control_r1,complex_000540,complex_000177,2,-8.93871
control_r1,complex_000540,complex_000177,3,-7.88604
control_r1,complex_000540,complex_000177,4,-9.69466
control_r1,complex_000540,complex_000177,5,-7.20558
control_r1,complex_000540,complex_000177,6,-10.01595
control_r1,complex_000540,complex_000177,7,-9.63258
control_r1,complex_000540,complex_000177,8,-10.36317
control_r1,complex_000540,complex_000177,9,-5.84782
control_r1,complex_000540,complex_000177,10,-8.61767
control_r1,complex_000540,complex_000177,11,-6.85209
control_r1,complex_000540,complex_000177,12,-6.61734
control_r1,complex_000540,complex_000177,13,-8.54876
control_r1,complex_000540,complex_000177,14,-8.20197
control_r1,complex_000540,complex_000177,15,-7.17477
control_r1,complex_000540,complex_000177,16,-8.50408
control_r1,complex_000540,complex_000177,17,-6.99785
control_r1,complex_000540,complex_000177,18,-9.57169
control_r1,complex_000540,complex_000177,19,-9.22683
control_r1,complex_000540,complex_000335,0,-5.96223
control_r1,complex_000540,complex_000335,1,-5.1681
control_r1,complex_000540,complex_000335,2,-7.95613
control_r1,complex_000540,complex_000335,3,-6.15752
control_r1,complex_000540,complex_000335,4,-8.17546
control_r1,complex_000540,complex_000335,5,-5.73713
control_r1,complex_000540,complex_000335,6,-7.58199
control_r1,complex_000540,complex_000335,7,-7.69122
control_r1,complex_000540,complex_000335,8,-8.2784
control_r1,complex_000540,complex_000335,9,-4.47443
control_r1,complex_000540,complex_000335,10,-6.55475
control_r1,complex_000540,complex_000335,11,-6.2545
control_r1,complex_000540,complex_000335,12,-5.00981
control_r1,complex_000540,complex_000335,13,-7.05221
control_r1,complex_000540,complex_000335,14,-6.66426
control_r1,complex_000540,complex_000335,15,-5.49083
control_r1,complex_000540,complex_000335,16,-6.55648
control_r1,complex_000540,complex_000335,17,-5.75743
control_r1,complex_000540,complex_000335,18,-7.73051
control_r1,complex_000540,complex_000335,19,-8.44704
