arm,pocket,receptor,mol_idx,score
critic_r2,complex_000001,complex_000001,0,-9.18155
critic_r2,complex_000001,complex_000001,1,-7.39287
critic_r2,complex_000001,complex_000001,2,-7.67539
critic_r2,complex_000001,complex_000001,3,-6.64787
critic_r2,complex_000001,complex_000001,4,-8.02997
critic_r2,complex_000001,complex_000001,5,-6.85851
critic_r2,complex_000001,complex_000001,6,-8.69097
critic_r2,complex_000001,complex_000001,7,-7.57654
critic_r2,complex_000001,complex_000001,8,-8.43182
critic_r2,complex_000001,complex_000001,9,-6.08022
critic_r2,complex_000001,complex_000001,10,-7.69797
critic_r2,complex_000001,complex_000001,11,-5.70402
critic_r2,complex_000001,complex_000001,12,-7.03392
critic_r2,complex_000001,complex_000001,13,-6.80827
critic_r2,complex_000001,complex_000001,14,-8.44598
critic_r2,complex_000001,complex_000001,15,-5.45962
critic_r2,complex_000001,complex_000001,16,-7.61296
critic_r2,complex_000001,complex_000001,17,-7.80083
critic_r2,complex_000001,complex_000001,18,-9.32284
critic_r2,complex_000001,complex_000001,19,-8.68829
critic_r2,complex_000001,complex_000456,0,-9.10267
critic_r2,complex_000001,complex_000456,1,-6.67027
critic_r2,complex_000001,complex_000456,2,-6.89718
critic_r2,complex_000001,complex_000456,3,-7.49414
critic_r2,complex_000001,complex_000456,4,-8.09963
critic_r2,complex_000001,complex_000456,5,-6.8356
critic_r2,complex_000001,complex_000456,6,-7.66857
critic_r2,complex_000001,complex_000456,7,-6.89916
critic_r2,complex_000001,complex_000456,8,-7.78804
critic_r2,complex_000001,complex_000456,9,-6.89621
critic_r2,complex_000001,complex_000456,10,-7.38149
critic_r2,complex_000001,complex_000456,11,-6.23973
critic_r2,complex_000001,complex_000456,12,-6.37253
critic_r2,complex_000001,complex_000456,13,-6.02297
critic_r2,complex_000001,complex_000456,14,-8.83091
critic_r2,complex_000001,complex_000456,15,-4.86793
critic_r2,complex_000001,complex_000456,16,-6.15226
critic_r2,complex_000001,complex_000456,17,-7.07204
critic_r2,complex_000001,complex_000456,18,-7.75952
critic_r2,complex_000001,complex_000456,19,-8.62396
critic_r2,complex_000001,complex_000170,0,-10.3553
critic_r2,complex_000001,complex_000170,1,-7.74911
critic_r2,complex_000001,complex_000170,2,-9.36297
critic_r2,complex_000001,complex_000170,3,-8.17805
critic_r2,complex_000001,complex_000170,4,-9.01136
critic_r2,complex_000001,complex_000170,5,-9.23734
critic_r2,complex_000001,complex_000170,6,-2.95522
critic_r2,complex_000001,complex_000170,7,-7.94029
critic_r2,complex_000001,complex_000170,8,-1.36767
critic_r2,complex_000001,complex_000170,9,-7.99244
critic_r2,complex_000001,complex_000170,10,-0.48673
critic_r2,complex_000001,complex_000170,11,-6.92229
critic_r2,complex_000001,complex_000170,12,-7.86255
critic_r2,complex_000001,complex_000170,13,-7.33101
critic_r2,complex_000001,complex_000170,14,8.61632
critic_r2,complex_000001,complex_000170,15,-6.04175
critic_r2,complex_000001,complex_000170,16,-8.41441
critic_r2,complex_000001,complex_000170,17,-10.08465
critic_r2,complex_000001,complex_000170,18,-7.35835
critic_r2,complex_000001,complex_000170,19,-7.72042
critic_r2,complex_000001,complex_000363,0,-9.15967
critic_r2,complex_000001,complex_000363,1,-7.3512
critic_r2,complex_000001,complex_000363,2,-7.71752
critic_r2,complex_000001,complex_000363,3,-7.82929
critic_r2,complex_000001,complex_000363,4,-9.60716
critic_r2,complex_000001,complex_000363,5,-7.8152
critic_r2,complex_000001,complex_000363,6,-7.23506
critic_r2,complex_000001,complex_000363,7,-9.44772
critic_r2,complex_000001,complex_000363,8,-6.00274
critic_r2,complex_000001,complex_000363,9,-8.83964
critic_r2,complex_000001,complex_000363,10,-5.55478
critic_r2,complex_000001,complex_000363,11,-7.07473
critic_r2,complex_000001,complex_000363,12,-8.26695
critic_r2,complex_000001,complex_000363,13,-8.99853
critic_r2,complex_000001,complex_000363,14,-3.06818
critic_r2,complex_000001,complex_000363,15,-5.60989
critic_r2,complex_000001,complex_000363,16,-7.08234
critic_r2,complex_000001,complex_000363,17,-8.54389
critic_r2,complex_000001,complex_000363,18,-9.38445
critic_r2,complex_000001,complex_000363,19,-9.80333
critic_r2,complex_000051,complex_000266,0,-7.89631
critic_r2,complex_000051,complex_000266,1,-8.35481
critic_r2,complex_000051,complex_000266,2,-6.67564
critic_r2,complex_000051,complex_000266,3,-9.85372
critic_r2,complex_000051,complex_000266,4,-9.79346
critic_r2,complex_000051,complex_000266,5,-7.86874
critic_r2,complex_000051,complex_000266,6,-7.10273
critic_r2,complex_000051,complex_000266,7,-5.81683
critic_r2,complex_000051,complex_000266,8,-9.51831
critic_r2,complex_000051,complex_000266,9,-10.82891
critic_r2,complex_000051,complex_000266,10,-7.55268
critic_r2,complex_000051,complex_000266,11,-7.49489
critic_r2,complex_000051,complex_000266,12,-8.10791
critic_r2,complex_000051,complex_000266,13,-9.02481
critic_r2,complex_000051,complex_000266,14,-8.03334
critic_r2,complex_000051,complex_000266,15,-11.23758
critic_r2,complex_000051,complex_000266,16,-9.31133
critic_r2,complex_000051,complex_000266,17,-8.72182
critic_r2,complex_000051,complex_000266,18,-5.99268
critic_r2,complex_000051,complex_000266,19,-5.15692
critic_r2,complex_000051,complex_000193,0,-7.56588
critic_r2,complex_000051,complex_000193,1,-6.9445
critic_r2,complex_000051,complex_000193,2,-5.23817
critic_r2,complex_000051,complex_000193,3,-9.01493
critic_r2,complex_000051,complex_000193,4,-8.59099
critic_r2,complex_000051,complex_000193,5,-7.26465
critic_r2,complex_000051,complex_000193,6,-6.49895
critic_r2,complex_000051,complex_000193,7,-5.06558
critic_r2,complex_000051,complex_000193,8,-9.29888
critic_r2,complex_000051,complex_000193,9,-8.31482
critic_r2,complex_000051,complex_000193,10,-7.32298
critic_r2,complex_000051,complex_000193,11,-6.2336
critic_r2,complex_000051,complex_000193,12,-7.33227
critic_r2,complex_000051,complex_000193,13,-7.61313
critic_r2,complex_000051,complex_000193,14,-6.92007
critic_r2,complex_000051,complex_000193,15,-9.16097
critic_r2,complex_000051,complex_000193,16,-7.39591
critic_r2,complex_000051,complex_000193,17,-6.97227
critic_r2,complex_000051,complex_000193,18,-6.04779
critic_r2,complex_000051,complex_000193,19,-5.37832
critic_r2,complex_000059,complex_000456,0,-7.71249
critic_r2,complex_000059,complex_000456,1,-7.09618
critic_r2,complex_000059,complex_000456,2,-6.34863
critic_r2,complex_000059,complex_000456,3,-6.16137
critic_r2,complex_000059,complex_000456,4,-5.76665
critic_r2,complex_000059,complex_000456,5,-6.92612
critic_r2,complex_000059,complex_000456,6,-8.00375
critic_r2,complex_000059,complex_000456,7,-6.942
critic_r2,complex_000059,complex_000456,8,-6.67849
critic_r2,complex_000059,complex_000456,9,-6.96406
critic_r2,complex_000059,complex_000456,10,-8.02158
critic_r2,complex_000059,complex_000456,11,-7.19562
critic_r2,complex_000059,complex_000456,12,-6.79349
critic_r2,complex_000059,complex_000456,13,-6.29034
critic_r2,complex_000059,complex_000456,14,-6.01492
critic_r2,complex_000059,complex_000456,15,-7.54687
critic_r2,complex_000059,complex_000456,16,-8.15775
critic_r2,complex_000059,complex_000456,17,-5.98738
critic_r2,complex_000059,complex_000456,18,-7.56263
critic_r2,complex_000059,complex_000456,19,-8.19902
critic_r2,complex_000051,complex_000117,0,-8.29472
critic_r2,complex_000051,complex_000117,1,-8.09889
critic_r2,complex_000051,complex_000117,2,-6.27219
critic_r2,complex_000051,complex_000117,3,-8.1283
critic_r2,complex_000051,complex_000117,4,-9.69484
critic_r2,complex_000051,complex_000117,5,-7.85261
critic_r2,complex_000051,complex_000117,6,-7.01628
critic_r2,complex_000051,complex_000117,7,-5.87104
critic_r2,complex_000051,complex_000117,8,-8.75922
critic_r2,complex_000051,complex_000117,9,-9.1273
critic_r2,complex_000051,complex_000117,10,-7.76545
critic_r2,complex_000051,complex_000117,11,-6.85198
critic_r2,complex_000051,complex_000117,12,-8.48934
critic_r2,complex_000051,complex_000117,13,-9.35534
critic_r2,complex_000051,complex_000117,14,-8.04934
critic_r2,complex_000051,complex_000117,15,-8.72355
critic_r2,complex_000051,complex_000117,16,-7.92058
critic_r2,complex_000051,complex_000117,17,-9.38116
critic_r2,complex_000051,complex_000117,18,-6.13803
critic_r2,complex_000051,complex_000117,19,-5.76074
critic_r2,complex_000059,complex_000266,0,-7.40816
critic_r2,complex_000059,complex_000266,1,-8.35463
critic_r2,complex_000059,complex_000266,2,-6.30423
critic_r2,complex_000059,complex_000266,3,-6.38928
critic_r2,complex_000059,complex_000266,4,-5.67153
critic_r2,complex_000059,complex_000266,5,-8.69085
critic_r2,complex_000059,complex_000266,6,-8.53565
critic_r2,complex_000059,complex_000266,7,-7.57938
critic_r2,complex_000059,complex_000266,8,-8.10714
critic_r2,complex_000059,complex_000266,9,-7.27222
critic_r2,complex_000059,complex_000266,10,-8.52847
critic_r2,complex_000059,complex_000266,11,-7.44892
critic_r2,complex_000059,complex_000266,12,-6.68169
critic_r2,complex_000059,complex_000266,13,-6.93951
critic_r2,complex_000059,complex_000266,14,-7.00192
critic_r2,complex_000059,complex_000266,15,-8.19583
critic_r2,complex_000059,complex_000266,16,-8.72564
critic_r2,complex_000059,complex_000266,17,-7.20791
critic_r2,complex_000059,complex_000266,18,-8.59346
critic_r2,complex_000059,complex_000266,19,-8.90231
critic_r2,complex_000059,complex_000059,0,-8.31248
critic_r2,complex_000059,complex_000059,1,-8.44984
critic_r2,complex_000059,complex_000059,2,-6.75051
critic_r2,complex_000059,complex_000059,3,-6.92077
critic_r2,complex_000059,complex_000059,4,-6.51054
critic_r2,complex_000059,complex_000059,5,-8.18281
critic_r2,complex_000059,complex_000059,6,-9.86495
critic_r2,complex_000059,complex_000059,7,-9.3951
critic_r2,complex_000059,complex_000059,8,-8.34885
critic_r2,complex_000059,complex_000059,9,-7.71768
critic_r2,complex_000059,complex_000059,10,-10.29048
critic_r2,complex_000059,complex_000059,11,-7.94531
critic_r2,complex_000059,complex_000059,12,-6.85362
critic_r2,complex_000059,complex_000059,13,-7.07048
critic_r2,complex_000059,complex_000059,14,-7.15147
critic_r2,complex_000059,complex_000059,15,-9.68969
critic_r2,complex_000059,complex_000059,16,-9.85667
critic_r2,complex_000059,complex_000059,17,-6.29152
critic_r2,complex_000059,complex_000059,18,-8.83282
critic_r2,complex_000059,complex_000059,19,-9.46081
critic_r2,complex_000059,complex_000292,0,-6.04971
critic_r2,complex_000059,complex_000292,1,-6.38242
critic_r2,complex_000059,complex_000292,2,-5.89908
critic_r2,complex_000059,complex_000292,3,-5.50994
critic_r2,complex_000059,complex_000292,4,-5.01309
critic_r2,complex_000059,complex_000292,5,-6.14474
critic_r2,complex_000059,complex_000292,6,-7.66396
critic_r2,complex_000059,complex_000292,7,-6.66888
critic_r2,complex_000059,complex_000292,8,-6.77597
critic_r2,complex_000059,complex_000292,9,-6.33216
critic_r2,complex_000059,complex_000292,10,-7.02834
critic_r2,complex_000059,complex_000292,11,-5.88008
critic_r2,complex_000059,complex_000292,12,-5.67155
critic_r2,complex_000059,complex_000292,13,-5.73606
critic_r2,complex_000059,complex_000292,14,-5.54162
critic_r2,complex_000059,complex_000292,15,-6.88537
critic_r2,complex_000059,complex_000292,16,-7.29358
critic_r2,complex_000059,complex_000292,17,-5.3601
critic_r2,complex_000059,complex_000292,18,-7.50272
critic_r2,complex_000059,complex_000292,19,-7.0325
critic_r2,complex_000051,complex_000051,0,-7.78788
critic_r2,complex_000051,complex_000051,1,-8.29819
critic_r2,complex_000051,complex_000051,2,-6.09124
critic_r2,complex_000051,complex_000051,3,-9.55458
critic_r2,complex_000051,complex_000051,4,-9.42381
critic_r2,complex_000051,complex_000051,5,-8.40246
critic_r2,complex_000051,complex_000051,6,-6.95343
critic_r2,complex_000051,complex_000051,7,-5.2817
critic_r2,complex_000051,complex_000051,8,-9.58286
critic_r2,complex_000051,complex_000051,9,-9.92736
critic_r2,complex_000051,complex_000051,10,-7.92292
critic_r2,complex_000051,complex_000051,11,-6.742
critic_r2,complex_000051,complex_000051,12,-8.54941
critic_r2,complex_000051,complex_000051,13,-8.47371
critic_r2,complex_000051,complex_000051,14,-7.80782
critic_r2,complex_000051,complex_000051,15,-11.11363
critic_r2,complex_000051,complex_000051,16,-9.15325
critic_r2,complex_000051,complex_000051,17,-9.09404
critic_r2,complex_000051,complex_000051,18,-6.39096
critic_r2,complex_000051,complex_000051,19,-5.4656
critic_r2,complex_000026,complex_000140,0,-8.02868
critic_r2,complex_000026,complex_000140,1,-5.50524
critic_r2,complex_000026,complex_000140,2,-10.52003
critic_r2,complex_000026,complex_000140,3,-6.87487
critic_r2,complex_000026,complex_000140,4,-8.81766
critic_r2,complex_000026,complex_000140,5,-10.09926
critic_r2,complex_000026,complex_000140,6,-6.49733
critic_r2,complex_000026,complex_000140,7,-7.87577
critic_r2,complex_000026,complex_000140,8,-9.43451
critic_r2,complex_000026,complex_000140,9,-6.35665
critic_r2,complex_000026,complex_000140,10,-8.9184
critic_r2,complex_000026,complex_000140,11,-8.54675
critic_r2,complex_000026,complex_000140,12,-8.26888
critic_r2,complex_000026,complex_000140,13,-10.05091
critic_r2,complex_000026,complex_000140,14,-8.80587
critic_r2,complex_000026,complex_000140,15,-7.32477
critic_r2,complex_000026,complex_000140,16,-8.59928
critic_r2,complex_000026,complex_000140,17,-4.60191
critic_r2,complex_000026,complex_000140,18,-9.49899
critic_r2,complex_000026,complex_000140,19,-9.23467
critic_r2,complex_000026,complex_000026,0,-6.80199
critic_r2,complex_000026,complex_000026,1,-5.74063
critic_r2,complex_000026,complex_000026,2,-9.7149
critic_r2,complex_000026,complex_000026,3,-6.86379
critic_r2,complex_000026,complex_000026,4,-7.47285
critic_r2,complex_000026,complex_000026,5,-8.14461
critic_r2,complex_000026,complex_000026,6,-6.24452
critic_r2,complex_000026,complex_000026,7,-7.67089
critic_r2,complex_000026,complex_000026,8,-8.04778
critic_r2,complex_000026,complex_000026,9,-6.75033
critic_r2,complex_000026,complex_000026,10,-8.58612
critic_r2,complex_000026,complex_000026,11,-8.44507
critic_r2,complex_000026,complex_000026,12,-8.48387
critic_r2,complex_000026,complex_000026,13,-10.00928
critic_r2,complex_000026,complex_000026,14,-8.69339
critic_r2,complex_000026,complex_000026,15,-7.03737
critic_r2,complex_000026,complex_000026,16,-9.96154
critic_r2,complex_000026,complex_000026,17,-4.75281
critic_r2,complex_000026,complex_000026,18,-8.23796
critic_r2,complex_000026,complex_000026,19,-7.59521
critic_r2,complex_000026,complex_000363,0,-8.93878
critic_r2,complex_000026,complex_000363,1,-6.25877
critic_r2,complex_000026,complex_000363,2,-5.60867
critic_r2,complex_000026,complex_000363,3,-7.03405
critic_r2,complex_000026,complex_000363,4,-8.33833
critic_r2,complex_000026,complex_000363,5,-10.26285
critic_r2,complex_000026,complex_000363,6,-6.61722
critic_r2,complex_000026,complex_000363,7,-8.11017
critic_r2,complex_000026,complex_000363,8,-9.92709
critic_r2,complex_000026,complex_000363,9,-7.04602
critic_r2,complex_000026,complex_000363,10,-9.45929
critic_r2,complex_000026,complex_000363,11,-8.98274
critic_r2,complex_000026,complex_000363,12,-8.99194
critic_r2,complex_000026,complex_000363,13,-11.05138
critic_r2,complex_000026,complex_000363,14,-8.63995
critic_r2,complex_000026,complex_000363,15,-8.16003
critic_r2,complex_000026,complex_000363,16,-8.6153
critic_r2,complex_000026,complex_000363,17,-5.37519
critic_r2,complex_000026,complex_000363,18,-9.91663
critic_r2,complex_000026,complex_000363,19,-9.41884
critic_r2,complex_000026,complex_000177,0,-7.24803
critic_r2,complex_000026,complex_000177,1,-5.82531
critic_r2,complex_000026,complex_000177,2,-8.4032
critic_r2,complex_000026,complex_000177,3,-6.84321
critic_r2,complex_000026,complex_000177,4,-7.92086
critic_r2,complex_000026,complex_000177,5,-10.49397
critic_r2,complex_000026,complex_000177,6,-5.42321
critic_r2,complex_000026,complex_000177,7,-7.23329
critic_r2,complex_000026,complex_000177,8,-8.71787
critic_r2,complex_000026,complex_000177,9,-7.51844
critic_r2,complex_000026,complex_000177,10,-8.53549
critic_r2,complex_000026,complex_000177,11,-8.9094
critic_r2,complex_000026,complex_000177,12,-8.02277
critic_r2,complex_000026,complex_000177,13,-9.59998
critic_r2,complex_000026,complex_000177,14,-7.99485
critic_r2,complex_000026,complex_000177,15,-7.02673
critic_r2,complex_000026,complex_000177,16,-8.29646
critic_r2,complex_000026,complex_000177,17,-4.69015
critic_r2,complex_000026,complex_000177,18,-8.42729
critic_r2,complex_000026,complex_000177,19,-8.06159
critic_r2,complex_000063,complex_000063,0,-5.31373
critic_r2,complex_000063,complex_000063,1,-7.21633
critic_r2,complex_000063,complex_000063,2,-4.94527
critic_r2,complex_000063,complex_000063,3,-7.7256
critic_r2,complex_000063,complex_000063,4,-7.15178
critic_r2,complex_000063,complex_000063,5,-5.89984
critic_r2,complex_000063,complex_000063,6,-7.85666
critic_r2,complex_000063,complex_000063,7,-4.5929
critic_r2,complex_000063,complex_000063,8,-6.30399
critic_r2,complex_000063,complex_000063,9,-8.01426
critic_r2,complex_000063,complex_000063,10,-6.22804
critic_r2,complex_000063,complex_000063,11,-5.64241
critic_r2,complex_000063,complex_000063,12,-5.73941
critic_r2,complex_000063,complex_000063,13,-6.58067
critic_r2,complex_000063,complex_000063,14,-7.63376
critic_r2,complex_000063,complex_000063,15,-7.74425
critic_r2,complex_000063,complex_000063,16,-8.44046
critic_r2,complex_000063,complex_000063,17,-8.14807
critic_r2,complex_000063,complex_000063,18,-7.44905
critic_r2,complex_000063,complex_000063,19,-10.06684
critic_r2,complex_000069,complex_000069,0,-6.29192
critic_r2,complex_000069,complex_000069,1,-6.71289
critic_r2,complex_000069,complex_000069,2,-9.382
critic_r2,complex_000069,complex_000069,3,-9.16773
critic_r2,complex_000069,complex_000069,4,-9.473
critic_r2,complex_000069,complex_000069,5,-4.83142
critic_r2,complex_000069,complex_000069,6,-5.92933
critic_r2,complex_000069,complex_000069,7,-9.83592
critic_r2,complex_000069,complex_000069,8,-7.93911
critic_r2,complex_000069,complex_000069,9,-4.4981
critic_r2,complex_000069,complex_000069,10,-4.4903
critic_r2,complex_000069,complex_000069,11,-8.14061
critic_r2,complex_000069,complex_000069,12,-5.281
critic_r2,complex_000069,complex_000069,13,-4.18032
critic_r2,complex_000069,complex_000069,14,-5.58521
critic_r2,complex_000069,complex_000069,15,-9.07255
critic_r2,complex_000069,complex_000069,16,-7.73693
critic_r2,complex_000069,complex_000069,17,-5.73254
critic_r2,complex_000069,complex_000069,18,-5.75581
critic_r2,complex_000069,complex_000069,19,-9.76207
critic_r2,complex_000063,complex_000193,0,-5.58297
critic_r2,complex_000063,complex_000193,1,-7.30408
critic_r2,complex_000063,complex_000193,2,-5.73055
critic_r2,complex_000063,complex_000193,3,-7.18762
critic_r2,complex_000063,complex_000193,4,-6.46397
critic_r2,complex_000063,complex_000193,5,-5.74883
critic_r2,complex_000063,complex_000193,6,-7.7457
critic_r2,complex_000063,complex_000193,7,-5.303
critic_r2,complex_000063,complex_000193,8,-6.25018
critic_r2,complex_000063,complex_000193,9,-6.91964
critic_r2,complex_000063,complex_000193,10,-5.59245
critic_r2,complex_000063,complex_000193,11,-5.69679
critic_r2,complex_000063,complex_000193,12,-6.07698
critic_r2,complex_000063,complex_000193,13,-6.22188
critic_r2,complex_000063,complex_000193,14,-6.89959
critic_r2,complex_000063,complex_000193,15,-7.61049
critic_r2,complex_000063,complex_000193,16,-7.3852
critic_r2,complex_000063,complex_000193,17,-7.95571
critic_r2,complex_000063,complex_000193,18,-7.44285
critic_r2,complex_000063,complex_000193,19,-7.92258
critic_r2,complex_000069,complex_000411,0,-6.17692
critic_r2,complex_000069,complex_000411,1,-7.26654
critic_r2,complex_000069,complex_000411,2,-8.15526
critic_r2,complex_000069,complex_000411,3,-7.96829
critic_r2,complex_000069,complex_000411,4,-8.6035
critic_r2,complex_000069,complex_000411,5,-4.75467
critic_r2,complex_000069,complex_000411,6,-6.18067
critic_r2,complex_000069,complex_000411,7,-9.54524
critic_r2,complex_000069,complex_000411,8,-7.3423
critic_r2,complex_000069,complex_000411,9,-4.5484
critic_r2,complex_000069,complex_000411,10,-4.8336
critic_r2,complex_000069,complex_000411,11,-8.16322
critic_r2,complex_000069,complex_000411,12,-5.10471
critic_r2,complex_000069,complex_000411,13,-4.47205
critic_r2,complex_000069,complex_000411,14,-5.39681
critic_r2,complex_000069,complex_000411,15,-7.66471
critic_r2,complex_000069,complex_000411,16,-7.58725
critic_r2,complex_000069,complex_000411,17,-5.45252
critic_r2,complex_000069,complex_000411,18,-6.00506
critic_r2,complex_000069,complex_000411,19,-8.04766
critic_r2,complex_000063,complex_000472,0,-6.45218
critic_r2,complex_000063,complex_000472,1,-8.36388
critic_r2,complex_000063,complex_000472,2,-6.15915
critic_r2,complex_000063,complex_000472,3,-8.67551
critic_r2,complex_000063,complex_000472,4,-8.98584
critic_r2,complex_000063,complex_000472,5,-6.50992
critic_r2,complex_000063,complex_000472,6,-8.83489
critic_r2,complex_000063,complex_000472,7,-5.44572
critic_r2,complex_000063,complex_000472,8,-6.69281
critic_r2,complex_000063,complex_000472,9,-9.22172
critic_r2,complex_000063,complex_000472,10,-6.02932
critic_r2,complex_000063,complex_000472,11,-6.45357
critic_r2,complex_000063,complex_000472,12,-6.28318
critic_r2,complex_000063,complex_000472,13,-7.09743
critic_r2,complex_000063,complex_000472,14,-9.11154
critic_r2,complex_000063,complex_000472,15,-9.43408
critic_r2,complex_000063,complex_000472,16,-9.60758
critic_r2,complex_000063,complex_000472,17,-8.44689
critic_r2,complex_000063,complex_000472,18,-8.23048
critic_r2,complex_000063,complex_000472,19,-11.50261
critic_r2,complex_000069,complex_000400,0,-7.2581
critic_r2,complex_000069,complex_000400,1,-7.4125
critic_r2,complex_000069,complex_000400,2,-10.36099
critic_r2,complex_000069,complex_000400,3,-8.38033
critic_r2,complex_000069,complex_000400,4,-9.3704
critic_r2,complex_000069,complex_000400,5,-4.99127
critic_r2,complex_000069,complex_000400,6,-6.6426
critic_r2,complex_000069,complex_000400,7,-9.28808
critic_r2,complex_000069,complex_000400,8,-7.75292
critic_r2,complex_000069,complex_000400,9,-4.7082
critic_r2,complex_000069,complex_000400,10,-4.94032
critic_r2,complex_000069,complex_000400,11,-8.13151
critic_r2,complex_000069,complex_000400,12,-5.31666
critic_r2,complex_000069,complex_000400,13,-4.7727
critic_r2,complex_000069,complex_000400,14,-5.57303
critic_r2,complex_000069,complex_000400,15,-9.09104
critic_r2,complex_000069,complex_000400,16,-8.6042
critic_r2,complex_000069,complex_000400,17,-5.72015
critic_r2,complex_000069,complex_000400,18,-6.54603
critic_r2,complex_000069,complex_000400,19,-7.4466
critic_r2,complex_000069,complex_000170,0,-7.61257
critic_r2,complex_000069,complex_000170,1,-7.99603
critic_r2,complex_000069,complex_000170,2,-10.35619
critic_r2,complex_000069,complex_000170,3,-4.10192
critic_r2,complex_000069,complex_000170,4,-4.30107
critic_r2,complex_000069,complex_000170,5,-5.47624
critic_r2,complex_000069,complex_000170,6,-7.18349
critic_r2,complex_000069,complex_000170,7,1.43106
critic_r2,complex_000069,complex_000170,8,-8.81093
critic_r2,complex_000069,complex_000170,9,-4.58075
critic_r2,complex_000069,complex_000170,10,-5.05164
critic_r2,complex_000069,complex_000170,11,-6.0902
critic_r2,complex_000069,complex_000170,12,-5.76415
critic_r2,complex_000069,complex_000170,13,-4.60685
critic_r2,complex_000069,complex_000170,14,-5.78098
critic_r2,complex_000069,complex_000170,15,-5.58195
critic_r2,complex_000069,complex_000170,16,-9.38318
critic_r2,complex_000069,complex_000170,17,-6.82869
critic_r2,complex_000069,complex_000170,18,-7.18106
critic_r2,complex_000069,complex_000170,19,0.1067
critic_r2,complex_000063,complex_000305,0,-6.25125
critic_r2,complex_000063,complex_000305,1,-7.83458
critic_r2,complex_000063,complex_000305,2,-5.62711
critic_r2,complex_000063,complex_000305,3,-8.9035
critic_r2,complex_000063,complex_000305,4,-8.14833
critic_r2,complex_000063,complex_000305,5,-6.09896
critic_r2,complex_000063,complex_000305,6,-9.19549
critic_r2,complex_000063,complex_000305,7,-5.10823
critic_r2,complex_000063,complex_000305,8,-6.89734
critic_r2,complex_000063,complex_000305,9,-9.76493
critic_r2,complex_000063,complex_000305,10,-6.54879
critic_r2,complex_000063,complex_000305,11,-6.08544
critic_r2,complex_000063,complex_000305,12,-6.15924
critic_r2,complex_000063,complex_000305,13,-7.38254
critic_r2,complex_000063,complex_000305,14,-10.25914
critic_r2,complex_000063,complex_000305,15,-8.87537
critic_r2,complex_000063,complex_000305,16,-10.10442
critic_r2,complex_000063,complex_000305,17,-8.25886
critic_r2,complex_000063,complex_000305,18,-8.15758
critic_r2,complex_000063,complex_000305,19,-11.17053
critic_r2,complex_000112,complex_000112,0,-7.41494
critic_r2,complex_000112,complex_000112,1,-4.87247
critic_r2,complex_000112,complex_000112,2,-6.86043
critic_r2,complex_000112,complex_000112,3,-7.64078
critic_r2,complex_000112,complex_000112,4,-6.83548
critic_r2,complex_000112,complex_000112,5,-8.19719
critic_r2,complex_000112,complex_000112,6,-7.90874
critic_r2,complex_000112,complex_000112,7,-5.48664
critic_r2,complex_000112,complex_000112,8,-7.10942
critic_r2,complex_000112,complex_000112,9,-8.2988
critic_r2,complex_000112,complex_000112,10,-6.35231
critic_r2,complex_000112,complex_000112,11,-4.90888
critic_r2,complex_000112,complex_000112,12,-7.11289
critic_r2,complex_000112,complex_000112,13,-6.19871
critic_r2,complex_000112,complex_000112,14,-5.69892
critic_r2,complex_000112,complex_000112,15,-7.87116
critic_r2,complex_000112,complex_000112,16,-5.59876
critic_r2,complex_000112,complex_000112,17,-9.28679
critic_r2,complex_000112,complex_000112,18,-7.05462
critic_r2,complex_000112,complex_000112,19,-8.79931
critic_r2,complex_000112,complex_000179,0,-10.07687
critic_r2,complex_000112,complex_000179,1,-6.0391
critic_r2,complex_000112,complex_000179,2,-7.14432
critic_r2,complex_000112,complex_000179,3,-8.50449
critic_r2,complex_000112,complex_000179,4,-8.83156
critic_r2,complex_000112,complex_000179,5,-7.2388
critic_r2,complex_000112,complex_000179,6,-9.96793
critic_r2,complex_000112,complex_000179,7,-5.384
critic_r2,complex_000112,complex_000179,8,-9.35348
critic_r2,complex_000112,complex_000179,9,-8.68883
critic_r2,complex_000112,complex_000179,10,-7.57191
critic_r2,complex_000112,complex_000179,11,-4.73303
critic_r2,complex_000112,complex_000179,12,-9.81251
critic_r2,complex_000112,complex_000179,13,-9.03721
critic_r2,complex_000112,complex_000179,14,-7.76647
critic_r2,complex_000112,complex_000179,15,-7.79234
critic_r2,complex_000112,complex_000179,16,-7.35316
critic_r2,complex_000112,complex_000179,17,-10.65384
critic_r2,complex_000112,complex_000179,18,-9.26488
critic_r2,complex_000112,complex_000179,19,-9.47191
critic_r2,complex_000112,complex_000473,0,-7.93838
critic_r2,complex_000112,complex_000473,1,-4.57455
critic_r2,complex_000112,complex_000473,2,-5.70785
critic_r2,complex_000112,complex_000473,3,-7.41953
critic_r2,complex_000112,complex_000473,4,-6.93801
critic_r2,complex_000112,complex_000473,5,-6.58876
critic_r2,complex_000112,complex_000473,6,-8.51617
critic_r2,complex_000112,complex_000473,7,-4.93456
critic_r2,complex_000112,complex_000473,8,-7.34315
critic_r2,complex_000112,complex_000473,9,-7.02189
critic_r2,complex_000112,complex_000473,10,-6.34563
critic_r2,complex_000112,complex_000473,11,-4.18386
critic_r2,complex_000112,complex_000473,12,-7.17198
critic_r2,complex_000112,complex_000473,13,-7.44984
critic_r2,complex_000112,complex_000473,14,-6.17776
critic_r2,complex_000112,complex_000473,15,-7.09619
critic_r2,complex_000112,complex_000473,16,-6.1893
critic_r2,complex_000112,complex_000473,17,-7.94231
critic_r2,complex_000112,complex_000473,18,-7.37872
critic_r2,complex_000112,complex_000473,19,-8.40034
critic_r2,complex_000112,complex_000456,0,-8.15178
critic_r2,complex_000112,complex_000456,1,-5.10116
critic_r2,complex_000112,complex_000456,2,-6.06966
critic_r2,complex_000112,complex_000456,3,-7.83539
critic_r2,complex_000112,complex_000456,4,-7.60762
critic_r2,complex_000112,complex_000456,5,-6.30664
critic_r2,complex_000112,complex_000456,6,-8.22861
critic_r2,complex_000112,complex_000456,7,-5.47335
critic_r2,complex_000112,complex_000456,8,-8.02547
critic_r2,complex_000112,complex_000456,9,-6.95044
critic_r2,complex_000112,complex_000456,10,-6.94447
critic_r2,complex_000112,complex_000456,11,-4.59297
critic_r2,complex_000112,complex_000456,12,-7.99549
critic_r2,complex_000112,complex_000456,13,-7.64211
critic_r2,complex_000112,complex_000456,14,-6.26939
critic_r2,complex_000112,complex_000456,15,-6.86432
critic_r2,complex_000112,complex_000456,16,-6.94871
critic_r2,complex_000112,complex_000456,17,-9.10577
critic_r2,complex_000112,complex_000456,18,-8.89172
critic_r2,complex_000112,complex_000456,19,-8.27747
critic_r2,complex_000140,complex_000140,0,-8.80414
critic_r2,complex_000140,complex_000140,1,-9.5692
critic_r2,complex_000140,complex_000140,2,-12.42123
critic_r2,complex_000140,complex_000140,3,-6.44079
critic_r2,complex_000140,complex_000140,4,-13.78156
critic_r2,complex_000140,complex_000140,5,-6.46477
critic_r2,complex_000140,complex_000140,6,-9.68323
critic_r2,complex_000140,complex_000140,7,-12.43226
critic_r2,complex_000140,complex_000140,8,-7.7153
critic_r2,complex_000140,complex_000140,9,-9.49255
critic_r2,complex_000140,complex_000140,10,-10.15525
critic_r2,complex_000140,complex_000140,11,-5.73721
critic_r2,complex_000140,complex_000140,12,-12.51221
critic_r2,complex_000140,complex_000140,13,-8.50716
critic_r2,complex_000140,complex_000140,14,-6.61545
critic_r2,complex_000140,complex_000140,15,-7.45609
critic_r2,complex_000140,complex_000140,16,-7.7624
critic_r2,complex_000140,complex_000140,17,-13.09356
critic_r2,complex_000140,complex_000140,18,-12.59603
critic_r2,complex_000140,complex_000140,19,-7.01622
critic_r2,complex_000117,complex_000456,0,-9.29508
critic_r2,complex_000117,complex_000456,1,-7.39941
critic_r2,complex_000117,complex_000456,2,-7.70374
critic_r2,complex_000117,complex_000456,3,-9.46565
critic_r2,complex_000117,complex_000456,4,-5.93713
critic_r2,complex_000117,complex_000456,5,-7.26812
critic_r2,complex_000117,complex_000456,6,-6.13209
critic_r2,complex_000117,complex_000456,7,-7.84999
critic_r2,complex_000117,complex_000456,8,-7.88153
critic_r2,complex_000117,complex_000456,9,-4.85882
critic_r2,complex_000117,complex_000456,10,-9.53635
critic_r2,complex_000117,complex_000456,11,-6.99598
critic_r2,complex_000117,complex_000456,12,-6.67528
critic_r2,complex_000117,complex_000456,13,-7.09749
critic_r2,complex_000117,complex_000456,14,-7.81123
critic_r2,complex_000117,complex_000456,15,-7.11036
critic_r2,complex_000117,complex_000456,16,-7.59211
critic_r2,complex_000117,complex_000456,17,-7.06021
critic_r2,complex_000117,complex_000456,18,-5.99001
critic_r2,complex_000117,complex_000456,19,-9.24028
critic_r2,complex_000140,complex_000387,0,-8.18871
critic_r2,complex_000140,complex_000387,1,-8.35244
critic_r2,complex_000140,complex_000387,2,-11.63163
critic_r2,complex_000140,complex_000387,3,-6.83438
critic_r2,complex_000140,complex_000387,4,-12.46324
critic_r2,complex_000140,complex_000387,5,-6.98359
critic_r2,complex_000140,complex_000387,6,-8.55738
critic_r2,complex_000140,complex_000387,7,-8.68786
critic_r2,complex_000140,complex_000387,8,-7.46149
critic_r2,complex_000140,complex_000387,9,-9.63621
critic_r2,complex_000140,complex_000387,10,-9.09587
critic_r2,complex_000140,complex_000387,11,-6.15364
critic_r2,complex_000140,complex_000387,12,-9.59879
critic_r2,complex_000140,complex_000387,13,-9.01564
critic_r2,complex_000140,complex_000387,14,-7.19133
critic_r2,complex_000140,complex_000387,15,-7.69056
critic_r2,complex_000140,complex_000387,16,-8.66946
critic_r2,complex_000140,complex_000387,17,-10.68261
critic_r2,complex_000140,complex_000387,18,-9.46367
critic_r2,complex_000140,complex_000387,19,-8.56105
critic_r2,complex_000140,complex_000382,0,-9.27057
critic_r2,complex_000140,complex_000382,1,-9.65101
critic_r2,complex_000140,complex_000382,2,-12.24592
critic_r2,complex_000140,complex_000382,3,-7.09778
critic_r2,complex_000140,complex_000382,4,-14.15193
critic_r2,complex_000140,complex_000382,5,-6.56923
critic_r2,complex_000140,complex_000382,6,-10.18494
critic_r2,complex_000140,complex_000382,7,-9.68523
critic_r2,complex_000140,complex_000382,8,-7.62463
critic_r2,complex_000140,complex_000382,9,-10.47985
critic_r2,complex_000140,complex_000382,10,-10.06312
critic_r2,complex_000140,complex_000382,11,-5.68151
critic_r2,complex_000140,complex_000382,12,-13.32703
critic_r2,complex_000140,complex_000382,13,-9.04318
critic_r2,complex_000140,complex_000382,14,-6.55673
critic_r2,complex_000140,complex_000382,15,-7.189
critic_r2,complex_000140,complex_000382,16,-8.64733
critic_r2,complex_000140,complex_000382,17,-8.91926
critic_r2,complex_000140,complex_000382,18,-9.73848
critic_r2,complex_000140,complex_000382,19,-6.81801
critic_r2,complex_000117,complex_000117,0,-10.42813
critic_r2,complex_000117,complex_000117,1,-8.25061
critic_r2,complex_000117,complex_000117,2,-8.92624
critic_r2,complex_000117,complex_000117,3,-8.99542
critic_r2,complex_000117,complex_000117,4,-6.32166
critic_r2,complex_000117,complex_000117,5,-8.51074
critic_r2,complex_000117,complex_000117,6,-6.82852
critic_r2,complex_000117,complex_000117,7,-5.23251
critic_r2,complex_000117,complex_000117,8,-9.16531
critic_r2,complex_000117,complex_000117,9,-5.18887
critic_r2,complex_000117,complex_000117,10,-7.18038
critic_r2,complex_000117,complex_000117,11,-8.89892
critic_r2,complex_000117,complex_000117,12,-7.29281
critic_r2,complex_000117,complex_000117,13,-8.98357
critic_r2,complex_000117,complex_000117,14,-7.66003
critic_r2,complex_000117,complex_000117,15,-8.50022
critic_r2,complex_000117,complex_000117,16,-7.90904
critic_r2,complex_000117,complex_000117,17,-8.20959
critic_r2,complex_000117,complex_000117,18,-5.8942
critic_r2,complex_000117,complex_000117,19,-5.55237
critic_r2,complex_000117,complex_000069,0,-10.22187
critic_r2,complex_000117,complex_000069,1,-7.6906
critic_r2,complex_000117,complex_000069,2,-8.2677
critic_r2,complex_000117,complex_000069,3,-10.13162
critic_r2,complex_000117,complex_000069,4,-6.50008
critic_r2,complex_000117,complex_000069,5,-8.7217
critic_r2,complex_000117,complex_000069,6,-7.16405
critic_r2,complex_000117,complex_000069,7,-8.66583
critic_r2,complex_000117,complex_000069,8,-8.71848
critic_r2,complex_000117,complex_000069,9,-5.22259
critic_r2,complex_000117,complex_000069,10,-11.12439
critic_r2,complex_000117,complex_000069,11,-7.88979
critic_r2,complex_000117,complex_000069,12,-7.66757
critic_r2,complex_000117,complex_000069,13,-7.87416
critic_r2,complex_000117,complex_000069,14,-9.36905
critic_r2,complex_000117,complex_000069,15,-7.17329
critic_r2,complex_000117,complex_000069,16,-8.36863
critic_r2,complex_000117,complex_000069,17,-8.18575
critic_r2,complex_000117,complex_000069,18,-7.25495
critic_r2,complex_000117,complex_000069,19,-11.1385
critic_r2,complex_000140,complex_000535,0,-7.94063
critic_r2,complex_000140,complex_000535,1,-8.12996
critic_r2,complex_000140,complex_000535,2,-10.41253
critic_r2,complex_000140,complex_000535,3,-6.63772
critic_r2,complex_000140,complex_000535,4,-9.36702
critic_r2,complex_000140,complex_000535,5,-7.31985
critic_r2,complex_000140,complex_000535,6,-6.89694
critic_r2,complex_000140,complex_000535,7,-8.67984
critic_r2,complex_000140,complex_000535,8,-6.70137
critic_r2,complex_000140,complex_000535,9,-8.78456
critic_r2,complex_000140,complex_000535,10,-7.74619
critic_r2,complex_000140,complex_000535,11,-6.17811
critic_r2,complex_000140,complex_000535,12,-7.94336
critic_r2,complex_000140,complex_000535,13,-7.62447
critic_r2,complex_000140,complex_000535,14,-6.80572
critic_r2,complex_000140,complex_000535,15,-7.47298
critic_r2,complex_000140,complex_000535,16,-6.93283
critic_r2,complex_000140,complex_000535,17,-7.35094
critic_r2,complex_000140,complex_000535,18,-7.61756
critic_r2,complex_000140,complex_000535,19,-6.56257
critic_r2,complex_000085,complex_000085,0,-10.49466
critic_r2,complex_000085,complex_000085,1,-10.94095
critic_r2,complex_000085,complex_000085,2,-7.31764
critic_r2,complex_000085,complex_000085,3,-9.08787
critic_r2,complex_000085,complex_000085,4,-9.73491
critic_r2,complex_000085,complex_000085,5,-8.13375
critic_r2,complex_000085,complex_000085,6,-12.07919
critic_r2,complex_000085,complex_000085,7,-10.28315
critic_r2,complex_000085,complex_000085,8,-10.7444
critic_r2,complex_000085,complex_000085,9,-10.26053
critic_r2,complex_000085,complex_000085,10,-8.27144
critic_r2,complex_000085,complex_000085,11,-8.68419
critic_r2,complex_000085,complex_000085,12,-9.56886
critic_r2,complex_000085,complex_000085,13,-11.06007
critic_r2,complex_000085,complex_000085,14,-7.95512
critic_r2,complex_000085,complex_000085,15,-9.29997
critic_r2,complex_000085,complex_000085,16,-10.19501
critic_r2,complex_000085,complex_000085,17,-10.41609
critic_r2,complex_000085,complex_000085,18,-8.99422
critic_r2,complex_000085,complex_000085,19,-13.46816
critic_r2,complex_000085,complex_000400,0,-11.29761
critic_r2,complex_000085,complex_000400,1,-10.36897
critic_r2,complex_000085,complex_000400,2,-8.05304
critic_r2,complex_000085,complex_000400,3,-8.36406
critic_r2,complex_000085,complex_000400,4,-9.08201
critic_r2,complex_000085,complex_000400,5,-9.36751
critic_r2,complex_000085,complex_000400,6,-11.01999
critic_r2,complex_000085,complex_000400,7,-10.03916
critic_r2,complex_000085,complex_000400,8,-9.86988
critic_r2,complex_000085,complex_000400,9,-10.14181
critic_r2,complex_000085,complex_000400,10,-8.54315
critic_r2,complex_000085,complex_000400,11,-8.47914
critic_r2,complex_000085,complex_000400,12,-8.20858
critic_r2,complex_000085,complex_000400,13,-9.68482
critic_r2,complex_000085,complex_000400,14,-8.46044
critic_r2,complex_000085,complex_000400,15,-10.34178
critic_r2,complex_000085,complex_000400,16,-11.01374
critic_r2,complex_000085,complex_000400,17,-10.03552
critic_r2,complex_000085,complex_000400,18,-8.43315
critic_r2,complex_000085,complex_000400,19,-9.79719
critic_r2,complex_000085,complex_000374,0,-10.97146
critic_r2,complex_000085,complex_000374,1,-10.52112
critic_r2,complex_000085,complex_000374,2,-7.65538
critic_r2,complex_000085,complex_000374,3,-8.63061
critic_r2,complex_000085,complex_000374,4,-7.2467
critic_r2,complex_000085,complex_000374,5,-8.4467
critic_r2,complex_000085,complex_000374,6,-8.94309
critic_r2,complex_000085,complex_000374,7,-10.55392
critic_r2,complex_000085,complex_000374,8,-8.25409
critic_r2,complex_000085,complex_000374,9,-9.46604
critic_r2,complex_000085,complex_000374,10,-8.13424
critic_r2,complex_000085,complex_000374,11,-8.58815
critic_r2,complex_000085,complex_000374,12,-7.59297
critic_r2,complex_000085,complex_000374,13,-11.54776
critic_r2,complex_000085,complex_000374,14,-8.46
critic_r2,complex_000085,complex_000374,15,-6.90084
critic_r2,complex_000085,complex_000374,16,-9.49096
critic_r2,complex_000085,complex_000374,17,-6.97524
critic_r2,complex_000085,complex_000374,18,-7.24114
critic_r2,complex_000085,complex_000374,19,-6.52084
critic_r2,complex_000117,complex_000269,0,-7.86944
critic_r2,complex_000117,complex_000269,1,-6.39354
critic_r2,complex_000117,complex_000269,2,-6.59085
critic_r2,complex_000117,complex_000269,3,-7.50527
critic_r2,complex_000117,complex_000269,4,-5.47746
critic_r2,complex_000117,complex_000269,5,-6.57022
critic_r2,complex_000117,complex_000269,6,-5.94416
critic_r2,complex_000117,complex_000269,7,-6.98888
critic_r2,complex_000117,complex_000269,8,-6.89371
critic_r2,complex_000117,complex_000269,9,-5.06875
critic_r2,complex_000117,complex_000269,10,-8.55108
critic_r2,complex_000117,complex_000269,11,-7.17143
critic_r2,complex_000117,complex_000269,12,-6.40477
critic_r2,complex_000117,complex_000269,13,-7.04873
critic_r2,complex_000117,complex_000269,14,-7.37684
critic_r2,complex_000117,complex_000269,15,-6.81064
critic_r2,complex_000117,complex_000269,16,-6.46816
critic_r2,complex_000117,complex_000269,17,-6.77918
critic_r2,complex_000117,complex_000269,18,-5.884
critic_r2,complex_000117,complex_000269,19,-9.07222
critic_r2,complex_000085,complex_000026,0,-8.30243
critic_r2,complex_000085,complex_000026,1,-8.95394
critic_r2,complex_000085,complex_000026,2,-6.73301
critic_r2,complex_000085,complex_000026,3,-7.44393
critic_r2,complex_000085,complex_000026,4,-8.04731
critic_r2,complex_000085,complex_000026,5,-7.7564
critic_r2,complex_000085,complex_000026,6,-9.69813
critic_r2,complex_000085,complex_000026,7,-8.54592
critic_r2,complex_000085,complex_000026,8,-8.67712
critic_r2,complex_000085,complex_000026,9,-7.63049
critic_r2,complex_000085,complex_000026,10,-7.46751
critic_r2,complex_000085,complex_000026,11,-7.38654
critic_r2,complex_000085,complex_000026,12,-7.86789
critic_r2,complex_000085,complex_000026,13,-8.84776
critic_r2,complex_000085,complex_000026,14,-6.43052
critic_r2,complex_000085,complex_000026,15,-7.09756
critic_r2,complex_000085,complex_000026,16,-7.99577
critic_r2,complex_000085,complex_000026,17,-10.09592
critic_r2,complex_000085,complex_000026,18,-7.15849
critic_r2,complex_000085,complex_000026,19,-8.81299
critic_r2,complex_000141,complex_000141,0,-7.6201
critic_r2,complex_000141,complex_000141,1,-6.91015
critic_r2,complex_000141,complex_000141,2,-7.80191
critic_r2,complex_000141,complex_000141,3,-5.50691
critic_r2,complex_000141,complex_000141,4,-8.53266
critic_r2,complex_000141,complex_000141,5,-5.98891
critic_r2,complex_000141,complex_000141,6,-8.07744
critic_r2,complex_000141,complex_000141,7,-8.62939
critic_r2,complex_000141,complex_000141,8,-4.99571
critic_r2,complex_000141,complex_000141,9,-6.76457
critic_r2,complex_000141,complex_000141,10,-8.54395
critic_r2,complex_000141,complex_000141,11,-6.84166
critic_r2,complex_000141,complex_000141,12,-8.78899
critic_r2,complex_000141,complex_000141,13,-6.97964
critic_r2,complex_000141,complex_000141,14,-8.06569
critic_r2,complex_000141,complex_000141,15,-7.74251
critic_r2,complex_000141,complex_000141,16,-5.0861
critic_r2,complex_000141,complex_000141,17,-4.4054
critic_r2,complex_000141,complex_000141,18,-6.65056
critic_r2,complex_000141,complex_000141,19,-8.82439
critic_r2,complex_000141,complex_000426,0,-7.79933
critic_r2,complex_000141,complex_000426,1,-7.47929
critic_r2,complex_000141,complex_000426,2,-8.01688
critic_r2,complex_000141,complex_000426,3,-5.6877
critic_r2,complex_000141,complex_000426,4,-8.15828
critic_r2,complex_000141,complex_000426,5,-5.88898
critic_r2,complex_000141,complex_000426,6,-7.64822
critic_r2,complex_000141,complex_000426,7,-8.26645
critic_r2,complex_000141,complex_000426,8,-5.21071
critic_r2,complex_000141,complex_000426,9,-6.9915
critic_r2,complex_000141,complex_000426,10,-10.07559
critic_r2,complex_000141,complex_000426,11,-6.71574
critic_r2,complex_000141,complex_000426,12,-8.98206
critic_r2,complex_000141,complex_000426,13,-6.64434
critic_r2,complex_000141,complex_000426,14,-7.87293
critic_r2,complex_000141,complex_000426,15,-8.72421
critic_r2,complex_000141,complex_000426,16,-5.43922
critic_r2,complex_000141,complex_000426,17,-4.4564
critic_r2,complex_000141,complex_000426,18,-7.17511
critic_r2,complex_000141,complex_000426,19,-8.31061
critic_r2,complex_000141,complex_000540,0,-7.76946
critic_r2,complex_000141,complex_000540,1,-6.74047
critic_r2,complex_000141,complex_000540,2,-8.28308
critic_r2,complex_000141,complex_000540,3,-5.04013
critic_r2,complex_000141,complex_000540,4,-8.56469
critic_r2,complex_000141,complex_000540,5,-5.22526
critic_r2,complex_000141,complex_000540,6,-7.85962
critic_r2,complex_000141,complex_000540,7,-7.81493
critic_r2,complex_000141,complex_000540,8,-4.57493
critic_r2,complex_000141,complex_000540,9,-6.99864
critic_r2,complex_000141,complex_000540,10,-9.39861
critic_r2,complex_000141,complex_000540,11,-6.66549
critic_r2,complex_000141,complex_000540,12,-9.11221
critic_r2,complex_000141,complex_000540,13,-6.91804
critic_r2,complex_000141,complex_000540,14,-8.06165
critic_r2,complex_000141,complex_000540,15,-8.29451
critic_r2,complex_000141,complex_000540,16,-4.77448
critic_r2,complex_000141,complex_000540,17,-4.29044
critic_r2,complex_000141,complex_000540,18,-7.50015
critic_r2,complex_000141,complex_000540,19,-7.80847
critic_r2,complex_000148,complex_000148,0,-4.92657
critic_r2,complex_000148,complex_000148,1,-6.60138
critic_r2,complex_000148,complex_000148,2,-7.51817
critic_r2,complex_000148,complex_000148,3,-7.51118
critic_r2,complex_000148,complex_000148,4,-6.55478
critic_r2,complex_000148,complex_000148,5,-4.13047
critic_r2,complex_000148,complex_000148,6,-4.76768
critic_r2,complex_000148,complex_000148,7,-4.638
critic_r2,complex_000148,complex_000148,8,-7.90904
critic_r2,complex_000148,complex_000148,9,-7.10385
critic_r2,complex_000148,complex_000148,10,-10.98739
critic_r2,complex_000148,complex_000148,11,-8.92118
critic_r2,complex_000148,complex_000148,12,-5.71571
critic_r2,complex_000148,complex_000148,13,-7.88531
critic_r2,complex_000148,complex_000148,14,-10.95654
critic_r2,complex_000148,complex_000148,15,-4.29775
critic_r2,complex_000148,complex_000148,16,-4.91279
critic_r2,complex_000148,complex_000148,17,-6.30807
critic_r2,complex_000148,complex_000148,18,-6.09371
critic_r2,complex_000148,complex_000148,19,-7.6072
critic_r2,complex_000145,complex_000145,0,-7.77493
critic_r2,complex_000145,complex_000145,1,-6.02394
critic_r2,complex_000145,complex_000145,2,-5.43619
critic_r2,complex_000145,complex_000145,3,-5.41117
critic_r2,complex_000145,complex_000145,4,-4.09432
critic_r2,complex_000145,complex_000145,5,-4.67712
critic_r2,complex_000145,complex_000145,6,-5.03965
critic_r2,complex_000145,complex_000145,7,-5.15724
critic_r2,complex_000145,complex_000145,8,-6.20019
critic_r2,complex_000145,complex_000145,9,-5.19298
critic_r2,complex_000145,complex_000145,10,-5.6794
critic_r2,complex_000145,complex_000145,11,-4.7777
critic_r2,complex_000145,complex_000145,12,-4.09895
critic_r2,complex_000145,complex_000145,13,-5.43806
critic_r2,complex_000145,complex_000145,14,-6.75445
critic_r2,complex_000145,complex_000145,15,-5.68079
critic_r2,complex_000145,complex_000145,16,-7.40037
critic_r2,complex_000145,complex_000145,17,-4.80527
critic_r2,complex_000145,complex_000145,18,-6.75979
critic_r2,complex_000145,complex_000145,19,-3.77754
critic_r2,complex_000141,complex_000387,0,-9.01106
critic_r2,complex_000141,complex_000387,1,-8.09856
critic_r2,complex_000141,complex_000387,2,-9.30662
critic_r2,complex_000141,complex_000387,3,-6.35116
critic_r2,complex_000141,complex_000387,4,-9.90734
critic_r2,complex_000141,complex_000387,5,-7.01313
critic_r2,complex_000141,complex_000387,6,-7.57098
critic_r2,complex_000141,complex_000387,7,-9.67553
critic_r2,complex_000141,complex_000387,8,-5.74761
critic_r2,complex_000141,complex_000387,9,-8.18123
critic_r2,complex_000141,complex_000387,10,-9.15789
critic_r2,complex_000141,complex_000387,11,-8.19655
critic_r2,complex_000141,complex_000387,12,-7.66205
critic_r2,complex_000141,complex_000387,13,-7.90476
critic_r2,complex_000141,complex_000387,14,-9.45729
critic_r2,complex_000141,complex_000387,15,-9.3647
critic_r2,complex_000141,complex_000387,16,-5.97283
critic_r2,complex_000141,complex_000387,17,-5.51431
critic_r2,complex_000141,complex_000387,18,-7.37501
critic_r2,complex_000141,complex_000387,19,-9.45411
critic_r2,complex_000148,complex_000472,0,-5.88471
critic_r2,complex_000148,complex_000472,1,-8.03948
critic_r2,complex_000148,complex_000472,2,-9.34399
critic_r2,complex_000148,complex_000472,3,-9.07396
critic_r2,complex_000148,complex_000472,4,-7.81271
critic_r2,complex_000148,complex_000472,5,-5.29158
critic_r2,complex_000148,complex_000472,6,-5.1648
critic_r2,complex_000148,complex_000472,7,-5.26502
critic_r2,complex_000148,complex_000472,8,-8.95461
critic_r2,complex_000148,complex_000472,9,-7.89379
critic_r2,complex_000148,complex_000472,10,-10.20091
critic_r2,complex_000148,complex_000472,11,-11.04841
critic_r2,complex_000148,complex_000472,12,-6.78015
critic_r2,complex_000148,complex_000472,13,-9.29315
critic_r2,complex_000148,complex_000472,14,-8.361
critic_r2,complex_000148,complex_000472,15,-4.77868
critic_r2,complex_000148,complex_000472,16,-5.76426
critic_r2,complex_000148,complex_000472,17,-7.15231
critic_r2,complex_000148,complex_000472,18,-7.40239
critic_r2,complex_000148,complex_000472,19,-9.02828
critic_r2,complex_000148,complex_000177,0,-6.2382
critic_r2,complex_000148,complex_000177,1,-7.54869
critic_r2,complex_000148,complex_000177,2,-7.28198
critic_r2,complex_000148,complex_000177,3,-8.772
critic_r2,complex_000148,complex_000177,4,-7.4839
critic_r2,complex_000148,complex_000177,5,-4.9618
critic_r2,complex_000148,complex_000177,6,-5.18552
critic_r2,complex_000148,complex_000177,7,-5.20425
critic_r2,complex_000148,complex_000177,8,-8.32784
critic_r2,complex_000148,complex_000177,9,-7.19868
critic_r2,complex_000148,complex_000177,10,-8.12044
critic_r2,complex_000148,complex_000177,11,-9.34631
critic_r2,complex_000148,complex_000177,12,-5.48796
critic_r2,complex_000148,complex_000177,13,-7.51401
critic_r2,complex_000148,complex_000177,14,-6.8874
critic_r2,complex_000148,complex_000177,15,-4.90929
critic_r2,complex_000148,complex_000177,16,-5.57131
critic_r2,complex_000148,complex_000177,17,-7.09161
critic_r2,complex_000148,complex_000177,18,-6.483
critic_r2,complex_000148,complex_000177,19,-7.57197
critic_r2,complex_000148,complex_000411,0,-5.59837
critic_r2,complex_000148,complex_000411,1,-7.72649
critic_r2,complex_000148,complex_000411,2,-8.31975
critic_r2,complex_000148,complex_000411,3,-8.57516
critic_r2,complex_000148,complex_000411,4,-7.93418
critic_r2,complex_000148,complex_000411,5,-4.6343
critic_r2,complex_000148,complex_000411,6,-5.31647
critic_r2,complex_000148,complex_000411,7,-5.02399
critic_r2,complex_000148,complex_000411,8,-8.42795
critic_r2,complex_000148,complex_000411,9,-8.28552
critic_r2,complex_000148,complex_000411,10,-10.44224
critic_r2,complex_000148,complex_000411,11,-9.54848
critic_r2,complex_000148,complex_000411,12,-6.34117
critic_r2,complex_000148,complex_000411,13,-8.38356
critic_r2,complex_000148,complex_000411,14,-10.24453
critic_r2,complex_000148,complex_000411,15,-4.81809
critic_r2,complex_000148,complex_000411,16,-5.21843
critic_r2,complex_000148,complex_000411,17,-6.78956
critic_r2,complex_000148,complex_000411,18,-6.95015
critic_r2,complex_000148,complex_000411,19,-7.72443
critic_r2,complex_000145,complex_000266,0,-10.31278
critic_r2,complex_000145,complex_000266,1,-7.49864
critic_r2,complex_000145,complex_000266,2,-7.21174
critic_r2,complex_000145,complex_000266,3,-7.1251
critic_r2,complex_000145,complex_000266,4,-5.57104
critic_r2,complex_000145,complex_000266,5,-6.31029
critic_r2,complex_000145,complex_000266,6,-6.91048
critic_r2,complex_000145,complex_000266,7,-7.10173
critic_r2,complex_000145,complex_000266,8,-7.56601
critic_r2,complex_000145,complex_000266,9,-6.72161
critic_r2,complex_000145,complex_000266,10,-8.53458
critic_r2,complex_000145,complex_000266,11,-5.83095
critic_r2,complex_000145,complex_000266,12,-5.93849
critic_r2,complex_000145,complex_000266,13,-7.98676
critic_r2,complex_000145,complex_000266,14,-10.01106
critic_r2,complex_000145,complex_000266,15,-7.39716
critic_r2,complex_000145,complex_000266,16,-11.09834
critic_r2,complex_000145,complex_000266,17,-6.57522
critic_r2,complex_000145,complex_000266,18,-9.59053
critic_r2,complex_000145,complex_000266,19,-5.27502
critic_r2,complex_000145,complex_000456,0,-8.51023
critic_r2,complex_000145,complex_000456,1,-6.84334
critic_r2,complex_000145,complex_000456,2,-6.73321
critic_r2,complex_000145,complex_000456,3,-6.68301
critic_r2,complex_000145,complex_000456,4,-5.49522
critic_r2,complex_000145,complex_000456,5,-5.42828
critic_r2,complex_000145,complex_000456,6,-6.02059
critic_r2,complex_000145,complex_000456,7,-7.03497
critic_r2,complex_000145,complex_000456,8,-7.3811
critic_r2,complex_000145,complex_000456,9,-6.56014
critic_r2,complex_000145,complex_000456,10,-7.65229
critic_r2,complex_000145,complex_000456,11,-5.97016
critic_r2,complex_000145,complex_000456,12,-5.331
critic_r2,complex_000145,complex_000456,13,-7.35935
critic_r2,complex_000145,complex_000456,14,-8.40932
critic_r2,complex_000145,complex_000456,15,-7.35522
critic_r2,complex_000145,complex_000456,16,-9.14817
critic_r2,complex_000145,complex_000456,17,-5.65898
critic_r2,complex_000145,complex_000456,18,-7.685
critic_r2,complex_000145,complex_000456,19,-5.42243
critic_r2,complex_000165,complex_000472,0,-7.31834
critic_r2,complex_000165,complex_000472,1,-7.91725
critic_r2,complex_000165,complex_000472,2,-7.37846
critic_r2,complex_000165,complex_000472,3,-6.69187
critic_r2,complex_000165,complex_000472,4,-8.42402
critic_r2,complex_000165,complex_000472,5,-7.02699
critic_r2,complex_000165,complex_000472,6,-7.88456
critic_r2,complex_000165,complex_000472,7,-5.95609
critic_r2,complex_000165,complex_000472,8,-8.23532
critic_r2,complex_000165,complex_000472,9,-6.49999
critic_r2,complex_000165,complex_000472,10,-6.68774
critic_r2,complex_000165,complex_000472,11,-7.7954
critic_r2,complex_000165,complex_000472,12,-8.77765
critic_r2,complex_000165,complex_000472,13,-5.0308
critic_r2,complex_000165,complex_000472,14,-7.85738
critic_r2,complex_000165,complex_000472,15,-7.29018
critic_r2,complex_000165,complex_000472,16,-5.48253
critic_r2,complex_000165,complex_000472,17,-7.9189
critic_r2,complex_000165,complex_000472,18,-7.4146
critic_r2,complex_000165,complex_000472,19,-7.28524
critic_r2,complex_000165,complex_000148,0,-6.39927
critic_r2,complex_000165,complex_000148,1,-5.9788
critic_r2,complex_000165,complex_000148,2,-5.92459
critic_r2,complex_000165,complex_000148,3,-5.98801
critic_r2,complex_000165,complex_000148,4,-7.30068
critic_r2,complex_000165,complex_000148,5,-6.25993
critic_r2,complex_000165,complex_000148,6,-6.52715
critic_r2,complex_000165,complex_000148,7,-5.03573
critic_r2,complex_000165,complex_000148,8,-7.06438
critic_r2,complex_000165,complex_000148,9,-5.82612
critic_r2,complex_000165,complex_000148,10,-5.3571
critic_r2,complex_000165,complex_000148,11,-7.24236
critic_r2,complex_000165,complex_000148,12,-8.67594
critic_r2,complex_000165,complex_000148,13,-4.33714
critic_r2,complex_000165,complex_000148,14,-6.41985
critic_r2,complex_000165,complex_000148,15,-6.422
critic_r2,complex_000165,complex_000148,16,-4.9535
critic_r2,complex_000165,complex_000148,17,-7.29142
critic_r2,complex_000165,complex_000148,18,-6.18527
critic_r2,complex_000165,complex_000148,19,-6.19294
critic_r2,complex_000165,complex_000165,0,-8.64339
critic_r2,complex_000165,complex_000165,1,-8.7035
critic_r2,complex_000165,complex_000165,2,-5.35334
critic_r2,complex_000165,complex_000165,3,-8.13387
critic_r2,complex_000165,complex_000165,4,-5.75935
critic_r2,complex_000165,complex_000165,5,-7.25989
critic_r2,complex_000165,complex_000165,6,-5.24919
critic_r2,complex_000165,complex_000165,7,-8.04008
critic_r2,complex_000165,complex_000165,8,-7.97025
critic_r2,complex_000165,complex_000165,9,-7.26991
critic_r2,complex_000165,complex_000165,10,-7.21214
critic_r2,complex_000165,complex_000165,11,-7.08475
critic_r2,complex_000165,complex_000165,12,0.67212
critic_r2,complex_000165,complex_000165,13,-6.9771
critic_r2,complex_000165,complex_000165,14,-9.2785
critic_r2,complex_000165,complex_000165,15,-7.5618
critic_r2,complex_000165,complex_000165,16,-6.23026
critic_r2,complex_000165,complex_000165,17,-5.33233
critic_r2,complex_000165,complex_000165,18,-10.19403
critic_r2,complex_000165,complex_000165,19,-7.71842
critic_r2,complex_000145,complex_000269,0,-7.38476
critic_r2,complex_000145,complex_000269,1,-6.3528
critic_r2,complex_000145,complex_000269,2,-6.9125
critic_r2,complex_000145,complex_000269,3,-6.74
critic_r2,complex_000145,complex_000269,4,-5.63215
critic_r2,complex_000145,complex_000269,5,-5.11019
critic_r2,complex_000145,complex_000269,6,-5.23249
critic_r2,complex_000145,complex_000269,7,-6.19648
critic_r2,complex_000145,complex_000269,8,-7.54782
critic_r2,complex_000145,complex_000269,9,-6.50237
critic_r2,complex_000145,complex_000269,10,-6.19753
critic_r2,complex_000145,complex_000269,11,-5.69208
critic_r2,complex_000145,complex_000269,12,-5.28993
critic_r2,complex_000145,complex_000269,13,-6.79203
critic_r2,complex_000145,complex_000269,14,-7.57915
critic_r2,complex_000145,complex_000269,15,-8.00982
critic_r2,complex_000145,complex_000269,16,-7.76282
critic_r2,complex_000145,complex_000269,17,-5.49028
critic_r2,complex_000145,complex_000269,18,-6.98349
critic_r2,complex_000145,complex_000269,19,-5.22459
critic_r2,complex_000165,complex_000305,0,-6.7792
critic_r2,complex_000165,complex_000305,1,-7.01296
critic_r2,complex_000165,complex_000305,2,-7.26449
critic_r2,complex_000165,complex_000305,3,-6.05097
critic_r2,complex_000165,complex_000305,4,-8.10751
critic_r2,complex_000165,complex_000305,5,-7.73605
critic_r2,complex_000165,complex_000305,6,-8.12563
critic_r2,complex_000165,complex_000305,7,-5.84854
critic_r2,complex_000165,complex_000305,8,-7.74685
critic_r2,complex_000165,complex_000305,9,-7.02078
critic_r2,complex_000165,complex_000305,10,-6.3306
critic_r2,complex_000165,complex_000305,11,-8.28079
critic_r2,complex_000165,complex_000305,12,-7.45382
critic_r2,complex_000165,complex_000305,13,-4.82073
critic_r2,complex_000165,complex_000305,14,-8.14146
critic_r2,complex_000165,complex_000305,15,-6.81205
critic_r2,complex_000165,complex_000305,16,-6.28215
critic_r2,complex_000165,complex_000305,17,-8.55901
critic_r2,complex_000165,complex_000305,18,-7.75463
critic_r2,complex_000165,complex_000305,19,-7.27008
critic_r2,complex_000170,complex_000170,0,-9.10158
critic_r2,complex_000170,complex_000170,1,-8.44216
critic_r2,complex_000170,complex_000170,2,-9.51312
critic_r2,complex_000170,complex_000170,3,-9.95753
critic_r2,complex_000170,complex_000170,4,-8.51371
critic_r2,complex_000170,complex_000170,5,-8.75984
critic_r2,complex_000170,complex_000170,6,-8.25618
critic_r2,complex_000170,complex_000170,7,-9.17547
critic_r2,complex_000170,complex_000170,8,-9.71435
critic_r2,complex_000170,complex_000170,9,-6.57066
critic_r2,complex_000170,complex_000170,10,-7.47631
critic_r2,complex_000170,complex_000170,11,-8.59364
critic_r2,complex_000170,complex_000170,12,-9.00197
critic_r2,complex_000170,complex_000170,13,-9.30325
critic_r2,complex_000170,complex_000170,14,-7.62318
critic_r2,complex_000170,complex_000170,15,-10.94226
critic_r2,complex_000170,complex_000170,16,-10.76767
critic_r2,complex_000170,complex_000170,17,-10.25802
critic_r2,complex_000170,complex_000170,18,-9.7126
critic_r2,complex_000170,complex_000170,19,-8.32353
critic_r2,complex_000170,complex_000112,0,-7.17371
critic_r2,complex_000170,complex_000112,1,-7.12712
critic_r2,complex_000170,complex_000112,2,-7.27751
critic_r2,complex_000170,complex_000112,3,-7.64403
critic_r2,complex_000170,complex_000112,4,-6.7115
critic_r2,complex_000170,complex_000112,5,-5.84486
critic_r2,complex_000170,complex_000112,6,-6.19253
critic_r2,complex_000170,complex_000112,7,-7.40206
critic_r2,complex_000170,complex_000112,8,-7.74431
critic_r2,complex_000170,complex_000112,9,-7.99852
critic_r2,complex_000170,complex_000112,10,-7.25894
critic_r2,complex_000170,complex_000112,11,-6.12994
critic_r2,complex_000170,complex_000112,12,-6.31673
critic_r2,complex_000170,complex_000112,13,-7.03881
critic_r2,complex_000170,complex_000112,14,-6.17418
critic_r2,complex_000170,complex_000112,15,-7.83426
critic_r2,complex_000170,complex_000112,16,-6.89974
critic_r2,complex_000170,complex_000112,17,-7.17044
critic_r2,complex_000170,complex_000112,18,-6.86022
critic_r2,complex_000170,complex_000112,19,-6.67529
critic_r2,complex_000149,complex_000149,0,-9.26164
critic_r2,complex_000149,complex_000149,1,-6.34866
critic_r2,complex_000149,complex_000149,2,-8.22034
critic_r2,complex_000149,complex_000149,3,-7.03509
critic_r2,complex_000149,complex_000149,4,-8.8468
critic_r2,complex_000149,complex_000149,5,-9.99267
critic_r2,complex_000149,complex_000149,6,-9.55821
critic_r2,complex_000149,complex_000149,7,-6.71099
critic_r2,complex_000149,complex_000149,8,-7.99614
critic_r2,complex_000149,complex_000149,9,-7.22549
critic_r2,complex_000149,complex_000149,10,-6.18879
critic_r2,complex_000149,complex_000149,11,-8.22844
critic_r2,complex_000149,complex_000149,12,-7.17825
critic_r2,complex_000149,complex_000149,13,-8.41388
critic_r2,complex_000149,complex_000149,14,-8.99538
critic_r2,complex_000149,complex_000149,15,-8.89752
critic_r2,complex_000149,complex_000149,16,-7.77788
critic_r2,complex_000149,complex_000149,17,-7.62547
critic_r2,complex_000149,complex_000149,18,-8.32759
critic_r2,complex_000149,complex_000149,19,-7.4436
critic_r2,complex_000149,complex_000363,0,-8.03145
critic_r2,complex_000149,complex_000363,1,-6.39815
critic_r2,complex_000149,complex_000363,2,-9.49016
critic_r2,complex_000149,complex_000363,3,-7.73457
critic_r2,complex_000149,complex_000363,4,-8.10716
critic_r2,complex_000149,complex_000363,5,-7.80554
critic_r2,complex_000149,complex_000363,6,-8.52872
critic_r2,complex_000149,complex_000363,7,-6.21903
critic_r2,complex_000149,complex_000363,8,-7.83255
critic_r2,complex_000149,complex_000363,9,-6.35823
critic_r2,complex_000149,complex_000363,10,-5.73678
critic_r2,complex_000149,complex_000363,11,-8.16195
critic_r2,complex_000149,complex_000363,12,-6.68669
critic_r2,complex_000149,complex_000363,13,-9.10311
critic_r2,complex_000149,complex_000363,14,-9.99278
critic_r2,complex_000149,complex_000363,15,-9.00562
critic_r2,complex_000149,complex_000363,16,-9.54422
critic_r2,complex_000149,complex_000363,17,-6.10552
critic_r2,complex_000149,complex_000363,18,-8.93125
critic_r2,complex_000149,complex_000363,19,-7.59324
critic_r2,complex_000170,complex_000411,0,-9.29186
critic_r2,complex_000170,complex_000411,1,-8.2733
critic_r2,complex_000170,complex_000411,2,-7.65869
critic_r2,complex_000170,complex_000411,3,-8.3834
critic_r2,complex_000170,complex_000411,4,-6.60572
critic_r2,complex_000170,complex_000411,5,-7.08564
critic_r2,complex_000170,complex_000411,6,-7.19963
critic_r2,complex_000170,complex_000411,7,-7.92086
critic_r2,complex_000170,complex_000411,8,-7.43344
critic_r2,complex_000170,complex_000411,9,-10.10499
critic_r2,complex_000170,complex_000411,10,-7.92708
critic_r2,complex_000170,complex_000411,11,-7.06794
critic_r2,complex_000170,complex_000411,12,-7.90692
critic_r2,complex_000170,complex_000411,13,-8.12039
critic_r2,complex_000170,complex_000411,14,-6.74657
critic_r2,complex_000170,complex_000411,15,-7.75275
critic_r2,complex_000170,complex_000411,16,-8.38015
critic_r2,complex_000170,complex_000411,17,-8.19071
critic_r2,complex_000170,complex_000411,18,-7.72696
critic_r2,complex_000170,complex_000411,19,-7.01648
critic_r2,complex_000170,complex_000236,0,-9.17871
critic_r2,complex_000170,complex_000236,1,-8.85172
critic_r2,complex_000170,complex_000236,2,-8.85899
critic_r2,complex_000170,complex_000236,3,-8.34233
critic_r2,complex_000170,complex_000236,4,-6.84971
critic_r2,complex_000170,complex_000236,5,-6.19315
critic_r2,complex_000170,complex_000236,6,-6.96732
critic_r2,complex_000170,complex_000236,7,-9.15917
critic_r2,complex_000170,complex_000236,8,-8.12849
critic_r2,complex_000170,complex_000236,9,-8.98737
critic_r2,complex_000170,complex_000236,10,-8.02129
critic_r2,complex_000170,complex_000236,11,-7.37233
critic_r2,complex_000170,complex_000236,12,-7.13234
critic_r2,complex_000170,complex_000236,13,-8.25363
critic_r2,complex_000170,complex_000236,14,-6.61453
critic_r2,complex_000170,complex_000236,15,-8.29482
critic_r2,complex_000170,complex_000236,16,-8.75859
critic_r2,complex_000170,complex_000236,17,-8.30264
critic_r2,complex_000170,complex_000236,18,-7.85124
critic_r2,complex_000170,complex_000236,19,-6.99145
critic_r2,complex_000149,complex_000059,0,-7.49188
critic_r2,complex_000149,complex_000059,1,-5.42017
critic_r2,complex_000149,complex_000059,2,-8.43176
critic_r2,complex_000149,complex_000059,3,-6.19514
critic_r2,complex_000149,complex_000059,4,-7.83523
critic_r2,complex_000149,complex_000059,5,-8.05039
critic_r2,complex_000149,complex_000059,6,-9.20242
critic_r2,complex_000149,complex_000059,7,-5.89393
critic_r2,complex_000149,complex_000059,8,-7.4436
critic_r2,complex_000149,complex_000059,9,-5.89219
critic_r2,complex_000149,complex_000059,10,-5.5175
critic_r2,complex_000149,complex_000059,11,-6.8309
critic_r2,complex_000149,complex_000059,12,-6.64489
critic_r2,complex_000149,complex_000059,13,-8.99504
critic_r2,complex_000149,complex_000059,14,-9.00907
critic_r2,complex_000149,complex_000059,15,-8.31921
critic_r2,complex_000149,complex_000059,16,-8.42961
critic_r2,complex_000149,complex_000059,17,-6.34351
critic_r2,complex_000149,complex_000059,18,-9.28909
critic_r2,complex_000149,complex_000059,19,-8.51667
critic_r2,complex_000149,complex_000236,0,-8.05267
critic_r2,complex_000149,complex_000236,1,-5.14962
critic_r2,complex_000149,complex_000236,2,-8.64565
critic_r2,complex_000149,complex_000236,3,-6.57536
critic_r2,complex_000149,complex_000236,4,-7.22289
critic_r2,complex_000149,complex_000236,5,-9.65615
critic_r2,complex_000149,complex_000236,6,-8.71913
critic_r2,complex_000149,complex_000236,7,-5.81739
critic_r2,complex_000149,complex_000236,8,-8.18273
critic_r2,complex_000149,complex_000236,9,-5.97494
critic_r2,complex_000149,complex_000236,10,-4.98832
critic_r2,complex_000149,complex_000236,11,-6.43656
critic_r2,complex_000149,complex_000236,12,-6.42301
critic_r2,complex_000149,complex_000236,13,-6.73664
critic_r2,complex_000149,complex_000236,14,-8.19791
critic_r2,complex_000149,complex_000236,15,-8.84535
critic_r2,complex_000149,complex_000236,16,-8.12962
critic_r2,complex_000149,complex_000236,17,-5.71634
critic_r2,complex_000149,complex_000236,18,-7.76574
critic_r2,complex_000149,complex_000236,19,-7.76022
critic_r2,complex_000177,complex_000177,0,-6.24914
critic_r2,complex_000177,complex_000177,1,-8.41369
critic_r2,complex_000177,complex_000177,2,-7.00991
critic_r2,complex_000177,complex_000177,3,-9.50554
critic_r2,complex_000177,complex_000177,4,-5.64602
critic_r2,complex_000177,complex_000177,5,-7.39676
critic_r2,complex_000177,complex_000177,6,-6.89066
critic_r2,complex_000177,complex_000177,7,-7.87033
critic_r2,complex_000177,complex_000177,8,-6.73112
critic_r2,complex_000177,complex_000177,9,-6.04392
critic_r2,complex_000177,complex_000177,10,-7.04708
critic_r2,complex_000177,complex_000177,11,-5.53846
critic_r2,complex_000177,complex_000177,12,-8.45025
critic_r2,complex_000177,complex_000177,13,-7.26383
critic_r2,complex_000177,complex_000177,14,-8.58892
critic_r2,complex_000177,complex_000177,15,-8.27238
critic_r2,complex_000177,complex_000177,16,-7.60096
critic_r2,complex_000177,complex_000177,17,-7.04853
critic_r2,complex_000177,complex_000177,18,-9.15372
critic_r2,complex_000177,complex_000177,19,-7.0379
critic_r2,complex_000193,complex_000292,0,-6.65496
critic_r2,complex_000193,complex_000292,1,-6.2837
critic_r2,complex_000193,complex_000292,2,-4.34854
critic_r2,complex_000193,complex_000292,3,-6.61276
critic_r2,complex_000193,complex_000292,4,-4.56275
critic_r2,complex_000193,complex_000292,5,-6.60809
critic_r2,complex_000193,complex_000292,6,-4.51802
critic_r2,complex_000193,complex_000292,7,-5.36454
critic_r2,complex_000193,complex_000292,8,-5.43384
critic_r2,complex_000193,complex_000292,9,-5.18947
critic_r2,complex_000193,complex_000292,10,-5.40975
critic_r2,complex_000193,complex_000292,11,-4.87185
critic_r2,complex_000193,complex_000292,12,-4.26967
critic_r2,complex_000193,complex_000292,13,-5.15355
critic_r2,complex_000193,complex_000292,14,-6.87958
critic_r2,complex_000193,complex_000292,15,-4.73728
critic_r2,complex_000193,complex_000292,16,-6.18744
critic_r2,complex_000193,complex_000292,17,-5.01577
critic_r2,complex_000193,complex_000292,18,-6.17651
critic_r2,complex_000193,complex_000292,19,-7.84223
critic_r2,complex_000177,complex_000305,0,-7.51406
critic_r2,complex_000177,complex_000305,1,-9.1454
critic_r2,complex_000177,complex_000305,2,-7.41839
critic_r2,complex_000177,complex_000305,3,-9.4305
critic_r2,complex_000177,complex_000305,4,-5.23368
critic_r2,complex_000177,complex_000305,5,-8.59457
critic_r2,complex_000177,complex_000305,6,-7.73997
critic_r2,complex_000177,complex_000305,7,-9.22588
critic_r2,complex_000177,complex_000305,8,-7.40595
critic_r2,complex_000177,complex_000305,9,-6.55107
critic_r2,complex_000177,complex_000305,10,-8.12516
critic_r2,complex_000177,complex_000305,11,-5.30487
critic_r2,complex_000177,complex_000305,12,-7.28838
critic_r2,complex_000177,complex_000305,13,-8.40549
critic_r2,complex_000177,complex_000305,14,-9.09863
critic_r2,complex_000177,complex_000305,15,-9.09406
critic_r2,complex_000177,complex_000305,16,-8.38808
critic_r2,complex_000177,complex_000305,17,-8.01155
critic_r2,complex_000177,complex_000305,18,-10.01061
critic_r2,complex_000177,complex_000305,19,-8.13879
critic_r2,complex_000193,complex_000193,0,-7.15387
critic_r2,complex_000193,complex_000193,1,-8.23296
critic_r2,complex_000193,complex_000193,2,-4.77928
critic_r2,complex_000193,complex_000193,3,-7.8262
critic_r2,complex_000193,complex_000193,4,-4.88177
critic_r2,complex_000193,complex_000193,5,-7.29393
critic_r2,complex_000193,complex_000193,6,-5.45155
critic_r2,complex_000193,complex_000193,7,-6.04933
critic_r2,complex_000193,complex_000193,8,-6.30152
critic_r2,complex_000193,complex_000193,9,-5.51173
critic_r2,complex_000193,complex_000193,10,-5.59543
critic_r2,complex_000193,complex_000193,11,-4.82408
critic_r2,complex_000193,complex_000193,12,-5.32493
critic_r2,complex_000193,complex_000193,13,-5.31616
critic_r2,complex_000193,complex_000193,14,-7.43668
critic_r2,complex_000193,complex_000193,15,-5.62367
critic_r2,complex_000193,complex_000193,16,-7.6158
critic_r2,complex_000193,complex_000193,17,-5.42151
critic_r2,complex_000193,complex_000193,18,-7.00573
critic_r2,complex_000193,complex_000193,19,-9.81562
critic_r2,complex_000177,complex_000051,0,-6.46849
critic_r2,complex_000177,complex_000051,1,-7.48021
critic_r2,complex_000177,complex_000051,2,-6.65223
critic_r2,complex_000177,complex_000051,3,-9.05015
critic_r2,complex_000177,complex_000051,4,-5.49983
critic_r2,complex_000177,complex_000051,5,-7.63484
critic_r2,complex_000177,complex_000051,6,-5.90656
critic_r2,complex_000177,complex_000051,7,-7.47918
critic_r2,complex_000177,complex_000051,8,-6.0133
critic_r2,complex_000177,complex_000051,9,-5.7606
critic_r2,complex_000177,complex_000051,10,-7.84281
critic_r2,complex_000177,complex_000051,11,-4.77379
critic_r2,complex_000177,complex_000051,12,-5.69993
critic_r2,complex_000177,complex_000051,13,-6.84978
critic_r2,complex_000177,complex_000051,14,-7.89084
critic_r2,complex_000177,complex_000051,15,-7.84194
critic_r2,complex_000177,complex_000051,16,-7.22679
critic_r2,complex_000177,complex_000051,17,-7.35023
critic_r2,complex_000177,complex_000051,18,-8.21061
critic_r2,complex_000177,complex_000051,19,-7.06495
critic_r2,complex_000193,complex_000394,0,-7.27515
critic_r2,complex_000193,complex_000394,1,-7.97899
critic_r2,complex_000193,complex_000394,2,-5.15434
critic_r2,complex_000193,complex_000394,3,-7.57274
critic_r2,complex_000193,complex_000394,4,-5.82062
critic_r2,complex_000193,complex_000394,5,-7.14463
critic_r2,complex_000193,complex_000394,6,-5.20664
critic_r2,complex_000193,complex_000394,7,-6.983
critic_r2,complex_000193,complex_000394,8,-6.20657
critic_r2,complex_000193,complex_000394,9,-5.59699
critic_r2,complex_000193,complex_000394,10,-6.17427
critic_r2,complex_000193,complex_000394,11,-5.36615
critic_r2,complex_000193,complex_000394,12,-5.12468
critic_r2,complex_000193,complex_000394,13,-6.25327
critic_r2,complex_000193,complex_000394,14,-9.06673
critic_r2,complex_000193,complex_000394,15,-5.1229
critic_r2,complex_000193,complex_000394,16,-8.16725
critic_r2,complex_000193,complex_000394,17,-5.38964
critic_r2,complex_000193,complex_000394,18,-7.29144
critic_r2,complex_000193,complex_000394,19,-8.75127
critic_r2,complex_000179,complex_000473,0,-9.10866
critic_r2,complex_000179,complex_000473,1,-6.28491
critic_r2,complex_000179,complex_000473,2,-8.0277
critic_r2,complex_000179,complex_000473,3,-6.63289
critic_r2,complex_000179,complex_000473,4,-6.92746
critic_r2,complex_000179,complex_000473,5,-5.02147
critic_r2,complex_000179,complex_000473,6,-7.06648
critic_r2,complex_000179,complex_000473,7,-6.66286
critic_r2,complex_000179,complex_000473,8,-7.08226
critic_r2,complex_000179,complex_000473,9,-6.91752
critic_r2,complex_000179,complex_000473,10,-6.93125
critic_r2,complex_000179,complex_000473,11,-6.91778
critic_r2,complex_000179,complex_000473,12,-5.74868
critic_r2,complex_000179,complex_000473,13,-6.01653
critic_r2,complex_000179,complex_000473,14,-8.00326
critic_r2,complex_000179,complex_000473,15,-5.64183
critic_r2,complex_000179,complex_000473,16,-6.4607
critic_r2,complex_000179,complex_000473,17,-7.4497
critic_r2,complex_000179,complex_000473,18,-7.38688
critic_r2,complex_000179,complex_000473,19,-5.94842
critic_r2,complex_000179,complex_000292,0,-7.85906
critic_r2,complex_000179,complex_000292,1,-5.93973
critic_r2,complex_000179,complex_000292,2,-7.31437
critic_r2,complex_000179,complex_000292,3,-6.19385
critic_r2,complex_000179,complex_000292,4,-6.99498
critic_r2,complex_000179,complex_000292,5,-4.77199
critic_r2,complex_000179,complex_000292,6,-6.80593
critic_r2,complex_000179,complex_000292,7,-6.04957
critic_r2,complex_000179,complex_000292,8,-6.85758
critic_r2,complex_000179,complex_000292,9,-6.86752
critic_r2,complex_000179,complex_000292,10,-6.32029
critic_r2,complex_000179,complex_000292,11,-6.88472
critic_r2,complex_000179,complex_000292,12,-5.7039
critic_r2,complex_000179,complex_000292,13,-5.76882
critic_r2,complex_000179,complex_000292,14,-7.29883
critic_r2,complex_000179,complex_000292,15,-5.77126
critic_r2,complex_000179,complex_000292,16,-6.17135
critic_r2,complex_000179,complex_000292,17,-7.05976
critic_r2,complex_000179,complex_000292,18,-6.88445
critic_r2,complex_000179,complex_000292,19,-5.72535
critic_r2,complex_000179,complex_000179,0,-9.83572
critic_r2,complex_000179,complex_000179,1,-8.11753
critic_r2,complex_000179,complex_000179,2,-10.34409
critic_r2,complex_000179,complex_000179,3,-8.88369
critic_r2,complex_000179,complex_000179,4,-8.25295
critic_r2,complex_000179,complex_000179,5,-5.95301
critic_r2,complex_000179,complex_000179,6,-9.01996
critic_r2,complex_000179,complex_000179,7,-7.83934
critic_r2,complex_000179,complex_000179,8,-8.85867
critic_r2,complex_000179,complex_000179,9,-8.65131
critic_r2,complex_000179,complex_000179,10,-8.5134
critic_r2,complex_000179,complex_000179,11,-8.13019
critic_r2,complex_000179,complex_000179,12,-6.7754
critic_r2,complex_000179,complex_000179,13,-7.3033
critic_r2,complex_000179,complex_000179,14,-9.95795
critic_r2,complex_000179,complex_000179,15,-7.03285
critic_r2,complex_000179,complex_000179,16,-7.94145
critic_r2,complex_000179,complex_000179,17,-8.99237
critic_r2,complex_000179,complex_000179,18,-9.76538
critic_r2,complex_000179,complex_000179,19,-7.30363
critic_r2,complex_000179,complex_000411,0,-9.26085
critic_r2,complex_000179,complex_000411,1,-7.48048
critic_r2,complex_000179,complex_000411,2,-8.90832
critic_r2,complex_000179,complex_000411,3,-8.17484
critic_r2,complex_000179,complex_000411,4,-7.44884
critic_r2,complex_000179,complex_000411,5,-5.39351
critic_r2,complex_000179,complex_000411,6,-8.26093
critic_r2,complex_000179,complex_000411,7,-7.37332
critic_r2,complex_000179,complex_000411,8,-7.52592
critic_r2,complex_000179,complex_000411,9,-7.71489
critic_r2,complex_000179,complex_000411,10,-8.22486
critic_r2,complex_000179,complex_000411,11,-7.96138
critic_r2,complex_000179,complex_000411,12,-6.52164
critic_r2,complex_000179,complex_000411,13,-6.8139
critic_r2,complex_000179,complex_000411,14,-8.60055
critic_r2,complex_000179,complex_000411,15,-6.32541
critic_r2,complex_000179,complex_000411,16,-7.8382
critic_r2,complex_000179,complex_000411,17,-8.40315
critic_r2,complex_000179,complex_000411,18,-8.24988
critic_r2,complex_000179,complex_000411,19,-6.6331
critic_r2,complex_000193,complex_000177,0,-7.79233
critic_r2,complex_000193,complex_000177,1,-7.92972
critic_r2,complex_000193,complex_000177,2,-5.15512
critic_r2,complex_000193,complex_000177,3,-7.2512
critic_r2,complex_000193,complex_000177,4,-5.70546
critic_r2,complex_000193,complex_000177,5,-6.96517
critic_r2,complex_000193,complex_000177,6,-5.23974
critic_r2,complex_000193,complex_000177,7,-6.29559
critic_r2,complex_000193,complex_000177,8,-6.11648
critic_r2,complex_000193,complex_000177,9,-6.37765
critic_r2,complex_000193,complex_000177,10,-6.51824
critic_r2,complex_000193,complex_000177,11,-5.59214
critic_r2,complex_000193,complex_000177,12,-5.31198
critic_r2,complex_000193,complex_000177,13,-5.97269
critic_r2,complex_000193,complex_000177,14,-8.64966
critic_r2,complex_000193,complex_000177,15,-5.42498
critic_r2,complex_000193,complex_000177,16,-6.73448
critic_r2,complex_000193,complex_000177,17,-5.82722
critic_r2,complex_000193,complex_000177,18,-6.40377
critic_r2,complex_000193,complex_000177,19,-9.55501
critic_r2,complex_000177,complex_000382,0,-7.22849
critic_r2,complex_000177,complex_000382,1,-8.67904
critic_r2,complex_000177,complex_000382,2,-7.49736
critic_r2,complex_000177,complex_000382,3,-10.85161
critic_r2,complex_000177,complex_000382,4,-5.29475
critic_r2,complex_000177,complex_000382,5,-9.40801
critic_r2,complex_000177,complex_000382,6,-7.41576
critic_r2,complex_000177,complex_000382,7,-8.42362
critic_r2,complex_000177,complex_000382,8,-7.18005
critic_r2,complex_000177,complex_000382,9,-6.32998
critic_r2,complex_000177,complex_000382,10,-8.14038
critic_r2,complex_000177,complex_000382,11,-5.21293
critic_r2,complex_000177,complex_000382,12,-11.18231
critic_r2,complex_000177,complex_000382,13,-7.86877
critic_r2,complex_000177,complex_000382,14,-8.62198
critic_r2,complex_000177,complex_000382,15,-8.81278
critic_r2,complex_000177,complex_000382,16,-8.43026
critic_r2,complex_000177,complex_000382,17,-8.36097
critic_r2,complex_000177,complex_000382,18,-10.15506
critic_r2,complex_000177,complex_000382,19,-7.30547
critic_r2,complex_000223,complex_000223,0,-6.52097
critic_r2,complex_000223,complex_000223,1,-3.61795
critic_r2,complex_000223,complex_000223,2,-3.13447
critic_r2,complex_000223,complex_000223,3,-7.40167
critic_r2,complex_000223,complex_000223,4,-4.57681
critic_r2,complex_000223,complex_000223,5,-5.37326
critic_r2,complex_000223,complex_000223,6,-4.36676
critic_r2,complex_000223,complex_000223,7,-4.36781
critic_r2,complex_000223,complex_000223,8,-3.75008
critic_r2,complex_000223,complex_000223,9,-3.86532
critic_r2,complex_000223,complex_000223,10,-3.65384
critic_r2,complex_000223,complex_000223,11,-4.83296
critic_r2,complex_000223,complex_000223,12,-7.42721
critic_r2,complex_000223,complex_000223,13,-5.88175
critic_r2,complex_000223,complex_000223,14,-5.77405
critic_r2,complex_000223,complex_000223,15,-3.55555
critic_r2,complex_000223,complex_000223,16,-4.73776
critic_r2,complex_000223,complex_000223,17,-4.58732
critic_r2,complex_000223,complex_000223,18,-5.88494
critic_r2,complex_000223,complex_000223,19,-4.38103
critic_r2,complex_000223,complex_000179,0,-10.10576
critic_r2,complex_000223,complex_000179,1,-5.0861
critic_r2,complex_000223,complex_000179,2,-4.54488
critic_r2,complex_000223,complex_000179,3,-10.75649
critic_r2,complex_000223,complex_000179,4,-6.97971
critic_r2,complex_000223,complex_000179,5,-9.36362
critic_r2,complex_000223,complex_000179,6,-4.75754
critic_r2,complex_000223,complex_000179,7,-4.76143
critic_r2,complex_000223,complex_000179,8,-4.68298
critic_r2,complex_000223,complex_000179,9,-5.14114
critic_r2,complex_000223,complex_000179,10,-5.07846
critic_r2,complex_000223,complex_000179,11,-6.80423
critic_r2,complex_000223,complex_000179,12,-11.03764
critic_r2,complex_000223,complex_000179,13,-8.84814
critic_r2,complex_000223,complex_000179,14,-8.49423
critic_r2,complex_000223,complex_000179,15,-4.998
critic_r2,complex_000223,complex_000179,16,-5.9334
critic_r2,complex_000223,complex_000179,17,-7.44752
critic_r2,complex_000223,complex_000179,18,-8.74901
critic_r2,complex_000223,complex_000179,19,-5.25808
critic_r2,complex_000223,complex_000472,0,-9.91609
critic_r2,complex_000223,complex_000472,1,-4.88089
critic_r2,complex_000223,complex_000472,2,-4.2861
critic_r2,complex_000223,complex_000472,3,-10.94529
critic_r2,complex_000223,complex_000472,4,-7.79994
critic_r2,complex_000223,complex_000472,5,-9.45616
critic_r2,complex_000223,complex_000472,6,-5.0396
critic_r2,complex_000223,complex_000472,7,-4.87988
critic_r2,complex_000223,complex_000472,8,-4.62093
critic_r2,complex_000223,complex_000472,9,-5.08413
critic_r2,complex_000223,complex_000472,10,-5.18831
critic_r2,complex_000223,complex_000472,11,-7.33666
critic_r2,complex_000223,complex_000472,12,-9.67661
critic_r2,complex_000223,complex_000472,13,-8.48032
critic_r2,complex_000223,complex_000472,14,-8.42361
critic_r2,complex_000223,complex_000472,15,-4.87196
critic_r2,complex_000223,complex_000472,16,-5.84859
critic_r2,complex_000223,complex_000472,17,-7.62387
critic_r2,complex_000223,complex_000472,18,-7.93326
critic_r2,complex_000223,complex_000472,19,-5.25081
critic_r2,complex_000223,complex_000177,0,-10.24361
critic_r2,complex_000223,complex_000177,1,-4.74131
critic_r2,complex_000223,complex_000177,2,-3.99751
critic_r2,complex_000223,complex_000177,3,-9.26412
critic_r2,complex_000223,complex_000177,4,-6.47413
critic_r2,complex_000223,complex_000177,5,-8.04886
critic_r2,complex_000223,complex_000177,6,-4.84461
critic_r2,complex_000223,complex_000177,7,-4.82819
critic_r2,complex_000223,complex_000177,8,-5.01312
critic_r2,complex_000223,complex_000177,9,-5.38104
critic_r2,complex_000223,complex_000177,10,-5.2816
critic_r2,complex_000223,complex_000177,11,-7.15786
critic_r2,complex_000223,complex_000177,12,-8.95456
critic_r2,complex_000223,complex_000177,13,-7.18497
critic_r2,complex_000223,complex_000177,14,-7.67275
critic_r2,complex_000223,complex_000177,15,-4.9126
critic_r2,complex_000223,complex_000177,16,-6.00836
critic_r2,complex_000223,complex_000177,17,-6.15503
critic_r2,complex_000223,complex_000177,18,-7.47307
critic_r2,complex_000223,complex_000177,19,-5.12678
critic_r2,complex_000191,complex_000193,0,-6.18081
critic_r2,complex_000191,complex_000193,1,-3.4745
critic_r2,complex_000191,complex_000193,2,-4.51612
critic_r2,complex_000191,complex_000193,3,-7.30769
critic_r2,complex_000191,complex_000193,4,-5.85555
critic_r2,complex_000191,complex_000193,5,-5.94519
critic_r2,complex_000191,complex_000193,6,-6.03204
critic_r2,complex_000191,complex_000193,7,-4.00122
critic_r2,complex_000191,complex_000193,8,-5.58959
critic_r2,complex_000191,complex_000193,9,-5.56753
critic_r2,complex_000191,complex_000193,10,-7.18882
critic_r2,complex_000191,complex_000193,11,-5.66712
critic_r2,complex_000191,complex_000193,12,-5.84293
critic_r2,complex_000191,complex_000193,13,-8.05693
critic_r2,complex_000191,complex_000193,14,-5.84007
critic_r2,complex_000191,complex_000193,15,-6.07526
critic_r2,complex_000191,complex_000193,16,-6.71559
critic_r2,complex_000191,complex_000193,17,-5.5932
critic_r2,complex_000191,complex_000193,18,-6.85901
critic_r2,complex_000191,complex_000193,19,-6.5397
critic_r2,complex_000191,complex_000191,0,-6.13913
critic_r2,complex_000191,complex_000191,1,-3.59375
critic_r2,complex_000191,complex_000191,2,-4.1514
critic_r2,complex_000191,complex_000191,3,-7.06928
critic_r2,complex_000191,complex_000191,4,-6.01
critic_r2,complex_000191,complex_000191,5,-4.9406
critic_r2,complex_000191,complex_000191,6,-4.89786
critic_r2,complex_000191,complex_000191,7,-3.48597
critic_r2,complex_000191,complex_000191,8,-5.40864
critic_r2,complex_000191,complex_000191,9,-5.65496
critic_r2,complex_000191,complex_000191,10,-6.59243
critic_r2,complex_000191,complex_000191,11,-4.83722
critic_r2,complex_000191,complex_000191,12,-4.82506
critic_r2,complex_000191,complex_000191,13,-7.3778
critic_r2,complex_000191,complex_000191,14,-5.13267
critic_r2,complex_000191,complex_000191,15,-5.89975
critic_r2,complex_000191,complex_000191,16,-5.5846
critic_r2,complex_000191,complex_000191,17,-4.91664
critic_r2,complex_000191,complex_000191,18,-6.94078
critic_r2,complex_000191,complex_000191,19,-5.68503
critic_r2,complex_000191,complex_000266,0,-7.89313
critic_r2,complex_000191,complex_000266,1,-4.82482
critic_r2,complex_000191,complex_000266,2,-4.4002
critic_r2,complex_000191,complex_000266,3,-7.44947
critic_r2,complex_000191,complex_000266,4,-5.87324
critic_r2,complex_000191,complex_000266,5,-5.9733
critic_r2,complex_000191,complex_000266,6,-7.42292
critic_r2,complex_000191,complex_000266,7,-4.33151
critic_r2,complex_000191,complex_000266,8,-6.67828
critic_r2,complex_000191,complex_000266,9,-6.03533
critic_r2,complex_000191,complex_000266,10,-8.07523
critic_r2,complex_000191,complex_000266,11,-7.07142
critic_r2,complex_000191,complex_000266,12,-7.68259
critic_r2,complex_000191,complex_000266,13,-8.18593
critic_r2,complex_000191,complex_000266,14,-5.79749
critic_r2,complex_000191,complex_000266,15,-7.47747
critic_r2,complex_000191,complex_000266,16,-6.4949
critic_r2,complex_000191,complex_000266,17,-6.80358
critic_r2,complex_000191,complex_000266,18,-7.77313
critic_r2,complex_000191,complex_000266,19,-6.60524
critic_r2,complex_000191,complex_000165,0,-2.02978
critic_r2,complex_000191,complex_000165,1,-3.93877
critic_r2,complex_000191,complex_000165,2,-5.00855
critic_r2,complex_000191,complex_000165,3,-7.23989
critic_r2,complex_000191,complex_000165,4,-7.0267
critic_r2,complex_000191,complex_000165,5,-6.39883
critic_r2,complex_000191,complex_000165,6,-5.25289
critic_r2,complex_000191,complex_000165,7,-5.07013
critic_r2,complex_000191,complex_000165,8,-5.9752
critic_r2,complex_000191,complex_000165,9,-6.12579
critic_r2,complex_000191,complex_000165,10,6.21767
critic_r2,complex_000191,complex_000165,11,-4.06943
critic_r2,complex_000191,complex_000165,12,-3.03201
critic_r2,complex_000191,complex_000165,13,-8.80154
critic_r2,complex_000191,complex_000165,14,-5.99252
critic_r2,complex_000191,complex_000165,15,-6.5042
critic_r2,complex_000191,complex_000165,16,-6.92788
critic_r2,complex_000191,complex_000165,17,-3.86977
critic_r2,complex_000191,complex_000165,18,-6.21312
critic_r2,complex_000191,complex_000165,19,-6.06542
critic_r2,complex_000292,complex_000292,0,-4.7632
critic_r2,complex_000292,complex_000292,1,-4.32182
critic_r2,complex_000292,complex_000292,2,-5.02316
critic_r2,complex_000292,complex_000292,3,-7.77373
critic_r2,complex_000292,complex_000292,4,-5.61297
critic_r2,complex_000292,complex_000292,5,-4.40802
critic_r2,complex_000292,complex_000292,6,-7.2301
critic_r2,complex_000292,complex_000292,7,-5.25742
critic_r2,complex_000292,complex_000292,8,-6.01112
critic_r2,complex_000292,complex_000292,9,-5.64028
critic_r2,complex_000292,complex_000292,10,-5.14513
critic_r2,complex_000292,complex_000292,11,-4.83879
critic_r2,complex_000292,complex_000292,12,-5.81592
critic_r2,complex_000292,complex_000292,13,-4.6011
critic_r2,complex_000292,complex_000292,14,-5.00143
critic_r2,complex_000292,complex_000292,15,-4.681
critic_r2,complex_000292,complex_000292,16,-5.76177
critic_r2,complex_000292,complex_000292,17,-7.55084
critic_r2,complex_000292,complex_000292,18,-5.04571
critic_r2,complex_000292,complex_000292,19,-5.74855
critic_r2,complex_000292,complex_000335,0,-5.07753
critic_r2,complex_000292,complex_000335,1,-3.79985
critic_r2,complex_000292,complex_000335,2,-4.87957
critic_r2,complex_000292,complex_000335,3,-7.65077
critic_r2,complex_000292,complex_000335,4,-5.67706
critic_r2,complex_000292,complex_000335,5,-4.00456
critic_r2,complex_000292,complex_000335,6,-6.86899
critic_r2,complex_000292,complex_000335,7,-4.88095
critic_r2,complex_000292,complex_000335,8,-5.30089
critic_r2,complex_000292,complex_000335,9,-5.83465
critic_r2,complex_000292,complex_000335,10,-5.21639
critic_r2,complex_000292,complex_000335,11,-4.70448
critic_r2,complex_000292,complex_000335,12,-5.63003
critic_r2,complex_000292,complex_000335,13,-4.40792
critic_r2,complex_000292,complex_000335,14,-5.3558
critic_r2,complex_000292,complex_000335,15,-4.79106
critic_r2,complex_000292,complex_000335,16,-5.30863
critic_r2,complex_000292,complex_000335,17,-7.0639
critic_r2,complex_000292,complex_000335,18,-4.6686
critic_r2,complex_000292,complex_000335,19,-5.44391
critic_r2,complex_000292,complex_000403,0,-5.62401
critic_r2,complex_000292,complex_000403,1,-4.87098
critic_r2,complex_000292,complex_000403,2,-5.66067
critic_r2,complex_000292,complex_000403,3,-8.94677
critic_r2,complex_000292,complex_000403,4,-6.34078
critic_r2,complex_000292,complex_000403,5,-5.42417
critic_r2,complex_000292,complex_000403,6,-8.4415
critic_r2,complex_000292,complex_000403,7,-6.27053
critic_r2,complex_000292,complex_000403,8,-6.13513
critic_r2,complex_000292,complex_000403,9,-6.9598
critic_r2,complex_000292,complex_000403,10,-5.7195
critic_r2,complex_000292,complex_000403,11,-5.89726
critic_r2,complex_000292,complex_000403,12,-6.98622
critic_r2,complex_000292,complex_000403,13,-4.92834
critic_r2,complex_000292,complex_000403,14,-6.03036
critic_r2,complex_000292,complex_000403,15,-4.98241
critic_r2,complex_000292,complex_000403,16,-6.50153
critic_r2,complex_000292,complex_000403,17,-8.55408
critic_r2,complex_000292,complex_000403,18,-6.58563
critic_r2,complex_000292,complex_000403,19,-6.65508
critic_r2,complex_000292,complex_000473,0,-5.13272
critic_r2,complex_000292,complex_000473,1,-4.00473
critic_r2,complex_000292,complex_000473,2,-4.77648
critic_r2,complex_000292,complex_000473,3,-7.97182
critic_r2,complex_000292,complex_000473,4,-5.4635
critic_r2,complex_000292,complex_000473,5,-4.67849
critic_r2,complex_000292,complex_000473,6,-7.08867
critic_r2,complex_000292,complex_000473,7,-5.10557
critic_r2,complex_000292,complex_000473,8,-5.98253
critic_r2,complex_000292,complex_000473,9,-5.56124
critic_r2,complex_000292,complex_000473,10,-4.95686
critic_r2,complex_000292,complex_000473,11,-4.68726
critic_r2,complex_000292,complex_000473,12,-5.86025
critic_r2,complex_000292,complex_000473,13,-4.51446
critic_r2,complex_000292,complex_000473,14,-5.28435
critic_r2,complex_000292,complex_000473,15,-4.71392
critic_r2,complex_000292,complex_000473,16,-6.01043
critic_r2,complex_000292,complex_000473,17,-7.02554
critic_r2,complex_000292,complex_000473,18,-5.24493
critic_r2,complex_000292,complex_000473,19,-6.01188
critic_r2,complex_000236,complex_000236,0,-8.92809
critic_r2,complex_000236,complex_000236,1,-8.51476
critic_r2,complex_000236,complex_000236,2,-8.01185
critic_r2,complex_000236,complex_000236,3,-9.43261
critic_r2,complex_000236,complex_000236,4,-5.99771
critic_r2,complex_000236,complex_000236,5,-8.84321
critic_r2,complex_000236,complex_000236,6,-9.68104
critic_r2,complex_000236,complex_000236,7,-10.1305
critic_r2,complex_000236,complex_000236,8,-8.35906
critic_r2,complex_000236,complex_000236,9,-8.06458
critic_r2,complex_000236,complex_000236,10,-8.1511
critic_r2,complex_000236,complex_000236,11,-8.85013
critic_r2,complex_000236,complex_000236,12,-8.96296
critic_r2,complex_000236,complex_000236,13,-6.39119
critic_r2,complex_000236,complex_000236,14,-9.5388
critic_r2,complex_000236,complex_000236,15,-8.26339
critic_r2,complex_000236,complex_000236,16,-9.11386
critic_r2,complex_000236,complex_000236,17,-8.16361
critic_r2,complex_000236,complex_000236,18,-8.30695
critic_r2,complex_000236,complex_000236,19,-8.81919
critic_r2,complex_000269,complex_000363,0,-7.69185
critic_r2,complex_000269,complex_000363,1,-6.81891
critic_r2,complex_000269,complex_000363,2,-7.24044
critic_r2,complex_000269,complex_000363,3,-9.24047
critic_r2,complex_000269,complex_000363,4,-5.92202
critic_r2,complex_000269,complex_000363,5,-8.69458
critic_r2,complex_000269,complex_000363,6,-5.77415
critic_r2,complex_000269,complex_000363,7,-9.20852
critic_r2,complex_000269,complex_000363,8,-6.17889
critic_r2,complex_000269,complex_000363,9,-9.76688
critic_r2,complex_000269,complex_000363,10,-6.27828
critic_r2,complex_000269,complex_000363,11,-10.11977
critic_r2,complex_000269,complex_000363,12,-8.36831
critic_r2,complex_000269,complex_000363,13,-7.60531
critic_r2,complex_000269,complex_000363,14,-5.80578
critic_r2,complex_000269,complex_000363,15,-6.71992
critic_r2,complex_000269,complex_000363,16,-7.26324
critic_r2,complex_000269,complex_000363,17,-7.36788
critic_r2,complex_000269,complex_000363,18,-7.26201
critic_r2,complex_000269,complex_000363,19,-5.38407
critic_r2,complex_000269,complex_000292,0,-5.80169
critic_r2,complex_000269,complex_000292,1,-5.69506
critic_r2,complex_000269,complex_000292,2,-9.22254
critic_r2,complex_000269,complex_000292,3,-7.4789
critic_r2,complex_000269,complex_000292,4,-4.68461
critic_r2,complex_000269,complex_000292,5,-6.87928
critic_r2,complex_000269,complex_000292,6,-4.69788
critic_r2,complex_000269,complex_000292,7,-7.04389
critic_r2,complex_000269,complex_000292,8,-4.88832
critic_r2,complex_000269,complex_000292,9,-7.33863
critic_r2,complex_000269,complex_000292,10,-5.72585
critic_r2,complex_000269,complex_000292,11,-7.58954
critic_r2,complex_000269,complex_000292,12,-6.75373
critic_r2,complex_000269,complex_000292,13,-6.06964
critic_r2,complex_000269,complex_000292,14,-4.29055
critic_r2,complex_000269,complex_000292,15,-7.93994
critic_r2,complex_000269,complex_000292,16,-5.53552
critic_r2,complex_000269,complex_000292,17,-6.86113
critic_r2,complex_000269,complex_000292,18,-5.8067
critic_r2,complex_000269,complex_000292,19,-4.24199
critic_r2,complex_000266,complex_000266,0,-7.96321
critic_r2,complex_000266,complex_000266,1,-8.57197
critic_r2,complex_000266,complex_000266,2,-9.06321
critic_r2,complex_000266,complex_000266,3,-7.04736
critic_r2,complex_000266,complex_000266,4,-8.38012
critic_r2,complex_000266,complex_000266,5,-5.91686
critic_r2,complex_000266,complex_000266,6,-6.61943
critic_r2,complex_000266,complex_000266,7,-8.47314
critic_r2,complex_000266,complex_000266,8,-7.45762
critic_r2,complex_000266,complex_000266,9,-6.72685
critic_r2,complex_000266,complex_000266,10,-5.39217
critic_r2,complex_000266,complex_000266,11,-9.43248
critic_r2,complex_000266,complex_000266,12,-6.30171
critic_r2,complex_000266,complex_000266,13,-7.92051
critic_r2,complex_000266,complex_000266,14,-8.62046
critic_r2,complex_000266,complex_000266,15,-8.17466
critic_r2,complex_000266,complex_000266,16,-6.37853
critic_r2,complex_000266,complex_000266,17,-6.86678
critic_r2,complex_000266,complex_000266,18,-7.21733
critic_r2,complex_000266,complex_000266,19,-10.45268
critic_r2,complex_000266,complex_000148,0,-7.29597
critic_r2,complex_000266,complex_000148,1,-8.58198
critic_r2,complex_000266,complex_000148,2,-7.49073
critic_r2,complex_000266,complex_000148,3,-6.22282
critic_r2,complex_000266,complex_000148,4,-7.49098
critic_r2,complex_000266,complex_000148,5,-5.08629
critic_r2,complex_000266,complex_000148,6,-6.88187
critic_r2,complex_000266,complex_000148,7,-8.14783
critic_r2,complex_000266,complex_000148,8,-6.28264
critic_r2,complex_000266,complex_000148,9,-6.41955
critic_r2,complex_000266,complex_000148,10,-5.14561
critic_r2,complex_000266,complex_000148,11,-9.01274
critic_r2,complex_000266,complex_000148,12,-5.95575
critic_r2,complex_000266,complex_000148,13,-8.04691
critic_r2,complex_000266,complex_000148,14,-8.64457
critic_r2,complex_000266,complex_000148,15,-7.51113
critic_r2,complex_000266,complex_000148,16,-6.18895
critic_r2,complex_000266,complex_000148,17,-6.342
critic_r2,complex_000266,complex_000148,18,-6.45808
critic_r2,complex_000266,complex_000148,19,-9.93816
critic_r2,complex_000236,complex_000477,0,-8.70051
critic_r2,complex_000236,complex_000477,1,-7.10156
critic_r2,complex_000236,complex_000477,2,-8.53541
critic_r2,complex_000236,complex_000477,3,-8.37829
critic_r2,complex_000236,complex_000477,4,-5.37215
critic_r2,complex_000236,complex_000477,5,-7.45371
critic_r2,complex_000236,complex_000477,6,-8.85027
critic_r2,complex_000236,complex_000477,7,-9.6696
critic_r2,complex_000236,complex_000477,8,-6.6875
critic_r2,complex_000236,complex_000477,9,-7.73357
critic_r2,complex_000236,complex_000477,10,-7.6766
critic_r2,complex_000236,complex_000477,11,-8.13271
critic_r2,complex_000236,complex_000477,12,-7.96341
critic_r2,complex_000236,complex_000477,13,-6.30119
critic_r2,complex_000236,complex_000477,14,-8.78052
critic_r2,complex_000236,complex_000477,15,-8.05487
critic_r2,complex_000236,complex_000477,16,-7.1437
critic_r2,complex_000236,complex_000477,17,-6.61062
critic_r2,complex_000236,complex_000477,18,-7.6211
critic_r2,complex_000236,complex_000477,19,-9.00149
critic_r2,complex_000269,complex_000170,0,-8.82775
critic_r2,complex_000269,complex_000170,1,-8.78725
critic_r2,complex_000269,complex_000170,2,5.27408
critic_r2,complex_000269,complex_000170,3,-8.42322
critic_r2,complex_000269,complex_000170,4,-7.57947
critic_r2,complex_000269,complex_000170,5,-7.78713
critic_r2,complex_000269,complex_000170,6,-7.41288
critic_r2,complex_000269,complex_000170,7,-9.34617
critic_r2,complex_000269,complex_000170,8,-6.76139
critic_r2,complex_000269,complex_000170,9,-8.8033
critic_r2,complex_000269,complex_000170,10,-6.81185
critic_r2,complex_000269,complex_000170,11,-11.38537
critic_r2,complex_000269,complex_000170,12,-10.57204
critic_r2,complex_000269,complex_000170,13,-8.69005
critic_r2,complex_000269,complex_000170,14,-5.91616
critic_r2,complex_000269,complex_000170,15,-4.98378
critic_r2,complex_000269,complex_000170,16,-8.66643
critic_r2,complex_000269,complex_000170,17,-5.54664
critic_r2,complex_000269,complex_000170,18,-9.37069
critic_r2,complex_000269,complex_000170,19,-6.73204
critic_r2,complex_000266,complex_000477,0,-6.96403
critic_r2,complex_000266,complex_000477,1,-8.56182
critic_r2,complex_000266,complex_000477,2,-7.78586
critic_r2,complex_000266,complex_000477,3,-6.76047
critic_r2,complex_000266,complex_000477,4,-8.0635
critic_r2,complex_000266,complex_000477,5,-5.63379
critic_r2,complex_000266,complex_000477,6,-6.8405
critic_r2,complex_000266,complex_000477,7,-7.78803
critic_r2,complex_000266,complex_000477,8,-6.44488
critic_r2,complex_000266,complex_000477,9,-6.29214
critic_r2,complex_000266,complex_000477,10,-4.85144
critic_r2,complex_000266,complex_000477,11,-9.04135
critic_r2,complex_000266,complex_000477,12,-7.00549
critic_r2,complex_000266,complex_000477,13,-7.52326
critic_r2,complex_000266,complex_000477,14,-7.5563
critic_r2,complex_000266,complex_000477,15,-7.63763
critic_r2,complex_000266,complex_000477,16,-5.88003
critic_r2,complex_000266,complex_000477,17,-5.97865
critic_r2,complex_000266,complex_000477,18,-6.83452
critic_r2,complex_000266,complex_000477,19,-9.57159
critic_r2,complex_000236,complex_000085,0,-11.77455
critic_r2,complex_000236,complex_000085,1,-8.38154
critic_r2,complex_000236,complex_000085,2,-9.85738
critic_r2,complex_000236,complex_000085,3,-9.56851
critic_r2,complex_000236,complex_000085,4,-6.38366
critic_r2,complex_000236,complex_000085,5,-8.53006
critic_r2,complex_000236,complex_000085,6,-10.83645
critic_r2,complex_000236,complex_000085,7,-10.25229
critic_r2,complex_000236,complex_000085,8,-8.15183
critic_r2,complex_000236,complex_000085,9,-8.36529
critic_r2,complex_000236,complex_000085,10,-8.2411
critic_r2,complex_000236,complex_000085,11,-5.60578
critic_r2,complex_000236,complex_000085,12,-9.33358
critic_r2,complex_000236,complex_000085,13,-7.79518
critic_r2,complex_000236,complex_000085,14,-9.56087
critic_r2,complex_000236,complex_000085,15,-9.83944
critic_r2,complex_000236,complex_000085,16,-5.42681
critic_r2,complex_000236,complex_000085,17,-7.10182
critic_r2,complex_000236,complex_000085,18,-8.90781
critic_r2,complex_000236,complex_000085,19,-8.99412
critic_r2,complex_000269,complex_000269,0,-5.59992
critic_r2,complex_000269,complex_000269,1,-5.72662
critic_r2,complex_000269,complex_000269,2,-8.85307
critic_r2,complex_000269,complex_000269,3,-6.47948
critic_r2,complex_000269,complex_000269,4,-4.80741
critic_r2,complex_000269,complex_000269,5,-6.48077
critic_r2,complex_000269,complex_000269,6,-6.2654
critic_r2,complex_000269,complex_000269,7,-6.76705
critic_r2,complex_000269,complex_000269,8,-6.09968
critic_r2,complex_000269,complex_000269,9,-6.96569
critic_r2,complex_000269,complex_000269,10,-5.9123
critic_r2,complex_000269,complex_000269,11,-6.60105
critic_r2,complex_000269,complex_000269,12,-6.62412
critic_r2,complex_000269,complex_000269,13,-7.06877
critic_r2,complex_000269,complex_000269,14,-4.56335
critic_r2,complex_000269,complex_000269,15,-8.27724
critic_r2,complex_000269,complex_000269,16,-6.31943
critic_r2,complex_000269,complex_000269,17,-6.29626
critic_r2,complex_000269,complex_000269,18,-5.97157
critic_r2,complex_000269,complex_000269,19,-5.42568
critic_r2,complex_000266,complex_000305,0,-8.95978
critic_r2,complex_000266,complex_000305,1,-10.53992
critic_r2,complex_000266,complex_000305,2,-9.05987
critic_r2,complex_000266,complex_000305,3,-7.55167
critic_r2,complex_000266,complex_000305,4,-9.83446
critic_r2,complex_000266,complex_000305,5,-6.06859
critic_r2,complex_000266,complex_000305,6,-8.14383
critic_r2,complex_000266,complex_000305,7,-8.00612
critic_r2,complex_000266,complex_000305,8,-7.32974
critic_r2,complex_000266,complex_000305,9,-7.06824
critic_r2,complex_000266,complex_000305,10,-5.97841
critic_r2,complex_000266,complex_000305,11,-9.96664
critic_r2,complex_000266,complex_000305,12,-6.6411
critic_r2,complex_000266,complex_000305,13,-11.9863
critic_r2,complex_000266,complex_000305,14,-8.72779
critic_r2,complex_000266,complex_000305,15,-9.17529
critic_r2,complex_000266,complex_000305,16,-7.27949
critic_r2,complex_000266,complex_000305,17,-7.17282
critic_r2,complex_000266,complex_000305,18,-7.37228
critic_r2,complex_000266,complex_000305,19,-12.30385
critic_r2,complex_000236,complex_000374,0,-8.89791
critic_r2,complex_000236,complex_000374,1,-8.04854
critic_r2,complex_000236,complex_000374,2,-9.4293
critic_r2,complex_000236,complex_000374,3,-7.87491
critic_r2,complex_000236,complex_000374,4,-6.58562
critic_r2,complex_000236,complex_000374,5,-8.48839
critic_r2,complex_000236,complex_000374,6,-8.87413
critic_r2,complex_000236,complex_000374,7,-10.87277
critic_r2,complex_000236,complex_000374,8,-8.47879
critic_r2,complex_000236,complex_000374,9,-8.0965
critic_r2,complex_000236,complex_000374,10,-7.82812
critic_r2,complex_000236,complex_000374,11,-5.63816
critic_r2,complex_000236,complex_000374,12,-9.44077
critic_r2,complex_000236,complex_000374,13,-7.6426
critic_r2,complex_000236,complex_000374,14,-9.10384
critic_r2,complex_000236,complex_000374,15,-8.71868
critic_r2,complex_000236,complex_000374,16,-7.20131
critic_r2,complex_000236,complex_000374,17,-8.00359
critic_r2,complex_000236,complex_000374,18,-6.93897
critic_r2,complex_000236,complex_000374,19,-8.3869
critic_r2,complex_000305,complex_000305,0,-7.86664
critic_r2,complex_000305,complex_000305,1,-9.38034
critic_r2,complex_000305,complex_000305,2,-11.18709
critic_r2,complex_000305,complex_000305,3,-6.5401
critic_r2,complex_000305,complex_000305,4,-9.84758
critic_r2,complex_000305,complex_000305,5,-7.25165
critic_r2,complex_000305,complex_000305,6,-8.82186
critic_r2,complex_000305,complex_000305,7,-5.99593
critic_r2,complex_000305,complex_000305,8,-8.61404
critic_r2,complex_000305,complex_000305,9,-5.82489
critic_r2,complex_000305,complex_000305,10,-9.45973
critic_r2,complex_000305,complex_000305,11,-7.39814
critic_r2,complex_000305,complex_000305,12,-9.06632
critic_r2,complex_000305,complex_000305,13,-5.6763
critic_r2,complex_000305,complex_000305,14,-5.65559
critic_r2,complex_000305,complex_000305,15,-9.94205
critic_r2,complex_000305,complex_000305,16,-10.06449
critic_r2,complex_000305,complex_000305,17,-9.62579
critic_r2,complex_000305,complex_000305,18,-8.90581
critic_r2,complex_000305,complex_000305,19,-8.84734
critic_r2,complex_000305,complex_000540,0,-7.72567
critic_r2,complex_000305,complex_000540,1,-8.12102
critic_r2,complex_000305,complex_000540,2,-7.90549
critic_r2,complex_000305,complex_000540,3,-5.77444
critic_r2,complex_000305,complex_000540,4,-9.75117
critic_r2,complex_000305,complex_000540,5,-6.4684
critic_r2,complex_000305,complex_000540,6,-7.91997
critic_r2,complex_000305,complex_000540,7,-5.65077
critic_r2,complex_000305,complex_000540,8,-7.61217
critic_r2,complex_000305,complex_000540,9,-5.57501
critic_r2,complex_000305,complex_000540,10,-8.96675
critic_r2,complex_000305,complex_000540,11,-6.22734
critic_r2,complex_000305,complex_000540,12,-9.36077
critic_r2,complex_000305,complex_000540,13,-5.31657
critic_r2,complex_000305,complex_000540,14,-5.10039
critic_r2,complex_000305,complex_000540,15,-8.37243
critic_r2,complex_000305,complex_000540,16,-10.53909
critic_r2,complex_000305,complex_000540,17,-7.90539
critic_r2,complex_000305,complex_000540,18,-7.38575
critic_r2,complex_000305,complex_000540,19,-8.04972
critic_r2,complex_000305,complex_000149,0,-8.22335
critic_r2,complex_000305,complex_000149,1,-8.56593
critic_r2,complex_000305,complex_000149,2,-9.16203
critic_r2,complex_000305,complex_000149,3,-6.8277
critic_r2,complex_000305,complex_000149,4,-9.17768
critic_r2,complex_000305,complex_000149,5,-8.6715
critic_r2,complex_000305,complex_000149,6,-7.95126
critic_r2,complex_000305,complex_000149,7,-6.19291
critic_r2,complex_000305,complex_000149,8,-8.56358
critic_r2,complex_000305,complex_000149,9,-5.84025
critic_r2,complex_000305,complex_000149,10,-9.70307
critic_r2,complex_000305,complex_000149,11,-7.20453
critic_r2,complex_000305,complex_000149,12,-8.37806
critic_r2,complex_000305,complex_000149,13,-6.16822
critic_r2,complex_000305,complex_000149,14,-5.14549
critic_r2,complex_000305,complex_000149,15,-8.86056
critic_r2,complex_000305,complex_000149,16,-11.22346
critic_r2,complex_000305,complex_000149,17,-9.02029
critic_r2,complex_000305,complex_000149,18,-7.28697
critic_r2,complex_000305,complex_000149,19,-8.27732
critic_r2,complex_000335,complex_000335,0,-4.11433
critic_r2,complex_000335,complex_000335,1,-4.55588
critic_r2,complex_000335,complex_000335,2,-3.9206
critic_r2,complex_000335,complex_000335,3,-5.9854
critic_r2,complex_000335,complex_000335,4,-5.92744
critic_r2,complex_000335,complex_000335,5,-4.72595
critic_r2,complex_000335,complex_000335,6,-7.07752
critic_r2,complex_000335,complex_000335,7,-6.07611
critic_r2,complex_000335,complex_000335,8,-7.27432
critic_r2,complex_000335,complex_000335,9,-4.63947
critic_r2,complex_000335,complex_000335,10,-5.85179
critic_r2,complex_000335,complex_000335,11,-6.92434
critic_r2,complex_000335,complex_000335,12,-5.52493
critic_r2,complex_000335,complex_000335,13,-4.74138
critic_r2,complex_000335,complex_000335,14,-6.02811
critic_r2,complex_000335,complex_000335,15,-4.9007
critic_r2,complex_000335,complex_000335,16,-4.08225
critic_r2,complex_000335,complex_000335,17,-4.52558
critic_r2,complex_000335,complex_000335,18,-5.51689
critic_r2,complex_000335,complex_000335,19,-5.73739
critic_r2,complex_000305,complex_000001,0,-6.87422
critic_r2,complex_000305,complex_000001,1,-8.17064
critic_r2,complex_000305,complex_000001,2,-7.76357
critic_r2,complex_000305,complex_000001,3,-5.74348
critic_r2,complex_000305,complex_000001,4,-8.60687
critic_r2,complex_000305,complex_000001,5,-6.0202
critic_r2,complex_000305,complex_000001,6,-6.73767
critic_r2,complex_000305,complex_000001,7,-5.31973
critic_r2,complex_000305,complex_000001,8,-7.16842
critic_r2,complex_000305,complex_000001,9,-5.5128
critic_r2,complex_000305,complex_000001,10,-9.2297
critic_r2,complex_000305,complex_000001,11,-6.54611
critic_r2,complex_000305,complex_000001,12,-8.50616
critic_r2,complex_000305,complex_000001,13,-5.2002
critic_r2,complex_000305,complex_000001,14,-5.26584
critic_r2,complex_000305,complex_000001,15,-7.80372
critic_r2,complex_000305,complex_000001,16,-10.32582
critic_r2,complex_000305,complex_000001,17,-8.64449
critic_r2,complex_000305,complex_000001,18,-8.46249
critic_r2,complex_000305,complex_000001,19,-8.18674
critic_r2,complex_000335,complex_000426,0,-4.92252
critic_r2,complex_000335,complex_000426,1,-4.68433
critic_r2,complex_000335,complex_000426,2,-4.09898
critic_r2,complex_000335,complex_000426,3,-6.10121
critic_r2,complex_000335,complex_000426,4,-6.65604
critic_r2,complex_000335,complex_000426,5,-6.53027
critic_r2,complex_000335,complex_000426,6,-8.34296
critic_r2,complex_000335,complex_000426,7,-6.80034
critic_r2,complex_000335,complex_000426,8,-8.25329
critic_r2,complex_000335,complex_000426,9,-5.83072
critic_r2,complex_000335,complex_000426,10,-7.23458
critic_r2,complex_000335,complex_000426,11,-8.45543
critic_r2,complex_000335,complex_000426,12,-5.88206
critic_r2,complex_000335,complex_000426,13,-5.08685
critic_r2,complex_000335,complex_000426,14,-7.71875
critic_r2,complex_000335,complex_000426,15,-5.65973
critic_r2,complex_000335,complex_000426,16,-4.23568
critic_r2,complex_000335,complex_000426,17,-5.39576
critic_r2,complex_000335,complex_000426,18,-6.56498
critic_r2,complex_000335,complex_000426,19,-6.56769
critic_r2,complex_000335,complex_000193,0,-4.7468
critic_r2,complex_000335,complex_000193,1,-4.74244
critic_r2,complex_000335,complex_000193,2,-4.61391
critic_r2,complex_000335,complex_000193,3,-6.22079
critic_r2,complex_000335,complex_000193,4,-6.24178
critic_r2,complex_000335,complex_000193,5,-5.60585
critic_r2,complex_000335,complex_000193,6,-7.99411
critic_r2,complex_000335,complex_000193,7,-6.59017
critic_r2,complex_000335,complex_000193,8,-7.57461
critic_r2,complex_000335,complex_000193,9,-5.76917
critic_r2,complex_000335,complex_000193,10,-6.29229
critic_r2,complex_000335,complex_000193,11,-7.51684
critic_r2,complex_000335,complex_000193,12,-6.19654
critic_r2,complex_000335,complex_000193,13,-5.40032
critic_r2,complex_000335,complex_000193,14,-7.2264
critic_r2,complex_000335,complex_000193,15,-5.55907
critic_r2,complex_000335,complex_000193,16,-4.38954
critic_r2,complex_000335,complex_000193,17,-5.35341
critic_r2,complex_000335,complex_000193,18,-6.4176
critic_r2,complex_000335,complex_000193,19,-6.05267
critic_r2,complex_000335,complex_000305,0,-4.21232
critic_r2,complex_000335,complex_000305,1,-5.20048
critic_r2,complex_000335,complex_000305,2,-4.52299
critic_r2,complex_000335,complex_000305,3,-7.05978
critic_r2,complex_000335,complex_000305,4,-7.30338
critic_r2,complex_000335,complex_000305,5,-5.98758
critic_r2,complex_000335,complex_000305,6,-9.07655
critic_r2,complex_000335,complex_000305,7,-8.02693
critic_r2,complex_000335,complex_000305,8,-8.89591
critic_r2,complex_000335,complex_000305,9,-5.30712
critic_r2,complex_000335,complex_000305,10,-6.88747
critic_r2,complex_000335,complex_000305,11,-8.75584
critic_r2,complex_000335,complex_000305,12,-6.32838
critic_r2,complex_000335,complex_000305,13,-5.90997
critic_r2,complex_000335,complex_000305,14,-7.47621
critic_r2,complex_000335,complex_000305,15,-6.23529
critic_r2,complex_000335,complex_000305,16,-4.74152
critic_r2,complex_000335,complex_000305,17,-5.15954
critic_r2,complex_000335,complex_000305,18,-7.33269
critic_r2,complex_000335,complex_000305,19,-8.126
critic_r2,complex_000363,complex_000140,0,-7.44555
critic_r2,complex_000363,complex_000140,1,-8.00958
critic_r2,complex_000363,complex_000140,2,-10.00084
critic_r2,complex_000363,complex_000140,3,-8.79193
critic_r2,complex_000363,complex_000140,4,-10.15906
critic_r2,complex_000363,complex_000140,5,-9.48229
critic_r2,complex_000363,complex_000140,6,-6.57692
critic_r2,complex_000363,complex_000140,7,-7.75425
critic_r2,complex_000363,complex_000140,8,-9.58403
critic_r2,complex_000363,complex_000140,9,-8.49871
critic_r2,complex_000363,complex_000140,10,-6.25147
critic_r2,complex_000363,complex_000140,11,-10.01384
critic_r2,complex_000363,complex_000140,12,-10.7634
critic_r2,complex_000363,complex_000140,13,-9.69788
critic_r2,complex_000363,complex_000140,14,-9.71988
critic_r2,complex_000363,complex_000140,15,-8.90278
critic_r2,complex_000363,complex_000140,16,-6.59195
critic_r2,complex_000363,complex_000140,17,-8.86555
critic_r2,complex_000363,complex_000140,18,-9.32901
critic_r2,complex_000363,complex_000140,19,-9.00784
critic_r2,complex_000374,complex_000374,0,-8.51179
critic_r2,complex_000374,complex_000374,1,-7.53266
critic_r2,complex_000374,complex_000374,2,-12.76261
critic_r2,complex_000374,complex_000374,3,-7.07544
critic_r2,complex_000374,complex_000374,4,-7.72033
critic_r2,complex_000374,complex_000374,5,-10.14664
critic_r2,complex_000374,complex_000374,6,-8.47726
critic_r2,complex_000374,complex_000374,7,-7.93482
critic_r2,complex_000374,complex_000374,8,-8.68312
critic_r2,complex_000374,complex_000374,9,-9.54432
critic_r2,complex_000374,complex_000374,10,-9.74949
critic_r2,complex_000374,complex_000374,11,-7.84933
critic_r2,complex_000374,complex_000374,12,-5.84978
critic_r2,complex_000374,complex_000374,13,-7.55093
critic_r2,complex_000374,complex_000374,14,-7.41281
critic_r2,complex_000374,complex_000374,15,-8.47033
critic_r2,complex_000374,complex_000374,16,-9.24969
critic_r2,complex_000374,complex_000374,17,-9.36509
critic_r2,complex_000374,complex_000374,18,-9.58445
critic_r2,complex_000374,complex_000374,19,-12.86737
critic_r2,complex_000363,complex_000382,0,-7.11067
critic_r2,complex_000363,complex_000382,1,-8.13596
critic_r2,complex_000363,complex_000382,2,-9.50515
critic_r2,complex_000363,complex_000382,3,-8.81399
critic_r2,complex_000363,complex_000382,4,-12.75168
critic_r2,complex_000363,complex_000382,5,-9.69185
critic_r2,complex_000363,complex_000382,6,-7.06922
critic_r2,complex_000363,complex_000382,7,-8.05766
critic_r2,complex_000363,complex_000382,8,-9.41855
critic_r2,complex_000363,complex_000382,9,-8.57191
critic_r2,complex_000363,complex_000382,10,-6.17716
critic_r2,complex_000363,complex_000382,11,-10.05888
critic_r2,complex_000363,complex_000382,12,-11.23808
critic_r2,complex_000363,complex_000382,13,-10.48128
critic_r2,complex_000363,complex_000382,14,-10.31251
critic_r2,complex_000363,complex_000382,15,-8.69689
critic_r2,complex_000363,complex_000382,16,-6.68569
critic_r2,complex_000363,complex_000382,17,-10.10225
critic_r2,complex_000363,complex_000382,18,-10.29721
critic_r2,complex_000363,complex_000382,19,-9.63487
critic_r2,complex_000363,complex_000363,0,-7.0881
critic_r2,complex_000363,complex_000363,1,-7.81127
critic_r2,complex_000363,complex_000363,2,-9.94148
critic_r2,complex_000363,complex_000363,3,-8.95532
critic_r2,complex_000363,complex_000363,4,-11.20762
critic_r2,complex_000363,complex_000363,5,-10.19081
critic_r2,complex_000363,complex_000363,6,-7.45705
critic_r2,complex_000363,complex_000363,7,-7.90423
critic_r2,complex_000363,complex_000363,8,-10.54385
critic_r2,complex_000363,complex_000363,9,-9.18673
critic_r2,complex_000363,complex_000363,10,-6.52451
critic_r2,complex_000363,complex_000363,11,-9.67401
critic_r2,complex_000363,complex_000363,12,-13.01863
critic_r2,complex_000363,complex_000363,13,-10.92844
critic_r2,complex_000363,complex_000363,14,-10.36643
critic_r2,complex_000363,complex_000363,15,-8.9555
critic_r2,complex_000363,complex_000363,16,-7.92262
critic_r2,complex_000363,complex_000363,17,-10.0581
critic_r2,complex_000363,complex_000363,18,-9.44262
critic_r2,complex_000363,complex_000363,19,-8.68231
critic_r2,complex_000363,complex_000411,0,-6.4954
critic_r2,complex_000363,complex_000411,1,-7.56773
critic_r2,complex_000363,complex_000411,2,-8.29374
critic_r2,complex_000363,complex_000411,3,-8.22962
critic_r2,complex_000363,complex_000411,4,-10.61248
critic_r2,complex_000363,complex_000411,5,-8.82343
critic_r2,complex_000363,complex_000411,6,-6.88689
critic_r2,complex_000363,complex_000411,7,-7.0495
critic_r2,complex_000363,complex_000411,8,-8.89222
critic_r2,complex_000363,complex_000411,9,-7.74372
critic_r2,complex_000363,complex_000411,10,-6.01644
critic_r2,complex_000363,complex_000411,11,-8.53158
critic_r2,complex_000363,complex_000411,12,-10.01463
critic_r2,complex_000363,complex_000411,13,-9.75792
critic_r2,complex_000363,complex_000411,14,-9.15245
critic_r2,complex_000363,complex_000411,15,-8.14274
critic_r2,complex_000363,complex_000411,16,-6.16815
critic_r2,complex_000363,complex_000411,17,-9.0592
critic_r2,complex_000363,complex_000411,18,-8.16246
critic_r2,complex_000363,complex_000411,19,-8.44449
critic_r2,complex_000374,complex_000148,0,-6.76695
critic_r2,complex_000374,complex_000148,1,-6.0951
critic_r2,complex_000374,complex_000148,2,-9.53957
critic_r2,complex_000374,complex_000148,3,-6.08237
critic_r2,complex_000374,complex_000148,4,-6.11401
critic_r2,complex_000374,complex_000148,5,-8.49069
critic_r2,complex_000374,complex_000148,6,-7.09259
critic_r2,complex_000374,complex_000148,7,-6.33563
critic_r2,complex_000374,complex_000148,8,-7.60476
critic_r2,complex_000374,complex_000148,9,-8.14124
critic_r2,complex_000374,complex_000148,10,-8.87966
critic_r2,complex_000374,complex_000148,11,-6.43248
critic_r2,complex_000374,complex_000148,12,-5.1581
critic_r2,complex_000374,complex_000148,13,-6.24959
critic_r2,complex_000374,complex_000148,14,-6.41475
critic_r2,complex_000374,complex_000148,15,-7.24125
critic_r2,complex_000374,complex_000148,16,-7.26845
critic_r2,complex_000374,complex_000148,17,-7.79548
critic_r2,complex_000374,complex_000148,18,-8.15426
critic_r2,complex_000374,complex_000148,19,-10.0038
critic_r2,complex_000374,complex_000177,0,-6.99924
critic_r2,complex_000374,complex_000177,1,-6.50219
critic_r2,complex_000374,complex_000177,2,-9.53556
critic_r2,complex_000374,complex_000177,3,-6.28234
critic_r2,complex_000374,complex_000177,4,-6.67912
critic_r2,complex_000374,complex_000177,5,-9.09091
critic_r2,complex_000374,complex_000177,6,-7.10343
critic_r2,complex_000374,complex_000177,7,-7.01952
critic_r2,complex_000374,complex_000177,8,-8.68488
critic_r2,complex_000374,complex_000177,9,-8.64495
critic_r2,complex_000374,complex_000177,10,-8.72509
critic_r2,complex_000374,complex_000177,11,-6.51878
critic_r2,complex_000374,complex_000177,12,-5.32174
critic_r2,complex_000374,complex_000177,13,-6.72397
critic_r2,complex_000374,complex_000177,14,-6.48419
critic_r2,complex_000374,complex_000177,15,-7.9443
critic_r2,complex_000374,complex_000177,16,-7.59348
critic_r2,complex_000374,complex_000177,17,-8.92954
critic_r2,complex_000374,complex_000177,18,-8.86892
critic_r2,complex_000374,complex_000177,19,-8.86363
critic_r2,complex_000374,complex_000363,0,-8.04505
critic_r2,complex_000374,complex_000363,1,-7.42248
critic_r2,complex_000374,complex_000363,2,-10.7549
critic_r2,complex_000374,complex_000363,3,-7.7675
critic_r2,complex_000374,complex_000363,4,-7.71447
critic_r2,complex_000374,complex_000363,5,-10.15691
critic_r2,complex_000374,complex_000363,6,-8.58397
critic_r2,complex_000374,complex_000363,7,-7.16787
critic_r2,complex_000374,complex_000363,8,-9.79531
critic_r2,complex_000374,complex_000363,9,-9.18317
critic_r2,complex_000374,complex_000363,10,-9.39867
critic_r2,complex_000374,complex_000363,11,-7.67562
critic_r2,complex_000374,complex_000363,12,-6.6255
critic_r2,complex_000374,complex_000363,13,-7.82604
critic_r2,complex_000374,complex_000363,14,-7.89581
critic_r2,complex_000374,complex_000363,15,-9.2784
critic_r2,complex_000374,complex_000363,16,-8.99819
critic_r2,complex_000374,complex_000363,17,-10.36125
critic_r2,complex_000374,complex_000363,18,-9.30806
critic_r2,complex_000374,complex_000363,19,-7.06613
critic_r2,complex_000382,complex_000382,0,-8.9469
critic_r2,complex_000382,complex_000382,1,-6.86256
critic_r2,complex_000382,complex_000382,2,-7.36017
critic_r2,complex_000382,complex_000382,3,-8.96878
critic_r2,complex_000382,complex_000382,4,-7.85423
critic_r2,complex_000382,complex_000382,5,-7.28524
critic_r2,complex_000382,complex_000382,6,-6.38854
critic_r2,complex_000382,complex_000382,7,-6.88024
critic_r2,complex_000382,complex_000382,8,-11.16372
critic_r2,complex_000382,complex_000382,9,-11.01116
critic_r2,complex_000382,complex_000382,10,-9.4429
critic_r2,complex_000382,complex_000382,11,-8.58239
critic_r2,complex_000382,complex_000382,12,-9.46575
critic_r2,complex_000382,complex_000382,13,-11.04992
critic_r2,complex_000382,complex_000382,14,-8.60935
critic_r2,complex_000382,complex_000382,15,-7.05747
critic_r2,complex_000382,complex_000382,16,-7.69414
critic_r2,complex_000382,complex_000382,17,-10.83922
critic_r2,complex_000382,complex_000382,18,-14.07639
critic_r2,complex_000382,complex_000382,19,-11.95992
critic_r2,complex_000382,complex_000472,0,-7.87533
critic_r2,complex_000382,complex_000472,1,-6.00387
critic_r2,complex_000382,complex_000472,2,-7.34147
critic_r2,complex_000382,complex_000472,3,-8.00717
critic_r2,complex_000382,complex_000472,4,-7.56384
critic_r2,complex_000382,complex_000472,5,-7.13657
critic_r2,complex_000382,complex_000472,6,-6.76601
critic_r2,complex_000382,complex_000472,7,-6.85118
critic_r2,complex_000382,complex_000472,8,-9.63885
critic_r2,complex_000382,complex_000472,9,-10.02991
critic_r2,complex_000382,complex_000472,10,-8.87773
critic_r2,complex_000382,complex_000472,11,-8.39059
critic_r2,complex_000382,complex_000472,12,-9.16696
critic_r2,complex_000382,complex_000472,13,-9.68666
critic_r2,complex_000382,complex_000472,14,-8.29504
critic_r2,complex_000382,complex_000472,15,-7.22986
critic_r2,complex_000382,complex_000472,16,-7.53656
critic_r2,complex_000382,complex_000472,17,-9.92656
critic_r2,complex_000382,complex_000472,18,-12.64571
critic_r2,complex_000382,complex_000472,19,-10.74246
critic_r2,complex_000376,complex_000145,0,-5.1791
critic_r2,complex_000376,complex_000145,1,-7.58485
critic_r2,complex_000376,complex_000145,2,-6.28857
critic_r2,complex_000376,complex_000145,3,-6.06127
critic_r2,complex_000376,complex_000145,4,-4.14619
critic_r2,complex_000376,complex_000145,5,-5.56077
critic_r2,complex_000376,complex_000145,6,-6.49205
critic_r2,complex_000376,complex_000145,7,-5.75485
critic_r2,complex_000376,complex_000145,8,-6.43383
critic_r2,complex_000376,complex_000145,9,-5.88656
critic_r2,complex_000376,complex_000145,10,-6.53663
critic_r2,complex_000376,complex_000145,11,-6.0736
critic_r2,complex_000376,complex_000145,12,-3.61986
critic_r2,complex_000376,complex_000145,13,-6.75293
critic_r2,complex_000376,complex_000145,14,-3.8217
critic_r2,complex_000376,complex_000145,15,-3.50327
critic_r2,complex_000376,complex_000145,16,-4.36396
critic_r2,complex_000376,complex_000145,17,-5.52409
critic_r2,complex_000376,complex_000145,18,-7.32665
critic_r2,complex_000376,complex_000145,19,-6.3657
critic_r2,complex_000382,complex_000456,0,-6.81107
critic_r2,complex_000382,complex_000456,1,-6.25981
critic_r2,complex_000382,complex_000456,2,-6.09992
critic_r2,complex_000382,complex_000456,3,-7.27932
critic_r2,complex_000382,complex_000456,4,-7.09431
critic_r2,complex_000382,complex_000456,5,-6.01364
critic_r2,complex_000382,complex_000456,6,-5.55749
critic_r2,complex_000382,complex_000456,7,-6.49236
critic_r2,complex_000382,complex_000456,8,-8.23295
critic_r2,complex_000382,complex_000456,9,-8.27592
critic_r2,complex_000382,complex_000456,10,-6.80508
critic_r2,complex_000382,complex_000456,11,-7.46079
critic_r2,complex_000382,complex_000456,12,-7.5278
critic_r2,complex_000382,complex_000456,13,-8.17319
critic_r2,complex_000382,complex_000456,14,-8.12828
critic_r2,complex_000382,complex_000456,15,-5.78576
critic_r2,complex_000382,complex_000456,16,-6.27146
critic_r2,complex_000382,complex_000456,17,-8.20406
critic_r2,complex_000382,complex_000456,18,-9.43636
critic_r2,complex_000382,complex_000456,19,-7.80464
critic_r2,complex_000376,complex_000376,0,-7.84748
critic_r2,complex_000376,complex_000376,1,-11.44534
critic_r2,complex_000376,complex_000376,2,-9.32048
critic_r2,complex_000376,complex_000376,3,-10.81171
critic_r2,complex_000376,complex_000376,4,-5.48059
critic_r2,complex_000376,complex_000376,5,-7.74534
critic_r2,complex_000376,complex_000376,6,-8.9
critic_r2,complex_000376,complex_000376,7,-8.28981
critic_r2,complex_000376,complex_000376,8,-10.53706
critic_r2,complex_000376,complex_000376,9,-8.40443
critic_r2,complex_000376,complex_000376,10,-8.95441
critic_r2,complex_000376,complex_000376,11,-8.9178
critic_r2,complex_000376,complex_000376,12,-4.94206
critic_r2,complex_000376,complex_000376,13,-9.976
critic_r2,complex_000376,complex_000376,14,-4.90655
critic_r2,complex_000376,complex_000376,15,-4.73212
critic_r2,complex_000376,complex_000376,16,-6.31225
critic_r2,complex_000376,complex_000376,17,-7.0646
critic_r2,complex_000376,complex_000376,18,-10.95414
critic_r2,complex_000376,complex_000376,19,-8.76803
critic_r2,complex_000376,complex_000387,0,-7.91746
critic_r2,complex_000376,complex_000387,1,-10.94058
critic_r2,complex_000376,complex_000387,2,-9.77349
critic_r2,complex_000376,complex_000387,3,-7.43477
critic_r2,complex_000376,complex_000387,4,-6.35598
critic_r2,complex_000376,complex_000387,5,-7.39516
critic_r2,complex_000376,complex_000387,6,-9.27928
critic_r2,complex_000376,complex_000387,7,-8.12032
critic_r2,complex_000376,complex_000387,8,-9.1925
critic_r2,complex_000376,complex_000387,9,-7.10582
critic_r2,complex_000376,complex_000387,10,-6.83311
critic_r2,complex_000376,complex_000387,11,-6.58676
critic_r2,complex_000376,complex_000387,12,-5.56033
critic_r2,complex_000376,complex_000387,13,-8.87478
critic_r2,complex_000376,complex_000387,14,-6.02205
critic_r2,complex_000376,complex_000387,15,-5.53713
critic_r2,complex_000376,complex_000387,16,-7.25212
critic_r2,complex_000376,complex_000387,17,-7.40647
critic_r2,complex_000376,complex_000387,18,-11.01638
critic_r2,complex_000376,complex_000387,19,-8.22476
critic_r2,complex_000382,complex_000191,0,-5.50212
critic_r2,complex_000382,complex_000191,1,-5.29542
critic_r2,complex_000382,complex_000191,2,-4.34747
critic_r2,complex_000382,complex_000191,3,-5.53707
critic_r2,complex_000382,complex_000191,4,-5.28655
critic_r2,complex_000382,complex_000191,5,-5.42817
critic_r2,complex_000382,complex_000191,6,-5.10818
critic_r2,complex_000382,complex_000191,7,-6.43525
critic_r2,complex_000382,complex_000191,8,-6.70552
critic_r2,complex_000382,complex_000191,9,-6.82154
critic_r2,complex_000382,complex_000191,10,-5.80695
critic_r2,complex_000382,complex_000191,11,-6.61668
critic_r2,complex_000382,complex_000191,12,-6.82885
critic_r2,complex_000382,complex_000191,13,-7.06302
critic_r2,complex_000382,complex_000191,14,-6.34175
critic_r2,complex_000382,complex_000191,15,-4.9638
critic_r2,complex_000382,complex_000191,16,-4.92023
critic_r2,complex_000382,complex_000191,17,-8.22971
critic_r2,complex_000382,complex_000191,18,-7.67586
critic_r2,complex_000382,complex_000191,19,-6.77493
critic_r2,complex_000376,complex_000535,0,-8.41396
critic_r2,complex_000376,complex_000535,1,-9.02864
critic_r2,complex_000376,complex_000535,2,-7.58563
critic_r2,complex_000376,complex_000535,3,-6.88882
critic_r2,complex_000376,complex_000535,4,-6.33538
critic_r2,complex_000376,complex_000535,5,-6.43144
critic_r2,complex_000376,complex_000535,6,-7.67285
critic_r2,complex_000376,complex_000535,7,-7.64727
critic_r2,complex_000376,complex_000535,8,-8.8367
critic_r2,complex_000376,complex_000535,9,-7.28823
critic_r2,complex_000376,complex_000535,10,-6.98757
critic_r2,complex_000376,complex_000535,11,-6.00447
critic_r2,complex_000376,complex_000535,12,-5.69414
critic_r2,complex_000376,complex_000535,13,-7.77226
critic_r2,complex_000376,complex_000535,14,-5.83771
critic_r2,complex_000376,complex_000535,15,-5.21203
critic_r2,complex_000376,complex_000535,16,-6.12962
critic_r2,complex_000376,complex_000535,17,-7.01716
critic_r2,complex_000376,complex_000535,18,-7.70404
critic_r2,complex_000376,complex_000535,19,-7.29241
critic_r2,complex_000387,complex_000085,0,-7.56482
critic_r2,complex_000387,complex_000085,1,-7.32882
critic_r2,complex_000387,complex_000085,2,-9.17144
critic_r2,complex_000387,complex_000085,3,-7.80864
critic_r2,complex_000387,complex_000085,4,-8.24595
critic_r2,complex_000387,complex_000085,5,-8.15299
critic_r2,complex_000387,complex_000085,6,-9.33171
critic_r2,complex_000387,complex_000085,7,-8.50039
critic_r2,complex_000387,complex_000085,8,-7.51957
critic_r2,complex_000387,complex_000085,9,-8.16315
critic_r2,complex_000387,complex_000085,10,-9.27547
critic_r2,complex_000387,complex_000085,11,-7.84569
critic_r2,complex_000387,complex_000085,12,-5.43046
critic_r2,complex_000387,complex_000085,13,-7.19772
critic_r2,complex_000387,complex_000085,14,-6.237
critic_r2,complex_000387,complex_000085,15,-6.84106
critic_r2,complex_000387,complex_000085,16,-6.68431
critic_r2,complex_000387,complex_000085,17,-6.84604
critic_r2,complex_000387,complex_000085,18,-4.56186
critic_r2,complex_000387,complex_000085,19,-8.96704
critic_r2,complex_000387,complex_000387,0,-9.09269
critic_r2,complex_000387,complex_000387,1,-8.31503
critic_r2,complex_000387,complex_000387,2,-9.66773
critic_r2,complex_000387,complex_000387,3,-8.48148
critic_r2,complex_000387,complex_000387,4,-8.96396
critic_r2,complex_000387,complex_000387,5,-8.75539
critic_r2,complex_000387,complex_000387,6,-9.84304
critic_r2,complex_000387,complex_000387,7,-9.40275
critic_r2,complex_000387,complex_000387,8,-8.35326
critic_r2,complex_000387,complex_000387,9,-9.43992
critic_r2,complex_000387,complex_000387,10,-9.84814
critic_r2,complex_000387,complex_000387,11,-8.86584
critic_r2,complex_000387,complex_000387,12,-6.83281
critic_r2,complex_000387,complex_000387,13,-9.23242
critic_r2,complex_000387,complex_000387,14,-7.31123
critic_r2,complex_000387,complex_000387,15,-7.38998
critic_r2,complex_000387,complex_000387,16,-8.62323
critic_r2,complex_000387,complex_000387,17,-7.76064
critic_r2,complex_000387,complex_000387,18,-5.54515
critic_r2,complex_000387,complex_000387,19,-8.38226
critic_r2,complex_000394,complex_000411,0,-8.2926
critic_r2,complex_000394,complex_000411,1,-7.90821
critic_r2,complex_000394,complex_000411,2,-9.26986
critic_r2,complex_000394,complex_000411,3,-5.32329
critic_r2,complex_000394,complex_000411,4,-9.13108
critic_r2,complex_000394,complex_000411,5,-6.06214
critic_r2,complex_000394,complex_000411,6,-7.83921
critic_r2,complex_000394,complex_000411,7,-7.65898
critic_r2,complex_000394,complex_000411,8,-8.89327
critic_r2,complex_000394,complex_000411,9,-8.31276
critic_r2,complex_000394,complex_000411,10,-8.35197
critic_r2,complex_000394,complex_000411,11,-5.70006
critic_r2,complex_000394,complex_000411,12,-9.29898
critic_r2,complex_000394,complex_000411,13,-7.48457
critic_r2,complex_000394,complex_000411,14,-9.53917
critic_r2,complex_000394,complex_000411,15,-6.51121
critic_r2,complex_000394,complex_000411,16,-8.87681
critic_r2,complex_000394,complex_000411,17,-8.39539
critic_r2,complex_000394,complex_000411,18,-8.61071
critic_r2,complex_000394,complex_000411,19,-4.64782
critic_r2,complex_000387,complex_000472,0,-8.17898
critic_r2,complex_000387,complex_000472,1,-7.26878
critic_r2,complex_000387,complex_000472,2,-9.0706
critic_r2,complex_000387,complex_000472,3,-7.83112
critic_r2,complex_000387,complex_000472,4,-8.64174
critic_r2,complex_000387,complex_000472,5,-8.36996
critic_r2,complex_000387,complex_000472,6,-9.45364
critic_r2,complex_000387,complex_000472,7,-8.67219
critic_r2,complex_000387,complex_000472,8,-7.08735
critic_r2,complex_000387,complex_000472,9,-8.77511
critic_r2,complex_000387,complex_000472,10,-9.457
critic_r2,complex_000387,complex_000472,11,-8.80262
critic_r2,complex_000387,complex_000472,12,-6.24278
critic_r2,complex_000387,complex_000472,13,-8.32395
critic_r2,complex_000387,complex_000472,14,-6.37869
critic_r2,complex_000387,complex_000472,15,-7.05852
critic_r2,complex_000387,complex_000472,16,-7.55989
critic_r2,complex_000387,complex_000472,17,-7.52209
critic_r2,complex_000387,complex_000472,18,-5.30913
critic_r2,complex_000387,complex_000472,19,-9.64889
critic_r2,complex_000387,complex_000001,0,-6.63883
critic_r2,complex_000387,complex_000001,1,-6.72034
critic_r2,complex_000387,complex_000001,2,-7.06954
critic_r2,complex_000387,complex_000001,3,-7.26476
critic_r2,complex_000387,complex_000001,4,-7.61445
critic_r2,complex_000387,complex_000001,5,-6.90821
critic_r2,complex_000387,complex_000001,6,-8.89539
critic_r2,complex_000387,complex_000001,7,-7.77489
critic_r2,complex_000387,complex_000001,8,-6.66608
critic_r2,complex_000387,complex_000001,9,-7.49881
critic_r2,complex_000387,complex_000001,10,-8.16051
critic_r2,complex_000387,complex_000001,11,-7.61721
critic_r2,complex_000387,complex_000001,12,-5.3262
critic_r2,complex_000387,complex_000001,13,-7.07905
critic_r2,complex_000387,complex_000001,14,-5.38118
critic_r2,complex_000387,complex_000001,15,-6.2734
critic_r2,complex_000387,complex_000001,16,-6.84557
critic_r2,complex_000387,complex_000001,17,-6.82016
critic_r2,complex_000387,complex_000001,18,-4.58782
critic_r2,complex_000387,complex_000001,19,-8.65256
critic_r2,complex_000394,complex_000112,0,-6.84076
critic_r2,complex_000394,complex_000112,1,-6.44965
critic_r2,complex_000394,complex_000112,2,-7.80206
critic_r2,complex_000394,complex_000112,3,-5.32533
critic_r2,complex_000394,complex_000112,4,-9.234
critic_r2,complex_000394,complex_000112,5,-5.85621
critic_r2,complex_000394,complex_000112,6,-6.77353
critic_r2,complex_000394,complex_000112,7,-6.90576
critic_r2,complex_000394,complex_000112,8,-7.00607
critic_r2,complex_000394,complex_000112,9,-7.66706
critic_r2,complex_000394,complex_000112,10,-5.57733
critic_r2,complex_000394,complex_000112,11,-5.2516
critic_r2,complex_000394,complex_000112,12,-6.82695
critic_r2,complex_000394,complex_000112,13,-6.91035
critic_r2,complex_000394,complex_000112,14,-7.00369
critic_r2,complex_000394,complex_000112,15,-6.357
critic_r2,complex_000394,complex_000112,16,-6.16829
critic_r2,complex_000394,complex_000112,17,-6.88377
critic_r2,complex_000394,complex_000112,18,-7.01973
critic_r2,complex_000394,complex_000112,19,-5.12679
critic_r2,complex_000394,complex_000394,0,-8.91651
critic_r2,complex_000394,complex_000394,1,-8.2203
critic_r2,complex_000394,complex_000394,2,-8.22932
critic_r2,complex_000394,complex_000394,3,-5.6863
critic_r2,complex_000394,complex_000394,4,-9.89255
critic_r2,complex_000394,complex_000394,5,-5.96135
critic_r2,complex_000394,complex_000394,6,-8.06897
critic_r2,complex_000394,complex_000394,7,-9.07216
critic_r2,complex_000394,complex_000394,8,-8.68195
critic_r2,complex_000394,complex_000394,9,-8.80015
critic_r2,complex_000394,complex_000394,10,-8.33023
critic_r2,complex_000394,complex_000394,11,-6.28706
critic_r2,complex_000394,complex_000394,12,-7.79698
critic_r2,complex_000394,complex_000394,13,-7.14443
critic_r2,complex_000394,complex_000394,14,-8.80711
critic_r2,complex_000394,complex_000394,15,-6.79663
critic_r2,complex_000394,complex_000394,16,-8.2874
critic_r2,complex_000394,complex_000394,17,-8.03277
critic_r2,complex_000394,complex_000394,18,-10.90655
critic_r2,complex_000394,complex_000394,19,-4.78271
critic_r2,complex_000394,complex_000374,0,-9.51103
critic_r2,complex_000394,complex_000374,1,-7.87344
critic_r2,complex_000394,complex_000374,2,-7.8881
critic_r2,complex_000394,complex_000374,3,-5.59903
critic_r2,complex_000394,complex_000374,4,-10.84354
critic_r2,complex_000394,complex_000374,5,-6.15841
critic_r2,complex_000394,complex_000374,6,-8.36794
critic_r2,complex_000394,complex_000374,7,-8.10578
critic_r2,complex_000394,complex_000374,8,-8.78999
critic_r2,complex_000394,complex_000374,9,-9.77892
critic_r2,complex_000394,complex_000374,10,-9.55348
critic_r2,complex_000394,complex_000374,11,-6.19903
critic_r2,complex_000394,complex_000374,12,-9.51078
critic_r2,complex_000394,complex_000374,13,-7.37766
critic_r2,complex_000394,complex_000374,14,-8.74372
critic_r2,complex_000394,complex_000374,15,-6.57541
critic_r2,complex_000394,complex_000374,16,-8.64932
critic_r2,complex_000394,complex_000374,17,-8.11323
critic_r2,complex_000394,complex_000374,18,-9.68168
critic_r2,complex_000394,complex_000374,19,-4.88044
critic_r2,complex_000403,complex_000403,0,-5.0713
critic_r2,complex_000403,complex_000403,1,-4.27383
critic_r2,complex_000403,complex_000403,2,-9.07253
critic_r2,complex_000403,complex_000403,3,-7.21489
critic_r2,complex_000403,complex_000403,4,-5.44245
critic_r2,complex_000403,complex_000403,5,-9.72821
critic_r2,complex_000403,complex_000403,6,-8.24352
critic_r2,complex_000403,complex_000403,7,-5.32643
critic_r2,complex_000403,complex_000403,8,-6.29827
critic_r2,complex_000403,complex_000403,9,-7.92952
critic_r2,complex_000403,complex_000403,10,-5.89773
critic_r2,complex_000403,complex_000403,11,-9.9157
critic_r2,complex_000403,complex_000403,12,-7.35171
critic_r2,complex_000403,complex_000403,13,-5.41579
critic_r2,complex_000403,complex_000403,14,-7.38314
critic_r2,complex_000403,complex_000403,15,-5.86849
critic_r2,complex_000403,complex_000403,16,-8.01438
critic_r2,complex_000403,complex_000403,17,-9.04006
critic_r2,complex_000403,complex_000403,18,-10.4261
critic_r2,complex_000403,complex_000403,19,-5.88794
critic_r2,complex_000403,complex_000335,0,-3.90544
critic_r2,complex_000403,complex_000335,1,-4.09404
critic_r2,complex_000403,complex_000335,2,-6.68678
critic_r2,complex_000403,complex_000335,3,-6.79507
critic_r2,complex_000403,complex_000335,4,-4.57042
critic_r2,complex_000403,complex_000335,5,-7.71978
critic_r2,complex_000403,complex_000335,6,-6.77512
critic_r2,complex_000403,complex_000335,7,-4.58667
critic_r2,complex_000403,complex_000335,8,-5.0392
critic_r2,complex_000403,complex_000335,9,-7.18343
critic_r2,complex_000403,complex_000335,10,-4.66837
critic_r2,complex_000403,complex_000335,11,-8.76641
critic_r2,complex_000403,complex_000335,12,-6.96889
critic_r2,complex_000403,complex_000335,13,-4.9905
critic_r2,complex_000403,complex_000335,14,-5.77667
critic_r2,complex_000403,complex_000335,15,-5.10855
critic_r2,complex_000403,complex_000335,16,-6.43192
critic_r2,complex_000403,complex_000335,17,-7.29083
critic_r2,complex_000403,complex_000335,18,-7.67584
critic_r2,complex_000403,complex_000335,19,-4.44135
critic_r2,complex_000403,complex_000063,0,-4.66165
critic_r2,complex_000403,complex_000063,1,-4.15443
critic_r2,complex_000403,complex_000063,2,-8.05535
critic_r2,complex_000403,complex_000063,3,-7.42838
critic_r2,complex_000403,complex_000063,4,-4.89606
critic_r2,complex_000403,complex_000063,5,-8.87156
critic_r2,complex_000403,complex_000063,6,-7.31753
critic_r2,complex_000403,complex_000063,7,-4.85693
critic_r2,complex_000403,complex_000063,8,-6.54956
critic_r2,complex_000403,complex_000063,9,-7.20862
critic_r2,complex_000403,complex_000063,10,-5.29669
critic_r2,complex_000403,complex_000063,11,-10.41028
critic_r2,complex_000403,complex_000063,12,-8.11784
critic_r2,complex_000403,complex_000063,13,-4.90854
critic_r2,complex_000403,complex_000063,14,-7.37431
critic_r2,complex_000403,complex_000063,15,-6.23829
critic_r2,complex_000403,complex_000063,16,-7.67395
critic_r2,complex_000403,complex_000063,17,-9.6832
critic_r2,complex_000403,complex_000063,18,-9.40682
critic_r2,complex_000403,complex_000063,19,-5.5614
critic_r2,complex_000411,complex_000411,0,-7.60612
critic_r2,complex_000411,complex_000411,1,-7.2609
critic_r2,complex_000411,complex_000411,2,-6.45489
critic_r2,complex_000411,complex_000411,3,-5.44744
critic_r2,complex_000411,complex_000411,4,-4.94403
critic_r2,complex_000411,complex_000411,5,-8.68482
critic_r2,complex_000411,complex_000411,6,-7.46278
critic_r2,complex_000411,complex_000411,7,-5.67086
critic_r2,complex_000411,complex_000411,8,-8.07219
critic_r2,complex_000411,complex_000411,9,-7.91119
critic_r2,complex_000411,complex_000411,10,-7.66503
critic_r2,complex_000411,complex_000411,11,-6.72269
critic_r2,complex_000411,complex_000411,12,-6.33666
critic_r2,complex_000411,complex_000411,13,-6.75177
critic_r2,complex_000411,complex_000411,14,-7.7438
critic_r2,complex_000411,complex_000411,15,-6.68231
critic_r2,complex_000411,complex_000411,16,-10.55696
critic_r2,complex_000411,complex_000411,17,-5.96374
critic_r2,complex_000411,complex_000411,18,-6.22163
critic_r2,complex_000411,complex_000411,19,-5.79955
critic_r2,complex_000400,complex_000266,0,-7.694
critic_r2,complex_000400,complex_000266,1,-10.23342
critic_r2,complex_000400,complex_000266,2,-9.3562
critic_r2,complex_000400,complex_000266,3,-7.96876
critic_r2,complex_000400,complex_000266,4,-8.21546
critic_r2,complex_000400,complex_000266,5,-8.25369
critic_r2,complex_000400,complex_000266,6,-9.32918
critic_r2,complex_000400,complex_000266,7,-7.81496
critic_r2,complex_000400,complex_000266,8,-9.44803
critic_r2,complex_000400,complex_000266,9,-7.74033
critic_r2,complex_000400,complex_000266,10,-8.28396
critic_r2,complex_000400,complex_000266,11,-8.67039
critic_r2,complex_000400,complex_000266,12,-9.20621
critic_r2,complex_000400,complex_000266,13,-8.96379
critic_r2,complex_000400,complex_000266,14,-8.12058
critic_r2,complex_000400,complex_000266,15,-9.30796
critic_r2,complex_000400,complex_000266,16,-6.54313
critic_r2,complex_000400,complex_000266,17,-10.26252
critic_r2,complex_000400,complex_000266,18,-9.96905
critic_r2,complex_000400,complex_000266,19,-8.57074
critic_r2,complex_000411,complex_000292,0,-6.88804
critic_r2,complex_000411,complex_000292,1,-5.9056
critic_r2,complex_000411,complex_000292,2,-5.61793
critic_r2,complex_000411,complex_000292,3,-5.12026
critic_r2,complex_000411,complex_000292,4,-4.78106
critic_r2,complex_000411,complex_000292,5,-7.20327
critic_r2,complex_000411,complex_000292,6,-6.54366
critic_r2,complex_000411,complex_000292,7,-5.056
critic_r2,complex_000411,complex_000292,8,-6.9898
critic_r2,complex_000411,complex_000292,9,-6.15983
critic_r2,complex_000411,complex_000292,10,-6.62195
critic_r2,complex_000411,complex_000292,11,-5.66477
critic_r2,complex_000411,complex_000292,12,-5.40167
critic_r2,complex_000411,complex_000292,13,-5.69104
critic_r2,complex_000411,complex_000292,14,-7.00621
critic_r2,complex_000411,complex_000292,15,-5.7483
critic_r2,complex_000411,complex_000292,16,-8.56847
critic_r2,complex_000411,complex_000292,17,-4.56955
critic_r2,complex_000411,complex_000292,18,-5.50231
critic_r2,complex_000411,complex_000292,19,-5.00191
critic_r2,complex_000411,complex_000305,0,-8.31109
critic_r2,complex_000411,complex_000305,1,-7.84356
critic_r2,complex_000411,complex_000305,2,-7.04875
critic_r2,complex_000411,complex_000305,3,-5.61981
critic_r2,complex_000411,complex_000305,4,-5.30676
critic_r2,complex_000411,complex_000305,5,-9.35966
critic_r2,complex_000411,complex_000305,6,-8.90177
critic_r2,complex_000411,complex_000305,7,-6.15584
critic_r2,complex_000411,complex_000305,8,-8.49424
critic_r2,complex_000411,complex_000305,9,-8.6953
critic_r2,complex_000411,complex_000305,10,-8.9627
critic_r2,complex_000411,complex_000305,11,-6.85366
critic_r2,complex_000411,complex_000305,12,-7.37706
critic_r2,complex_000411,complex_000305,13,-7.42277
critic_r2,complex_000411,complex_000305,14,-8.63265
critic_r2,complex_000411,complex_000305,15,-7.20801
critic_r2,complex_000411,complex_000305,16,-10.49498
critic_r2,complex_000411,complex_000305,17,-6.24681
critic_r2,complex_000411,complex_000305,18,-6.97947
critic_r2,complex_000411,complex_000305,19,-5.74306
critic_r2,complex_000400,complex_000403,0,-8.00918
critic_r2,complex_000400,complex_000403,1,-8.52753
critic_r2,complex_000400,complex_000403,2,-8.83309
critic_r2,complex_000400,complex_000403,3,-8.27358
critic_r2,complex_000400,complex_000403,4,-7.87989
critic_r2,complex_000400,complex_000403,5,-7.96618
critic_r2,complex_000400,complex_000403,6,-9.72484
critic_r2,complex_000400,complex_000403,7,-7.43746
critic_r2,complex_000400,complex_000403,8,-8.13314
critic_r2,complex_000400,complex_000403,9,-8.02671
critic_r2,complex_000400,complex_000403,10,-9.00291
critic_r2,complex_000400,complex_000403,11,-7.51133
critic_r2,complex_000400,complex_000403,12,-7.88989
critic_r2,complex_000400,complex_000403,13,-9.00183
critic_r2,complex_000400,complex_000403,14,-7.94995
critic_r2,complex_000400,complex_000403,15,-9.85983
critic_r2,complex_000400,complex_000403,16,-6.82837
critic_r2,complex_000400,complex_000403,17,-9.48264
critic_r2,complex_000400,complex_000403,18,-9.33291
critic_r2,complex_000400,complex_000403,19,-9.12706
critic_r2,complex_000400,complex_000400,0,-8.53079
critic_r2,complex_000400,complex_000400,1,-9.80961
critic_r2,complex_000400,complex_000400,2,-13.42372
critic_r2,complex_000400,complex_000400,3,-8.97768
critic_r2,complex_000400,complex_000400,4,-9.28492
critic_r2,complex_000400,complex_000400,5,-9.67195
critic_r2,complex_000400,complex_000400,6,-11.7361
critic_r2,complex_000400,complex_000400,7,-8.89286
critic_r2,complex_000400,complex_000400,8,-9.66676
critic_r2,complex_000400,complex_000400,9,-9.97577
critic_r2,complex_000400,complex_000400,10,-10.09149
critic_r2,complex_000400,complex_000400,11,-9.4837
critic_r2,complex_000400,complex_000400,12,-9.65478
critic_r2,complex_000400,complex_000400,13,-11.21198
critic_r2,complex_000400,complex_000400,14,-9.75791
critic_r2,complex_000400,complex_000400,15,-10.60476
critic_r2,complex_000400,complex_000400,16,-7.24127
critic_r2,complex_000400,complex_000400,17,-10.53699
critic_r2,complex_000400,complex_000400,18,-10.88577
critic_r2,complex_000400,complex_000400,19,-9.65704
critic_r2,complex_000403,complex_000477,0,-4.14948
critic_r2,complex_000403,complex_000477,1,-5.24181
critic_r2,complex_000403,complex_000477,2,-6.55479
critic_r2,complex_000403,complex_000477,3,-6.74719
critic_r2,complex_000403,complex_000477,4,-5.12628
critic_r2,complex_000403,complex_000477,5,-8.06946
critic_r2,complex_000403,complex_000477,6,-7.29214
critic_r2,complex_000403,complex_000477,7,-5.19125
critic_r2,complex_000403,complex_000477,8,-5.84177
critic_r2,complex_000403,complex_000477,9,-7.77553
critic_r2,complex_000403,complex_000477,10,-6.20209
critic_r2,complex_000403,complex_000477,11,-9.741
critic_r2,complex_000403,complex_000477,12,-7.39737
critic_r2,complex_000403,complex_000477,13,-5.33166
critic_r2,complex_000403,complex_000477,14,-6.93753
critic_r2,complex_000403,complex_000477,15,-4.99405
critic_r2,complex_000403,complex_000477,16,-8.10485
critic_r2,complex_000403,complex_000477,17,-8.60544
critic_r2,complex_000403,complex_000477,18,-9.15204
critic_r2,complex_000403,complex_000477,19,-4.55035
critic_r2,complex_000411,complex_000165,0,-8.4345
critic_r2,complex_000411,complex_000165,1,-3.22844
critic_r2,complex_000411,complex_000165,2,-6.93607
critic_r2,complex_000411,complex_000165,3,-6.16009
critic_r2,complex_000411,complex_000165,4,-6.37815
critic_r2,complex_000411,complex_000165,5,-5.24615
critic_r2,complex_000411,complex_000165,6,-2.45655
critic_r2,complex_000411,complex_000165,7,-7.53279
critic_r2,complex_000411,complex_000165,8,-7.08764
critic_r2,complex_000411,complex_000165,9,-2.99858
critic_r2,complex_000411,complex_000165,10,-6.05133
critic_r2,complex_000411,complex_000165,11,-7.02965
critic_r2,complex_000411,complex_000165,12,-4.53451
critic_r2,complex_000411,complex_000165,13,-5.11172
critic_r2,complex_000411,complex_000165,14,-3.88597
critic_r2,complex_000411,complex_000165,15,-7.2108
critic_r2,complex_000411,complex_000165,16,-4.91352
critic_r2,complex_000411,complex_000165,17,-5.97558
critic_r2,complex_000411,complex_000165,18,-7.41951
critic_r2,complex_000411,complex_000165,19,-6.8229
critic_r2,complex_000426,complex_000426,0,-11.65862
critic_r2,complex_000426,complex_000426,1,-6.10874
critic_r2,complex_000426,complex_000426,2,-6.77524
critic_r2,complex_000426,complex_000426,3,-6.07569
critic_r2,complex_000426,complex_000426,4,-9.57763
critic_r2,complex_000426,complex_000426,5,-8.66194
critic_r2,complex_000426,complex_000426,6,-8.73195
critic_r2,complex_000426,complex_000426,7,-6.99333
critic_r2,complex_000426,complex_000426,8,-6.85435
critic_r2,complex_000426,complex_000426,9,-8.38118
critic_r2,complex_000426,complex_000426,10,-6.52995
critic_r2,complex_000426,complex_000426,11,-6.15619
critic_r2,complex_000426,complex_000426,12,-6.73068
critic_r2,complex_000426,complex_000426,13,-8.03794
critic_r2,complex_000426,complex_000426,14,-11.51788
critic_r2,complex_000426,complex_000426,15,-9.11736
critic_r2,complex_000426,complex_000426,16,-9.1491
critic_r2,complex_000426,complex_000426,17,-7.99402
critic_r2,complex_000426,complex_000426,18,-4.87388
critic_r2,complex_000426,complex_000426,19,-7.91581
critic_r2,complex_000400,complex_000363,0,-8.93888
critic_r2,complex_000400,complex_000363,1,-9.82033
critic_r2,complex_000400,complex_000363,2,-3.78573
critic_r2,complex_000400,complex_000363,3,-8.56887
critic_r2,complex_000400,complex_000363,4,-6.33489
critic_r2,complex_000400,complex_000363,5,-8.89051
critic_r2,complex_000400,complex_000363,6,-7.09941
critic_r2,complex_000400,complex_000363,7,-8.55151
critic_r2,complex_000400,complex_000363,8,-8.36593
critic_r2,complex_000400,complex_000363,9,-9.94798
critic_r2,complex_000400,complex_000363,10,-8.92213
critic_r2,complex_000400,complex_000363,11,-6.80334
critic_r2,complex_000400,complex_000363,12,-8.53006
critic_r2,complex_000400,complex_000363,13,-10.19349
critic_r2,complex_000400,complex_000363,14,-7.53817
critic_r2,complex_000400,complex_000363,15,-9.19536
critic_r2,complex_000400,complex_000363,16,-7.15276
critic_r2,complex_000400,complex_000363,17,-10.76704
critic_r2,complex_000400,complex_000363,18,-9.80981
critic_r2,complex_000400,complex_000363,19,-9.00503
critic_r2,complex_000426,complex_000335,0,-7.84148
critic_r2,complex_000426,complex_000335,1,-5.7414
critic_r2,complex_000426,complex_000335,2,-5.26698
critic_r2,complex_000426,complex_000335,3,-5.80667
critic_r2,complex_000426,complex_000335,4,-6.48568
critic_r2,complex_000426,complex_000335,5,-7.15293
critic_r2,complex_000426,complex_000335,6,-7.27383
critic_r2,complex_000426,complex_000335,7,-6.1115
critic_r2,complex_000426,complex_000335,8,-6.16761
critic_r2,complex_000426,complex_000335,9,-6.9189
critic_r2,complex_000426,complex_000335,10,-5.46755
critic_r2,complex_000426,complex_000335,11,-5.1173
critic_r2,complex_000426,complex_000335,12,-5.74395
critic_r2,complex_000426,complex_000335,13,-6.10431
critic_r2,complex_000426,complex_000335,14,-8.20229
critic_r2,complex_000426,complex_000335,15,-7.99456
critic_r2,complex_000426,complex_000335,16,-7.68498
critic_r2,complex_000426,complex_000335,17,-6.53153
critic_r2,complex_000426,complex_000335,18,-4.41825
critic_r2,complex_000426,complex_000335,19,-6.28311
critic_r2,complex_000426,complex_000145,0,-9.10566
critic_r2,complex_000426,complex_000145,1,-5.10453
critic_r2,complex_000426,complex_000145,2,-5.42279
critic_r2,complex_000426,complex_000145,3,-4.92684
critic_r2,complex_000426,complex_000145,4,-7.32882
critic_r2,complex_000426,complex_000145,5,-6.53502
critic_r2,complex_000426,complex_000145,6,-7.16064
critic_r2,complex_000426,complex_000145,7,-5.68394
critic_r2,complex_000426,complex_000145,8,-5.97855
critic_r2,complex_000426,complex_000145,9,-6.91795
critic_r2,complex_000426,complex_000145,10,-4.91225
critic_r2,complex_000426,complex_000145,11,-4.51919
critic_r2,complex_000426,complex_000145,12,-5.50675
critic_r2,complex_000426,complex_000145,13,-6.02356
critic_r2,complex_000426,complex_000145,14,-7.81512
critic_r2,complex_000426,complex_000145,15,-6.7975
critic_r2,complex_000426,complex_000145,16,-6.64969
critic_r2,complex_000426,complex_000145,17,-6.47655
critic_r2,complex_000426,complex_000145,18,-4.13801
critic_r2,complex_000426,complex_000145,19,-5.82792
critic_r2,complex_000426,complex_000236,0,-10.49504
critic_r2,complex_000426,complex_000236,1,-6.66177
critic_r2,complex_000426,complex_000236,2,-7.36613
critic_r2,complex_000426,complex_000236,3,-6.55042
critic_r2,complex_000426,complex_000236,4,-8.38109
critic_r2,complex_000426,complex_000236,5,-9.01221
critic_r2,complex_000426,complex_000236,6,-9.55047
critic_r2,complex_000426,complex_000236,7,-6.89377
critic_r2,complex_000426,complex_000236,8,-8.65992
critic_r2,complex_000426,complex_000236,9,-8.43483
critic_r2,complex_000426,complex_000236,10,-6.96265
critic_r2,complex_000426,complex_000236,11,-6.20015
critic_r2,complex_000426,complex_000236,12,-8.17828
critic_r2,complex_000426,complex_000236,13,-8.40557
critic_r2,complex_000426,complex_000236,14,-9.437
critic_r2,complex_000426,complex_000236,15,-11.33306
critic_r2,complex_000426,complex_000236,16,-9.14473
critic_r2,complex_000426,complex_000236,17,-7.67481
critic_r2,complex_000426,complex_000236,18,-4.87154
critic_r2,complex_000426,complex_000236,19,-8.0412
critic_r2,complex_000456,complex_000456,0,-7.45563
critic_r2,complex_000456,complex_000456,1,-6.55703
critic_r2,complex_000456,complex_000456,2,-8.20244
critic_r2,complex_000456,complex_000456,3,-7.00021
critic_r2,complex_000456,complex_000456,4,-8.85739
critic_r2,complex_000456,complex_000456,5,-8.80879
critic_r2,complex_000456,complex_000456,6,-7.7336
critic_r2,complex_000456,complex_000456,7,-5.64422
critic_r2,complex_000456,complex_000456,8,-6.19258
critic_r2,complex_000456,complex_000456,9,-7.3121
critic_r2,complex_000456,complex_000456,10,-7.26365
critic_r2,complex_000456,complex_000456,11,-5.60712
critic_r2,complex_000456,complex_000456,12,-6.40439
critic_r2,complex_000456,complex_000456,13,-8.85501
critic_r2,complex_000456,complex_000456,14,-7.81354
critic_r2,complex_000456,complex_000456,15,-5.54767
critic_r2,complex_000456,complex_000456,16,-8.82984
critic_r2,complex_000456,complex_000456,17,-6.47805
critic_r2,complex_000456,complex_000456,18,-6.21646
critic_r2,complex_000456,complex_000456,19,-6.74363
critic_r2,complex_000472,complex_000472,0,-8.57698
critic_r2,complex_000472,complex_000472,1,-7.52802
critic_r2,complex_000472,complex_000472,2,-8.55007
critic_r2,complex_000472,complex_000472,3,-9.41011
critic_r2,complex_000472,complex_000472,4,-8.82436
critic_r2,complex_000472,complex_000472,5,-12.34997
critic_r2,complex_000472,complex_000472,6,-6.61283
critic_r2,complex_000472,complex_000472,7,-7.55549
critic_r2,complex_000472,complex_000472,8,-8.91454
critic_r2,complex_000472,complex_000472,9,-10.0454
critic_r2,complex_000472,complex_000472,10,-8.88575
critic_r2,complex_000472,complex_000472,11,-5.32789
critic_r2,complex_000472,complex_000472,12,-10.68207
critic_r2,complex_000472,complex_000472,13,-10.29538
critic_r2,complex_000472,complex_000472,14,-7.31173
critic_r2,complex_000472,complex_000472,15,-6.68948
critic_r2,complex_000472,complex_000472,16,-7.84382
critic_r2,complex_000472,complex_000472,17,-6.65587
critic_r2,complex_000472,complex_000472,18,-11.12694
critic_r2,complex_000472,complex_000472,19,-10.08842
critic_r2,complex_000456,complex_000069,0,-7.22971
critic_r2,complex_000456,complex_000069,1,-6.99451
critic_r2,complex_000456,complex_000069,2,-8.68571
critic_r2,complex_000456,complex_000069,3,-7.32725
critic_r2,complex_000456,complex_000069,4,-10.04404
critic_r2,complex_000456,complex_000069,5,-10.21665
critic_r2,complex_000456,complex_000069,6,-8.39583
critic_r2,complex_000456,complex_000069,7,-5.05324
critic_r2,complex_000456,complex_000069,8,-6.48572
critic_r2,complex_000456,complex_000069,9,-7.79722
critic_r2,complex_000456,complex_000069,10,-7.85466
critic_r2,complex_000456,complex_000069,11,-5.64422
critic_r2,complex_000456,complex_000069,12,-7.13039
critic_r2,complex_000456,complex_000069,13,-9.52954
critic_r2,complex_000456,complex_000069,14,-7.498
critic_r2,complex_000456,complex_000069,15,-5.60588
critic_r2,complex_000456,complex_000069,16,-8.79322
critic_r2,complex_000456,complex_000069,17,-6.3915
critic_r2,complex_000456,complex_000069,18,-6.69857
critic_r2,complex_000456,complex_000069,19,-6.86921
critic_r2,complex_000472,complex_000535,0,-6.59168
critic_r2,complex_000472,complex_000535,1,-6.35847
critic_r2,complex_000472,complex_000535,2,-8.45463
critic_r2,complex_000472,complex_000535,3,-8.17073
critic_r2,complex_000472,complex_000535,4,-7.75125
critic_r2,complex_000472,complex_000535,5,-7.93764
critic_r2,complex_000472,complex_000535,6,-6.26403
critic_r2,complex_000472,complex_000535,7,-6.93811
critic_r2,complex_000472,complex_000535,8,-6.97642
critic_r2,complex_000472,complex_000535,9,-9.53635
critic_r2,complex_000472,complex_000535,10,-8.90832
critic_r2,complex_000472,complex_000535,11,-4.88032
critic_r2,complex_000472,complex_000535,12,-9.41294
critic_r2,complex_000472,complex_000535,13,-8.70709
critic_r2,complex_000472,complex_000535,14,-6.91106
critic_r2,complex_000472,complex_000535,15,-6.12362
critic_r2,complex_000472,complex_000535,16,-7.72267
critic_r2,complex_000472,complex_000535,17,-6.02451
critic_r2,complex_000472,complex_000535,18,-7.8877
critic_r2,complex_000472,complex_000535,19,-6.84961
critic_r2,complex_000456,complex_000387,0,-7.88163
critic_r2,complex_000456,complex_000387,1,-8.26582
critic_r2,complex_000456,complex_000387,2,-9.94196
critic_r2,complex_000456,complex_000387,3,-7.57642
critic_r2,complex_000456,complex_000387,4,-7.29113
critic_r2,complex_000456,complex_000387,5,-8.14685
critic_r2,complex_000456,complex_000387,6,-8.34909
critic_r2,complex_000456,complex_000387,7,-5.81072
critic_r2,complex_000456,complex_000387,8,-6.90209
critic_r2,complex_000456,complex_000387,9,-8.73213
critic_r2,complex_000456,complex_000387,10,-7.68778
critic_r2,complex_000456,complex_000387,11,-7.18732
critic_r2,complex_000456,complex_000387,12,-7.93779
critic_r2,complex_000456,complex_000387,13,-8.14467
critic_r2,complex_000456,complex_000387,14,-7.25045
critic_r2,complex_000456,complex_000387,15,-6.84403
critic_r2,complex_000456,complex_000387,16,-8.37385
critic_r2,complex_000456,complex_000387,17,-6.4414
critic_r2,complex_000456,complex_000387,18,-6.89538
critic_r2,complex_000456,complex_000387,19,-7.006
critic_r2,complex_000456,complex_000376,0,-7.43939
critic_r2,complex_000456,complex_000376,1,-7.05915
critic_r2,complex_000456,complex_000376,2,-9.10611
critic_r2,complex_000456,complex_000376,3,-7.25275
critic_r2,complex_000456,complex_000376,4,-9.64456
critic_r2,complex_000456,complex_000376,5,-10.64028
critic_r2,complex_000456,complex_000376,6,-7.57313
critic_r2,complex_000456,complex_000376,7,-5.25939
critic_r2,complex_000456,complex_000376,8,-6.27288
critic_r2,complex_000456,complex_000376,9,-7.65754
critic_r2,complex_000456,complex_000376,10,-7.6925
critic_r2,complex_000456,complex_000376,11,-5.93084
critic_r2,complex_000456,complex_000376,12,-6.73161
critic_r2,complex_000456,complex_000376,13,-9.39753
critic_r2,complex_000456,complex_000376,14,-7.36697
critic_r2,complex_000456,complex_000376,15,-5.84931
critic_r2,complex_000456,complex_000376,16,-8.60121
critic_r2,complex_000456,complex_000376,17,-6.10934
critic_r2,complex_000456,complex_000376,18,-7.01496
critic_r2,complex_000456,complex_000376,19,-7.19032
critic_r2,complex_000477,complex_000477,0,-7.61332
critic_r2,complex_000477,complex_000477,1,-8.21736
critic_r2,complex_000477,complex_000477,2,-7.17791
critic_r2,complex_000477,complex_000477,3,-5.28639
critic_r2,complex_000477,complex_000477,4,-4.70352
critic_r2,complex_000477,complex_000477,5,-5.52041
critic_r2,complex_000477,complex_000477,6,-8.0148
critic_r2,complex_000477,complex_000477,7,-7.41833
critic_r2,complex_000477,complex_000477,8,-5.374
critic_r2,complex_000477,complex_000477,9,-6.62173
critic_r2,complex_000477,complex_000477,10,-5.20265
critic_r2,complex_000477,complex_000477,11,-6.11063
critic_r2,complex_000477,complex_000477,12,-8.36188
critic_r2,complex_000477,complex_000477,13,-7.08999
critic_r2,complex_000477,complex_000477,14,-5.88342
critic_r2,complex_000477,complex_000477,15,-5.57468
critic_r2,complex_000477,complex_000477,16,-7.17717
critic_r2,complex_000477,complex_000477,17,-6.47937
critic_r2,complex_000477,complex_000477,18,-4.81725
critic_r2,complex_000477,complex_000477,19,-5.34976
critic_r2,complex_000472,complex_000117,0,-7.47194
critic_r2,complex_000472,complex_000117,1,-7.08657
critic_r2,complex_000472,complex_000117,2,-7.83907
critic_r2,complex_000472,complex_000117,3,-8.06594
critic_r2,complex_000472,complex_000117,4,-8.78027
critic_r2,complex_000472,complex_000117,5,-5.69138
critic_r2,complex_000472,complex_000117,6,-6.82071
critic_r2,complex_000472,complex_000117,7,-6.8024
critic_r2,complex_000472,complex_000117,8,-7.00162
critic_r2,complex_000472,complex_000117,9,-9.73449
critic_r2,complex_000472,complex_000117,10,-7.66663
critic_r2,complex_000472,complex_000117,11,-5.1052
critic_r2,complex_000472,complex_000117,12,-6.38068
critic_r2,complex_000472,complex_000117,13,-6.8982
critic_r2,complex_000472,complex_000117,14,-6.27752
critic_r2,complex_000472,complex_000117,15,-5.96574
critic_r2,complex_000472,complex_000117,16,-8.75467
critic_r2,complex_000472,complex_000117,17,-6.75897
critic_r2,complex_000472,complex_000117,18,-7.0315
critic_r2,complex_000472,complex_000117,19,-6.46379
critic_r2,complex_000472,complex_000177,0,-7.32906
critic_r2,complex_000472,complex_000177,1,-6.87109
critic_r2,complex_000472,complex_000177,2,-8.21494
critic_r2,complex_000472,complex_000177,3,-8.42233
critic_r2,complex_000472,complex_000177,4,-7.57694
critic_r2,complex_000472,complex_000177,5,-4.23878
critic_r2,complex_000472,complex_000177,6,-6.14897
critic_r2,complex_000472,complex_000177,7,-6.43037
critic_r2,complex_000472,complex_000177,8,-8.51098
critic_r2,complex_000472,complex_000177,9,-9.11731
critic_r2,complex_000472,complex_000177,10,-8.29687
critic_r2,complex_000472,complex_000177,11,-5.35145
critic_r2,complex_000472,complex_000177,12,-7.42396
critic_r2,complex_000472,complex_000177,13,-8.91387
critic_r2,complex_000472,complex_000177,14,-5.88787
critic_r2,complex_000472,complex_000177,15,-5.8182
critic_r2,complex_000472,complex_000177,16,-7.32219
critic_r2,complex_000472,complex_000177,17,-6.83088
critic_r2,complex_000472,complex_000177,18,-7.14416
critic_r2,complex_000472,complex_000177,19,-8.03069
critic_r2,complex_000477,complex_000165,0,-5.72418
critic_r2,complex_000477,complex_000165,1,-7.90143
critic_r2,complex_000477,complex_000165,2,-7.12325
critic_r2,complex_000477,complex_000165,3,-6.0117
critic_r2,complex_000477,complex_000165,4,-5.20753
critic_r2,complex_000477,complex_000165,5,-7.44074
critic_r2,complex_000477,complex_000165,6,0.41641
critic_r2,complex_000477,complex_000165,7,-5.68238
critic_r2,complex_000477,complex_000165,8,-6.57304
critic_r2,complex_000477,complex_000165,9,-5.91876
critic_r2,complex_000477,complex_000165,10,-6.60572
critic_r2,complex_000477,complex_000165,11,-6.78463
critic_r2,complex_000477,complex_000165,12,-6.36842
critic_r2,complex_000477,complex_000165,13,-7.26338
critic_r2,complex_000477,complex_000165,14,-7.65567
critic_r2,complex_000477,complex_000165,15,-6.63492
critic_r2,complex_000477,complex_000165,16,-7.10726
critic_r2,complex_000477,complex_000165,17,-6.68956
critic_r2,complex_000477,complex_000165,18,-6.48729
critic_r2,complex_000477,complex_000165,19,-6.69851
critic_r2,complex_000477,complex_000506,0,-5.83389
critic_r2,complex_000477,complex_000506,1,-7.74965
critic_r2,complex_000477,complex_000506,2,-6.01576
critic_r2,complex_000477,complex_000506,3,-5.5442
critic_r2,complex_000477,complex_000506,4,-4.37815
critic_r2,complex_000477,complex_000506,5,-5.1068
critic_r2,complex_000477,complex_000506,6,-7.36252
critic_r2,complex_000477,complex_000506,7,-7.34194
critic_r2,complex_000477,complex_000506,8,-5.33693
critic_r2,complex_000477,complex_000506,9,-5.4573
critic_r2,complex_000477,complex_000506,10,-5.26397
critic_r2,complex_000477,complex_000506,11,-6.03004
critic_r2,complex_000477,complex_000506,12,-6.856
critic_r2,complex_000477,complex_000506,13,-6.43574
critic_r2,complex_000477,complex_000506,14,-4.59535
critic_r2,complex_000477,complex_000506,15,-5.33866
critic_r2,complex_000477,complex_000506,16,-5.95407
critic_r2,complex_000477,complex_000506,17,-5.87922
critic_r2,complex_000477,complex_000506,18,-5.27614
critic_r2,complex_000477,complex_000506,19,-4.56382
critic_r2,complex_000477,complex_000051,0,-7.93417
critic_r2,complex_000477,complex_000051,1,-9.10491
critic_r2,complex_000477,complex_000051,2,-7.76384
critic_r2,complex_000477,complex_000051,3,-6.09546
critic_r2,complex_000477,complex_000051,4,-3.98501
critic_r2,complex_000477,complex_000051,5,-5.93398
critic_r2,complex_000477,complex_000051,6,-6.63805
critic_r2,complex_000477,complex_000051,7,-8.03341
critic_r2,complex_000477,complex_000051,8,-5.63496
critic_r2,complex_000477,complex_000051,9,-6.97695
critic_r2,complex_000477,complex_000051,10,-5.5662
critic_r2,complex_000477,complex_000051,11,-6.81779
critic_r2,complex_000477,complex_000051,12,-8.001
critic_r2,complex_000477,complex_000051,13,-7.99118
critic_r2,complex_000477,complex_000051,14,-5.8861
critic_r2,complex_000477,complex_000051,15,-6.03886
critic_r2,complex_000477,complex_000051,16,-8.03222
critic_r2,complex_000477,complex_000051,17,-7.45742
critic_r2,complex_000477,complex_000051,18,-5.16899
critic_r2,complex_000477,complex_000051,19,-4.48985
critic_r2,complex_000506,complex_000506,0,-6.25628
critic_r2,complex_000506,complex_000506,1,-5.67573
critic_r2,complex_000506,complex_000506,2,-8.42852
critic_r2,complex_000506,complex_000506,3,-8.30057
critic_r2,complex_000506,complex_000506,4,-7.95342
critic_r2,complex_000506,complex_000506,5,-5.72793
critic_r2,complex_000506,complex_000506,6,-5.084
critic_r2,complex_000506,complex_000506,7,-6.43435
critic_r2,complex_000506,complex_000506,8,-7.2973
critic_r2,complex_000506,complex_000506,9,-7.29889
critic_r2,complex_000506,complex_000506,10,-4.52018
critic_r2,complex_000506,complex_000506,11,-5.16513
critic_r2,complex_000506,complex_000506,12,-6.76065
critic_r2,complex_000506,complex_000506,13,-5.20987
critic_r2,complex_000506,complex_000506,14,-6.09741
critic_r2,complex_000506,complex_000506,15,-6.70737
critic_r2,complex_000506,complex_000506,16,-5.15333
critic_r2,complex_000506,complex_000506,17,-7.7608
critic_r2,complex_000506,complex_000506,18,-5.26934
critic_r2,complex_000506,complex_000506,19,-7.77
critic_r2,complex_000506,complex_000382,0,-5.3473
critic_r2,complex_000506,complex_000382,1,-4.92075
critic_r2,complex_000506,complex_000382,2,-7.73041
critic_r2,complex_000506,complex_000382,3,-11.24902
critic_r2,complex_000506,complex_000382,4,-7.30481
critic_r2,complex_000506,complex_000382,5,-7.43121
critic_r2,complex_000506,complex_000382,6,-5.9247
critic_r2,complex_000506,complex_000382,7,-8.9228
critic_r2,complex_000506,complex_000382,8,-10.71135
critic_r2,complex_000506,complex_000382,9,-6.68076
critic_r2,complex_000506,complex_000382,10,-5.67414
critic_r2,complex_000506,complex_000382,11,-6.86983
critic_r2,complex_000506,complex_000382,12,-9.2114
critic_r2,complex_000506,complex_000382,13,-6.22367
critic_r2,complex_000506,complex_000382,14,-8.51955
critic_r2,complex_000506,complex_000382,15,-8.70695
critic_r2,complex_000506,complex_000382,16,-5.82769
critic_r2,complex_000506,complex_000382,17,-10.59762
critic_r2,complex_000506,complex_000382,18,-7.3682
critic_r2,complex_000506,complex_000382,19,-9.43898
critic_r2,complex_000506,complex_000266,0,-5.02975
critic_r2,complex_000506,complex_000266,1,-5.29084
critic_r2,complex_000506,complex_000266,2,-6.9692
critic_r2,complex_000506,complex_000266,3,-9.08632
critic_r2,complex_000506,complex_000266,4,-6.90509
critic_r2,complex_000506,complex_000266,5,-6.7871
critic_r2,complex_000506,complex_000266,6,-5.72133
critic_r2,complex_000506,complex_000266,7,-8.20968
critic_r2,complex_000506,complex_000266,8,-9.89898
critic_r2,complex_000506,complex_000266,9,-6.62942
critic_r2,complex_000506,complex_000266,10,-5.93957
critic_r2,complex_000506,complex_000266,11,-7.19813
critic_r2,complex_000506,complex_000266,12,-8.77592
critic_r2,complex_000506,complex_000266,13,-5.92428
critic_r2,complex_000506,complex_000266,14,-8.74914
critic_r2,complex_000506,complex_000266,15,-7.71046
critic_r2,complex_000506,complex_000266,16,-5.53431
critic_r2,complex_000506,complex_000266,17,-9.23614
critic_r2,complex_000506,complex_000266,18,-6.95397
critic_r2,complex_000506,complex_000266,19,-8.52885
critic_r2,complex_000506,complex_000170,0,-5.77849
critic_r2,complex_000506,complex_000170,1,-5.30593
critic_r2,complex_000506,complex_000170,2,-9.10332
critic_r2,complex_000506,complex_000170,3,-12.08089
critic_r2,complex_000506,complex_000170,4,-8.20241
critic_r2,complex_000506,complex_000170,5,-8.92871
critic_r2,complex_000506,complex_000170,6,-6.19307
critic_r2,complex_000506,complex_000170,7,-9.6617
critic_r2,complex_000506,complex_000170,8,-10.0299
critic_r2,complex_000506,complex_000170,9,-7.80447
critic_r2,complex_000506,complex_000170,10,-6.59982
critic_r2,complex_000506,complex_000170,11,-7.81082
critic_r2,complex_000506,complex_000170,12,-9.30793
critic_r2,complex_000506,complex_000170,13,-6.92824
critic_r2,complex_000506,complex_000170,14,-8.92686
critic_r2,complex_000506,complex_000170,15,-8.84906
critic_r2,complex_000506,complex_000170,16,-6.3596
critic_r2,complex_000506,complex_000170,17,-10.39294
critic_r2,complex_000506,complex_000170,18,-8.22402
critic_r2,complex_000506,complex_000170,19,2.57943
critic_r2,complex_000473,complex_000473,0,-6.50828
critic_r2,complex_000473,complex_000473,1,-6.96623
critic_r2,complex_000473,complex_000473,2,-8.58204
critic_r2,complex_000473,complex_000473,3,-6.96982
critic_r2,complex_000473,complex_000473,4,-8.12183
critic_r2,complex_000473,complex_000473,5,-8.09251
critic_r2,complex_000473,complex_000473,6,-9.21561
critic_r2,complex_000473,complex_000473,7,-6.88969
critic_r2,complex_000473,complex_000473,8,-6.33726
critic_r2,complex_000473,complex_000473,9,-5.09179
critic_r2,complex_000473,complex_000473,10,-5.46479
critic_r2,complex_000473,complex_000473,11,-7.02042
critic_r2,complex_000473,complex_000473,12,-6.07154
critic_r2,complex_000473,complex_000473,13,-6.96224
critic_r2,complex_000473,complex_000473,14,-7.49399
critic_r2,complex_000473,complex_000473,15,-6.99531
critic_r2,complex_000473,complex_000473,16,-4.95811
critic_r2,complex_000473,complex_000473,17,-5.67597
critic_r2,complex_000473,complex_000473,18,-5.10773
critic_r2,complex_000473,complex_000473,19,-6.51612
critic_r2,complex_000473,complex_000506,0,-6.68337
critic_r2,complex_000473,complex_000506,1,-7.23329
critic_r2,complex_000473,complex_000506,2,-8.72536
critic_r2,complex_000473,complex_000506,3,-6.81858
critic_r2,complex_000473,complex_000506,4,-6.6086
critic_r2,complex_000473,complex_000506,5,-7.05935
critic_r2,complex_000473,complex_000506,6,-7.6898
critic_r2,complex_000473,complex_000506,7,-5.98358
critic_r2,complex_000473,complex_000506,8,-6.22288
critic_r2,complex_000473,complex_000506,9,-6.16076
critic_r2,complex_000473,complex_000506,10,-5.55716
critic_r2,complex_000473,complex_000506,11,-6.82419
critic_r2,complex_000473,complex_000506,12,-5.47694
critic_r2,complex_000473,complex_000506,13,-6.26047
critic_r2,complex_000473,complex_000506,14,-6.00132
critic_r2,complex_000473,complex_000506,15,-5.6227
critic_r2,complex_000473,complex_000506,16,-5.20715
critic_r2,complex_000473,complex_000506,17,-6.48951
critic_r2,complex_000473,complex_000506,18,-5.04584
critic_r2,complex_000473,complex_000506,19,-5.6953
critic_r2,complex_000473,complex_000170,0,-9.51469
critic_r2,complex_000473,complex_000170,1,-10.24021
critic_r2,complex_000473,complex_000170,2,-5.18887
critic_r2,complex_000473,complex_000170,3,4.30469
critic_r2,complex_000473,complex_000170,4,-6.47065
critic_r2,complex_000473,complex_000170,5,-5.09607
critic_r2,complex_000473,complex_000170,6,0.44348
critic_r2,complex_000473,complex_000170,7,-7.42743
critic_r2,complex_000473,complex_000170,8,-9.42113
critic_r2,complex_000473,complex_000170,9,-7.10773
critic_r2,complex_000473,complex_000170,10,-8.09823
critic_r2,complex_000473,complex_000170,11,-7.19439
critic_r2,complex_000473,complex_000170,12,-4.29001
critic_r2,complex_000473,complex_000170,13,-8.55463
critic_r2,complex_000473,complex_000170,14,-0.43399
critic_r2,complex_000473,complex_000170,15,-8.3966
critic_r2,complex_000473,complex_000170,16,-7.00097
critic_r2,complex_000473,complex_000170,17,-7.66391
critic_r2,complex_000473,complex_000170,18,-6.82679
critic_r2,complex_000473,complex_000170,19,-8.26233
critic_r2,complex_000535,complex_000026,0,-8.20204
critic_r2,complex_000535,complex_000026,1,-4.79367
critic_r2,complex_000535,complex_000026,2,-7.10311
critic_r2,complex_000535,complex_000026,3,-5.97198
critic_r2,complex_000535,complex_000026,4,-4.44858
critic_r2,complex_000535,complex_000026,5,-7.80137
critic_r2,complex_000535,complex_000026,6,-9.45048
critic_r2,complex_000535,complex_000026,7,-5.43162
critic_r2,complex_000535,complex_000026,8,-8.16137
critic_r2,complex_000535,complex_000026,9,-7.17261
critic_r2,complex_000535,complex_000026,10,-4.70677
critic_r2,complex_000535,complex_000026,11,-6.24493
critic_r2,complex_000535,complex_000026,12,-7.34933
critic_r2,complex_000535,complex_000026,13,-7.09254
critic_r2,complex_000535,complex_000026,14,-7.76688
critic_r2,complex_000535,complex_000026,15,-6.11454
critic_r2,complex_000535,complex_000026,16,-5.4993
critic_r2,complex_000535,complex_000026,17,-6.9705
critic_r2,complex_000535,complex_000026,18,-6.36723
critic_r2,complex_000535,complex_000026,19,-6.91665
critic_r2,complex_000473,complex_000363,0,-9.00902
critic_r2,complex_000473,complex_000363,1,-9.38474
critic_r2,complex_000473,complex_000363,2,-13.06792
critic_r2,complex_000473,complex_000363,3,-4.97212
critic_r2,complex_000473,complex_000363,4,-9.27391
critic_r2,complex_000473,complex_000363,5,-8.6564
critic_r2,complex_000473,complex_000363,6,-6.85848
critic_r2,complex_000473,complex_000363,7,-9.3205
critic_r2,complex_000473,complex_000363,8,-7.84682
critic_r2,complex_000473,complex_000363,9,-6.45677
critic_r2,complex_000473,complex_000363,10,-7.07146
critic_r2,complex_000473,complex_000363,11,-9.33547
critic_r2,complex_000473,complex_000363,12,-7.64062
critic_r2,complex_000473,complex_000363,13,-8.21293
critic_r2,complex_000473,complex_000363,14,-7.4844
critic_r2,complex_000473,complex_000363,15,-8.47515
critic_r2,complex_000473,complex_000363,16,-5.83842
critic_r2,complex_000473,complex_000363,17,-7.40814
critic_r2,complex_000473,complex_000363,18,-6.53583
critic_r2,complex_000473,complex_000363,19,-8.5068
critic_r2,complex_000535,complex_000473,0,-7.05964
critic_r2,complex_000535,complex_000473,1,-4.44309
critic_r2,complex_000535,complex_000473,2,-5.8758
critic_r2,complex_000535,complex_000473,3,-5.06503
critic_r2,complex_000535,complex_000473,4,-3.68237
critic_r2,complex_000535,complex_000473,5,-6.21521
critic_r2,complex_000535,complex_000473,6,-9.35577
critic_r2,complex_000535,complex_000473,7,-4.54372
critic_r2,complex_000535,complex_000473,8,-7.59991
critic_r2,complex_000535,complex_000473,9,-6.17663
critic_r2,complex_000535,complex_000473,10,-4.30958
critic_r2,complex_000535,complex_000473,11,-5.59577
critic_r2,complex_000535,complex_000473,12,-6.9777
critic_r2,complex_000535,complex_000473,13,-6.62148
critic_r2,complex_000535,complex_000473,14,-7.62988
critic_r2,complex_000535,complex_000473,15,-5.27399
critic_r2,complex_000535,complex_000473,16,-4.74369
critic_r2,complex_000535,complex_000473,17,-6.37694
critic_r2,complex_000535,complex_000473,18,-4.97173
critic_r2,complex_000535,complex_000473,19,-6.54572
critic_r2,complex_000535,complex_000535,0,-7.19438
critic_r2,complex_000535,complex_000535,1,-5.90762
critic_r2,complex_000535,complex_000535,2,-7.56165
critic_r2,complex_000535,complex_000535,3,-6.54372
critic_r2,complex_000535,complex_000535,4,-5.26937
critic_r2,complex_000535,complex_000535,5,-8.27133
critic_r2,complex_000535,complex_000535,6,-8.2452
critic_r2,complex_000535,complex_000535,7,-5.20964
critic_r2,complex_000535,complex_000535,8,-8.60082
critic_r2,complex_000535,complex_000535,9,-6.27817
critic_r2,complex_000535,complex_000535,10,-5.64691
critic_r2,complex_000535,complex_000535,11,-6.12292
critic_r2,complex_000535,complex_000535,12,-6.61077
critic_r2,complex_000535,complex_000535,13,-8.1582
critic_r2,complex_000535,complex_000535,14,-7.48251
critic_r2,complex_000535,complex_000535,15,-6.65805
critic_r2,complex_000535,complex_000535,16,-5.7067
critic_r2,complex_000535,complex_000535,17,-7.19932
critic_r2,complex_000535,complex_000535,18,-6.84387
critic_r2,complex_000535,complex_000535,19,-7.72388
critic_r2,complex_000535,complex_000269,0,-7.62408
critic_r2,complex_000535,complex_000269,1,-4.88154
critic_r2,complex_000535,complex_000269,2,-6.07401
critic_r2,complex_000535,complex_000269,3,-5.37747
critic_r2,complex_000535,complex_000269,4,-4.48629
critic_r2,complex_000535,complex_000269,5,-7.67598
critic_r2,complex_000535,complex_000269,6,-8.04499
critic_r2,complex_000535,complex_000269,7,-4.81425
critic_r2,complex_000535,complex_000269,8,-7.27829
critic_r2,complex_000535,complex_000269,9,-6.29981
critic_r2,complex_000535,complex_000269,10,-4.66662
critic_r2,complex_000535,complex_000269,11,-6.08497
critic_r2,complex_000535,complex_000269,12,-6.31434
critic_r2,complex_000535,complex_000269,13,-6.48889
critic_r2,complex_000535,complex_000269,14,-7.61092
critic_r2,complex_000535,complex_000269,15,-5.12787
critic_r2,complex_000535,complex_000269,16,-5.57842
critic_r2,complex_000535,complex_000269,17,-6.07974
critic_r2,complex_000535,complex_000269,18,-6.47872
critic_r2,complex_000535,complex_000269,19,-6.47764
critic_r2,complex_000540,complex_000472,0,-8.15556
critic_r2,complex_000540,complex_000472,1,-10.33031
critic_r2,complex_000540,complex_000472,2,-8.40767
critic_r2,complex_000540,complex_000472,3,-7.62747
critic_r2,complex_000540,complex_000472,4,-10.95639
critic_r2,complex_000540,complex_000472,5,-6.5171
critic_r2,complex_000540,complex_000472,6,-7.64964
critic_r2,complex_000540,complex_000472,7,-8.45384
critic_r2,complex_000540,complex_000472,8,-11.03675
critic_r2,complex_000540,complex_000472,9,-8.27948
critic_r2,complex_000540,complex_000472,10,-9.26979
critic_r2,complex_000540,complex_000472,11,-7.92941
critic_r2,complex_000540,complex_000472,12,-8.74398
critic_r2,complex_000540,complex_000472,13,-8.40727
critic_r2,complex_000540,complex_000472,14,-8.20416
critic_r2,complex_000540,complex_000472,15,-7.42525
critic_r2,complex_000540,complex_000472,16,-9.74206
critic_r2,complex_000540,complex_000472,17,-9.87763
critic_r2,complex_000540,complex_000472,18,-9.65059
critic_r2,complex_000540,complex_000472,19,-9.87419
critic_r2,complex_000540,complex_000540,0,-7.58923
critic_r2,complex_000540,complex_000540,1,-9.09509
critic_r2,complex_000540,complex_000540,2,-8.59409
critic_r2,complex_000540,complex_000540,3,-6.74422
critic_r2,complex_000540,complex_000540,4,-10.57152
critic_r2,complex_000540,complex_000540,5,-6.86553
critic_r2,complex_000540,complex_000540,6,-7.3806
critic_r2,complex_000540,complex_000540,7,-7.96318
critic_r2,complex_000540,complex_000540,8,-10.49834
critic_r2,complex_000540,complex_000540,9,-7.75774
critic_r2,complex_000540,complex_000540,10,-8.03929
critic_r2,complex_000540,complex_000540,11,-7.56502
critic_r2,complex_000540,complex_000540,12,-7.56861
critic_r2,complex_000540,complex_000540,13,-7.89093
critic_r2,complex_000540,complex_000540,14,-8.40711
critic_r2,complex_000540,complex_000540,15,-6.79297
critic_r2,complex_000540,complex_000540,16,-9.55582
critic_r2,complex_000540,complex_000540,17,-10.35521
critic_r2,complex_000540,complex_000540,18,-9.83249
critic_r2,complex_000540,complex_000540,19,-10.45822
critic_r2,complex_000540,complex_000335,0,-6.41074
critic_r2,complex_000540,complex_000335,1,-6.35805
critic_r2,complex_000540,complex_000335,2,-6.42057
critic_r2,complex_000540,complex_000335,3,-5.51202
critic_r2,complex_000540,complex_000335,4,-7.86137
critic_r2,complex_000540,complex_000335,5,-4.80069
critic_r2,complex_000540,complex_000335,6,-5.90356
critic_r2,complex_000540,complex_000335,7,-6.12592
critic_r2,complex_000540,complex_000335,8,-8.74103
critic_r2,complex_000540,complex_000335,9,-6.55193
critic_r2,complex_000540,complex_000335,10,-6.64454
critic_r2,complex_000540,complex_000335,11,-6.15236
critic_r2,complex_000540,complex_000335,12,-6.40205
critic_r2,complex_000540,complex_000335,13,-6.23705
critic_r2,complex_000540,complex_000335,14,-6.17211
critic_r2,complex_000540,complex_000335,15,-5.55359
critic_r2,complex_000540,complex_000335,16,-7.74834
critic_r2,complex_000540,complex_000335,17,-7.7604
critic_r2,complex_000540,complex_000335,18,-7.42608
critic_r2,complex_000540,complex_000335,19,-7.46816
critic_r2,complex_000540,complex_000112,0,-6.43195
critic_r2,complex_000540,complex_000112,1,-8.01409
critic_r2,complex_000540,complex_000112,2,-7.31292
critic_r2,complex_000540,complex_000112,3,-6.47717
critic_r2,complex_000540,complex_000112,4,-7.98085
critic_r2,complex_000540,complex_000112,5,-5.6632
critic_r2,complex_000540,complex_000112,6,-7.19427
critic_r2,complex_000540,complex_000112,7,-6.49121
critic_r2,complex_000540,complex_000112,8,-7.93203
critic_r2,complex_000540,complex_000112,9,-7.13219
critic_r2,complex_000540,complex_000112,10,-7.38379
critic_r2,complex_000540,complex_000112,11,-6.67336
critic_r2,complex_000540,complex_000112,12,-6.62898
critic_r2,complex_000540,complex_000112,13,-7.0194
critic_r2,complex_000540,complex_000112,14,-6.43934
critic_r2,complex_000540,complex_000112,15,-6.38767
critic_r2,complex_000540,complex_000112,16,-8.86895
critic_r2,complex_000540,complex_000112,17,-8.11178
critic_r2,complex_000540,complex_000112,18,-8.37517
critic_r2,complex_000540,complex_000112,19,-6.73126
control_r2,complex_000051,complex_000266,0,-8.95044
control_r2,complex_000051,complex_000266,1,-8.59077
control_r2,complex_000051,complex_000266,2,-5.06266
control_r2,complex_000051,complex_000266,3,-6.70629
control_r2,complex_000051,complex_000266,4,-7.64233
control_r2,complex_000051,complex_000266,5,-5.5311
control_r2,complex_000051,complex_000266,6,-8.22446
control_r2,complex_000051,complex_000266,7,-6.02743
control_r2,complex_000051,complex_000266,8,-9.21123
control_r2,complex_000051,complex_000266,9,-6.81779
control_r2,complex_000051,complex_000266,10,-8.35625
control_r2,complex_000051,complex_000266,11,-7.12608
control_r2,complex_000051,complex_000266,12,-8.67865
control_r2,complex_000051,complex_000266,13,-5.78281
control_r2,complex_000051,complex_000266,14,-6.17303
control_r2,complex_000051,complex_000266,15,-6.23884
control_r2,complex_000051,complex_000266,16,-7.37313
control_r2,complex_000051,complex_000266,17,-7.60044
control_r2,complex_000051,complex_000266,18,-9.19484
control_r2,complex_000051,complex_000266,19,-8.04328
control_r2,complex_000059,complex_000059,0,-7.82382
control_r2,complex_000059,complex_000059,1,-7.8259
control_r2,complex_000059,complex_000059,2,-9.83156
control_r2,complex_000059,complex_000059,3,-8.92505
control_r2,complex_000059,complex_000059,4,-9.8169
control_r2,complex_000059,complex_000059,5,-7.53473
control_r2,complex_000059,complex_000059,6,-9.21224
control_r2,complex_000059,complex_000059,7,-9.96139
control_r2,complex_000059,complex_000059,8,-9.16033
control_r2,complex_000059,complex_000059,9,-8.73835
control_r2,complex_000059,complex_000059,10,-7.13087
control_r2,complex_000059,complex_000059,11,-7.38792
control_r2,complex_000059,complex_000059,12,-12.74216
control_r2,complex_000059,complex_000059,13,-10.41545
control_r2,complex_000059,complex_000059,14,-8.31624
control_r2,complex_000059,complex_000059,15,-8.95486
control_r2,complex_000059,complex_000059,16,-6.23385
control_r2,complex_000059,complex_000059,17,-7.33585
control_r2,complex_000059,complex_000059,18,-6.34826
control_r2,complex_000059,complex_000059,19,-4.82332
control_r2,complex_000051,complex_000387,0,-8.31157
control_r2,complex_000051,complex_000387,1,-9.73937
control_r2,complex_000051,complex_000387,2,-6.96987
control_r2,complex_000051,complex_000387,3,-7.98705
control_r2,complex_000051,complex_000387,4,-8.18708
control_r2,complex_000051,complex_000387,5,-6.16701
control_r2,complex_000051,complex_000387,6,-9.13848
control_r2,complex_000051,complex_000387,7,-6.90499
control_r2,complex_000051,complex_000387,8,-9.56331
control_r2,complex_000051,complex_000387,9,-7.11273
control_r2,complex_000051,complex_000387,10,-8.0273
control_r2,complex_000051,complex_000387,11,-6.93145
control_r2,complex_000051,complex_000387,12,-10.13999
control_r2,complex_000051,complex_000387,13,-6.73991
control_r2,complex_000051,complex_000387,14,-7.12579
control_r2,complex_000051,complex_000387,15,-7.15715
control_r2,complex_000051,complex_000387,16,-7.75754
control_r2,complex_000051,complex_000387,17,-9.49371
control_r2,complex_000051,complex_000387,18,-9.57035
control_r2,complex_000051,complex_000387,19,-7.92786
control_r2,complex_000001,complex_000001,0,-8.38529
control_r2,complex_000001,complex_000001,1,-8.71444
control_r2,complex_000001,complex_000001,2,-7.69922
control_r2,complex_000001,complex_000001,3,-8.89539
control_r2,complex_000001,complex_000001,4,-9.46868
control_r2,complex_000001,complex_000001,5,-8.10247
control_r2,complex_000001,complex_000001,6,-9.21127
control_r2,complex_000001,complex_000001,7,-6.86224
control_r2,complex_000001,complex_000001,8,-7.26074
control_r2,complex_000001,complex_000001,9,-8.25337
control_r2,complex_000001,complex_000001,10,-10.16705
control_r2,complex_000001,complex_000001,11,-5.39929
control_r2,complex_000001,complex_000001,12,-5.53198
control_r2,complex_000001,complex_000001,13,-5.72184
control_r2,complex_000001,complex_000001,14,-8.74123
control_r2,complex_000001,complex_000001,15,-7.51395
control_r2,complex_000001,complex_000001,16,-6.49444
control_r2,complex_000001,complex_000001,17,-4.17827
control_r2,complex_000001,complex_000001,18,-5.47237
control_r2,complex_000001,complex_000001,19,-8.03799
control_r2,complex_000026,complex_000148,0,-8.46172
control_r2,complex_000026,complex_000148,1,-3.97873
control_r2,complex_000026,complex_000148,2,-8.52034
control_r2,complex_000026,complex_000148,3,-7.5716
control_r2,complex_000026,complex_000148,4,-5.94732
control_r2,complex_000026,complex_000148,5,-6.30815
control_r2,complex_000026,complex_000148,6,-9.65285
control_r2,complex_000026,complex_000148,7,-7.48212
control_r2,complex_000026,complex_000148,8,-8.06595
control_r2,complex_000026,complex_000148,9,-6.86411
control_r2,complex_000026,complex_000148,10,-7.42832
control_r2,complex_000026,complex_000148,11,-8.8692
control_r2,complex_000026,complex_000148,12,-8.88973
control_r2,complex_000026,complex_000148,13,-8.24925
control_r2,complex_000026,complex_000148,14,-7.40726
control_r2,complex_000026,complex_000148,15,-7.76118
control_r2,complex_000026,complex_000148,16,-7.31189
control_r2,complex_000026,complex_000148,17,-6.73871
control_r2,complex_000026,complex_000148,18,-5.88738
control_r2,complex_000026,complex_000148,19,-5.04799
control_r2,complex_000001,complex_000292,0,-6.8293
control_r2,complex_000001,complex_000292,1,-8.12152
control_r2,complex_000001,complex_000292,2,-8.49359
control_r2,complex_000001,complex_000292,3,-6.45017
control_r2,complex_000001,complex_000292,4,-7.78054
control_r2,complex_000001,complex_000292,5,-8.1596
control_r2,complex_000001,complex_000292,6,-7.48067
control_r2,complex_000001,complex_000292,7,-5.98439
control_r2,complex_000001,complex_000292,8,-6.81835
control_r2,complex_000001,complex_000292,9,-7.17058
control_r2,complex_000001,complex_000292,10,-8.43128
control_r2,complex_000001,complex_000292,11,-4.79686
control_r2,complex_000001,complex_000292,12,-5.16543
control_r2,complex_000001,complex_000292,13,-5.37644
control_r2,complex_000001,complex_000292,14,-7.81516
control_r2,complex_000001,complex_000292,15,-6.47332
control_r2,complex_000001,complex_000292,16,-5.52081
control_r2,complex_000001,complex_000292,17,-4.07257
control_r2,complex_000001,complex_000292,18,-5.16999
control_r2,complex_000001,complex_000292,19,-7.1591
control_r2,complex_000001,complex_000456,0,-7.59481
control_r2,complex_000001,complex_000456,1,-8.2225
control_r2,complex_000001,complex_000456,2,-8.84446
control_r2,complex_000001,complex_000456,3,-8.07494
control_r2,complex_000001,complex_000456,4,-8.8654
control_r2,complex_000001,complex_000456,5,-7.44372
control_r2,complex_000001,complex_000456,6,-8.31095
control_r2,complex_000001,complex_000456,7,-7.23094
control_r2,complex_000001,complex_000456,8,-7.59241
control_r2,complex_000001,complex_000456,9,-7.82163
control_r2,complex_000001,complex_000456,10,-8.90127
control_r2,complex_000001,complex_000456,11,-5.39351
control_r2,complex_000001,complex_000456,12,-5.58458
control_r2,complex_000001,complex_000456,13,-5.49573
control_r2,complex_000001,complex_000456,14,-8.83562
control_r2,complex_000001,complex_000456,15,-7.14723
control_r2,complex_000001,complex_000456,16,-6.45248
control_r2,complex_000001,complex_000456,17,-4.665
control_r2,complex_000001,complex_000456,18,-5.85741
control_r2,complex_000001,complex_000456,19,-7.79171
control_r2,complex_000001,complex_000191,0,-5.71286
control_r2,complex_000001,complex_000191,1,-7.86454
control_r2,complex_000001,complex_000191,2,-7.42496
control_r2,complex_000001,complex_000191,3,-6.64642
control_r2,complex_000001,complex_000191,4,-6.45459
control_r2,complex_000001,complex_000191,5,-6.30129
control_r2,complex_000001,complex_000191,6,-6.76603
control_r2,complex_000001,complex_000191,7,-5.99538
control_r2,complex_000001,complex_000191,8,-6.00915
control_r2,complex_000001,complex_000191,9,-5.99302
control_r2,complex_000001,complex_000191,10,-7.63355
control_r2,complex_000001,complex_000191,11,-5.77028
control_r2,complex_000001,complex_000191,12,-5.15405
control_r2,complex_000001,complex_000191,13,-4.8701
control_r2,complex_000001,complex_000191,14,-7.07195
control_r2,complex_000001,complex_000191,15,-5.81114
control_r2,complex_000001,complex_000191,16,-5.42261
control_r2,complex_000001,complex_000191,17,-4.71289
control_r2,complex_000001,complex_000191,18,-5.96514
control_r2,complex_000001,complex_000191,19,-6.75473
control_r2,complex_000051,complex_000051,0,-8.3646
control_r2,complex_000051,complex_000051,1,-6.25718
control_r2,complex_000051,complex_000051,2,-5.76915
control_r2,complex_000051,complex_000051,3,-7.31602
control_r2,complex_000051,complex_000051,4,-7.38715
control_r2,complex_000051,complex_000051,5,-5.0598
control_r2,complex_000051,complex_000051,6,-8.87385
control_r2,complex_000051,complex_000051,7,-5.92441
control_r2,complex_000051,complex_000051,8,-9.01587
control_r2,complex_000051,complex_000051,9,-6.59486
control_r2,complex_000051,complex_000051,10,-8.52572
control_r2,complex_000051,complex_000051,11,-6.49929
control_r2,complex_000051,complex_000051,12,-9.17767
control_r2,complex_000051,complex_000051,13,-6.00476
control_r2,complex_000051,complex_000051,14,-5.76459
control_r2,complex_000051,complex_000051,15,-6.51381
control_r2,complex_000051,complex_000051,16,-6.68259
control_r2,complex_000051,complex_000051,17,-8.06229
control_r2,complex_000051,complex_000051,18,-8.8985
control_r2,complex_000051,complex_000051,19,-7.39993
control_r2,complex_000051,complex_000117,0,-7.65823
control_r2,complex_000051,complex_000117,1,-7.7081
control_r2,complex_000051,complex_000117,2,-6.24355
control_r2,complex_000051,complex_000117,3,-7.56877
control_r2,complex_000051,complex_000117,4,-7.84965
control_r2,complex_000051,complex_000117,5,-5.68809
control_r2,complex_000051,complex_000117,6,-8.88411
control_r2,complex_000051,complex_000117,7,-6.21193
control_r2,complex_000051,complex_000117,8,-9.22449
control_r2,complex_000051,complex_000117,9,-6.4547
control_r2,complex_000051,complex_000117,10,-7.70318
control_r2,complex_000051,complex_000117,11,-7.13877
control_r2,complex_000051,complex_000117,12,-8.95133
control_r2,complex_000051,complex_000117,13,-6.53843
control_r2,complex_000051,complex_000117,14,-5.97204
control_r2,complex_000051,complex_000117,15,-6.46812
control_r2,complex_000051,complex_000117,16,-7.19748
control_r2,complex_000051,complex_000117,17,-8.61692
control_r2,complex_000051,complex_000117,18,-8.69895
control_r2,complex_000051,complex_000117,19,-7.82894
control_r2,complex_000026,complex_000426,0,-9.01315
control_r2,complex_000026,complex_000426,1,-4.66483
control_r2,complex_000026,complex_000426,2,-9.08834
control_r2,complex_000026,complex_000426,3,-8.40355
control_r2,complex_000026,complex_000426,4,-6.25766
control_r2,complex_000026,complex_000426,5,-6.78016
control_r2,complex_000026,complex_000426,6,-9.08049
control_r2,complex_000026,complex_000426,7,-7.80717
control_r2,complex_000026,complex_000426,8,-9.64712
control_r2,complex_000026,complex_000426,9,-7.72261
control_r2,complex_000026,complex_000426,10,-8.26903
control_r2,complex_000026,complex_000426,11,-9.16888
control_r2,complex_000026,complex_000426,12,-9.40962
control_r2,complex_000026,complex_000426,13,-9.28344
control_r2,complex_000026,complex_000426,14,-7.60094
control_r2,complex_000026,complex_000426,15,-8.75612
control_r2,complex_000026,complex_000426,16,-7.82946
control_r2,complex_000026,complex_000426,17,-7.48876
control_r2,complex_000026,complex_000426,18,-6.06057
control_r2,complex_000026,complex_000426,19,-5.547
control_r2,complex_000059,complex_000051,0,-7.76271
control_r2,complex_000059,complex_000051,1,-7.69464
control_r2,complex_000059,complex_000051,2,-9.12629
control_r2,complex_000059,complex_000051,3,-7.91457
control_r2,complex_000059,complex_000051,4,-9.64036
control_r2,complex_000059,complex_000051,5,-7.00089
control_r2,complex_000059,complex_000051,6,-8.7123
control_r2,complex_000059,complex_000051,7,-9.4393
control_r2,complex_000059,complex_000051,8,-9.08967
control_r2,complex_000059,complex_000051,9,-7.97518
control_r2,complex_000059,complex_000051,10,-6.39651
control_r2,complex_000059,complex_000051,11,-6.91446
control_r2,complex_000059,complex_000051,12,-9.10436
control_r2,complex_000059,complex_000051,13,-9.19544
control_r2,complex_000059,complex_000051,14,-8.39765
control_r2,complex_000059,complex_000051,15,-8.38658
control_r2,complex_000059,complex_000051,16,-5.62638
control_r2,complex_000059,complex_000051,17,-6.6061
control_r2,complex_000059,complex_000051,18,-5.93966
control_r2,complex_000059,complex_000051,19,-4.40727
control_r2,complex_000026,complex_000382,0,-11.3515
control_r2,complex_000026,complex_000382,1,-4.60814
control_r2,complex_000026,complex_000382,2,-10.0601
control_r2,complex_000026,complex_000382,3,-8.56416
control_r2,complex_000026,complex_000382,4,-7.16248
control_r2,complex_000026,complex_000382,5,-7.76559
control_r2,complex_000026,complex_000382,6,-11.16521
control_r2,complex_000026,complex_000382,7,-9.22345
control_r2,complex_000026,complex_000382,8,-9.77848
control_r2,complex_000026,complex_000382,9,-8.93471
control_r2,complex_000026,complex_000382,10,-8.22062
control_r2,complex_000026,complex_000382,11,-11.4773
control_r2,complex_000026,complex_000382,12,-10.98191
control_r2,complex_000026,complex_000382,13,-10.59087
control_r2,complex_000026,complex_000382,14,-7.24294
control_r2,complex_000026,complex_000382,15,-10.08394
control_r2,complex_000026,complex_000382,16,-8.81753
control_r2,complex_000026,complex_000382,17,-8.08819
control_r2,complex_000026,complex_000382,18,-6.93628
control_r2,complex_000026,complex_000382,19,-6.33629
control_r2,complex_000059,complex_000149,0,-7.10155
control_r2,complex_000059,complex_000149,1,-7.65759
control_r2,complex_000059,complex_000149,2,-10.30688
control_r2,complex_000059,complex_000149,3,-8.55974
control_r2,complex_000059,complex_000149,4,-9.47536
control_r2,complex_000059,complex_000149,5,-8.33428
control_r2,complex_000059,complex_000149,6,-8.06577
control_r2,complex_000059,complex_000149,7,-8.68762
control_r2,complex_000059,complex_000149,8,-9.36831
control_r2,complex_000059,complex_000149,9,-7.99313
control_r2,complex_000059,complex_000149,10,-7.2049
control_r2,complex_000059,complex_000149,11,-8.24129
control_r2,complex_000059,complex_000149,12,-10.8589
control_r2,complex_000059,complex_000149,13,-9.45885
control_r2,complex_000059,complex_000149,14,-8.38192
control_r2,complex_000059,complex_000149,15,-8.5092
control_r2,complex_000059,complex_000149,16,-6.82318
control_r2,complex_000059,complex_000149,17,-7.44334
control_r2,complex_000059,complex_000149,18,-7.0136
control_r2,complex_000059,complex_000149,19,-4.95048
control_r2,complex_000026,complex_000026,0,-8.89636
control_r2,complex_000026,complex_000026,1,-4.38667
control_r2,complex_000026,complex_000026,2,-9.27826
control_r2,complex_000026,complex_000026,3,-7.5089
control_r2,complex_000026,complex_000026,4,-6.22753
control_r2,complex_000026,complex_000026,5,-7.28093
control_r2,complex_000026,complex_000026,6,-8.93114
control_r2,complex_000026,complex_000026,7,-7.72542
control_r2,complex_000026,complex_000026,8,-10.22383
control_r2,complex_000026,complex_000026,9,-7.72738
control_r2,complex_000026,complex_000026,10,-8.17751
control_r2,complex_000026,complex_000026,11,-9.39401
control_r2,complex_000026,complex_000026,12,-8.78439
control_r2,complex_000026,complex_000026,13,-7.94853
control_r2,complex_000026,complex_000026,14,-7.32658
control_r2,complex_000026,complex_000026,15,-7.9201
control_r2,complex_000026,complex_000026,16,-8.40956
control_r2,complex_000026,complex_000026,17,-7.9371
control_r2,complex_000026,complex_000026,18,-6.80332
control_r2,complex_000026,complex_000026,19,-5.3456
control_r2,complex_000059,complex_000165,0,-6.89016
control_r2,complex_000059,complex_000165,1,-4.48645
control_r2,complex_000059,complex_000165,2,-6.84766
control_r2,complex_000059,complex_000165,3,-7.42243
control_r2,complex_000059,complex_000165,4,-5.1075
control_r2,complex_000059,complex_000165,5,-6.65327
control_r2,complex_000059,complex_000165,6,-5.80146
control_r2,complex_000059,complex_000165,7,-6.7951
control_r2,complex_000059,complex_000165,8,-4.39036
control_r2,complex_000059,complex_000165,9,-5.92827
control_r2,complex_000059,complex_000165,10,-6.25814
control_r2,complex_000059,complex_000165,11,-6.46959
control_r2,complex_000059,complex_000165,12,-4.65544
control_r2,complex_000059,complex_000165,13,-4.97046
control_r2,complex_000059,complex_000165,14,-6.49269
control_r2,complex_000059,complex_000165,15,-6.15582
control_r2,complex_000059,complex_000165,16,-6.72447
control_r2,complex_000059,complex_000165,17,-5.73884
control_r2,complex_000059,complex_000165,18,-4.64769
control_r2,complex_000059,complex_000165,19,-5.17116
control_r2,complex_000063,complex_000063,0,-8.38838
control_r2,complex_000063,complex_000063,1,-5.5267
control_r2,complex_000063,complex_000063,2,-6.48576
control_r2,complex_000063,complex_000063,3,-8.09086
control_r2,complex_000063,complex_000063,4,-8.89765
control_r2,complex_000063,complex_000063,5,-6.09646
control_r2,complex_000063,complex_000063,6,-6.64206
control_r2,complex_000063,complex_000063,7,-6.63534
control_r2,complex_000063,complex_000063,8,-6.01151
control_r2,complex_000063,complex_000063,9,-7.35984
control_r2,complex_000063,complex_000063,10,-7.54512
control_r2,complex_000063,complex_000063,11,-6.6103
control_r2,complex_000063,complex_000063,12,-9.60749
control_r2,complex_000063,complex_000063,13,-7.33355
control_r2,complex_000063,complex_000063,14,-5.39132
control_r2,complex_000063,complex_000063,15,-7.90468
control_r2,complex_000063,complex_000063,16,-8.81032
control_r2,complex_000063,complex_000063,17,-5.09744
control_r2,complex_000063,complex_000063,18,-7.47687
control_r2,complex_000063,complex_000063,19,-6.68856
control_r2,complex_000069,complex_000069,0,-8.88517
control_r2,complex_000069,complex_000069,1,-9.00922
control_r2,complex_000069,complex_000069,2,-12.5051
control_r2,complex_000069,complex_000069,3,-4.96436
control_r2,complex_000069,complex_000069,4,-9.14568
control_r2,complex_000069,complex_000069,5,-5.47789
control_r2,complex_000069,complex_000069,6,-6.89889
control_r2,complex_000069,complex_000069,7,-6.79584
control_r2,complex_000069,complex_000069,8,-7.27633
control_r2,complex_000069,complex_000069,9,-9.40275
control_r2,complex_000069,complex_000069,10,-6.58125
control_r2,complex_000069,complex_000069,11,-7.53502
control_r2,complex_000069,complex_000069,12,-9.56997
control_r2,complex_000069,complex_000069,13,-8.48687
control_r2,complex_000069,complex_000069,14,-8.21973
control_r2,complex_000069,complex_000069,15,-7.28187
control_r2,complex_000069,complex_000069,16,-8.26236
control_r2,complex_000069,complex_000069,17,-8.29893
control_r2,complex_000069,complex_000069,18,-8.29994
control_r2,complex_000069,complex_000069,19,-5.94058
control_r2,complex_000063,complex_000374,0,-9.16034
control_r2,complex_000063,complex_000374,1,-5.71251
control_r2,complex_000063,complex_000374,2,-7.39657
control_r2,complex_000063,complex_000374,3,-7.14259
control_r2,complex_000063,complex_000374,4,-7.85892
control_r2,complex_000063,complex_000374,5,-6.17751
control_r2,complex_000063,complex_000374,6,-7.50247
control_r2,complex_000063,complex_000374,7,-6.91852
control_r2,complex_000063,complex_000374,8,-6.54848
control_r2,complex_000063,complex_000374,9,-7.41665
control_r2,complex_000063,complex_000374,10,-8.21197
control_r2,complex_000063,complex_000374,11,-6.95232
control_r2,complex_000063,complex_000374,12,-8.04091
control_r2,complex_000063,complex_000374,13,-8.48865
control_r2,complex_000063,complex_000374,14,-5.76321
control_r2,complex_000063,complex_000374,15,-8.18579
control_r2,complex_000063,complex_000374,16,-8.61529
control_r2,complex_000063,complex_000374,17,-5.01944
control_r2,complex_000063,complex_000374,18,-9.6767
control_r2,complex_000063,complex_000374,19,-6.45814
control_r2,complex_000069,complex_000001,0,-7.84024
control_r2,complex_000069,complex_000001,1,-8.04541
control_r2,complex_000069,complex_000001,2,-9.53108
control_r2,complex_000069,complex_000001,3,-4.352
control_r2,complex_000069,complex_000001,4,-8.83295
control_r2,complex_000069,complex_000001,5,-4.99799
control_r2,complex_000069,complex_000001,6,-6.15898
control_r2,complex_000069,complex_000001,7,-6.50713
control_r2,complex_000069,complex_000001,8,-6.45571
control_r2,complex_000069,complex_000001,9,-7.6448
control_r2,complex_000069,complex_000001,10,-5.61961
control_r2,complex_000069,complex_000001,11,-6.66114
control_r2,complex_000069,complex_000001,12,-7.89357
control_r2,complex_000069,complex_000001,13,-7.92134
control_r2,complex_000069,complex_000001,14,-8.00335
control_r2,complex_000069,complex_000001,15,-6.80653
control_r2,complex_000069,complex_000001,16,-7.05936
control_r2,complex_000069,complex_000001,17,-7.00966
control_r2,complex_000069,complex_000001,18,-7.78674
control_r2,complex_000069,complex_000001,19,-5.90769
control_r2,complex_000063,complex_000117,0,-8.9854
control_r2,complex_000063,complex_000117,1,-7.23615
control_r2,complex_000063,complex_000117,2,-7.62579
control_r2,complex_000063,complex_000117,3,-7.6957
control_r2,complex_000063,complex_000117,4,-7.97041
control_r2,complex_000063,complex_000117,5,-7.42328
control_r2,complex_000063,complex_000117,6,-7.73208
control_r2,complex_000063,complex_000117,7,-6.5753
control_r2,complex_000063,complex_000117,8,-7.03373
control_r2,complex_000063,complex_000117,9,-8.20032
control_r2,complex_000063,complex_000117,10,-8.11286
control_r2,complex_000063,complex_000117,11,-7.56428
control_r2,complex_000063,complex_000117,12,-8.21629
control_r2,complex_000063,complex_000117,13,-7.89686
control_r2,complex_000063,complex_000117,14,-6.49106
control_r2,complex_000063,complex_000117,15,-7.80335
control_r2,complex_000063,complex_000117,16,-6.65646
control_r2,complex_000063,complex_000117,17,-6.59019
control_r2,complex_000063,complex_000117,18,-7.97272
control_r2,complex_000063,complex_000117,19,-6.82732
control_r2,complex_000063,complex_000191,0,-7.84534
control_r2,complex_000063,complex_000191,1,-5.97251
control_r2,complex_000063,complex_000191,2,-5.99067
control_r2,complex_000063,complex_000191,3,-7.53506
control_r2,complex_000063,complex_000191,4,-7.6434
control_r2,complex_000063,complex_000191,5,-5.92539
control_r2,complex_000063,complex_000191,6,-6.37814
control_r2,complex_000063,complex_000191,7,-5.62425
control_r2,complex_000063,complex_000191,8,-5.28474
control_r2,complex_000063,complex_000191,9,-6.08322
control_r2,complex_000063,complex_000191,10,-6.05366
control_r2,complex_000063,complex_000191,11,-5.53942
control_r2,complex_000063,complex_000191,12,-6.0251
control_r2,complex_000063,complex_000191,13,-6.46563
control_r2,complex_000063,complex_000191,14,-5.58137
control_r2,complex_000063,complex_000191,15,-7.84406
control_r2,complex_000063,complex_000191,16,-7.10381
control_r2,complex_000063,complex_000191,17,-5.66487
control_r2,complex_000063,complex_000191,18,-6.94787
control_r2,complex_000063,complex_000191,19,-5.44399
control_r2,complex_000069,complex_000063,0,-8.00145
control_r2,complex_000069,complex_000063,1,-8.44555
control_r2,complex_000069,complex_000063,2,-10.47842
control_r2,complex_000069,complex_000063,3,-4.49151
control_r2,complex_000069,complex_000063,4,-9.08402
control_r2,complex_000069,complex_000063,5,-4.91074
control_r2,complex_000069,complex_000063,6,-6.61494
control_r2,complex_000069,complex_000063,7,-6.7699
control_r2,complex_000069,complex_000063,8,-6.627
control_r2,complex_000069,complex_000063,9,-7.00628
control_r2,complex_000069,complex_000063,10,-5.73245
control_r2,complex_000069,complex_000063,11,-6.9212
control_r2,complex_000069,complex_000063,12,-7.26515
control_r2,complex_000069,complex_000063,13,-8.21649
control_r2,complex_000069,complex_000063,14,-7.54625
control_r2,complex_000069,complex_000063,15,-6.65731
control_r2,complex_000069,complex_000063,16,-7.5406
control_r2,complex_000069,complex_000063,17,-7.26119
control_r2,complex_000069,complex_000063,18,-7.6034
control_r2,complex_000069,complex_000063,19,-5.7363
control_r2,complex_000069,complex_000177,0,-9.03669
control_r2,complex_000069,complex_000177,1,-7.87571
control_r2,complex_000069,complex_000177,2,-5.37486
control_r2,complex_000069,complex_000177,3,-5.46505
control_r2,complex_000069,complex_000177,4,-7.41547
control_r2,complex_000069,complex_000177,5,-5.37556
control_r2,complex_000069,complex_000177,6,-6.95626
control_r2,complex_000069,complex_000177,7,-6.18414
control_r2,complex_000069,complex_000177,8,-6.60597
control_r2,complex_000069,complex_000177,9,-7.99653
control_r2,complex_000069,complex_000177,10,-6.60243
control_r2,complex_000069,complex_000177,11,-7.64181
control_r2,complex_000069,complex_000177,12,-8.43142
control_r2,complex_000069,complex_000177,13,-7.00163
control_r2,complex_000069,complex_000177,14,-7.41264
control_r2,complex_000069,complex_000177,15,-6.99444
control_r2,complex_000069,complex_000177,16,-7.52863
control_r2,complex_000069,complex_000177,17,-6.33472
control_r2,complex_000069,complex_000177,18,-6.75909
control_r2,complex_000069,complex_000177,19,-5.15314
control_r2,complex_000085,complex_000426,0,-7.22012
control_r2,complex_000085,complex_000426,1,-7.23511
control_r2,complex_000085,complex_000426,2,-8.49426
control_r2,complex_000085,complex_000426,3,-7.62002
control_r2,complex_000085,complex_000426,4,-7.40374
control_r2,complex_000085,complex_000426,5,-8.64012
control_r2,complex_000085,complex_000426,6,-8.17352
control_r2,complex_000085,complex_000426,7,-5.09222
control_r2,complex_000085,complex_000426,8,-7.66543
control_r2,complex_000085,complex_000426,9,-8.4052
control_r2,complex_000085,complex_000426,10,-9.29318
control_r2,complex_000085,complex_000426,11,-8.62578
control_r2,complex_000085,complex_000426,12,-8.67581
control_r2,complex_000085,complex_000426,13,-7.52981
control_r2,complex_000085,complex_000426,14,-6.90572
control_r2,complex_000085,complex_000426,15,-6.10757
control_r2,complex_000085,complex_000426,16,-6.56
control_r2,complex_000085,complex_000426,17,-8.70387
control_r2,complex_000085,complex_000426,18,-8.87479
control_r2,complex_000085,complex_000426,19,-8.84198
control_r2,complex_000085,complex_000085,0,-8.43666
control_r2,complex_000085,complex_000085,1,-8.52977
control_r2,complex_000085,complex_000085,2,-10.50661
control_r2,complex_000085,complex_000085,3,-8.35328
control_r2,complex_000085,complex_000085,4,-9.20272
control_r2,complex_000085,complex_000085,5,-10.07263
control_r2,complex_000085,complex_000085,6,-8.58547
control_r2,complex_000085,complex_000085,7,-5.24834
control_r2,complex_000085,complex_000085,8,-8.87516
control_r2,complex_000085,complex_000085,9,-9.01698
control_r2,complex_000085,complex_000085,10,-10.9997
control_r2,complex_000085,complex_000085,11,-9.275
control_r2,complex_000085,complex_000085,12,-10.54916
control_r2,complex_000085,complex_000085,13,-8.59058
control_r2,complex_000085,complex_000085,14,-7.31688
control_r2,complex_000085,complex_000085,15,-6.67144
control_r2,complex_000085,complex_000085,16,-7.11747
control_r2,complex_000085,complex_000085,17,-9.48205
control_r2,complex_000085,complex_000085,18,-10.54322
control_r2,complex_000085,complex_000085,19,-10.36003
control_r2,complex_000085,complex_000403,0,-7.59991
control_r2,complex_000085,complex_000403,1,-8.27826
control_r2,complex_000085,complex_000403,2,-8.99278
control_r2,complex_000085,complex_000403,3,-7.9649
control_r2,complex_000085,complex_000403,4,-8.5156
control_r2,complex_000085,complex_000403,5,-8.774
control_r2,complex_000085,complex_000403,6,-9.1686
control_r2,complex_000085,complex_000403,7,-5.49406
control_r2,complex_000085,complex_000403,8,-7.56486
control_r2,complex_000085,complex_000403,9,-8.16384
control_r2,complex_000085,complex_000403,10,-8.4276
control_r2,complex_000085,complex_000403,11,-7.70952
control_r2,complex_000085,complex_000403,12,-9.4742
control_r2,complex_000085,complex_000403,13,-7.19107
control_r2,complex_000085,complex_000403,14,-6.72407
control_r2,complex_000085,complex_000403,15,-6.73374
control_r2,complex_000085,complex_000403,16,-6.6737
control_r2,complex_000085,complex_000403,17,-8.38662
control_r2,complex_000085,complex_000403,18,-8.48927
control_r2,complex_000085,complex_000403,19,-8.17803
control_r2,complex_000117,complex_000117,0,-6.33297
control_r2,complex_000117,complex_000117,1,-6.66802
control_r2,complex_000117,complex_000117,2,-5.4121
control_r2,complex_000117,complex_000117,3,-8.04996
control_r2,complex_000117,complex_000117,4,-10.45687
control_r2,complex_000117,complex_000117,5,-6.29647
control_r2,complex_000117,complex_000117,6,-8.65848
control_r2,complex_000117,complex_000117,7,-8.97353
control_r2,complex_000117,complex_000117,8,-8.9631
control_r2,complex_000117,complex_000117,9,-9.2601
control_r2,complex_000117,complex_000117,10,-9.92093
control_r2,complex_000117,complex_000117,11,-5.13274
control_r2,complex_000117,complex_000117,12,-7.82392
control_r2,complex_000117,complex_000117,13,-7.39161
control_r2,complex_000117,complex_000117,14,-6.17775
control_r2,complex_000117,complex_000117,15,-6.79176
control_r2,complex_000117,complex_000117,16,-7.02279
control_r2,complex_000117,complex_000117,17,-9.16765
control_r2,complex_000117,complex_000117,18,-10.38222
control_r2,complex_000117,complex_000117,19,-9.15453
control_r2,complex_000112,complex_000376,0,-10.22788
control_r2,complex_000112,complex_000376,1,-7.71118
control_r2,complex_000112,complex_000376,2,-6.53982
control_r2,complex_000112,complex_000376,3,-8.18486
control_r2,complex_000112,complex_000376,4,-5.73725
control_r2,complex_000112,complex_000376,5,-8.81858
control_r2,complex_000112,complex_000376,6,-9.18709
control_r2,complex_000112,complex_000376,7,-9.19038
control_r2,complex_000112,complex_000376,8,-8.1427
control_r2,complex_000112,complex_000376,9,-9.64717
control_r2,complex_000112,complex_000376,10,-8.27139
control_r2,complex_000112,complex_000376,11,-9.90179
control_r2,complex_000112,complex_000376,12,-8.2369
control_r2,complex_000112,complex_000376,13,-7.64741
control_r2,complex_000112,complex_000376,14,-6.11705
control_r2,complex_000112,complex_000376,15,-10.50078
control_r2,complex_000112,complex_000376,16,-5.14289
control_r2,complex_000112,complex_000376,17,-8.28076
control_r2,complex_000112,complex_000376,18,-9.26694
control_r2,complex_000112,complex_000376,19,-7.50939
control_r2,complex_000112,complex_000411,0,-9.22351
control_r2,complex_000112,complex_000411,1,-7.46687
control_r2,complex_000112,complex_000411,2,-7.2687
control_r2,complex_000112,complex_000411,3,-7.30891
control_r2,complex_000112,complex_000411,4,-6.05317
control_r2,complex_000112,complex_000411,5,-8.58517
control_r2,complex_000112,complex_000411,6,-9.60761
control_r2,complex_000112,complex_000411,7,-9.25174
control_r2,complex_000112,complex_000411,8,-7.5763
control_r2,complex_000112,complex_000411,9,-9.55734
control_r2,complex_000112,complex_000411,10,-8.90521
control_r2,complex_000112,complex_000411,11,-10.69539
control_r2,complex_000112,complex_000411,12,-7.43394
control_r2,complex_000112,complex_000411,13,-7.51363
control_r2,complex_000112,complex_000411,14,-6.13108
control_r2,complex_000112,complex_000411,15,-8.87792
control_r2,complex_000112,complex_000411,16,-4.99112
control_r2,complex_000112,complex_000411,17,-8.3779
control_r2,complex_000112,complex_000411,18,-7.55805
control_r2,complex_000112,complex_000411,19,-7.035
control_r2,complex_000112,complex_000112,0,-8.62512
control_r2,complex_000112,complex_000112,1,-6.76884
control_r2,complex_000112,complex_000112,2,-6.55588
control_r2,complex_000112,complex_000112,3,-6.90006
control_r2,complex_000112,complex_000112,4,-5.96564
control_r2,complex_000112,complex_000112,5,-7.79173
control_r2,complex_000112,complex_000112,6,-8.5172
control_r2,complex_000112,complex_000112,7,-8.44877
control_r2,complex_000112,complex_000112,8,-8.66622
control_r2,complex_000112,complex_000112,9,-7.38051
control_r2,complex_000112,complex_000112,10,-6.81051
control_r2,complex_000112,complex_000112,11,-8.43019
control_r2,complex_000112,complex_000112,12,-6.37328
control_r2,complex_000112,complex_000112,13,-7.19233
control_r2,complex_000112,complex_000112,14,-5.52039
control_r2,complex_000112,complex_000112,15,-8.23989
control_r2,complex_000112,complex_000112,16,-5.34657
control_r2,complex_000112,complex_000112,17,-6.46376
control_r2,complex_000112,complex_000112,18,-7.31579
control_r2,complex_000112,complex_000112,19,-6.79867
control_r2,complex_000117,complex_000112,0,-5.89501
control_r2,complex_000117,complex_000112,1,-6.73856
control_r2,complex_000117,complex_000112,2,-5.79557
control_r2,complex_000117,complex_000112,3,-6.41845
control_r2,complex_000117,complex_000112,4,-8.65331
control_r2,complex_000117,complex_000112,5,-6.07223
control_r2,complex_000117,complex_000112,6,-6.83849
control_r2,complex_000117,complex_000112,7,-7.46832
control_r2,complex_000117,complex_000112,8,-7.23262
control_r2,complex_000117,complex_000112,9,-8.61856
control_r2,complex_000117,complex_000112,10,-7.12535
control_r2,complex_000117,complex_000112,11,-5.00305
control_r2,complex_000117,complex_000112,12,-7.06591
control_r2,complex_000117,complex_000112,13,-6.86963
control_r2,complex_000117,complex_000112,14,-5.54322
control_r2,complex_000117,complex_000112,15,-6.61334
control_r2,complex_000117,complex_000112,16,-6.35208
control_r2,complex_000117,complex_000112,17,-7.1117
control_r2,complex_000117,complex_000112,18,-6.66176
control_r2,complex_000117,complex_000112,19,-7.90716
control_r2,complex_000117,complex_000140,0,-6.72965
control_r2,complex_000117,complex_000140,1,-7.02292
control_r2,complex_000117,complex_000140,2,-7.05639
control_r2,complex_000117,complex_000140,3,-9.08203
control_r2,complex_000117,complex_000140,4,-11.19538
control_r2,complex_000117,complex_000140,5,-6.21368
control_r2,complex_000117,complex_000140,6,-8.6442
control_r2,complex_000117,complex_000140,7,-8.76104
control_r2,complex_000117,complex_000140,8,-10.51509
control_r2,complex_000117,complex_000140,9,-11.01274
control_r2,complex_000117,complex_000140,10,-8.61919
control_r2,complex_000117,complex_000140,11,-5.29837
control_r2,complex_000117,complex_000140,12,-7.86239
control_r2,complex_000117,complex_000140,13,-8.26406
control_r2,complex_000117,complex_000140,14,-6.10125
control_r2,complex_000117,complex_000140,15,-8.89331
control_r2,complex_000117,complex_000140,16,-6.58205
control_r2,complex_000117,complex_000140,17,-9.67278
control_r2,complex_000117,complex_000140,18,-9.25624
control_r2,complex_000117,complex_000140,19,-9.66508
control_r2,complex_000112,complex_000266,0,-9.84027
control_r2,complex_000112,complex_000266,1,-6.69995
control_r2,complex_000112,complex_000266,2,-6.39098
control_r2,complex_000112,complex_000266,3,-7.77673
control_r2,complex_000112,complex_000266,4,-5.68394
control_r2,complex_000112,complex_000266,5,-8.26345
control_r2,complex_000112,complex_000266,6,-9.73007
control_r2,complex_000112,complex_000266,7,-9.68222
control_r2,complex_000112,complex_000266,8,-8.22841
control_r2,complex_000112,complex_000266,9,-8.86912
control_r2,complex_000112,complex_000266,10,-8.21034
control_r2,complex_000112,complex_000266,11,-10.61298
control_r2,complex_000112,complex_000266,12,-7.44883
control_r2,complex_000112,complex_000266,13,-8.3356
control_r2,complex_000112,complex_000266,14,-6.26254
control_r2,complex_000112,complex_000266,15,-9.985
control_r2,complex_000112,complex_000266,16,-5.30208
control_r2,complex_000112,complex_000266,17,-8.23036
control_r2,complex_000112,complex_000266,18,-7.31223
control_r2,complex_000112,complex_000266,19,-7.49025
control_r2,complex_000117,complex_000426,0,-5.72132
control_r2,complex_000117,complex_000426,1,-6.0598
control_r2,complex_000117,complex_000426,2,-7.38665
control_r2,complex_000117,complex_000426,3,-8.28088
control_r2,complex_000117,complex_000426,4,-9.65887
control_r2,complex_000117,complex_000426,5,-5.83275
control_r2,complex_000117,complex_000426,6,-7.74244
control_r2,complex_000117,complex_000426,7,-8.34422
control_r2,complex_000117,complex_000426,8,-10.23341
control_r2,complex_000117,complex_000426,9,-8.95603
control_r2,complex_000117,complex_000426,10,-8.02078
control_r2,complex_000117,complex_000426,11,-4.57329
control_r2,complex_000117,complex_000426,12,-6.62507
control_r2,complex_000117,complex_000426,13,-7.64881
control_r2,complex_000117,complex_000426,14,-5.76035
control_r2,complex_000117,complex_000426,15,-7.81017
control_r2,complex_000117,complex_000426,16,-6.75559
control_r2,complex_000117,complex_000426,17,-8.5728
control_r2,complex_000117,complex_000426,18,-8.06398
control_r2,complex_000117,complex_000426,19,-8.84756
control_r2,complex_000140,complex_000140,0,-5.78422
control_r2,complex_000140,complex_000140,1,-5.32327
control_r2,complex_000140,complex_000140,2,-10.36729
control_r2,complex_000140,complex_000140,3,-7.85338
control_r2,complex_000140,complex_000140,4,-6.88565
control_r2,complex_000140,complex_000140,5,-7.40073
control_r2,complex_000140,complex_000140,6,-9.04198
control_r2,complex_000140,complex_000140,7,-6.43336
control_r2,complex_000140,complex_000140,8,-7.59593
control_r2,complex_000140,complex_000140,9,-8.98173
control_r2,complex_000140,complex_000140,10,-8.2698
control_r2,complex_000140,complex_000140,11,-8.22928
control_r2,complex_000140,complex_000140,12,-9.8572
control_r2,complex_000140,complex_000140,13,-8.90563
control_r2,complex_000140,complex_000140,14,-11.37609
control_r2,complex_000140,complex_000140,15,-10.58038
control_r2,complex_000140,complex_000140,16,-7.2009
control_r2,complex_000140,complex_000140,17,-4.94166
control_r2,complex_000140,complex_000140,18,-3.93653
control_r2,complex_000140,complex_000140,19,-8.50974
control_r2,complex_000140,complex_000477,0,-4.60364
control_r2,complex_000140,complex_000477,1,-4.67763
control_r2,complex_000140,complex_000477,2,-8.87163
control_r2,complex_000140,complex_000477,3,-6.44662
control_r2,complex_000140,complex_000477,4,-5.40854
control_r2,complex_000140,complex_000477,5,-6.41778
control_r2,complex_000140,complex_000477,6,-7.09813
control_r2,complex_000140,complex_000477,7,-4.90325
control_r2,complex_000140,complex_000477,8,-6.1916
control_r2,complex_000140,complex_000477,9,-7.62587
control_r2,complex_000140,complex_000477,10,-6.57085
control_r2,complex_000140,complex_000477,11,-7.12327
control_r2,complex_000140,complex_000477,12,-7.65453
control_r2,complex_000140,complex_000477,13,-6.79857
control_r2,complex_000140,complex_000477,14,-8.50908
control_r2,complex_000140,complex_000477,15,-8.24247
control_r2,complex_000140,complex_000477,16,-6.15572
control_r2,complex_000140,complex_000477,17,-4.23195
control_r2,complex_000140,complex_000477,18,-3.9337
control_r2,complex_000140,complex_000477,19,-6.84393
control_r2,complex_000140,complex_000394,0,-5.21941
control_r2,complex_000140,complex_000394,1,-5.48554
control_r2,complex_000140,complex_000394,2,-8.93707
control_r2,complex_000140,complex_000394,3,-6.98769
control_r2,complex_000140,complex_000394,4,-6.67584
control_r2,complex_000140,complex_000394,5,-6.66757
control_r2,complex_000140,complex_000394,6,-7.92304
control_r2,complex_000140,complex_000394,7,-6.08355
control_r2,complex_000140,complex_000394,8,-7.31516
control_r2,complex_000140,complex_000394,9,-8.72039
control_r2,complex_000140,complex_000394,10,-8.59653
control_r2,complex_000140,complex_000394,11,-7.86827
control_r2,complex_000140,complex_000394,12,-8.93182
control_r2,complex_000140,complex_000394,13,-7.70633
control_r2,complex_000140,complex_000394,14,-9.72639
control_r2,complex_000140,complex_000394,15,-9.73177
control_r2,complex_000140,complex_000394,16,-7.11042
control_r2,complex_000140,complex_000394,17,-4.88102
control_r2,complex_000140,complex_000394,18,-4.07277
control_r2,complex_000140,complex_000394,19,-7.39851
control_r2,complex_000085,complex_000269,0,-5.70297
control_r2,complex_000085,complex_000269,1,-6.63526
control_r2,complex_000085,complex_000269,2,-7.39795
control_r2,complex_000085,complex_000269,3,-6.67144
control_r2,complex_000085,complex_000269,4,-6.741
control_r2,complex_000085,complex_000269,5,-6.85177
control_r2,complex_000085,complex_000269,6,-6.50876
control_r2,complex_000085,complex_000269,7,-4.87594
control_r2,complex_000085,complex_000269,8,-5.78476
control_r2,complex_000085,complex_000269,9,-6.67214
control_r2,complex_000085,complex_000269,10,-8.02323
control_r2,complex_000085,complex_000269,11,-6.21623
control_r2,complex_000085,complex_000269,12,-7.7671
control_r2,complex_000085,complex_000269,13,-6.93096
control_r2,complex_000085,complex_000269,14,-5.89255
control_r2,complex_000085,complex_000269,15,-5.22328
control_r2,complex_000085,complex_000269,16,-5.44172
control_r2,complex_000085,complex_000269,17,-7.03645
control_r2,complex_000085,complex_000269,18,-7.03669
control_r2,complex_000085,complex_000269,19,-6.82374
control_r2,complex_000140,complex_000117,0,-5.57353
control_r2,complex_000140,complex_000117,1,-5.66592
control_r2,complex_000140,complex_000117,2,-7.27861
control_r2,complex_000140,complex_000117,3,-7.18876
control_r2,complex_000140,complex_000117,4,-6.42024
control_r2,complex_000140,complex_000117,5,-6.78723
control_r2,complex_000140,complex_000117,6,-8.75768
control_r2,complex_000140,complex_000117,7,-6.24923
control_r2,complex_000140,complex_000117,8,-7.61907
control_r2,complex_000140,complex_000117,9,-7.73484
control_r2,complex_000140,complex_000117,10,-8.4305
control_r2,complex_000140,complex_000117,11,-8.41123
control_r2,complex_000140,complex_000117,12,-8.66905
control_r2,complex_000140,complex_000117,13,-7.36152
control_r2,complex_000140,complex_000117,14,-9.0599
control_r2,complex_000140,complex_000117,15,-8.52819
control_r2,complex_000140,complex_000117,16,-7.53929
control_r2,complex_000140,complex_000117,17,-4.64598
control_r2,complex_000140,complex_000117,18,-3.88352
control_r2,complex_000140,complex_000117,19,-7.41207
control_r2,complex_000141,complex_000141,0,-6.42233
control_r2,complex_000141,complex_000141,1,-8.48508
control_r2,complex_000141,complex_000141,2,-8.65683
control_r2,complex_000141,complex_000141,3,-8.18522
control_r2,complex_000141,complex_000141,4,-7.07665
control_r2,complex_000141,complex_000141,5,-5.93215
control_r2,complex_000141,complex_000141,6,-5.43299
control_r2,complex_000141,complex_000141,7,-6.62723
control_r2,complex_000141,complex_000141,8,-5.57279
control_r2,complex_000141,complex_000141,9,-6.2292
control_r2,complex_000141,complex_000141,10,-8.21638
control_r2,complex_000141,complex_000141,11,-6.91545
control_r2,complex_000141,complex_000141,12,-5.0649
control_r2,complex_000141,complex_000141,13,-5.69645
control_r2,complex_000141,complex_000141,14,-8.02065
control_r2,complex_000141,complex_000141,15,-8.35509
control_r2,complex_000141,complex_000141,16,-7.70646
control_r2,complex_000141,complex_000141,17,-7.91049
control_r2,complex_000141,complex_000141,18,-8.01486
control_r2,complex_000141,complex_000141,19,-5.80808
control_r2,complex_000148,complex_000148,0,-5.26926
control_r2,complex_000148,complex_000148,1,-6.16613
control_r2,complex_000148,complex_000148,2,-5.26189
control_r2,complex_000148,complex_000148,3,-9.19101
control_r2,complex_000148,complex_000148,4,-6.25876
control_r2,complex_000148,complex_000148,5,-9.14789
control_r2,complex_000148,complex_000148,6,-6.93392
control_r2,complex_000148,complex_000148,7,-5.76379
control_r2,complex_000148,complex_000148,8,-6.72195
control_r2,complex_000148,complex_000148,9,-7.22553
control_r2,complex_000148,complex_000148,10,-10.49389
control_r2,complex_000148,complex_000148,11,-8.37351
control_r2,complex_000148,complex_000148,12,-6.66162
control_r2,complex_000148,complex_000148,13,-3.82697
control_r2,complex_000148,complex_000148,14,-6.3064
control_r2,complex_000148,complex_000148,15,-8.48773
control_r2,complex_000148,complex_000148,16,-7.63479
control_r2,complex_000148,complex_000148,17,-5.99401
control_r2,complex_000148,complex_000148,18,-6.94849
control_r2,complex_000148,complex_000148,19,-6.32939
control_r2,complex_000141,complex_000387,0,-7.82862
control_r2,complex_000141,complex_000387,1,-8.58277
control_r2,complex_000141,complex_000387,2,-9.80161
control_r2,complex_000141,complex_000387,3,-9.67339
control_r2,complex_000141,complex_000387,4,-9.32256
control_r2,complex_000141,complex_000387,5,-6.6639
control_r2,complex_000141,complex_000387,6,-5.93081
control_r2,complex_000141,complex_000387,7,-8.30559
control_r2,complex_000141,complex_000387,8,-6.48691
control_r2,complex_000141,complex_000387,9,-7.25572
control_r2,complex_000141,complex_000387,10,-8.27153
control_r2,complex_000141,complex_000387,11,-7.05412
control_r2,complex_000141,complex_000387,12,-5.82543
control_r2,complex_000141,complex_000387,13,-7.01623
control_r2,complex_000141,complex_000387,14,-8.51788
control_r2,complex_000141,complex_000387,15,-10.61916
control_r2,complex_000141,complex_000387,16,-7.56297
control_r2,complex_000141,complex_000387,17,-9.11311
control_r2,complex_000141,complex_000387,18,-9.63519
control_r2,complex_000141,complex_000387,19,-7.43861
control_r2,complex_000145,complex_000145,0,-5.03475
control_r2,complex_000145,complex_000145,1,-6.52574
control_r2,complex_000145,complex_000145,2,-4.56379
control_r2,complex_000145,complex_000145,3,-3.95448
control_r2,complex_000145,complex_000145,4,-4.11923
control_r2,complex_000145,complex_000145,5,-6.80951
control_r2,complex_000145,complex_000145,6,-5.94872
control_r2,complex_000145,complex_000145,7,-4.6601
control_r2,complex_000145,complex_000145,8,-5.52563
control_r2,complex_000145,complex_000145,9,-5.77869
control_r2,complex_000145,complex_000145,10,-5.95369
control_r2,complex_000145,complex_000145,11,-6.36305
control_r2,complex_000145,complex_000145,12,-5.17443
control_r2,complex_000145,complex_000145,13,-5.96244
control_r2,complex_000145,complex_000145,14,-3.89098
control_r2,complex_000145,complex_000145,15,-7.46985
control_r2,complex_000145,complex_000145,16,-7.67014
control_r2,complex_000145,complex_000145,17,-3.6383
control_r2,complex_000145,complex_000145,18,-6.31277
control_r2,complex_000145,complex_000145,19,-7.51904
control_r2,complex_000141,complex_000112,0,-5.78888
control_r2,complex_000141,complex_000112,1,-6.72149
control_r2,complex_000141,complex_000112,2,-7.62757
control_r2,complex_000141,complex_000112,3,-7.84709
control_r2,complex_000141,complex_000112,4,-7.35982
control_r2,complex_000141,complex_000112,5,-5.5712
control_r2,complex_000141,complex_000112,6,-4.64895
control_r2,complex_000141,complex_000112,7,-5.67702
control_r2,complex_000141,complex_000112,8,-4.31648
control_r2,complex_000141,complex_000112,9,-5.21095
control_r2,complex_000141,complex_000112,10,-6.72268
control_r2,complex_000141,complex_000112,11,-5.9654
control_r2,complex_000141,complex_000112,12,-4.34022
control_r2,complex_000141,complex_000112,13,-5.30426
control_r2,complex_000141,complex_000112,14,-6.44468
control_r2,complex_000141,complex_000112,15,-7.16115
control_r2,complex_000141,complex_000112,16,-6.45854
control_r2,complex_000141,complex_000112,17,-7.48782
control_r2,complex_000141,complex_000112,18,-6.90703
control_r2,complex_000141,complex_000112,19,-6.12278
control_r2,complex_000148,complex_000059,0,-6.15793
control_r2,complex_000148,complex_000059,1,-6.95622
control_r2,complex_000148,complex_000059,2,-5.9712
control_r2,complex_000148,complex_000059,3,-9.79907
control_r2,complex_000148,complex_000059,4,-7.77992
control_r2,complex_000148,complex_000059,5,-6.45359
control_r2,complex_000148,complex_000059,6,-7.70122
control_r2,complex_000148,complex_000059,7,-6.14109
control_r2,complex_000148,complex_000059,8,-7.46334
control_r2,complex_000148,complex_000059,9,-8.54155
control_r2,complex_000148,complex_000059,10,10.15669
control_r2,complex_000148,complex_000059,11,-7.96147
control_r2,complex_000148,complex_000059,12,-7.24503
control_r2,complex_000148,complex_000059,13,-4.56164
control_r2,complex_000148,complex_000059,14,-7.06586
control_r2,complex_000148,complex_000059,15,-9.04769
control_r2,complex_000148,complex_000059,16,-8.7501
control_r2,complex_000148,complex_000059,17,-6.52191
control_r2,complex_000148,complex_000059,18,-9.19586
control_r2,complex_000148,complex_000059,19,-6.82489
control_r2,complex_000145,complex_000456,0,-6.42546
control_r2,complex_000145,complex_000456,1,-7.17412
control_r2,complex_000145,complex_000456,2,-5.6695
control_r2,complex_000145,complex_000456,3,-5.03112
control_r2,complex_000145,complex_000456,4,-5.66887
control_r2,complex_000145,complex_000456,5,-8.32489
control_r2,complex_000145,complex_000456,6,-7.40515
control_r2,complex_000145,complex_000456,7,-5.50147
control_r2,complex_000145,complex_000456,8,-7.03482
control_r2,complex_000145,complex_000456,9,-7.6422
control_r2,complex_000145,complex_000456,10,-7.44144
control_r2,complex_000145,complex_000456,11,-7.46148
control_r2,complex_000145,complex_000456,12,-6.51586
control_r2,complex_000145,complex_000456,13,-6.06301
control_r2,complex_000145,complex_000456,14,-5.2836
control_r2,complex_000145,complex_000456,15,-9.17243
control_r2,complex_000145,complex_000456,16,-8.65631
control_r2,complex_000145,complex_000456,17,-5.09363
control_r2,complex_000145,complex_000456,18,-7.73002
control_r2,complex_000145,complex_000456,19,-8.45447
control_r2,complex_000148,complex_000506,0,-5.55166
control_r2,complex_000148,complex_000506,1,-7.42562
control_r2,complex_000148,complex_000506,2,-5.44959
control_r2,complex_000148,complex_000506,3,-7.38369
control_r2,complex_000148,complex_000506,4,-6.16291
control_r2,complex_000148,complex_000506,5,-7.07207
control_r2,complex_000148,complex_000506,6,-6.00576
control_r2,complex_000148,complex_000506,7,-5.38902
control_r2,complex_000148,complex_000506,8,-6.49697
control_r2,complex_000148,complex_000506,9,-5.98021
control_r2,complex_000148,complex_000506,10,-7.44309
control_r2,complex_000148,complex_000506,11,-7.38759
control_r2,complex_000148,complex_000506,12,-6.14823
control_r2,complex_000148,complex_000506,13,-4.49864
control_r2,complex_000148,complex_000506,14,-5.6595
control_r2,complex_000148,complex_000506,15,-7.26201
control_r2,complex_000148,complex_000506,16,-6.72251
control_r2,complex_000148,complex_000506,17,-5.57127
control_r2,complex_000148,complex_000506,18,-6.97966
control_r2,complex_000148,complex_000506,19,-6.01459
control_r2,complex_000145,complex_000363,0,-7.68841
control_r2,complex_000145,complex_000363,1,-7.8054
control_r2,complex_000145,complex_000363,2,-6.8525
control_r2,complex_000145,complex_000363,3,-6.13755
control_r2,complex_000145,complex_000363,4,-6.11094
control_r2,complex_000145,complex_000363,5,-9.78222
control_r2,complex_000145,complex_000363,6,-8.94397
control_r2,complex_000145,complex_000363,7,-5.86538
control_r2,complex_000145,complex_000363,8,-7.91217
control_r2,complex_000145,complex_000363,9,-8.28238
control_r2,complex_000145,complex_000363,10,-8.34285
control_r2,complex_000145,complex_000363,11,-8.74063
control_r2,complex_000145,complex_000363,12,-7.2216
control_r2,complex_000145,complex_000363,13,-7.94344
control_r2,complex_000145,complex_000363,14,-6.20088
control_r2,complex_000145,complex_000363,15,-9.21135
control_r2,complex_000145,complex_000363,16,-5.31131
control_r2,complex_000145,complex_000363,17,-5.94537
control_r2,complex_000145,complex_000363,18,-8.31714
control_r2,complex_000145,complex_000363,19,-10.66064
control_r2,complex_000145,complex_000165,0,-5.66853
control_r2,complex_000145,complex_000165,1,0.44045
control_r2,complex_000145,complex_000165,2,-7.63251
control_r2,complex_000145,complex_000165,3,-5.78922
control_r2,complex_000145,complex_000165,4,-6.06117
control_r2,complex_000145,complex_000165,5,-5.57537
control_r2,complex_000145,complex_000165,6,-4.02322
control_r2,complex_000145,complex_000165,7,-6.70493
control_r2,complex_000145,complex_000165,8,-5.58907
control_r2,complex_000145,complex_000165,9,-7.14963
control_r2,complex_000145,complex_000165,10,-7.19512
control_r2,complex_000145,complex_000165,11,1.88262
control_r2,complex_000145,complex_000165,12,-3.48926
control_r2,complex_000145,complex_000165,13,-6.71618
control_r2,complex_000145,complex_000165,14,-6.83367
control_r2,complex_000145,complex_000165,15,-6.2298
control_r2,complex_000145,complex_000165,16,6.02852
control_r2,complex_000145,complex_000165,17,-6.10241
control_r2,complex_000145,complex_000165,18,-2.02087
control_r2,complex_000145,complex_000165,19,-5.70601
control_r2,complex_000148,complex_000535,0,-6.51179
control_r2,complex_000148,complex_000535,1,-7.41714
control_r2,complex_000148,complex_000535,2,-6.07909
control_r2,complex_000148,complex_000535,3,-8.47941
control_r2,complex_000148,complex_000535,4,-6.87978
control_r2,complex_000148,complex_000535,5,-7.93017
control_r2,complex_000148,complex_000535,6,-6.84322
control_r2,complex_000148,complex_000535,7,-7.01169
control_r2,complex_000148,complex_000535,8,-8.03448
control_r2,complex_000148,complex_000535,9,-8.36218
control_r2,complex_000148,complex_000535,10,-8.83881
control_r2,complex_000148,complex_000535,11,-7.92108
control_r2,complex_000148,complex_000535,12,-6.44997
control_r2,complex_000148,complex_000535,13,-4.89321
control_r2,complex_000148,complex_000535,14,-6.82082
control_r2,complex_000148,complex_000535,15,-7.68949
control_r2,complex_000148,complex_000535,16,-8.33802
control_r2,complex_000148,complex_000535,17,-6.26638
control_r2,complex_000148,complex_000535,18,-8.63205
control_r2,complex_000148,complex_000535,19,-7.1468
control_r2,complex_000149,complex_000148,0,-7.33604
control_r2,complex_000149,complex_000148,1,-6.14594
control_r2,complex_000149,complex_000148,2,-7.29894
control_r2,complex_000149,complex_000148,3,-5.43535
control_r2,complex_000149,complex_000148,4,-6.6462
control_r2,complex_000149,complex_000148,5,-6.11005
control_r2,complex_000149,complex_000148,6,-9.21197
control_r2,complex_000149,complex_000148,7,-7.64265
control_r2,complex_000149,complex_000148,8,-6.51576
control_r2,complex_000149,complex_000148,9,-5.62727
control_r2,complex_000149,complex_000148,10,-6.39298
control_r2,complex_000149,complex_000148,11,-6.66052
control_r2,complex_000149,complex_000148,12,-6.95096
control_r2,complex_000149,complex_000148,13,-4.56629
control_r2,complex_000149,complex_000148,14,-4.74583
control_r2,complex_000149,complex_000148,15,-5.59548
control_r2,complex_000149,complex_000148,16,-6.75187
control_r2,complex_000149,complex_000148,17,-5.52334
control_r2,complex_000149,complex_000148,18,-4.20521
control_r2,complex_000149,complex_000148,19,-4.48297
control_r2,complex_000149,complex_000149,0,-9.31969
control_r2,complex_000149,complex_000149,1,-8.31514
control_r2,complex_000149,complex_000149,2,-8.458
control_r2,complex_000149,complex_000149,3,-7.92661
control_r2,complex_000149,complex_000149,4,-8.17911
control_r2,complex_000149,complex_000149,5,-8.50559
control_r2,complex_000149,complex_000149,6,-8.58768
control_r2,complex_000149,complex_000149,7,-9.3021
control_r2,complex_000149,complex_000149,8,-7.80325
control_r2,complex_000149,complex_000149,9,-8.1256
control_r2,complex_000149,complex_000149,10,-8.61473
control_r2,complex_000149,complex_000149,11,-7.70204
control_r2,complex_000149,complex_000149,12,-8.80625
control_r2,complex_000149,complex_000149,13,-5.76535
control_r2,complex_000149,complex_000149,14,-6.93337
control_r2,complex_000149,complex_000149,15,-6.70075
control_r2,complex_000149,complex_000149,16,-10.04977
control_r2,complex_000149,complex_000149,17,-6.97647
control_r2,complex_000149,complex_000149,18,-5.81215
control_r2,complex_000149,complex_000149,19,-7.1888
control_r2,complex_000141,complex_000394,0,-6.54768
control_r2,complex_000141,complex_000394,1,-8.05298
control_r2,complex_000141,complex_000394,2,-6.79193
control_r2,complex_000141,complex_000394,3,-8.35148
control_r2,complex_000141,complex_000394,4,-8.21831
control_r2,complex_000141,complex_000394,5,-5.73466
control_r2,complex_000141,complex_000394,6,-5.32889
control_r2,complex_000141,complex_000394,7,-6.45074
control_r2,complex_000141,complex_000394,8,-5.60016
control_r2,complex_000141,complex_000394,9,-6.67136
control_r2,complex_000141,complex_000394,10,-6.47925
control_r2,complex_000141,complex_000394,11,-6.87433
control_r2,complex_000141,complex_000394,12,-5.22009
control_r2,complex_000141,complex_000394,13,-5.83964
control_r2,complex_000141,complex_000394,14,-7.74388
control_r2,complex_000141,complex_000394,15,-9.01927
control_r2,complex_000141,complex_000394,16,-7.31486
control_r2,complex_000141,complex_000394,17,-7.34206
control_r2,complex_000141,complex_000394,18,-7.76514
control_r2,complex_000141,complex_000394,19,-6.99243
control_r2,complex_000149,complex_000117,0,-5.16175
control_r2,complex_000149,complex_000117,1,-7.10321
control_r2,complex_000149,complex_000117,2,-7.14704
control_r2,complex_000149,complex_000117,3,-6.73365
control_r2,complex_000149,complex_000117,4,-7.72085
control_r2,complex_000149,complex_000117,5,-7.37277
control_r2,complex_000149,complex_000117,6,-5.57459
control_r2,complex_000149,complex_000117,7,-6.83592
control_r2,complex_000149,complex_000117,8,-6.23512
control_r2,complex_000149,complex_000117,9,-6.20077
control_r2,complex_000149,complex_000117,10,-7.91304
control_r2,complex_000149,complex_000117,11,-7.40698
control_r2,complex_000149,complex_000117,12,-7.00868
control_r2,complex_000149,complex_000117,13,-5.7702
control_r2,complex_000149,complex_000117,14,-5.78164
control_r2,complex_000149,complex_000117,15,-5.95702
control_r2,complex_000149,complex_000117,16,-7.35649
control_r2,complex_000149,complex_000117,17,-6.23192
control_r2,complex_000149,complex_000117,18,-5.32869
control_r2,complex_000149,complex_000117,19,-5.95476
control_r2,complex_000149,complex_000387,0,-7.05034
control_r2,complex_000149,complex_000387,1,-8.01795
control_r2,complex_000149,complex_000387,2,-8.41512
control_r2,complex_000149,complex_000387,3,-7.37811
control_r2,complex_000149,complex_000387,4,-10.40975
control_r2,complex_000149,complex_000387,5,-7.90673
control_r2,complex_000149,complex_000387,6,-7.67475
control_r2,complex_000149,complex_000387,7,-9.32807
control_r2,complex_000149,complex_000387,8,-7.11644
control_r2,complex_000149,complex_000387,9,-7.76137
control_r2,complex_000149,complex_000387,10,-7.63772
control_r2,complex_000149,complex_000387,11,-7.8553
control_r2,complex_000149,complex_000387,12,-8.75252
control_r2,complex_000149,complex_000387,13,-6.27123
control_r2,complex_000149,complex_000387,14,-6.46729
control_r2,complex_000149,complex_000387,15,-6.85546
control_r2,complex_000149,complex_000387,16,-8.51633
control_r2,complex_000149,complex_000387,17,-7.38031
control_r2,complex_000149,complex_000387,18,-5.64723
control_r2,complex_000149,complex_000387,19,-6.92316
control_r2,complex_000165,complex_000165,0,-7.74105
control_r2,complex_000165,complex_000165,1,-7.84867
control_r2,complex_000165,complex_000165,2,-8.37332
control_r2,complex_000165,complex_000165,3,-7.37826
control_r2,complex_000165,complex_000165,4,-11.36162
control_r2,complex_000165,complex_000165,5,-5.40667
control_r2,complex_000165,complex_000165,6,-6.16921
control_r2,complex_000165,complex_000165,7,-8.02418
control_r2,complex_000165,complex_000165,8,-7.65844
control_r2,complex_000165,complex_000165,9,-9.76469
control_r2,complex_000165,complex_000165,10,-6.8431
control_r2,complex_000165,complex_000165,11,-5.50029
control_r2,complex_000165,complex_000165,12,-8.1709
control_r2,complex_000165,complex_000165,13,-7.8889
control_r2,complex_000165,complex_000165,14,-7.05892
control_r2,complex_000165,complex_000165,15,-9.1198
control_r2,complex_000165,complex_000165,16,-5.04702
control_r2,complex_000165,complex_000165,17,-6.80136
control_r2,complex_000165,complex_000165,18,-8.5506
control_r2,complex_000165,complex_000165,19,-7.04832
control_r2,complex_000165,complex_000001,0,-6.24852
control_r2,complex_000165,complex_000001,1,-5.42242
control_r2,complex_000165,complex_000001,2,-6.39741
control_r2,complex_000165,complex_000001,3,-4.56752
control_r2,complex_000165,complex_000001,4,-6.37256
control_r2,complex_000165,complex_000001,5,-6.41609
control_r2,complex_000165,complex_000001,6,-5.5914
control_r2,complex_000165,complex_000001,7,-6.3291
control_r2,complex_000165,complex_000001,8,-7.5758
control_r2,complex_000165,complex_000001,9,-7.16193
control_r2,complex_000165,complex_000001,10,-5.8421
control_r2,complex_000165,complex_000001,11,-6.75088
control_r2,complex_000165,complex_000001,12,-5.49854
control_r2,complex_000165,complex_000001,13,-5.2751
control_r2,complex_000165,complex_000001,14,-7.70809
control_r2,complex_000165,complex_000001,15,-7.92881
control_r2,complex_000165,complex_000001,16,-6.68809
control_r2,complex_000165,complex_000001,17,-4.46773
control_r2,complex_000165,complex_000001,18,-6.62624
control_r2,complex_000165,complex_000001,19,-5.16689
control_r2,complex_000165,complex_000179,0,-7.52275
control_r2,complex_000165,complex_000179,1,-6.83648
control_r2,complex_000165,complex_000179,2,-7.77179
control_r2,complex_000165,complex_000179,3,-5.64634
control_r2,complex_000165,complex_000179,4,-9.06556
control_r2,complex_000165,complex_000179,5,-8.86912
control_r2,complex_000165,complex_000179,6,-7.36476
control_r2,complex_000165,complex_000179,7,-8.55083
control_r2,complex_000165,complex_000179,8,-9.44555
control_r2,complex_000165,complex_000179,9,-9.26396
control_r2,complex_000165,complex_000179,10,-7.06092
control_r2,complex_000165,complex_000179,11,-8.72087
control_r2,complex_000165,complex_000179,12,-6.9057
control_r2,complex_000165,complex_000179,13,-6.29235
control_r2,complex_000165,complex_000179,14,-9.07317
control_r2,complex_000165,complex_000179,15,-9.44857
control_r2,complex_000165,complex_000179,16,-8.56315
control_r2,complex_000165,complex_000179,17,-6.26218
control_r2,complex_000165,complex_000179,18,-8.9254
control_r2,complex_000165,complex_000179,19,-6.6227
control_r2,complex_000165,complex_000223,0,-5.25799
control_r2,complex_000165,complex_000223,1,-4.87664
control_r2,complex_000165,complex_000223,2,-5.57344
control_r2,complex_000165,complex_000223,3,-4.69797
control_r2,complex_000165,complex_000223,4,-6.6323
control_r2,complex_000165,complex_000223,5,-6.4916
control_r2,complex_000165,complex_000223,6,-5.12991
control_r2,complex_000165,complex_000223,7,-5.95969
control_r2,complex_000165,complex_000223,8,-6.00624
control_r2,complex_000165,complex_000223,9,-6.22626
control_r2,complex_000165,complex_000223,10,-4.93464
control_r2,complex_000165,complex_000223,11,-5.88203
control_r2,complex_000165,complex_000223,12,-5.63024
control_r2,complex_000165,complex_000223,13,-4.79427
control_r2,complex_000165,complex_000223,14,-6.48101
control_r2,complex_000165,complex_000223,15,-6.64603
control_r2,complex_000165,complex_000223,16,-5.70998
control_r2,complex_000165,complex_000223,17,-4.32111
control_r2,complex_000165,complex_000223,18,-6.04669
control_r2,complex_000165,complex_000223,19,-5.37616
control_r2,complex_000170,complex_000477,0,-6.95183
control_r2,complex_000170,complex_000477,1,-6.47315
control_r2,complex_000170,complex_000477,2,-5.62744
control_r2,complex_000170,complex_000477,3,-6.06143
control_r2,complex_000170,complex_000477,4,-6.15415
control_r2,complex_000170,complex_000477,5,-6.89056
control_r2,complex_000170,complex_000477,6,-7.08658
control_r2,complex_000170,complex_000477,7,-6.6957
control_r2,complex_000170,complex_000477,8,-8.28356
control_r2,complex_000170,complex_000477,9,-7.28595
control_r2,complex_000170,complex_000477,10,-7.63997
control_r2,complex_000170,complex_000477,11,-6.42784
control_r2,complex_000170,complex_000477,12,-6.5877
control_r2,complex_000170,complex_000477,13,-7.87763
control_r2,complex_000170,complex_000477,14,-5.27226
control_r2,complex_000170,complex_000477,15,-6.84672
control_r2,complex_000170,complex_000477,16,-6.35038
control_r2,complex_000170,complex_000477,17,-8.55541
control_r2,complex_000170,complex_000477,18,-5.9212
control_r2,complex_000170,complex_000477,19,-8.74398
control_r2,complex_000170,complex_000170,0,-10.5214
control_r2,complex_000170,complex_000170,1,-8.60957
control_r2,complex_000170,complex_000170,2,-7.67546
control_r2,complex_000170,complex_000170,3,-8.57923
control_r2,complex_000170,complex_000170,4,-7.72075
control_r2,complex_000170,complex_000170,5,-9.5425
control_r2,complex_000170,complex_000170,6,-6.79569
control_r2,complex_000170,complex_000170,7,-8.86318
control_r2,complex_000170,complex_000170,8,-11.91921
control_r2,complex_000170,complex_000170,9,-9.87722
control_r2,complex_000170,complex_000170,10,-10.1934
control_r2,complex_000170,complex_000170,11,-8.89815
control_r2,complex_000170,complex_000170,12,-7.42534
control_r2,complex_000170,complex_000170,13,-7.34017
control_r2,complex_000170,complex_000170,14,-6.63709
control_r2,complex_000170,complex_000170,15,-9.35249
control_r2,complex_000170,complex_000170,16,-8.86653
control_r2,complex_000170,complex_000170,17,-10.23215
control_r2,complex_000170,complex_000170,18,-8.71501
control_r2,complex_000170,complex_000170,19,-5.30008
control_r2,complex_000170,complex_000112,0,-7.53248
control_r2,complex_000170,complex_000112,1,-6.43091
control_r2,complex_000170,complex_000112,2,-6.22588
control_r2,complex_000170,complex_000112,3,-6.74302
control_r2,complex_000170,complex_000112,4,-5.78223
control_r2,complex_000170,complex_000112,5,-7.40618
control_r2,complex_000170,complex_000112,6,-6.33565
control_r2,complex_000170,complex_000112,7,-6.86406
control_r2,complex_000170,complex_000112,8,-8.23649
control_r2,complex_000170,complex_000112,9,-7.19219
control_r2,complex_000170,complex_000112,10,-6.3763
control_r2,complex_000170,complex_000112,11,-6.75383
control_r2,complex_000170,complex_000112,12,-5.72524
control_r2,complex_000170,complex_000112,13,-6.81693
control_r2,complex_000170,complex_000112,14,-6.03697
control_r2,complex_000170,complex_000112,15,-7.67783
control_r2,complex_000170,complex_000112,16,-6.10191
control_r2,complex_000170,complex_000112,17,-8.52882
control_r2,complex_000170,complex_000112,18,-6.77723
control_r2,complex_000170,complex_000112,19,-6.90745
control_r2,complex_000170,complex_000117,0,-7.44504
control_r2,complex_000170,complex_000117,1,-6.75554
control_r2,complex_000170,complex_000117,2,-6.14105
control_r2,complex_000170,complex_000117,3,-7.5362
control_r2,complex_000170,complex_000117,4,-6.90274
control_r2,complex_000170,complex_000117,5,-8.16522
control_r2,complex_000170,complex_000117,6,-8.09303
control_r2,complex_000170,complex_000117,7,-7.78324
control_r2,complex_000170,complex_000117,8,-9.13128
control_r2,complex_000170,complex_000117,9,-9.51056
control_r2,complex_000170,complex_000117,10,-6.56147
control_r2,complex_000170,complex_000117,11,-7.905
control_r2,complex_000170,complex_000117,12,-8.14774
control_r2,complex_000170,complex_000117,13,-8.70739
control_r2,complex_000170,complex_000117,14,-5.69666
control_r2,complex_000170,complex_000117,15,-8.08427
control_r2,complex_000170,complex_000117,16,-7.12068
control_r2,complex_000170,complex_000117,17,-9.25831
control_r2,complex_000170,complex_000117,18,-7.80248
control_r2,complex_000170,complex_000117,19,-7.97495
control_r2,complex_000179,complex_000179,0,-8.76887
control_r2,complex_000179,complex_000179,1,-9.97961
control_r2,complex_000179,complex_000179,2,-6.92237
control_r2,complex_000179,complex_000179,3,-7.6215
control_r2,complex_000179,complex_000179,4,-8.79563
control_r2,complex_000179,complex_000179,5,-7.08994
control_r2,complex_000179,complex_000179,6,-9.63053
control_r2,complex_000179,complex_000179,7,-6.92416
control_r2,complex_000179,complex_000179,8,-6.38691
control_r2,complex_000179,complex_000179,9,-6.32922
control_r2,complex_000179,complex_000179,10,-10.1867
control_r2,complex_000179,complex_000179,11,-9.73778
control_r2,complex_000179,complex_000179,12,-6.69089
control_r2,complex_000179,complex_000179,13,-7.77434
control_r2,complex_000179,complex_000179,14,-7.89161
control_r2,complex_000179,complex_000179,15,-9.64847
control_r2,complex_000179,complex_000179,16,-7.5304
control_r2,complex_000179,complex_000179,17,-5.65259
control_r2,complex_000179,complex_000179,18,-6.41689
control_r2,complex_000179,complex_000179,19,-9.05516
control_r2,complex_000191,complex_000026,0,-6.83886
control_r2,complex_000191,complex_000026,1,-6.86799
control_r2,complex_000191,complex_000026,2,-6.51704
control_r2,complex_000191,complex_000026,3,-5.73744
control_r2,complex_000191,complex_000026,4,-7.30742
control_r2,complex_000191,complex_000026,5,-6.66576
control_r2,complex_000191,complex_000026,6,-5.52625
control_r2,complex_000191,complex_000026,7,-5.93182
control_r2,complex_000191,complex_000026,8,-4.3792
control_r2,complex_000191,complex_000026,9,-6.34746
control_r2,complex_000191,complex_000026,10,-5.65011
control_r2,complex_000191,complex_000026,11,-7.39907
control_r2,complex_000191,complex_000026,12,-7.09707
control_r2,complex_000191,complex_000026,13,-9.5967
control_r2,complex_000191,complex_000026,14,-7.03124
control_r2,complex_000191,complex_000026,15,-4.57321
control_r2,complex_000191,complex_000026,16,-7.5626
control_r2,complex_000191,complex_000026,17,-6.73264
control_r2,complex_000191,complex_000026,18,-6.37969
control_r2,complex_000191,complex_000026,19,-5.29304
control_r2,complex_000191,complex_000140,0,-6.90408
control_r2,complex_000191,complex_000140,1,-7.42277
control_r2,complex_000191,complex_000140,2,-7.23004
control_r2,complex_000191,complex_000140,3,-6.50996
control_r2,complex_000191,complex_000140,4,-8.64514
control_r2,complex_000191,complex_000140,5,-7.14899
control_r2,complex_000191,complex_000140,6,-6.16307
control_r2,complex_000191,complex_000140,7,-7.43236
control_r2,complex_000191,complex_000140,8,-4.57569
control_r2,complex_000191,complex_000140,9,-7.23467
control_r2,complex_000191,complex_000140,10,-6.57777
control_r2,complex_000191,complex_000140,11,-8.30688
control_r2,complex_000191,complex_000140,12,-7.18049
control_r2,complex_000191,complex_000140,13,-10.93609
control_r2,complex_000191,complex_000140,14,-7.7135
control_r2,complex_000191,complex_000140,15,-4.93125
control_r2,complex_000191,complex_000140,16,-7.87989
control_r2,complex_000191,complex_000140,17,-7.13975
control_r2,complex_000191,complex_000140,18,-6.97331
control_r2,complex_000191,complex_000140,19,-6.33656
control_r2,complex_000193,complex_000193,0,-5.07931
control_r2,complex_000193,complex_000193,1,-5.55334
control_r2,complex_000193,complex_000193,2,-5.53373
control_r2,complex_000193,complex_000193,3,-6.83135
control_r2,complex_000193,complex_000193,4,-5.67967
control_r2,complex_000193,complex_000193,5,-5.75791
control_r2,complex_000193,complex_000193,6,-7.31694
control_r2,complex_000193,complex_000193,7,-7.75998
control_r2,complex_000193,complex_000193,8,-5.281
control_r2,complex_000193,complex_000193,9,-6.30501
control_r2,complex_000193,complex_000193,10,-4.63647
control_r2,complex_000193,complex_000193,11,-6.41547
control_r2,complex_000193,complex_000193,12,-7.26465
control_r2,complex_000193,complex_000193,13,-6.3811
control_r2,complex_000193,complex_000193,14,-5.29254
control_r2,complex_000193,complex_000193,15,-5.23464
control_r2,complex_000193,complex_000193,16,-5.43369
control_r2,complex_000193,complex_000193,17,-6.22238
control_r2,complex_000193,complex_000193,18,-4.46809
control_r2,complex_000193,complex_000193,19,-5.72795
control_r2,complex_000177,complex_000193,0,-7.64212
control_r2,complex_000177,complex_000193,1,-7.0128
control_r2,complex_000177,complex_000193,2,-8.0588
control_r2,complex_000177,complex_000193,3,-7.30108
control_r2,complex_000177,complex_000193,4,-6.44508
control_r2,complex_000177,complex_000193,5,-6.88754
control_r2,complex_000177,complex_000193,6,-5.64585
control_r2,complex_000177,complex_000193,7,-8.42438
control_r2,complex_000177,complex_000193,8,-6.98608
control_r2,complex_000177,complex_000193,9,-6.43483
control_r2,complex_000177,complex_000193,10,-6.62382
control_r2,complex_000177,complex_000193,11,-5.25073
control_r2,complex_000177,complex_000193,12,-4.48965
control_r2,complex_000177,complex_000193,13,-6.1963
control_r2,complex_000177,complex_000193,14,-7.59128
control_r2,complex_000177,complex_000193,15,-4.01902
control_r2,complex_000177,complex_000193,16,-7.77675
control_r2,complex_000177,complex_000193,17,-4.88763
control_r2,complex_000177,complex_000193,18,-7.12885
control_r2,complex_000177,complex_000193,19,-7.10768
control_r2,complex_000179,complex_000141,0,-8.11642
control_r2,complex_000179,complex_000141,1,-7.87404
control_r2,complex_000179,complex_000141,2,-5.69428
control_r2,complex_000179,complex_000141,3,-5.95534
control_r2,complex_000179,complex_000141,4,-6.57514
control_r2,complex_000179,complex_000141,5,-5.96627
control_r2,complex_000179,complex_000141,6,-8.57696
control_r2,complex_000179,complex_000141,7,-6.29305
control_r2,complex_000179,complex_000141,8,-5.62181
control_r2,complex_000179,complex_000141,9,-5.68742
control_r2,complex_000179,complex_000141,10,-8.30197
control_r2,complex_000179,complex_000141,11,-7.36464
control_r2,complex_000179,complex_000141,12,-6.16953
control_r2,complex_000179,complex_000141,13,-7.43467
control_r2,complex_000179,complex_000141,14,-6.4924
control_r2,complex_000179,complex_000141,15,-7.77695
control_r2,complex_000179,complex_000141,16,-6.65365
control_r2,complex_000179,complex_000141,17,-5.05846
control_r2,complex_000179,complex_000141,18,-5.61473
control_r2,complex_000179,complex_000141,19,-7.96414
control_r2,complex_000193,complex_000292,0,-4.13204
control_r2,complex_000193,complex_000292,1,-4.79364
control_r2,complex_000193,complex_000292,2,-4.96956
control_r2,complex_000193,complex_000292,3,-6.07611
control_r2,complex_000193,complex_000292,4,-5.16283
control_r2,complex_000193,complex_000292,5,-5.46256
control_r2,complex_000193,complex_000292,6,-7.24548
control_r2,complex_000193,complex_000292,7,-6.37294
control_r2,complex_000193,complex_000292,8,-4.62354
control_r2,complex_000193,complex_000292,9,-5.6382
control_r2,complex_000193,complex_000292,10,-4.64024
control_r2,complex_000193,complex_000292,11,-5.54527
control_r2,complex_000193,complex_000292,12,-7.65802
control_r2,complex_000193,complex_000292,13,-5.95503
control_r2,complex_000193,complex_000292,14,-4.98933
control_r2,complex_000193,complex_000292,15,-4.148
control_r2,complex_000193,complex_000292,16,-5.18164
control_r2,complex_000193,complex_000292,17,-5.30236
control_r2,complex_000193,complex_000292,18,-4.8506
control_r2,complex_000193,complex_000292,19,-4.60266
control_r2,complex_000193,complex_000179,0,-5.11143
control_r2,complex_000193,complex_000179,1,-5.91724
control_r2,complex_000193,complex_000179,2,-6.17873
control_r2,complex_000193,complex_000179,3,-7.37385
control_r2,complex_000193,complex_000179,4,-6.36198
control_r2,complex_000193,complex_000179,5,-6.73202
control_r2,complex_000193,complex_000179,6,-8.78163
control_r2,complex_000193,complex_000179,7,-7.8266
control_r2,complex_000193,complex_000179,8,-5.41604
control_r2,complex_000193,complex_000179,9,-7.27433
control_r2,complex_000193,complex_000179,10,-5.25553
control_r2,complex_000193,complex_000179,11,-7.2259
control_r2,complex_000193,complex_000179,12,-9.62021
control_r2,complex_000193,complex_000179,13,-7.33272
control_r2,complex_000193,complex_000179,14,-5.70902
control_r2,complex_000193,complex_000179,15,-5.6319
control_r2,complex_000193,complex_000179,16,-6.72538
control_r2,complex_000193,complex_000179,17,-6.28276
control_r2,complex_000193,complex_000179,18,-5.75318
control_r2,complex_000193,complex_000179,19,-5.34826
control_r2,complex_000191,complex_000191,0,-5.15047
control_r2,complex_000191,complex_000191,1,-4.58345
control_r2,complex_000191,complex_000191,2,-5.73454
control_r2,complex_000191,complex_000191,3,-4.44109
control_r2,complex_000191,complex_000191,4,-4.87499
control_r2,complex_000191,complex_000191,5,-6.33474
control_r2,complex_000191,complex_000191,6,-4.50829
control_r2,complex_000191,complex_000191,7,-5.51354
control_r2,complex_000191,complex_000191,8,-4.45507
control_r2,complex_000191,complex_000191,9,-5.70147
control_r2,complex_000191,complex_000191,10,-4.4402
control_r2,complex_000191,complex_000191,11,-6.03974
control_r2,complex_000191,complex_000191,12,-5.82793
control_r2,complex_000191,complex_000191,13,-7.83861
control_r2,complex_000191,complex_000191,14,-4.70809
control_r2,complex_000191,complex_000191,15,-3.90379
control_r2,complex_000191,complex_000191,16,-6.50485
control_r2,complex_000191,complex_000191,17,-5.76082
control_r2,complex_000191,complex_000191,18,-4.81674
control_r2,complex_000191,complex_000191,19,-4.48607
control_r2,complex_000191,complex_000069,0,-6.81854
control_r2,complex_000191,complex_000069,1,-7.89723
control_r2,complex_000191,complex_000069,2,-7.14475
control_r2,complex_000191,complex_000069,3,-6.67501
control_r2,complex_000191,complex_000069,4,-7.52641
control_r2,complex_000191,complex_000069,5,-6.79773
control_r2,complex_000191,complex_000069,6,-5.73308
control_r2,complex_000191,complex_000069,7,-6.76012
control_r2,complex_000191,complex_000069,8,-4.96807
control_r2,complex_000191,complex_000069,9,-7.08159
control_r2,complex_000191,complex_000069,10,-6.11866
control_r2,complex_000191,complex_000069,11,-7.83003
control_r2,complex_000191,complex_000069,12,-7.51951
control_r2,complex_000191,complex_000069,13,-10.28593
control_r2,complex_000191,complex_000069,14,-8.02451
control_r2,complex_000191,complex_000069,15,-5.09654
control_r2,complex_000191,complex_000069,16,-8.11254
control_r2,complex_000191,complex_000069,17,-7.11969
control_r2,complex_000191,complex_000069,18,-6.38616
control_r2,complex_000191,complex_000069,19,-5.95602
control_r2,complex_000179,complex_000472,0,-7.96755
control_r2,complex_000179,complex_000472,1,-8.77222
control_r2,complex_000179,complex_000472,2,-6.52067
control_r2,complex_000179,complex_000472,3,-7.32178
control_r2,complex_000179,complex_000472,4,-8.55426
control_r2,complex_000179,complex_000472,5,-7.52017
control_r2,complex_000179,complex_000472,6,-9.42762
control_r2,complex_000179,complex_000472,7,-5.90468
control_r2,complex_000179,complex_000472,8,-6.4144
control_r2,complex_000179,complex_000472,9,-6.81374
control_r2,complex_000179,complex_000472,10,-9.17334
control_r2,complex_000179,complex_000472,11,-9.39469
control_r2,complex_000179,complex_000472,12,-6.73075
control_r2,complex_000179,complex_000472,13,-7.98306
control_r2,complex_000179,complex_000472,14,-7.57971
control_r2,complex_000179,complex_000472,15,-9.34337
control_r2,complex_000179,complex_000472,16,-7.81624
control_r2,complex_000179,complex_000472,17,-5.24596
control_r2,complex_000179,complex_000472,18,-6.81149
control_r2,complex_000179,complex_000472,19,-7.90838
control_r2,complex_000177,complex_000177,0,-7.89255
control_r2,complex_000177,complex_000177,1,-7.56414
control_r2,complex_000177,complex_000177,2,-7.99058
control_r2,complex_000177,complex_000177,3,-6.5757
control_r2,complex_000177,complex_000177,4,-8.21195
control_r2,complex_000177,complex_000177,5,-8.63804
control_r2,complex_000177,complex_000177,6,-5.49927
control_r2,complex_000177,complex_000177,7,-8.93357
control_r2,complex_000177,complex_000177,8,-8.50877
control_r2,complex_000177,complex_000177,9,-9.06489
control_r2,complex_000177,complex_000177,10,-8.23159
control_r2,complex_000177,complex_000177,11,-6.15929
control_r2,complex_000177,complex_000177,12,-5.46936
control_r2,complex_000177,complex_000177,13,-6.5009
control_r2,complex_000177,complex_000177,14,-10.54166
control_r2,complex_000177,complex_000177,15,-4.24252
control_r2,complex_000177,complex_000177,16,-8.46114
control_r2,complex_000177,complex_000177,17,-5.2067
control_r2,complex_000177,complex_000177,18,-7.80982
control_r2,complex_000177,complex_000177,19,-8.4273
control_r2,complex_000177,complex_000473,0,-7.55956
control_r2,complex_000177,complex_000473,1,-7.05985
control_r2,complex_000177,complex_000473,2,-8.28275
control_r2,complex_000177,complex_000473,3,-9.35
control_r2,complex_000177,complex_000473,4,-6.95027
control_r2,complex_000177,complex_000473,5,-7.95852
control_r2,complex_000177,complex_000473,6,-4.40441
control_r2,complex_000177,complex_000473,7,-7.87913
control_r2,complex_000177,complex_000473,8,-9.23172
control_r2,complex_000177,complex_000473,9,-6.77574
control_r2,complex_000177,complex_000473,10,-6.52721
control_r2,complex_000177,complex_000473,11,-4.96171
control_r2,complex_000177,complex_000473,12,-4.08721
control_r2,complex_000177,complex_000473,13,-5.48607
control_r2,complex_000177,complex_000473,14,-8.24619
control_r2,complex_000177,complex_000473,15,-3.34496
control_r2,complex_000177,complex_000473,16,-6.96398
control_r2,complex_000177,complex_000473,17,-3.90863
control_r2,complex_000177,complex_000473,18,-7.71906
control_r2,complex_000177,complex_000473,19,-7.97319
control_r2,complex_000177,complex_000165,0,-6.20382
control_r2,complex_000177,complex_000165,1,-4.32785
control_r2,complex_000177,complex_000165,2,12.56408
control_r2,complex_000177,complex_000165,3,3.89567
control_r2,complex_000177,complex_000165,4,1.33678
control_r2,complex_000177,complex_000165,5,-5.30823
control_r2,complex_000177,complex_000165,6,-6.61625
control_r2,complex_000177,complex_000165,7,-5.42603
control_r2,complex_000177,complex_000165,8,5.87753
control_r2,complex_000177,complex_000165,9,-5.63489
control_r2,complex_000177,complex_000165,10,-5.42445
control_r2,complex_000177,complex_000165,11,-5.40568
control_r2,complex_000177,complex_000165,12,-5.27246
control_r2,complex_000177,complex_000165,13,-6.24982
control_r2,complex_000177,complex_000165,14,-5.42597
control_r2,complex_000177,complex_000165,15,-4.46024
control_r2,complex_000177,complex_000165,16,1.13187
control_r2,complex_000177,complex_000165,17,-6.02143
control_r2,complex_000177,complex_000165,18,-3.37003
control_r2,complex_000177,complex_000165,19,-4.70491
control_r2,complex_000179,complex_000305,0,-8.35426
control_r2,complex_000179,complex_000305,1,-7.89991
control_r2,complex_000179,complex_000305,2,-6.28204
control_r2,complex_000179,complex_000305,3,-7.27829
control_r2,complex_000179,complex_000305,4,-6.60842
control_r2,complex_000179,complex_000305,5,-7.88692
control_r2,complex_000179,complex_000305,6,-9.30011
control_r2,complex_000179,complex_000305,7,-6.07682
control_r2,complex_000179,complex_000305,8,-6.85797
control_r2,complex_000179,complex_000305,9,-6.75136
control_r2,complex_000179,complex_000305,10,-10.28668
control_r2,complex_000179,complex_000305,11,-9.79816
control_r2,complex_000179,complex_000305,12,-7.0244
control_r2,complex_000179,complex_000305,13,-7.41974
control_r2,complex_000179,complex_000305,14,-7.82228
control_r2,complex_000179,complex_000305,15,-9.77681
control_r2,complex_000179,complex_000305,16,-8.36008
control_r2,complex_000179,complex_000305,17,-5.18654
control_r2,complex_000179,complex_000305,18,-7.27416
control_r2,complex_000179,complex_000305,19,-9.22006
control_r2,complex_000193,complex_000177,0,-5.00938
control_r2,complex_000193,complex_000177,1,-5.27405
control_r2,complex_000193,complex_000177,2,-6.34032
control_r2,complex_000193,complex_000177,3,-6.6743
control_r2,complex_000193,complex_000177,4,-6.6602
control_r2,complex_000193,complex_000177,5,-6.62037
control_r2,complex_000193,complex_000177,6,-8.63522
control_r2,complex_000193,complex_000177,7,-7.41489
control_r2,complex_000193,complex_000177,8,-5.59587
control_r2,complex_000193,complex_000177,9,-6.26657
control_r2,complex_000193,complex_000177,10,-5.57436
control_r2,complex_000193,complex_000177,11,-6.97887
control_r2,complex_000193,complex_000177,12,-8.75352
control_r2,complex_000193,complex_000177,13,-6.22951
control_r2,complex_000193,complex_000177,14,-6.2329
control_r2,complex_000193,complex_000177,15,-5.0338
control_r2,complex_000193,complex_000177,16,-6.58552
control_r2,complex_000193,complex_000177,17,-6.88542
control_r2,complex_000193,complex_000177,18,-5.52898
control_r2,complex_000193,complex_000177,19,-5.24582
control_r2,complex_000223,complex_000223,0,-4.39355
control_r2,complex_000223,complex_000223,1,-3.85046
control_r2,complex_000223,complex_000223,2,-5.65781
control_r2,complex_000223,complex_000223,3,-3.44571
control_r2,complex_000223,complex_000223,4,-3.42261
control_r2,complex_000223,complex_000223,5,-7.54794
control_r2,complex_000223,complex_000223,6,-4.93489
control_r2,complex_000223,complex_000223,7,-3.59434
control_r2,complex_000223,complex_000223,8,-6.36068
control_r2,complex_000223,complex_000223,9,-4.88826
control_r2,complex_000223,complex_000223,10,-4.81623
control_r2,complex_000223,complex_000223,11,-7.25737
control_r2,complex_000223,complex_000223,12,-4.78998
control_r2,complex_000223,complex_000223,13,-5.81336
control_r2,complex_000223,complex_000223,14,-5.44844
control_r2,complex_000223,complex_000223,15,-4.52444
control_r2,complex_000223,complex_000223,16,-6.31609
control_r2,complex_000223,complex_000223,17,-3.56907
control_r2,complex_000223,complex_000223,18,-4.02572
control_r2,complex_000223,complex_000223,19,-4.60883
control_r2,complex_000223,complex_000085,0,-6.27218
control_r2,complex_000223,complex_000085,1,-5.2925
control_r2,complex_000223,complex_000085,2,-8.61537
control_r2,complex_000223,complex_000085,3,-5.036
control_r2,complex_000223,complex_000085,4,-3.67568
control_r2,complex_000223,complex_000085,5,-12.77442
control_r2,complex_000223,complex_000085,6,-6.61366
control_r2,complex_000223,complex_000085,7,-5.31098
control_r2,complex_000223,complex_000085,8,-10.09612
control_r2,complex_000223,complex_000085,9,-7.75201
control_r2,complex_000223,complex_000085,10,-7.13793
control_r2,complex_000223,complex_000085,11,-10.40305
control_r2,complex_000223,complex_000085,12,-4.85601
control_r2,complex_000223,complex_000085,13,-9.448
control_r2,complex_000223,complex_000085,14,-8.56575
control_r2,complex_000223,complex_000085,15,-7.19398
control_r2,complex_000223,complex_000085,16,-9.50046
control_r2,complex_000223,complex_000085,17,-4.66344
control_r2,complex_000223,complex_000085,18,-5.11453
control_r2,complex_000223,complex_000085,19,-7.35503
control_r2,complex_000223,complex_000026,0,-6.03082
control_r2,complex_000223,complex_000026,1,-4.9514
control_r2,complex_000223,complex_000026,2,-7.6052
control_r2,complex_000223,complex_000026,3,-4.69637
control_r2,complex_000223,complex_000026,4,-3.97622
control_r2,complex_000223,complex_000026,5,-9.26568
control_r2,complex_000223,complex_000026,6,-7.15813
control_r2,complex_000223,complex_000026,7,-4.56499
control_r2,complex_000223,complex_000026,8,-8.17454
control_r2,complex_000223,complex_000026,9,-6.6545
control_r2,complex_000223,complex_000026,10,-6.21948
control_r2,complex_000223,complex_000026,11,-9.10395
control_r2,complex_000223,complex_000026,12,-5.10785
control_r2,complex_000223,complex_000026,13,-7.93916
control_r2,complex_000223,complex_000026,14,-7.64893
control_r2,complex_000223,complex_000026,15,-6.54931
control_r2,complex_000223,complex_000026,16,-8.10333
control_r2,complex_000223,complex_000026,17,-4.0779
control_r2,complex_000223,complex_000026,18,-4.97176
control_r2,complex_000223,complex_000026,19,-6.46583
control_r2,complex_000223,complex_000191,0,-5.09527
control_r2,complex_000223,complex_000191,1,-4.26352
control_r2,complex_000223,complex_000191,2,-5.50721
control_r2,complex_000223,complex_000191,3,-3.92455
control_r2,complex_000223,complex_000191,4,-3.86024
control_r2,complex_000223,complex_000191,5,-6.01554
control_r2,complex_000223,complex_000191,6,-5.05925
control_r2,complex_000223,complex_000191,7,-3.91173
control_r2,complex_000223,complex_000191,8,-5.17694
control_r2,complex_000223,complex_000191,9,-5.17058
control_r2,complex_000223,complex_000191,10,-5.04158
control_r2,complex_000223,complex_000191,11,-5.86789
control_r2,complex_000223,complex_000191,12,-5.48382
control_r2,complex_000223,complex_000191,13,-6.79419
control_r2,complex_000223,complex_000191,14,-4.40219
control_r2,complex_000223,complex_000191,15,-4.71308
control_r2,complex_000223,complex_000191,16,-6.43046
control_r2,complex_000223,complex_000191,17,-4.0871
control_r2,complex_000223,complex_000191,18,-3.62218
control_r2,complex_000223,complex_000191,19,-4.84063
control_r2,complex_000269,complex_000085,0,-6.74016
control_r2,complex_000269,complex_000085,1,-6.00186
control_r2,complex_000269,complex_000085,2,-6.5499
control_r2,complex_000269,complex_000085,3,-9.60109
control_r2,complex_000269,complex_000085,4,-5.65758
control_r2,complex_000269,complex_000085,5,-5.09285
control_r2,complex_000269,complex_000085,6,-5.0748
control_r2,complex_000269,complex_000085,7,-9.00392
control_r2,complex_000269,complex_000085,8,-6.77562
control_r2,complex_000269,complex_000085,9,-9.25473
control_r2,complex_000269,complex_000085,10,-6.05587
control_r2,complex_000269,complex_000085,11,-8.24288
control_r2,complex_000269,complex_000085,12,-6.17459
control_r2,complex_000269,complex_000085,13,-4.06342
control_r2,complex_000269,complex_000085,14,-8.96725
control_r2,complex_000269,complex_000085,15,-5.53184
control_r2,complex_000269,complex_000085,16,-8.07138
control_r2,complex_000269,complex_000085,17,-5.18259
control_r2,complex_000269,complex_000085,18,-6.5184
control_r2,complex_000269,complex_000085,19,-8.06993
control_r2,complex_000269,complex_000191,0,-4.65431
control_r2,complex_000269,complex_000191,1,-4.80535
control_r2,complex_000269,complex_000191,2,-4.8721
control_r2,complex_000269,complex_000191,3,-6.82851
control_r2,complex_000269,complex_000191,4,-4.21436
control_r2,complex_000269,complex_000191,5,-4.22751
control_r2,complex_000269,complex_000191,6,-5.31821
control_r2,complex_000269,complex_000191,7,-6.73739
control_r2,complex_000269,complex_000191,8,-4.67288
control_r2,complex_000269,complex_000191,9,-7.90587
control_r2,complex_000269,complex_000191,10,-5.28689
control_r2,complex_000269,complex_000191,11,-5.76524
control_r2,complex_000269,complex_000191,12,-4.43225
control_r2,complex_000269,complex_000191,13,-3.2286
control_r2,complex_000269,complex_000191,14,-7.9578
control_r2,complex_000269,complex_000191,15,-4.96308
control_r2,complex_000269,complex_000191,16,-4.35371
control_r2,complex_000269,complex_000191,17,-4.40787
control_r2,complex_000269,complex_000191,18,-5.86621
control_r2,complex_000269,complex_000191,19,-7.01769
control_r2,complex_000266,complex_000266,0,-7.79632
control_r2,complex_000266,complex_000266,1,-8.58692
control_r2,complex_000266,complex_000266,2,-5.39415
control_r2,complex_000266,complex_000266,3,-9.21462
control_r2,complex_000266,complex_000266,4,-7.46769
control_r2,complex_000266,complex_000266,5,-8.52209
control_r2,complex_000266,complex_000266,6,-6.05643
control_r2,complex_000266,complex_000266,7,-7.37537
control_r2,complex_000266,complex_000266,8,-8.31307
control_r2,complex_000266,complex_000266,9,-7.77246
control_r2,complex_000266,complex_000266,10,-9.00097
control_r2,complex_000266,complex_000266,11,-9.89472
control_r2,complex_000266,complex_000266,12,-7.22732
control_r2,complex_000266,complex_000266,13,-8.82668
control_r2,complex_000266,complex_000266,14,-8.02231
control_r2,complex_000266,complex_000266,15,-8.23327
control_r2,complex_000266,complex_000266,16,-7.58274
control_r2,complex_000266,complex_000266,17,-8.16641
control_r2,complex_000266,complex_000266,18,-9.15463
control_r2,complex_000266,complex_000266,19,-8.83803
control_r2,complex_000269,complex_000269,0,-5.33209
control_r2,complex_000269,complex_000269,1,-5.20774
control_r2,complex_000269,complex_000269,2,-5.16147
control_r2,complex_000269,complex_000269,3,-8.30883
control_r2,complex_000269,complex_000269,4,-4.56637
control_r2,complex_000269,complex_000269,5,-5.64546
control_r2,complex_000269,complex_000269,6,-5.55769
control_r2,complex_000269,complex_000269,7,-6.55279
control_r2,complex_000269,complex_000269,8,-5.57349
control_r2,complex_000269,complex_000269,9,-8.38246
control_r2,complex_000269,complex_000269,10,-6.03102
control_r2,complex_000269,complex_000269,11,-6.32134
control_r2,complex_000269,complex_000269,12,-5.59181
control_r2,complex_000269,complex_000269,13,-4.97282
control_r2,complex_000269,complex_000269,14,-7.39617
control_r2,complex_000269,complex_000269,15,-5.95313
control_r2,complex_000269,complex_000269,16,-5.76914
control_r2,complex_000269,complex_000269,17,-4.95957
control_r2,complex_000269,complex_000269,18,-5.51272
control_r2,complex_000269,complex_000269,19,-6.17969
control_r2,complex_000266,complex_000426,0,-7.78933
control_r2,complex_000266,complex_000426,1,-9.11538
control_r2,complex_000266,complex_000426,2,-5.18453
control_r2,complex_000266,complex_000426,3,-7.84206
control_r2,complex_000266,complex_000426,4,-7.36807
control_r2,complex_000266,complex_000426,5,-8.52598
control_r2,complex_000266,complex_000426,6,-6.04243
control_r2,complex_000266,complex_000426,7,-6.70663
control_r2,complex_000266,complex_000426,8,-8.40968
control_r2,complex_000266,complex_000426,9,-7.79492
control_r2,complex_000266,complex_000426,10,-9.5232
control_r2,complex_000266,complex_000426,11,-9.46114
control_r2,complex_000266,complex_000426,12,-7.74533
control_r2,complex_000266,complex_000426,13,-7.88255
control_r2,complex_000266,complex_000426,14,-8.09199
control_r2,complex_000266,complex_000426,15,-8.1733
control_r2,complex_000266,complex_000426,16,-7.65867
control_r2,complex_000266,complex_000426,17,-7.37386
control_r2,complex_000266,complex_000426,18,-9.0088
control_r2,complex_000266,complex_000426,19,-7.78859
control_r2,complex_000266,complex_000540,0,-7.84928
control_r2,complex_000266,complex_000540,1,-9.23961
control_r2,complex_000266,complex_000540,2,-5.0759
control_r2,complex_000266,complex_000540,3,-8.83896
control_r2,complex_000266,complex_000540,4,-8.07204
control_r2,complex_000266,complex_000540,5,-7.70155
control_r2,complex_000266,complex_000540,6,-5.80859
control_r2,complex_000266,complex_000540,7,-7.34493
control_r2,complex_000266,complex_000540,8,-8.11109
control_r2,complex_000266,complex_000540,9,-7.61195
control_r2,complex_000266,complex_000540,10,-9.52434
control_r2,complex_000266,complex_000540,11,-9.70358
control_r2,complex_000266,complex_000540,12,-7.5939
control_r2,complex_000266,complex_000540,13,-7.85859
control_r2,complex_000266,complex_000540,14,-7.18134
control_r2,complex_000266,complex_000540,15,-8.42471
control_r2,complex_000266,complex_000540,16,-7.301
control_r2,complex_000266,complex_000540,17,-7.80166
control_r2,complex_000266,complex_000540,18,-8.46536
control_r2,complex_000266,complex_000540,19,-8.21476
control_r2,complex_000266,complex_000026,0,-7.83528
control_r2,complex_000266,complex_000026,1,-8.25349
control_r2,complex_000266,complex_000026,2,-4.96564
control_r2,complex_000266,complex_000026,3,-7.62504
control_r2,complex_000266,complex_000026,4,-7.22558
control_r2,complex_000266,complex_000026,5,-8.32935
control_r2,complex_000266,complex_000026,6,-5.81465
control_r2,complex_000266,complex_000026,7,-7.17752
control_r2,complex_000266,complex_000026,8,-8.06694
control_r2,complex_000266,complex_000026,9,-6.87189
control_r2,complex_000266,complex_000026,10,-8.88664
control_r2,complex_000266,complex_000026,11,-8.77978
control_r2,complex_000266,complex_000026,12,-7.50662
control_r2,complex_000266,complex_000026,13,-7.18385
control_r2,complex_000266,complex_000026,14,-7.00982
control_r2,complex_000266,complex_000026,15,-7.7051
control_r2,complex_000266,complex_000026,16,-7.58307
control_r2,complex_000266,complex_000026,17,-7.17948
control_r2,complex_000266,complex_000026,18,-8.65949
control_r2,complex_000266,complex_000026,19,-7.8688
control_r2,complex_000269,complex_000363,0,-6.48123
control_r2,complex_000269,complex_000363,1,-6.43811
control_r2,complex_000269,complex_000363,2,-6.15338
control_r2,complex_000269,complex_000363,3,-7.46431
control_r2,complex_000269,complex_000363,4,-5.45226
control_r2,complex_000269,complex_000363,5,-4.88277
control_r2,complex_000269,complex_000363,6,-5.91643
control_r2,complex_000269,complex_000363,7,-8.88471
control_r2,complex_000269,complex_000363,8,-6.59712
control_r2,complex_000269,complex_000363,9,-9.78094
control_r2,complex_000269,complex_000363,10,-6.17975
control_r2,complex_000269,complex_000363,11,-8.33174
control_r2,complex_000269,complex_000363,12,-6.21083
control_r2,complex_000269,complex_000363,13,-3.8459
control_r2,complex_000269,complex_000363,14,-9.73322
control_r2,complex_000269,complex_000363,15,-5.61445
control_r2,complex_000269,complex_000363,16,-7.20869
control_r2,complex_000269,complex_000363,17,-5.96293
control_r2,complex_000269,complex_000363,18,-6.4423
control_r2,complex_000269,complex_000363,19,-7.78716
control_r2,complex_000292,complex_000292,0,-7.14351
control_r2,complex_000292,complex_000292,1,-4.49008
control_r2,complex_000292,complex_000292,2,-6.18067
control_r2,complex_000292,complex_000292,3,-7.18681
control_r2,complex_000292,complex_000292,4,-4.34583
control_r2,complex_000292,complex_000292,5,-5.0402
control_r2,complex_000292,complex_000292,6,-6.75416
control_r2,complex_000292,complex_000292,7,-5.09499
control_r2,complex_000292,complex_000292,8,-4.78707
control_r2,complex_000292,complex_000292,9,-5.00634
control_r2,complex_000292,complex_000292,10,-4.92486
control_r2,complex_000292,complex_000292,11,-5.11138
control_r2,complex_000292,complex_000292,12,-6.4021
control_r2,complex_000292,complex_000292,13,-5.151
control_r2,complex_000292,complex_000292,14,-6.45524
control_r2,complex_000292,complex_000292,15,-7.39671
control_r2,complex_000292,complex_000292,16,-5.53875
control_r2,complex_000292,complex_000292,17,-5.2406
control_r2,complex_000292,complex_000292,18,-5.5003
control_r2,complex_000292,complex_000292,19,-4.6082
control_r2,complex_000292,complex_000140,0,-9.50116
control_r2,complex_000292,complex_000140,1,-5.44451
control_r2,complex_000292,complex_000140,2,-8.12425
control_r2,complex_000292,complex_000140,3,-8.46434
control_r2,complex_000292,complex_000140,4,-5.15766
control_r2,complex_000292,complex_000140,5,-5.98004
control_r2,complex_000292,complex_000140,6,-9.12466
control_r2,complex_000292,complex_000140,7,-5.89748
control_r2,complex_000292,complex_000140,8,-5.36903
control_r2,complex_000292,complex_000140,9,-5.5479
control_r2,complex_000292,complex_000140,10,-5.58908
control_r2,complex_000292,complex_000140,11,-7.05676
control_r2,complex_000292,complex_000140,12,-8.041
control_r2,complex_000292,complex_000140,13,-5.1602
control_r2,complex_000292,complex_000140,14,-7.4844
control_r2,complex_000292,complex_000140,15,-9.15611
control_r2,complex_000292,complex_000140,16,-6.68943
control_r2,complex_000292,complex_000140,17,-5.91425
control_r2,complex_000292,complex_000140,18,-6.69387
control_r2,complex_000292,complex_000140,19,-5.05541
control_r2,complex_000292,complex_000117,0,-7.57502
control_r2,complex_000292,complex_000117,1,-5.59282
control_r2,complex_000292,complex_000117,2,-8.00832
control_r2,complex_000292,complex_000117,3,-7.06954
control_r2,complex_000292,complex_000117,4,-5.48159
control_r2,complex_000292,complex_000117,5,-6.09861
control_r2,complex_000292,complex_000117,6,-7.46155
control_r2,complex_000292,complex_000117,7,-6.56961
control_r2,complex_000292,complex_000117,8,-5.43403
control_r2,complex_000292,complex_000117,9,-5.93693
control_r2,complex_000292,complex_000117,10,-6.18432
control_r2,complex_000292,complex_000117,11,-6.69925
control_r2,complex_000292,complex_000117,12,-7.41086
control_r2,complex_000292,complex_000117,13,-5.70424
control_r2,complex_000292,complex_000117,14,-6.92197
control_r2,complex_000292,complex_000117,15,-9.29858
control_r2,complex_000292,complex_000117,16,-7.90583
control_r2,complex_000292,complex_000117,17,-5.90543
control_r2,complex_000292,complex_000117,18,-6.58998
control_r2,complex_000292,complex_000117,19,-5.77635
control_r2,complex_000236,complex_000236,0,-7.09571
control_r2,complex_000236,complex_000236,1,-7.86621
control_r2,complex_000236,complex_000236,2,-8.46822
control_r2,complex_000236,complex_000236,3,-7.87937
control_r2,complex_000236,complex_000236,4,-9.06969
control_r2,complex_000236,complex_000236,5,-8.92974
control_r2,complex_000236,complex_000236,6,-7.63814
control_r2,complex_000236,complex_000236,7,-8.51459
control_r2,complex_000236,complex_000236,8,-8.74967
control_r2,complex_000236,complex_000236,9,-7.23027
control_r2,complex_000236,complex_000236,10,-5.34747
control_r2,complex_000236,complex_000236,11,-8.47233
control_r2,complex_000236,complex_000236,12,-7.89978
control_r2,complex_000236,complex_000236,13,-9.87084
control_r2,complex_000236,complex_000236,14,-7.85026
control_r2,complex_000236,complex_000236,15,-7.74865
control_r2,complex_000236,complex_000236,16,-8.75846
control_r2,complex_000236,complex_000236,17,-8.51356
control_r2,complex_000236,complex_000236,18,-10.28735
control_r2,complex_000236,complex_000236,19,-6.54418
control_r2,complex_000292,complex_000223,0,-6.08805
control_r2,complex_000292,complex_000223,1,-4.33489
control_r2,complex_000292,complex_000223,2,-5.63805
control_r2,complex_000292,complex_000223,3,-6.62113
control_r2,complex_000292,complex_000223,4,-4.64438
control_r2,complex_000292,complex_000223,5,-4.5977
control_r2,complex_000292,complex_000223,6,-5.57979
control_r2,complex_000292,complex_000223,7,-4.6515
control_r2,complex_000292,complex_000223,8,-4.51918
control_r2,complex_000292,complex_000223,9,-4.72675
control_r2,complex_000292,complex_000223,10,-4.79423
control_r2,complex_000292,complex_000223,11,-5.33031
control_r2,complex_000292,complex_000223,12,-5.53665
control_r2,complex_000292,complex_000223,13,-4.79376
control_r2,complex_000292,complex_000223,14,-5.4082
control_r2,complex_000292,complex_000223,15,-6.04702
control_r2,complex_000292,complex_000223,16,-5.44278
control_r2,complex_000292,complex_000223,17,-5.14046
control_r2,complex_000292,complex_000223,18,-5.00871
control_r2,complex_000292,complex_000223,19,-4.65266
control_r2,complex_000236,complex_000506,0,-5.5625
control_r2,complex_000236,complex_000506,1,-5.52353
control_r2,complex_000236,complex_000506,2,-6.83745
control_r2,complex_000236,complex_000506,3,-6.4343
control_r2,complex_000236,complex_000506,4,-7.07692
control_r2,complex_000236,complex_000506,5,-7.53718
control_r2,complex_000236,complex_000506,6,-6.32237
control_r2,complex_000236,complex_000506,7,-7.60874
control_r2,complex_000236,complex_000506,8,-7.01974
control_r2,complex_000236,complex_000506,9,-6.5839
control_r2,complex_000236,complex_000506,10,-5.98759
control_r2,complex_000236,complex_000506,11,-6.99604
control_r2,complex_000236,complex_000506,12,-5.86649
control_r2,complex_000236,complex_000506,13,-7.55168
control_r2,complex_000236,complex_000506,14,-8.04844
control_r2,complex_000236,complex_000506,15,-6.39241
control_r2,complex_000236,complex_000506,16,-7.49348
control_r2,complex_000236,complex_000506,17,-7.0396
control_r2,complex_000236,complex_000506,18,-7.99258
control_r2,complex_000236,complex_000506,19,-5.49012
control_r2,complex_000236,complex_000292,0,-5.99035
control_r2,complex_000236,complex_000292,1,-6.20509
control_r2,complex_000236,complex_000292,2,-7.33319
control_r2,complex_000236,complex_000292,3,-6.15512
control_r2,complex_000236,complex_000292,4,-7.14585
control_r2,complex_000236,complex_000292,5,-6.50473
control_r2,complex_000236,complex_000292,6,-6.14587
control_r2,complex_000236,complex_000292,7,-6.85491
control_r2,complex_000236,complex_000292,8,-7.28944
control_r2,complex_000236,complex_000292,9,-6.68471
control_r2,complex_000236,complex_000292,10,-4.92071
control_r2,complex_000236,complex_000292,11,-7.87281
control_r2,complex_000236,complex_000292,12,-5.92842
control_r2,complex_000236,complex_000292,13,-6.98223
control_r2,complex_000236,complex_000292,14,-6.72554
control_r2,complex_000236,complex_000292,15,-7.43709
control_r2,complex_000236,complex_000292,16,-7.75685
control_r2,complex_000236,complex_000292,17,-7.74905
control_r2,complex_000236,complex_000292,18,-8.71846
control_r2,complex_000236,complex_000292,19,-5.94034
control_r2,complex_000236,complex_000305,0,-7.76759
control_r2,complex_000236,complex_000305,1,-7.51369
control_r2,complex_000236,complex_000305,2,-8.91386
control_r2,complex_000236,complex_000305,3,-7.51018
control_r2,complex_000236,complex_000305,4,-9.49472
control_r2,complex_000236,complex_000305,5,-9.5519
control_r2,complex_000236,complex_000305,6,-8.73007
control_r2,complex_000236,complex_000305,7,-9.1884
control_r2,complex_000236,complex_000305,8,-10.09038
control_r2,complex_000236,complex_000305,9,-8.04092
control_r2,complex_000236,complex_000305,10,-5.73027
control_r2,complex_000236,complex_000305,11,-10.67836
control_r2,complex_000236,complex_000305,12,-7.46798
control_r2,complex_000236,complex_000305,13,-10.36029
control_r2,complex_000236,complex_000305,14,-9.75392
control_r2,complex_000236,complex_000305,15,-8.31964
control_r2,complex_000236,complex_000305,16,-10.26432
control_r2,complex_000236,complex_000305,17,-9.86816
control_r2,complex_000236,complex_000305,18,-10.56689
control_r2,complex_000236,complex_000305,19,-7.36264
control_r2,complex_000305,complex_000236,0,-9.34884
control_r2,complex_000305,complex_000236,1,-8.03479
control_r2,complex_000305,complex_000236,2,-5.74265
control_r2,complex_000305,complex_000236,3,-6.90149
control_r2,complex_000305,complex_000236,4,-9.51868
control_r2,complex_000305,complex_000236,5,-5.58652
control_r2,complex_000305,complex_000236,6,-4.94332
control_r2,complex_000305,complex_000236,7,-8.53372
control_r2,complex_000305,complex_000236,8,-7.30633
control_r2,complex_000305,complex_000236,9,-6.92538
control_r2,complex_000305,complex_000236,10,-7.83577
control_r2,complex_000305,complex_000236,11,-5.67798
control_r2,complex_000305,complex_000236,12,-8.83702
control_r2,complex_000305,complex_000236,13,-5.45284
control_r2,complex_000305,complex_000236,14,-9.25333
control_r2,complex_000305,complex_000236,15,-7.22243
control_r2,complex_000305,complex_000236,16,-4.83825
control_r2,complex_000305,complex_000236,17,-11.05991
control_r2,complex_000305,complex_000236,18,-6.97139
control_r2,complex_000305,complex_000236,19,-8.46441
control_r2,complex_000305,complex_000472,0,-11.29029
control_r2,complex_000305,complex_000472,1,-9.78035
control_r2,complex_000305,complex_000472,2,-6.27876
control_r2,complex_000305,complex_000472,3,-6.64529
control_r2,complex_000305,complex_000472,4,-10.91411
control_r2,complex_000305,complex_000472,5,-5.51439
control_r2,complex_000305,complex_000472,6,-5.6987
control_r2,complex_000305,complex_000472,7,-9.81349
control_r2,complex_000305,complex_000472,8,-7.35496
control_r2,complex_000305,complex_000472,9,-7.92313
control_r2,complex_000305,complex_000472,10,-7.28191
control_r2,complex_000305,complex_000472,11,-5.66936
control_r2,complex_000305,complex_000472,12,-10.48475
control_r2,complex_000305,complex_000472,13,-5.78249
control_r2,complex_000305,complex_000472,14,-10.21224
control_r2,complex_000305,complex_000472,15,-7.88892
control_r2,complex_000305,complex_000472,16,-5.34307
control_r2,complex_000305,complex_000472,17,-11.51282
control_r2,complex_000305,complex_000472,18,-7.43671
control_r2,complex_000305,complex_000472,19,-8.99377
control_r2,complex_000305,complex_000403,0,-8.98655
control_r2,complex_000305,complex_000403,1,-8.66625
control_r2,complex_000305,complex_000403,2,-5.76819
control_r2,complex_000305,complex_000403,3,-6.26189
control_r2,complex_000305,complex_000403,4,-10.02715
control_r2,complex_000305,complex_000403,5,-5.58236
control_r2,complex_000305,complex_000403,6,-4.95294
control_r2,complex_000305,complex_000403,7,-8.52143
control_r2,complex_000305,complex_000403,8,-7.089
control_r2,complex_000305,complex_000403,9,-6.80124
control_r2,complex_000305,complex_000403,10,-6.83025
control_r2,complex_000305,complex_000403,11,-5.49487
control_r2,complex_000305,complex_000403,12,-10.30084
control_r2,complex_000305,complex_000403,13,-5.54846
control_r2,complex_000305,complex_000403,14,-8.20354
control_r2,complex_000305,complex_000403,15,-7.2501
control_r2,complex_000305,complex_000403,16,-4.99631
control_r2,complex_000305,complex_000403,17,-9.8517
control_r2,complex_000305,complex_000403,18,-7.18877
control_r2,complex_000305,complex_000403,19,-8.0011
control_r2,complex_000305,complex_000305,0,-10.24113
control_r2,complex_000305,complex_000305,1,-10.46765
control_r2,complex_000305,complex_000305,2,-5.91999
control_r2,complex_000305,complex_000305,3,-6.80232
control_r2,complex_000305,complex_000305,4,-10.98614
control_r2,complex_000305,complex_000305,5,-5.82076
control_r2,complex_000305,complex_000305,6,-5.23838
control_r2,complex_000305,complex_000305,7,-10.18192
control_r2,complex_000305,complex_000305,8,-7.71177
control_r2,complex_000305,complex_000305,9,-8.25771
control_r2,complex_000305,complex_000305,10,-7.46287
control_r2,complex_000305,complex_000305,11,-5.93003
control_r2,complex_000305,complex_000305,12,-10.03228
control_r2,complex_000305,complex_000305,13,-5.7324
control_r2,complex_000305,complex_000305,14,-9.9389
control_r2,complex_000305,complex_000305,15,-7.86963
control_r2,complex_000305,complex_000305,16,-5.13213
control_r2,complex_000305,complex_000305,17,-8.91169
control_r2,complex_000305,complex_000305,18,-7.63892
control_r2,complex_000305,complex_000305,19,-8.17403
control_r2,complex_000374,complex_000148,0,-6.07836
control_r2,complex_000374,complex_000148,1,-9.30198
control_r2,complex_000374,complex_000148,2,-8.35074
control_r2,complex_000374,complex_000148,3,-8.30659
control_r2,complex_000374,complex_000148,4,-7.92547
control_r2,complex_000374,complex_000148,5,-5.82655
control_r2,complex_000374,complex_000148,6,-8.85278
control_r2,complex_000374,complex_000148,7,-4.88705
control_r2,complex_000374,complex_000148,8,-8.24618
control_r2,complex_000374,complex_000148,9,-7.40997
control_r2,complex_000374,complex_000148,10,-7.7584
control_r2,complex_000374,complex_000148,11,-7.32478
control_r2,complex_000374,complex_000148,12,-5.97327
control_r2,complex_000374,complex_000148,13,-8.4233
control_r2,complex_000374,complex_000148,14,-7.45011
control_r2,complex_000374,complex_000148,15,-8.27966
control_r2,complex_000374,complex_000148,16,-8.43607
control_r2,complex_000374,complex_000148,17,-9.24894
control_r2,complex_000374,complex_000148,18,-5.4736
control_r2,complex_000374,complex_000148,19,-7.74886
control_r2,complex_000363,complex_000363,0,-11.49653
control_r2,complex_000363,complex_000363,1,-11.2293
control_r2,complex_000363,complex_000363,2,-7.8421
control_r2,complex_000363,complex_000363,3,-7.55889
control_r2,complex_000363,complex_000363,4,-10.0833
control_r2,complex_000363,complex_000363,5,-6.52459
control_r2,complex_000363,complex_000363,6,-8.57049
control_r2,complex_000363,complex_000363,7,-9.78126
control_r2,complex_000363,complex_000363,8,-7.6395
control_r2,complex_000363,complex_000363,9,-9.30158
control_r2,complex_000363,complex_000363,10,-8.06419
control_r2,complex_000363,complex_000363,11,-8.73296
control_r2,complex_000363,complex_000363,12,-10.33163
control_r2,complex_000363,complex_000363,13,-9.78052
control_r2,complex_000363,complex_000363,14,-8.28815
control_r2,complex_000363,complex_000363,15,-10.96277
control_r2,complex_000363,complex_000363,16,-11.61168
control_r2,complex_000363,complex_000363,17,-11.00226
control_r2,complex_000363,complex_000363,18,-10.19786
control_r2,complex_000363,complex_000363,19,-7.65689
control_r2,complex_000374,complex_000069,0,-6.50144
control_r2,complex_000374,complex_000069,1,-11.2352
control_r2,complex_000374,complex_000069,2,-8.90205
control_r2,complex_000374,complex_000069,3,-9.50052
control_r2,complex_000374,complex_000069,4,-8.7819
control_r2,complex_000374,complex_000069,5,-6.09373
control_r2,complex_000374,complex_000069,6,-9.24663
control_r2,complex_000374,complex_000069,7,-6.18911
control_r2,complex_000374,complex_000069,8,-8.82693
control_r2,complex_000374,complex_000069,9,-8.242
control_r2,complex_000374,complex_000069,10,-8.5576
control_r2,complex_000374,complex_000069,11,-7.4092
control_r2,complex_000374,complex_000069,12,-7.14908
control_r2,complex_000374,complex_000069,13,-9.50878
control_r2,complex_000374,complex_000069,14,-7.66328
control_r2,complex_000374,complex_000069,15,-8.76296
control_r2,complex_000374,complex_000069,16,-9.58337
control_r2,complex_000374,complex_000069,17,-10.22748
control_r2,complex_000374,complex_000069,18,-6.37626
control_r2,complex_000374,complex_000069,19,-7.92074
control_r2,complex_000374,complex_000374,0,-6.74539
control_r2,complex_000374,complex_000374,1,-11.93241
control_r2,complex_000374,complex_000374,2,-10.61515
control_r2,complex_000374,complex_000374,3,-9.70161
control_r2,complex_000374,complex_000374,4,-8.99943
control_r2,complex_000374,complex_000374,5,-6.67187
control_r2,complex_000374,complex_000374,6,-10.5927
control_r2,complex_000374,complex_000374,7,-5.77144
control_r2,complex_000374,complex_000374,8,-10.77231
control_r2,complex_000374,complex_000374,9,-9.31126
control_r2,complex_000374,complex_000374,10,-9.8705
control_r2,complex_000374,complex_000374,11,-8.65117
control_r2,complex_000374,complex_000374,12,-7.75027
control_r2,complex_000374,complex_000374,13,-9.84959
control_r2,complex_000374,complex_000374,14,-8.59233
control_r2,complex_000374,complex_000374,15,-9.5754
control_r2,complex_000374,complex_000374,16,-9.83682
control_r2,complex_000374,complex_000374,17,-10.84067
control_r2,complex_000374,complex_000374,18,-6.98166
control_r2,complex_000374,complex_000374,19,-9.44254
control_r2,complex_000363,complex_000145,0,-7.1419
control_r2,complex_000363,complex_000145,1,-7.51225
control_r2,complex_000363,complex_000145,2,-5.222
control_r2,complex_000363,complex_000145,3,-5.3528
control_r2,complex_000363,complex_000145,4,-6.53114
control_r2,complex_000363,complex_000145,5,-4.24456
control_r2,complex_000363,complex_000145,6,-5.99174
control_r2,complex_000363,complex_000145,7,-7.56455
control_r2,complex_000363,complex_000145,8,-5.19014
control_r2,complex_000363,complex_000145,9,-5.50186
control_r2,complex_000363,complex_000145,10,-5.68648
control_r2,complex_000363,complex_000145,11,-7.0422
control_r2,complex_000363,complex_000145,12,-6.44548
control_r2,complex_000363,complex_000145,13,-6.59479
control_r2,complex_000363,complex_000145,14,-5.63306
control_r2,complex_000363,complex_000145,15,-7.99002
control_r2,complex_000363,complex_000145,16,-7.62044
control_r2,complex_000363,complex_000145,17,-7.45544
control_r2,complex_000363,complex_000145,18,-6.9257
control_r2,complex_000363,complex_000145,19,-5.4612
control_r2,complex_000363,complex_000473,0,-8.5819
control_r2,complex_000363,complex_000473,1,-7.36763
control_r2,complex_000363,complex_000473,2,-6.34509
control_r2,complex_000363,complex_000473,3,-5.85986
control_r2,complex_000363,complex_000473,4,-7.36552
control_r2,complex_000363,complex_000473,5,-5.13824
control_r2,complex_000363,complex_000473,6,-6.49166
control_r2,complex_000363,complex_000473,7,-8.15715
control_r2,complex_000363,complex_000473,8,-6.05943
control_r2,complex_000363,complex_000473,9,-6.83737
control_r2,complex_000363,complex_000473,10,-6.51764
control_r2,complex_000363,complex_000473,11,-7.4248
control_r2,complex_000363,complex_000473,12,-7.82534
control_r2,complex_000363,complex_000473,13,-8.06166
control_r2,complex_000363,complex_000473,14,-6.46336
control_r2,complex_000363,complex_000473,15,-8.1114
control_r2,complex_000363,complex_000473,16,-7.96328
control_r2,complex_000363,complex_000473,17,-7.66518
control_r2,complex_000363,complex_000473,18,-7.6376
control_r2,complex_000363,complex_000473,19,-6.09299
control_r2,complex_000335,complex_000335,0,-6.14379
control_r2,complex_000335,complex_000335,1,-4.89886
control_r2,complex_000335,complex_000335,2,-4.86134
control_r2,complex_000335,complex_000335,3,-5.8176
control_r2,complex_000335,complex_000335,4,-6.60196
control_r2,complex_000335,complex_000335,5,-6.63449
control_r2,complex_000335,complex_000335,6,-6.79125
control_r2,complex_000335,complex_000335,7,-5.85233
control_r2,complex_000335,complex_000335,8,-6.25827
control_r2,complex_000335,complex_000335,9,-5.17329
control_r2,complex_000335,complex_000335,10,-5.82241
control_r2,complex_000335,complex_000335,11,-6.53081
control_r2,complex_000335,complex_000335,12,-7.97812
control_r2,complex_000335,complex_000335,13,-7.19532
control_r2,complex_000335,complex_000335,14,-4.42286
control_r2,complex_000335,complex_000335,15,-6.1321
control_r2,complex_000335,complex_000335,16,-5.4516
control_r2,complex_000335,complex_000335,17,-6.62661
control_r2,complex_000335,complex_000335,18,-6.31885
control_r2,complex_000335,complex_000335,19,-6.17346
control_r2,complex_000363,complex_000193,0,-8.27142
control_r2,complex_000363,complex_000193,1,-8.31983
control_r2,complex_000363,complex_000193,2,-6.1641
control_r2,complex_000363,complex_000193,3,-5.80913
control_r2,complex_000363,complex_000193,4,-8.38059
control_r2,complex_000363,complex_000193,5,-4.80276
control_r2,complex_000363,complex_000193,6,-6.43368
control_r2,complex_000363,complex_000193,7,-7.58894
control_r2,complex_000363,complex_000193,8,-6.47683
control_r2,complex_000363,complex_000193,9,-7.00889
control_r2,complex_000363,complex_000193,10,-6.32954
control_r2,complex_000363,complex_000193,11,-7.91396
control_r2,complex_000363,complex_000193,12,-7.38826
control_r2,complex_000363,complex_000193,13,-8.36228
control_r2,complex_000363,complex_000193,14,-6.66463
control_r2,complex_000363,complex_000193,15,-8.71843
control_r2,complex_000363,complex_000193,16,-8.20786
control_r2,complex_000363,complex_000193,17,-7.47462
control_r2,complex_000363,complex_000193,18,-7.22405
control_r2,complex_000363,complex_000193,19,-6.89276
control_r2,complex_000335,complex_000140,0,-6.26486
control_r2,complex_000335,complex_000140,1,-5.0446
control_r2,complex_000335,complex_000140,2,-6.07194
control_r2,complex_000335,complex_000140,3,-6.06155
control_r2,complex_000335,complex_000140,4,-8.10237
control_r2,complex_000335,complex_000140,5,-8.04752
control_r2,complex_000335,complex_000140,6,-8.46207
control_r2,complex_000335,complex_000140,7,-7.29349
control_r2,complex_000335,complex_000140,8,-8.10501
control_r2,complex_000335,complex_000140,9,-7.08311
control_r2,complex_000335,complex_000140,10,-7.32907
control_r2,complex_000335,complex_000140,11,-8.05663
control_r2,complex_000335,complex_000140,12,-10.89721
control_r2,complex_000335,complex_000140,13,-8.9566
control_r2,complex_000335,complex_000140,14,-5.46283
control_r2,complex_000335,complex_000140,15,-7.68388
control_r2,complex_000335,complex_000140,16,-5.4948
control_r2,complex_000335,complex_000140,17,-8.90883
control_r2,complex_000335,complex_000140,18,-8.52974
control_r2,complex_000335,complex_000140,19,-6.36918
control_r2,complex_000374,complex_000117,0,-6.77899
control_r2,complex_000374,complex_000117,1,-7.80435
control_r2,complex_000374,complex_000117,2,-8.68121
control_r2,complex_000374,complex_000117,3,-8.56378
control_r2,complex_000374,complex_000117,4,-9.85721
control_r2,complex_000374,complex_000117,5,-6.84686
control_r2,complex_000374,complex_000117,6,-8.20141
control_r2,complex_000374,complex_000117,7,-6.08408
control_r2,complex_000374,complex_000117,8,-8.89125
control_r2,complex_000374,complex_000117,9,-8.85999
control_r2,complex_000374,complex_000117,10,-8.96046
control_r2,complex_000374,complex_000117,11,-7.14832
control_r2,complex_000374,complex_000117,12,-7.85766
control_r2,complex_000374,complex_000117,13,-7.43502
control_r2,complex_000374,complex_000117,14,-6.11654
control_r2,complex_000374,complex_000117,15,-8.05413
control_r2,complex_000374,complex_000117,16,-7.98302
control_r2,complex_000374,complex_000117,17,-9.94367
control_r2,complex_000374,complex_000117,18,-6.61535
control_r2,complex_000374,complex_000117,19,-7.46344
control_r2,complex_000335,complex_000145,0,-5.45481
control_r2,complex_000335,complex_000145,1,-3.91974
control_r2,complex_000335,complex_000145,2,-4.32101
control_r2,complex_000335,complex_000145,3,-4.56615
control_r2,complex_000335,complex_000145,4,-6.13313
control_r2,complex_000335,complex_000145,5,-6.75692
control_r2,complex_000335,complex_000145,6,-5.9812
control_r2,complex_000335,complex_000145,7,-5.51668
control_r2,complex_000335,complex_000145,8,-5.74186
control_r2,complex_000335,complex_000145,9,-5.42197
control_r2,complex_000335,complex_000145,10,-5.22893
control_r2,complex_000335,complex_000145,11,-5.4791
control_r2,complex_000335,complex_000145,12,-7.9302
control_r2,complex_000335,complex_000145,13,-6.77557
control_r2,complex_000335,complex_000145,14,-4.17572
control_r2,complex_000335,complex_000145,15,-5.45319
control_r2,complex_000335,complex_000145,16,-4.53304
control_r2,complex_000335,complex_000145,17,-6.28658
control_r2,complex_000335,complex_000145,18,-5.84613
control_r2,complex_000335,complex_000145,19,-5.12993
control_r2,complex_000335,complex_000394,0,-6.57857
control_r2,complex_000335,complex_000394,1,-5.58327
control_r2,complex_000335,complex_000394,2,-5.91569
control_r2,complex_000335,complex_000394,3,-5.90993
control_r2,complex_000335,complex_000394,4,-8.12898
control_r2,complex_000335,complex_000394,5,-7.83306
control_r2,complex_000335,complex_000394,6,-8.34656
control_r2,complex_000335,complex_000394,7,-7.37629
control_r2,complex_000335,complex_000394,8,-8.09892
control_r2,complex_000335,complex_000394,9,-6.48923
control_r2,complex_000335,complex_000394,10,-7.52725
control_r2,complex_000335,complex_000394,11,-7.76187
control_r2,complex_000335,complex_000394,12,-8.83464
control_r2,complex_000335,complex_000394,13,-8.22313
control_r2,complex_000335,complex_000394,14,-4.64625
control_r2,complex_000335,complex_000394,15,-7.32936
control_r2,complex_000335,complex_000394,16,-6.11491
control_r2,complex_000335,complex_000394,17,-8.14966
control_r2,complex_000335,complex_000394,18,-7.48732
control_r2,complex_000335,complex_000394,19,-7.82619
control_r2,complex_000382,complex_000063,0,-7.68792
control_r2,complex_000382,complex_000063,1,-6.6511
control_r2,complex_000382,complex_000063,2,-7.44031
control_r2,complex_000382,complex_000063,3,-6.49209
control_r2,complex_000382,complex_000063,4,-7.72259
control_r2,complex_000382,complex_000063,5,-7.5289
control_r2,complex_000382,complex_000063,6,-6.65445
control_r2,complex_000382,complex_000063,7,-5.75105
control_r2,complex_000382,complex_000063,8,-7.71768
control_r2,complex_000382,complex_000063,9,-7.81199
control_r2,complex_000382,complex_000063,10,-7.86232
control_r2,complex_000382,complex_000063,11,-7.50239
control_r2,complex_000382,complex_000063,12,-8.49294
control_r2,complex_000382,complex_000063,13,-7.42985
control_r2,complex_000382,complex_000063,14,-7.33333
control_r2,complex_000382,complex_000063,15,-6.36438
control_r2,complex_000382,complex_000063,16,-6.77699
control_r2,complex_000382,complex_000063,17,-7.44402
control_r2,complex_000382,complex_000063,18,-5.68769
control_r2,complex_000382,complex_000063,19,-6.62925
control_r2,complex_000382,complex_000117,0,-8.10547
control_r2,complex_000382,complex_000117,1,-6.75995
control_r2,complex_000382,complex_000117,2,-8.8777
control_r2,complex_000382,complex_000117,3,-7.55868
control_r2,complex_000382,complex_000117,4,-8.22738
control_r2,complex_000382,complex_000117,5,-8.07964
control_r2,complex_000382,complex_000117,6,-6.74861
control_r2,complex_000382,complex_000117,7,-6.04356
control_r2,complex_000382,complex_000117,8,-9.44746
control_r2,complex_000382,complex_000117,9,-8.44115
control_r2,complex_000382,complex_000117,10,-8.35322
control_r2,complex_000382,complex_000117,11,-6.86985
control_r2,complex_000382,complex_000117,12,-8.09801
control_r2,complex_000382,complex_000117,13,-7.5783
control_r2,complex_000382,complex_000117,14,-7.75502
control_r2,complex_000382,complex_000117,15,-6.47974
control_r2,complex_000382,complex_000117,16,-7.91957
control_r2,complex_000382,complex_000117,17,-8.39971
control_r2,complex_000382,complex_000117,18,-5.95232
control_r2,complex_000382,complex_000117,19,-7.11251
control_r2,complex_000382,complex_000382,0,-9.18522
control_r2,complex_000382,complex_000382,1,-7.45396
control_r2,complex_000382,complex_000382,2,-10.08452
control_r2,complex_000382,complex_000382,3,-7.72877
control_r2,complex_000382,complex_000382,4,-9.66459
control_r2,complex_000382,complex_000382,5,-7.83147
control_r2,complex_000382,complex_000382,6,-7.49654
control_r2,complex_000382,complex_000382,7,-7.00829
control_r2,complex_000382,complex_000382,8,-9.58877
control_r2,complex_000382,complex_000382,9,-10.08345
control_r2,complex_000382,complex_000382,10,-9.00034
control_r2,complex_000382,complex_000382,11,-8.87178
control_r2,complex_000382,complex_000382,12,-11.14743
control_r2,complex_000382,complex_000382,13,-8.26757
control_r2,complex_000382,complex_000382,14,-8.29905
control_r2,complex_000382,complex_000382,15,-7.17952
control_r2,complex_000382,complex_000382,16,-7.91198
control_r2,complex_000382,complex_000382,17,-9.21999
control_r2,complex_000382,complex_000382,18,-7.08125
control_r2,complex_000382,complex_000382,19,-8.02332
control_r2,complex_000382,complex_000400,0,-8.47236
control_r2,complex_000382,complex_000400,1,-7.57666
control_r2,complex_000382,complex_000400,2,-8.92425
control_r2,complex_000382,complex_000400,3,-7.56852
control_r2,complex_000382,complex_000400,4,-9.89131
control_r2,complex_000382,complex_000400,5,-8.12643
control_r2,complex_000382,complex_000400,6,-7.68858
control_r2,complex_000382,complex_000400,7,-6.55436
control_r2,complex_000382,complex_000400,8,-9.29567
control_r2,complex_000382,complex_000400,9,-8.08808
control_r2,complex_000382,complex_000400,10,-8.79195
control_r2,complex_000382,complex_000400,11,-8.11462
control_r2,complex_000382,complex_000400,12,-10.00138
control_r2,complex_000382,complex_000400,13,-8.48856
control_r2,complex_000382,complex_000400,14,-7.70794
control_r2,complex_000382,complex_000400,15,-6.72097
control_r2,complex_000382,complex_000400,16,-7.61063
control_r2,complex_000382,complex_000400,17,-9.62524
control_r2,complex_000382,complex_000400,18,-6.63046
control_r2,complex_000382,complex_000400,19,-8.03645
control_r2,complex_000387,complex_000387,0,-6.03785
control_r2,complex_000387,complex_000387,1,-7.69046
control_r2,complex_000387,complex_000387,2,-10.52895
control_r2,complex_000387,complex_000387,3,-7.58184
control_r2,complex_000387,complex_000387,4,-8.03532
control_r2,complex_000387,complex_000387,5,-10.42789
control_r2,complex_000387,complex_000387,6,-8.16348
control_r2,complex_000387,complex_000387,7,-6.35688
control_r2,complex_000387,complex_000387,8,-10.54579
control_r2,complex_000387,complex_000387,9,-8.71235
control_r2,complex_000387,complex_000387,10,-7.73574
control_r2,complex_000387,complex_000387,11,-9.88301
control_r2,complex_000387,complex_000387,12,-5.687
control_r2,complex_000387,complex_000387,13,-10.1132
control_r2,complex_000387,complex_000387,14,-9.89497
control_r2,complex_000387,complex_000387,15,-7.24121
control_r2,complex_000387,complex_000387,16,-9.65009
control_r2,complex_000387,complex_000387,17,-8.95994
control_r2,complex_000387,complex_000387,18,-11.47202
control_r2,complex_000387,complex_000387,19,-9.12579
control_r2,complex_000376,complex_000376,0,-8.52127
control_r2,complex_000376,complex_000376,1,-7.71978
control_r2,complex_000376,complex_000376,2,-5.14315
control_r2,complex_000376,complex_000376,3,-9.83115
control_r2,complex_000376,complex_000376,4,-5.01435
control_r2,complex_000376,complex_000376,5,-9.1062
control_r2,complex_000376,complex_000376,6,-7.83519
control_r2,complex_000376,complex_000376,7,-4.50275
control_r2,complex_000376,complex_000376,8,-8.67931
control_r2,complex_000376,complex_000376,9,-7.95936
control_r2,complex_000376,complex_000376,10,-9.43588
control_r2,complex_000376,complex_000376,11,-5.55163
control_r2,complex_000376,complex_000376,12,-7.57134
control_r2,complex_000376,complex_000376,13,-6.35631
control_r2,complex_000376,complex_000376,14,-9.33946
control_r2,complex_000376,complex_000376,15,-6.97462
control_r2,complex_000376,complex_000376,16,-7.32518
control_r2,complex_000376,complex_000376,17,-7.76051
control_r2,complex_000376,complex_000376,18,-9.30102
control_r2,complex_000376,complex_000376,19,-7.05532
control_r2,complex_000387,complex_000141,0,-5.58139
control_r2,complex_000387,complex_000141,1,-6.43237
control_r2,complex_000387,complex_000141,2,-8.04849
control_r2,complex_000387,complex_000141,3,-6.22373
control_r2,complex_000387,complex_000141,4,-7.32264
control_r2,complex_000387,complex_000141,5,-8.07155
control_r2,complex_000387,complex_000141,6,-6.58781
control_r2,complex_000387,complex_000141,7,-4.96802
control_r2,complex_000387,complex_000141,8,-8.11445
control_r2,complex_000387,complex_000141,9,-7.73224
control_r2,complex_000387,complex_000141,10,-6.28251
control_r2,complex_000387,complex_000141,11,-8.89429
control_r2,complex_000387,complex_000141,12,-4.36274
control_r2,complex_000387,complex_000141,13,-8.73317
control_r2,complex_000387,complex_000141,14,-8.85571
control_r2,complex_000387,complex_000141,15,-6.25241
control_r2,complex_000387,complex_000141,16,-7.57045
control_r2,complex_000387,complex_000141,17,-7.39648
control_r2,complex_000387,complex_000141,18,-9.05195
control_r2,complex_000387,complex_000141,19,-7.95022
control_r2,complex_000376,complex_000165,0,-6.46249
control_r2,complex_000376,complex_000165,1,-5.45096
control_r2,complex_000376,complex_000165,2,-6.68067
control_r2,complex_000376,complex_000165,3,-0.31616
control_r2,complex_000376,complex_000165,4,-5.83553
control_r2,complex_000376,complex_000165,5,2.90845
control_r2,complex_000376,complex_000165,6,-5.00648
control_r2,complex_000376,complex_000165,7,-5.31839
control_r2,complex_000376,complex_000165,8,-8.34844
control_r2,complex_000376,complex_000165,9,-3.46159
control_r2,complex_000376,complex_000165,10,-3.81259
control_r2,complex_000376,complex_000165,11,-6.63287
control_r2,complex_000376,complex_000165,12,-4.07645
control_r2,complex_000376,complex_000165,13,-7.84503
control_r2,complex_000376,complex_000165,14,1.87095
control_r2,complex_000376,complex_000165,15,-5.96251
control_r2,complex_000376,complex_000165,16,-6.9704
control_r2,complex_000376,complex_000165,17,0.92467
control_r2,complex_000376,complex_000165,18,1.99193
control_r2,complex_000376,complex_000165,19,-6.96196
control_r2,complex_000387,complex_000456,0,-5.61307
control_r2,complex_000387,complex_000456,1,-5.84314
control_r2,complex_000387,complex_000456,2,-7.66988
control_r2,complex_000387,complex_000456,3,-6.90049
control_r2,complex_000387,complex_000456,4,-7.36824
control_r2,complex_000387,complex_000456,5,-8.43801
control_r2,complex_000387,complex_000456,6,-7.48504
control_r2,complex_000387,complex_000456,7,-5.7661
control_r2,complex_000387,complex_000456,8,-7.66205
control_r2,complex_000387,complex_000456,9,-6.83848
control_r2,complex_000387,complex_000456,10,-6.39134
control_r2,complex_000387,complex_000456,11,-8.37406
control_r2,complex_000387,complex_000456,12,-4.88027
control_r2,complex_000387,complex_000456,13,-7.78647
control_r2,complex_000387,complex_000456,14,-8.98875
control_r2,complex_000387,complex_000456,15,-6.11624
control_r2,complex_000387,complex_000456,16,-8.34848
control_r2,complex_000387,complex_000456,17,-7.52463
control_r2,complex_000387,complex_000456,18,-9.60937
control_r2,complex_000387,complex_000456,19,-7.16938
control_r2,complex_000376,complex_000145,0,-6.10874
control_r2,complex_000376,complex_000145,1,-5.00738
control_r2,complex_000376,complex_000145,2,-3.95398
control_r2,complex_000376,complex_000145,3,-6.53626
control_r2,complex_000376,complex_000145,4,-3.98252
control_r2,complex_000376,complex_000145,5,-6.1039
control_r2,complex_000376,complex_000145,6,-5.1863
control_r2,complex_000376,complex_000145,7,-3.39852
control_r2,complex_000376,complex_000145,8,-6.25221
control_r2,complex_000376,complex_000145,9,-5.69572
control_r2,complex_000376,complex_000145,10,-6.79901
control_r2,complex_000376,complex_000145,11,-4.43227
control_r2,complex_000376,complex_000145,12,-5.8689
control_r2,complex_000376,complex_000145,13,-4.93084
control_r2,complex_000376,complex_000145,14,-6.551
control_r2,complex_000376,complex_000145,15,-5.19858
control_r2,complex_000376,complex_000145,16,-5.05727
control_r2,complex_000376,complex_000145,17,-5.50662
control_r2,complex_000376,complex_000145,18,-6.23716
control_r2,complex_000376,complex_000145,19,-5.36837
control_r2,complex_000376,complex_000148,0,-6.95315
control_r2,complex_000376,complex_000148,1,-6.13743
control_r2,complex_000376,complex_000148,2,-4.30021
control_r2,complex_000376,complex_000148,3,-7.98194
control_r2,complex_000376,complex_000148,4,-4.29521
control_r2,complex_000376,complex_000148,5,-8.41668
control_r2,complex_000376,complex_000148,6,-6.44852
control_r2,complex_000376,complex_000148,7,-4.06074
control_r2,complex_000376,complex_000148,8,-7.10657
control_r2,complex_000376,complex_000148,9,-7.12818
control_r2,complex_000376,complex_000148,10,-8.41076
control_r2,complex_000376,complex_000148,11,-5.15459
control_r2,complex_000376,complex_000148,12,-6.77547
control_r2,complex_000376,complex_000148,13,-5.29199
control_r2,complex_000376,complex_000148,14,-8.48972
control_r2,complex_000376,complex_000148,15,-6.59697
control_r2,complex_000376,complex_000148,16,-6.21971
control_r2,complex_000376,complex_000148,17,-6.98297
control_r2,complex_000376,complex_000148,18,-7.78608
control_r2,complex_000376,complex_000148,19,-6.03528
control_r2,complex_000387,complex_000223,0,-4.61844
control_r2,complex_000387,complex_000223,1,-4.92272
control_r2,complex_000387,complex_000223,2,-6.38228
control_r2,complex_000387,complex_000223,3,-5.3197
control_r2,complex_000387,complex_000223,4,-6.16425
control_r2,complex_000387,complex_000223,5,-6.19202
control_r2,complex_000387,complex_000223,6,-5.40687
control_r2,complex_000387,complex_000223,7,-4.97072
control_r2,complex_000387,complex_000223,8,-6.15371
control_r2,complex_000387,complex_000223,9,-6.18634
control_r2,complex_000387,complex_000223,10,-4.99838
control_r2,complex_000387,complex_000223,11,-6.81219
control_r2,complex_000387,complex_000223,12,-4.47042
control_r2,complex_000387,complex_000223,13,-6.93226
control_r2,complex_000387,complex_000223,14,-7.61896
control_r2,complex_000387,complex_000223,15,-4.81129
control_r2,complex_000387,complex_000223,16,-5.74038
control_r2,complex_000387,complex_000223,17,-5.88808
control_r2,complex_000387,complex_000223,18,-8.68208
control_r2,complex_000387,complex_000223,19,-5.60762
control_r2,complex_000394,complex_000085,0,-8.25272
control_r2,complex_000394,complex_000085,1,-6.92525
control_r2,complex_000394,complex_000085,2,-8.06457
control_r2,complex_000394,complex_000085,3,-8.21131
control_r2,complex_000394,complex_000085,4,-9.88136
control_r2,complex_000394,complex_000085,5,-5.74868
control_r2,complex_000394,complex_000085,6,-8.01544
control_r2,complex_000394,complex_000085,7,-5.54307
control_r2,complex_000394,complex_000085,8,-6.91576
control_r2,complex_000394,complex_000085,9,-7.89413
control_r2,complex_000394,complex_000085,10,-9.99445
control_r2,complex_000394,complex_000085,11,-4.42024
control_r2,complex_000394,complex_000085,12,-10.25381
control_r2,complex_000394,complex_000085,13,-7.97539
control_r2,complex_000394,complex_000085,14,-8.06612
control_r2,complex_000394,complex_000085,15,-5.21167
control_r2,complex_000394,complex_000085,16,-8.06096
control_r2,complex_000394,complex_000085,17,-8.35663
control_r2,complex_000394,complex_000085,18,-9.38075
control_r2,complex_000394,complex_000085,19,-7.53667
control_r2,complex_000394,complex_000411,0,-8.47633
control_r2,complex_000394,complex_000411,1,-6.40682
control_r2,complex_000394,complex_000411,2,-7.80494
control_r2,complex_000394,complex_000411,3,-7.73026
control_r2,complex_000394,complex_000411,4,-9.09441
control_r2,complex_000394,complex_000411,5,-5.63014
control_r2,complex_000394,complex_000411,6,-7.37345
control_r2,complex_000394,complex_000411,7,-8.27231
control_r2,complex_000394,complex_000411,8,-6.09239
control_r2,complex_000394,complex_000411,9,-7.36902
control_r2,complex_000394,complex_000411,10,-10.72128
control_r2,complex_000394,complex_000411,11,-4.54986
control_r2,complex_000394,complex_000411,12,-9.52578
control_r2,complex_000394,complex_000411,13,-7.47909
control_r2,complex_000394,complex_000411,14,-7.61264
control_r2,complex_000394,complex_000411,15,-5.29391
control_r2,complex_000394,complex_000411,16,-7.80924
control_r2,complex_000394,complex_000411,17,-9.13756
control_r2,complex_000394,complex_000411,18,-9.01773
control_r2,complex_000394,complex_000411,19,-8.52875
control_r2,complex_000394,complex_000394,0,-8.40978
control_r2,complex_000394,complex_000394,1,-6.54044
control_r2,complex_000394,complex_000394,2,-7.42688
control_r2,complex_000394,complex_000394,3,-9.23402
control_r2,complex_000394,complex_000394,4,-9.16276
control_r2,complex_000394,complex_000394,5,-5.82718
control_r2,complex_000394,complex_000394,6,-8.34731
control_r2,complex_000394,complex_000394,7,-8.09807
control_r2,complex_000394,complex_000394,8,-6.52973
control_r2,complex_000394,complex_000394,9,-8.41543
control_r2,complex_000394,complex_000394,10,-10.33803
control_r2,complex_000394,complex_000394,11,-4.78583
control_r2,complex_000394,complex_000394,12,-9.54833
control_r2,complex_000394,complex_000394,13,-7.86889
control_r2,complex_000394,complex_000394,14,-4.86631
control_r2,complex_000394,complex_000394,15,-5.21636
control_r2,complex_000394,complex_000394,16,-8.20716
control_r2,complex_000394,complex_000394,17,-8.49933
control_r2,complex_000394,complex_000394,18,-10.31542
control_r2,complex_000394,complex_000394,19,-6.8334
control_r2,complex_000394,complex_000177,0,-7.94947
control_r2,complex_000394,complex_000177,1,-6.90122
control_r2,complex_000394,complex_000177,2,-6.91303
control_r2,complex_000394,complex_000177,3,-7.72025
control_r2,complex_000394,complex_000177,4,-8.41769
control_r2,complex_000394,complex_000177,5,-6.29849
control_r2,complex_000394,complex_000177,6,-6.87891
control_r2,complex_000394,complex_000177,7,-9.26237
control_r2,complex_000394,complex_000177,8,-6.5494
control_r2,complex_000394,complex_000177,9,-8.39469
control_r2,complex_000394,complex_000177,10,-8.95293
control_r2,complex_000394,complex_000177,11,-4.65305
control_r2,complex_000394,complex_000177,12,-8.56785
control_r2,complex_000394,complex_000177,13,-7.62052
control_r2,complex_000394,complex_000177,14,-6.94202
control_r2,complex_000394,complex_000177,15,-5.63257
control_r2,complex_000394,complex_000177,16,-8.1793
control_r2,complex_000394,complex_000177,17,-8.37877
control_r2,complex_000394,complex_000177,18,-8.00823
control_r2,complex_000394,complex_000177,19,-7.60178
control_r2,complex_000403,complex_000403,0,-6.10123
control_r2,complex_000403,complex_000403,1,-5.40819
control_r2,complex_000403,complex_000403,2,-7.13286
control_r2,complex_000403,complex_000403,3,-8.92906
control_r2,complex_000403,complex_000403,4,-5.85786
control_r2,complex_000403,complex_000403,5,-5.95949
control_r2,complex_000403,complex_000403,6,-9.664
control_r2,complex_000403,complex_000403,7,-9.06036
control_r2,complex_000403,complex_000403,8,-6.16786
control_r2,complex_000403,complex_000403,9,-6.27071
control_r2,complex_000403,complex_000403,10,-8.23063
control_r2,complex_000403,complex_000403,11,-7.18539
control_r2,complex_000403,complex_000403,12,-6.33698
control_r2,complex_000403,complex_000403,13,-6.89623
control_r2,complex_000403,complex_000403,14,-7.99682
control_r2,complex_000403,complex_000403,15,-5.39853
control_r2,complex_000403,complex_000403,16,-7.16068
control_r2,complex_000403,complex_000403,17,-7.49963
control_r2,complex_000403,complex_000403,18,-8.25374
control_r2,complex_000403,complex_000403,19,-6.70267
control_r2,complex_000403,complex_000477,0,-5.21713
control_r2,complex_000403,complex_000477,1,-5.41627
control_r2,complex_000403,complex_000477,2,-6.37991
control_r2,complex_000403,complex_000477,3,-7.65237
control_r2,complex_000403,complex_000477,4,-5.2138
control_r2,complex_000403,complex_000477,5,-4.93891
control_r2,complex_000403,complex_000477,6,-8.97016
control_r2,complex_000403,complex_000477,7,-8.61919
control_r2,complex_000403,complex_000477,8,-6.91196
control_r2,complex_000403,complex_000477,9,-6.18324
control_r2,complex_000403,complex_000477,10,-7.22397
control_r2,complex_000403,complex_000477,11,-6.26124
control_r2,complex_000403,complex_000477,12,-6.20229
control_r2,complex_000403,complex_000477,13,-6.1537
control_r2,complex_000403,complex_000477,14,-7.60859
control_r2,complex_000403,complex_000477,15,-4.76763
control_r2,complex_000403,complex_000477,16,-6.49164
control_r2,complex_000403,complex_000477,17,-6.29641
control_r2,complex_000403,complex_000477,18,-7.07961
control_r2,complex_000403,complex_000477,19,-6.16371
control_r2,complex_000403,complex_000179,0,-6.29402
control_r2,complex_000403,complex_000179,1,-5.41728
control_r2,complex_000403,complex_000179,2,-8.12274
control_r2,complex_000403,complex_000179,3,-9.93098
control_r2,complex_000403,complex_000179,4,-6.47111
control_r2,complex_000403,complex_000179,5,-6.35725
control_r2,complex_000403,complex_000179,6,-10.70113
control_r2,complex_000403,complex_000179,7,-10.44522
control_r2,complex_000403,complex_000179,8,-7.02405
control_r2,complex_000403,complex_000179,9,-7.30125
control_r2,complex_000403,complex_000179,10,-9.07273
control_r2,complex_000403,complex_000179,11,-7.6376
control_r2,complex_000403,complex_000179,12,-7.29416
control_r2,complex_000403,complex_000179,13,-7.70564
control_r2,complex_000403,complex_000179,14,-9.06583
control_r2,complex_000403,complex_000179,15,-5.85992
control_r2,complex_000403,complex_000179,16,-8.25013
control_r2,complex_000403,complex_000179,17,-8.30429
control_r2,complex_000403,complex_000179,18,-8.24072
control_r2,complex_000403,complex_000179,19,-7.17648
control_r2,complex_000403,complex_000305,0,-6.31492
control_r2,complex_000403,complex_000305,1,-5.411
control_r2,complex_000403,complex_000305,2,-7.9362
control_r2,complex_000403,complex_000305,3,-9.59126
control_r2,complex_000403,complex_000305,4,-6.4816
control_r2,complex_000403,complex_000305,5,-6.53306
control_r2,complex_000403,complex_000305,6,-10.00597
control_r2,complex_000403,complex_000305,7,-10.45499
control_r2,complex_000403,complex_000305,8,-6.50967
control_r2,complex_000403,complex_000305,9,-6.78302
control_r2,complex_000403,complex_000305,10,-8.76501
control_r2,complex_000403,complex_000305,11,-8.07628
control_r2,complex_000403,complex_000305,12,-7.52905
control_r2,complex_000403,complex_000305,13,-7.42507
control_r2,complex_000403,complex_000305,14,-9.02475
control_r2,complex_000403,complex_000305,15,-5.70678
control_r2,complex_000403,complex_000305,16,-7.68351
control_r2,complex_000403,complex_000305,17,-7.36929
control_r2,complex_000403,complex_000305,18,-8.44122
control_r2,complex_000403,complex_000305,19,-7.55533
control_r2,complex_000411,complex_000540,0,-7.53064
control_r2,complex_000411,complex_000540,1,-7.65824
control_r2,complex_000411,complex_000540,2,-10.00634
control_r2,complex_000411,complex_000540,3,-8.80732
control_r2,complex_000411,complex_000540,4,-5.3926
control_r2,complex_000411,complex_000540,5,-5.1484
control_r2,complex_000411,complex_000540,6,-5.64655
control_r2,complex_000411,complex_000540,7,-6.89264
control_r2,complex_000411,complex_000540,8,-8.05107
control_r2,complex_000411,complex_000540,9,-7.76381
control_r2,complex_000411,complex_000540,10,-9.06097
control_r2,complex_000411,complex_000540,11,-7.43023
control_r2,complex_000411,complex_000540,12,-4.65164
control_r2,complex_000411,complex_000540,13,-6.1227
control_r2,complex_000411,complex_000540,14,-5.26401
control_r2,complex_000411,complex_000540,15,-5.02302
control_r2,complex_000411,complex_000540,16,-7.22898
control_r2,complex_000411,complex_000540,17,-8.98759
control_r2,complex_000411,complex_000540,18,-9.64975
control_r2,complex_000411,complex_000540,19,-4.98706
control_r2,complex_000411,complex_000059,0,-8.81528
control_r2,complex_000411,complex_000059,1,-8.6403
control_r2,complex_000411,complex_000059,2,-4.18585
control_r2,complex_000411,complex_000059,3,-6.10111
control_r2,complex_000411,complex_000059,4,-6.08383
control_r2,complex_000411,complex_000059,5,-5.55229
control_r2,complex_000411,complex_000059,6,-6.00911
control_r2,complex_000411,complex_000059,7,-7.3937
control_r2,complex_000411,complex_000059,8,-7.8768
control_r2,complex_000411,complex_000059,9,-7.79354
control_r2,complex_000411,complex_000059,10,-9.73379
control_r2,complex_000411,complex_000059,11,-6.9674
control_r2,complex_000411,complex_000059,12,-5.37987
control_r2,complex_000411,complex_000059,13,-6.45803
control_r2,complex_000411,complex_000059,14,-6.14032
control_r2,complex_000411,complex_000059,15,-5.40033
control_r2,complex_000411,complex_000059,16,-8.62626
control_r2,complex_000411,complex_000059,17,-8.65826
control_r2,complex_000411,complex_000059,18,-9.4348
control_r2,complex_000411,complex_000059,19,-5.79687
control_r2,complex_000411,complex_000191,0,-5.69319
control_r2,complex_000411,complex_000191,1,-6.32819
control_r2,complex_000411,complex_000191,2,-7.06109
control_r2,complex_000411,complex_000191,3,-6.18061
control_r2,complex_000411,complex_000191,4,-4.22511
control_r2,complex_000411,complex_000191,5,-4.77298
control_r2,complex_000411,complex_000191,6,-5.43264
control_r2,complex_000411,complex_000191,7,-5.53745
control_r2,complex_000411,complex_000191,8,-6.15815
control_r2,complex_000411,complex_000191,9,-5.61167
control_r2,complex_000411,complex_000191,10,-7.14239
control_r2,complex_000411,complex_000191,11,-5.07879
control_r2,complex_000411,complex_000191,12,-4.61701
control_r2,complex_000411,complex_000191,13,-6.46995
control_r2,complex_000411,complex_000191,14,-5.9464
control_r2,complex_000411,complex_000191,15,-4.13383
control_r2,complex_000411,complex_000191,16,-6.25374
control_r2,complex_000411,complex_000191,17,-7.47366
control_r2,complex_000411,complex_000191,18,-6.83682
control_r2,complex_000411,complex_000191,19,-5.26816
control_r2,complex_000411,complex_000411,0,-7.99765
control_r2,complex_000411,complex_000411,1,-7.13343
control_r2,complex_000411,complex_000411,2,-8.94549
control_r2,complex_000411,complex_000411,3,-8.79266
control_r2,complex_000411,complex_000411,4,-6.16716
control_r2,complex_000411,complex_000411,5,-5.61088
control_r2,complex_000411,complex_000411,6,-6.08223
control_r2,complex_000411,complex_000411,7,-7.51867
control_r2,complex_000411,complex_000411,8,-8.26357
control_r2,complex_000411,complex_000411,9,-7.98813
control_r2,complex_000411,complex_000411,10,-9.1401
control_r2,complex_000411,complex_000411,11,-8.00636
control_r2,complex_000411,complex_000411,12,-4.90224
control_r2,complex_000411,complex_000411,13,-6.02228
control_r2,complex_000411,complex_000411,14,-6.36703
control_r2,complex_000411,complex_000411,15,-5.76888
control_r2,complex_000411,complex_000411,16,-7.51826
control_r2,complex_000411,complex_000411,17,-8.07709
control_r2,complex_000411,complex_000411,18,-8.98041
control_r2,complex_000411,complex_000411,19,-5.42847
control_r2,complex_000400,complex_000400,0,-7.98724
control_r2,complex_000400,complex_000400,1,-12.81845
control_r2,complex_000400,complex_000400,2,-7.80588
control_r2,complex_000400,complex_000400,3,-7.62231
control_r2,complex_000400,complex_000400,4,-9.50064
control_r2,complex_000400,complex_000400,5,-9.58214
control_r2,complex_000400,complex_000400,6,-6.74531
control_r2,complex_000400,complex_000400,7,-9.77984
control_r2,complex_000400,complex_000400,8,-7.13106
control_r2,complex_000400,complex_000400,9,-10.17007
control_r2,complex_000400,complex_000400,10,-7.49097
control_r2,complex_000400,complex_000400,11,-8.60807
control_r2,complex_000400,complex_000400,12,-10.20963
control_r2,complex_000400,complex_000400,13,-8.40741
control_r2,complex_000400,complex_000400,14,-12.18699
control_r2,complex_000400,complex_000400,15,-7.41917
control_r2,complex_000400,complex_000400,16,-10.85181
control_r2,complex_000400,complex_000400,17,-12.45235
control_r2,complex_000400,complex_000400,18,-10.39036
control_r2,complex_000400,complex_000400,19,-10.87324
control_r2,complex_000426,complex_000426,0,-5.31168
control_r2,complex_000426,complex_000426,1,-7.911
control_r2,complex_000426,complex_000426,2,-7.24536
control_r2,complex_000426,complex_000426,3,-4.68626
control_r2,complex_000426,complex_000426,4,-5.06608
control_r2,complex_000426,complex_000426,5,-6.47104
control_r2,complex_000426,complex_000426,6,-5.63143
control_r2,complex_000426,complex_000426,7,-7.93164
control_r2,complex_000426,complex_000426,8,-7.33081
control_r2,complex_000426,complex_000426,9,-4.52459
control_r2,complex_000426,complex_000426,10,-8.88037
control_r2,complex_000426,complex_000426,11,-6.60089
control_r2,complex_000426,complex_000426,12,-8.74931
control_r2,complex_000426,complex_000426,13,-6.77169
control_r2,complex_000426,complex_000426,14,-9.60821
control_r2,complex_000426,complex_000426,15,-6.8016
control_r2,complex_000426,complex_000426,16,-8.16118
control_r2,complex_000426,complex_000426,17,-6.78885
control_r2,complex_000426,complex_000426,18,-8.63688
control_r2,complex_000426,complex_000426,19,-7.05475
control_r2,complex_000426,complex_000400,0,-5.90683
control_r2,complex_000426,complex_000400,1,-7.7885
control_r2,complex_000426,complex_000400,2,-8.08709
control_r2,complex_000426,complex_000400,3,-4.62247
control_r2,complex_000426,complex_000400,4,-5.25729
control_r2,complex_000426,complex_000400,5,-7.31163
control_r2,complex_000426,complex_000400,6,-6.84448
control_r2,complex_000426,complex_000400,7,-8.48801
control_r2,complex_000426,complex_000400,8,-8.84386
control_r2,complex_000426,complex_000400,9,-4.94293
control_r2,complex_000426,complex_000400,10,-9.9464
control_r2,complex_000426,complex_000400,11,-7.56708
control_r2,complex_000426,complex_000400,12,-10.4521
control_r2,complex_000426,complex_000400,13,-7.58571
control_r2,complex_000426,complex_000400,14,-10.3167
control_r2,complex_000426,complex_000400,15,-7.07888
control_r2,complex_000426,complex_000400,16,-7.76529
control_r2,complex_000426,complex_000400,17,-7.63106
control_r2,complex_000426,complex_000400,18,-9.71955
control_r2,complex_000426,complex_000400,19,-7.77566
control_r2,complex_000400,complex_000477,0,-5.70911
control_r2,complex_000400,complex_000477,1,-10.16631
control_r2,complex_000400,complex_000477,2,-5.9048
control_r2,complex_000400,complex_000477,3,-6.86073
control_r2,complex_000400,complex_000477,4,-8.02675
control_r2,complex_000400,complex_000477,5,-7.86827
control_r2,complex_000400,complex_000477,6,-6.8856
control_r2,complex_000400,complex_000477,7,-7.93081
control_r2,complex_000400,complex_000477,8,-6.18992
control_r2,complex_000400,complex_000477,9,-8.82365
control_r2,complex_000400,complex_000477,10,-6.42936
control_r2,complex_000400,complex_000477,11,-6.45799
control_r2,complex_000400,complex_000477,12,-7.6454
control_r2,complex_000400,complex_000477,13,-7.17408
control_r2,complex_000400,complex_000477,14,-9.39196
control_r2,complex_000400,complex_000477,15,-6.27351
control_r2,complex_000400,complex_000477,16,-8.24664
control_r2,complex_000400,complex_000477,17,-9.30465
control_r2,complex_000400,complex_000477,18,-8.22899
control_r2,complex_000400,complex_000477,19,-9.89026
control_r2,complex_000426,complex_000140,0,-5.25057
control_r2,complex_000426,complex_000140,1,-8.42433
control_r2,complex_000426,complex_000140,2,-8.71582
control_r2,complex_000426,complex_000140,3,-4.34642
control_r2,complex_000426,complex_000140,4,-4.40318
control_r2,complex_000426,complex_000140,5,-7.16815
control_r2,complex_000426,complex_000140,6,-6.90134
control_r2,complex_000426,complex_000140,7,-7.362
control_r2,complex_000426,complex_000140,8,-8.74082
control_r2,complex_000426,complex_000140,9,-4.77055
control_r2,complex_000426,complex_000140,10,-9.62918
control_r2,complex_000426,complex_000140,11,-7.3636
control_r2,complex_000426,complex_000140,12,-8.5577
control_r2,complex_000426,complex_000140,13,-7.1908
control_r2,complex_000426,complex_000140,14,-10.36196
control_r2,complex_000426,complex_000140,15,-6.41181
control_r2,complex_000426,complex_000140,16,-8.50748
control_r2,complex_000426,complex_000140,17,-7.4653
control_r2,complex_000426,complex_000140,18,-8.51532
control_r2,complex_000426,complex_000140,19,-6.59499
control_r2,complex_000426,complex_000506,0,-4.73542
control_r2,complex_000426,complex_000506,1,-5.57879
control_r2,complex_000426,complex_000506,2,-6.36454
control_r2,complex_000426,complex_000506,3,-5.31543
control_r2,complex_000426,complex_000506,4,-4.28481
control_r2,complex_000426,complex_000506,5,-5.56806
control_r2,complex_000426,complex_000506,6,-5.3262
control_r2,complex_000426,complex_000506,7,-6.0352
control_r2,complex_000426,complex_000506,8,-6.47834
control_r2,complex_000426,complex_000506,9,-4.13582
control_r2,complex_000426,complex_000506,10,-6.4042
control_r2,complex_000426,complex_000506,11,-5.31637
control_r2,complex_000426,complex_000506,12,-6.25466
control_r2,complex_000426,complex_000506,13,-5.18562
control_r2,complex_000426,complex_000506,14,-7.86883
control_r2,complex_000426,complex_000506,15,-4.956
control_r2,complex_000426,complex_000506,16,-6.01521
control_r2,complex_000426,complex_000506,17,-5.51422
control_r2,complex_000426,complex_000506,18,-7.55501
control_r2,complex_000426,complex_000506,19,-6.58439
control_r2,complex_000400,complex_000394,0,-6.97093
control_r2,complex_000400,complex_000394,1,-10.25265
control_r2,complex_000400,complex_000394,2,-6.61305
control_r2,complex_000400,complex_000394,3,-7.77824
control_r2,complex_000400,complex_000394,4,-9.45429
control_r2,complex_000400,complex_000394,5,-7.76627
control_r2,complex_000400,complex_000394,6,-6.39374
control_r2,complex_000400,complex_000394,7,-6.45445
control_r2,complex_000400,complex_000394,8,-6.02493
control_r2,complex_000400,complex_000394,9,-7.59907
control_r2,complex_000400,complex_000394,10,-7.39679
control_r2,complex_000400,complex_000394,11,-8.28165
control_r2,complex_000400,complex_000394,12,-7.52439
control_r2,complex_000400,complex_000394,13,-7.91164
control_r2,complex_000400,complex_000394,14,-9.18429
control_r2,complex_000400,complex_000394,15,-7.31024
control_r2,complex_000400,complex_000394,16,-7.58363
control_r2,complex_000400,complex_000394,17,-8.54101
control_r2,complex_000400,complex_000394,18,-7.8746
control_r2,complex_000400,complex_000394,19,-9.36296
control_r2,complex_000400,complex_000051,0,-6.88363
control_r2,complex_000400,complex_000051,1,-8.79787
control_r2,complex_000400,complex_000051,2,-6.35847
control_r2,complex_000400,complex_000051,3,-6.11046
control_r2,complex_000400,complex_000051,4,-7.85385
control_r2,complex_000400,complex_000051,5,-7.29323
control_r2,complex_000400,complex_000051,6,-5.10246
control_r2,complex_000400,complex_000051,7,-4.52738
control_r2,complex_000400,complex_000051,8,-5.77749
control_r2,complex_000400,complex_000051,9,-2.78245
control_r2,complex_000400,complex_000051,10,-7.12259
control_r2,complex_000400,complex_000051,11,-8.05103
control_r2,complex_000400,complex_000051,12,-6.85836
control_r2,complex_000400,complex_000051,13,-6.54208
control_r2,complex_000400,complex_000051,14,-7.90576
control_r2,complex_000400,complex_000051,15,-7.16408
control_r2,complex_000400,complex_000051,16,-8.03362
control_r2,complex_000400,complex_000051,17,-6.66315
control_r2,complex_000400,complex_000051,18,-8.2102
control_r2,complex_000400,complex_000051,19,-10.0462
control_r2,complex_000456,complex_000456,0,-8.38009
control_r2,complex_000456,complex_000456,1,-8.20011
control_r2,complex_000456,complex_000456,2,-8.54235
control_r2,complex_000456,complex_000456,3,-7.62493
control_r2,complex_000456,complex_000456,4,-6.87907
control_r2,complex_000456,complex_000456,5,-6.71032
control_r2,complex_000456,complex_000456,6,-7.9035
control_r2,complex_000456,complex_000456,7,-9.32992
control_r2,complex_000456,complex_000456,8,-8.01598
control_r2,complex_000456,complex_000456,9,-7.18107
control_r2,complex_000456,complex_000456,10,-7.12961
control_r2,complex_000456,complex_000456,11,-5.99232
control_r2,complex_000456,complex_000456,12,-8.22801
control_r2,complex_000456,complex_000456,13,-6.82651
control_r2,complex_000456,complex_000456,14,-8.94303
control_r2,complex_000456,complex_000456,15,-9.42484
control_r2,complex_000456,complex_000456,16,-7.83839
control_r2,complex_000456,complex_000456,17,-7.30708
control_r2,complex_000456,complex_000456,18,-7.68873
control_r2,complex_000456,complex_000456,19,-9.43572
control_r2,complex_000456,complex_000063,0,-7.92748
control_r2,complex_000456,complex_000063,1,-7.7449
control_r2,complex_000456,complex_000063,2,-8.38747
control_r2,complex_000456,complex_000063,3,-7.58228
control_r2,complex_000456,complex_000063,4,-7.79254
control_r2,complex_000456,complex_000063,5,-6.51629
control_r2,complex_000456,complex_000063,6,-7.45624
control_r2,complex_000456,complex_000063,7,-8.7479
control_r2,complex_000456,complex_000063,8,-7.37523
control_r2,complex_000456,complex_000063,9,-6.53992
control_r2,complex_000456,complex_000063,10,-7.52726
control_r2,complex_000456,complex_000063,11,-5.71069
control_r2,complex_000456,complex_000063,12,-7.66604
control_r2,complex_000456,complex_000063,13,-7.07578
control_r2,complex_000456,complex_000063,14,-8.62666
control_r2,complex_000456,complex_000063,15,-9.01515
control_r2,complex_000456,complex_000063,16,-8.15926
control_r2,complex_000456,complex_000063,17,-7.16118
control_r2,complex_000456,complex_000063,18,-7.11376
control_r2,complex_000456,complex_000063,19,-8.79799
control_r2,complex_000456,complex_000112,0,-8.60398
control_r2,complex_000456,complex_000112,1,-6.71809
control_r2,complex_000456,complex_000112,2,-6.96923
control_r2,complex_000456,complex_000112,3,-7.09744
control_r2,complex_000456,complex_000112,4,-6.32628
control_r2,complex_000456,complex_000112,5,-5.30104
control_r2,complex_000456,complex_000112,6,-5.57742
control_r2,complex_000456,complex_000112,7,-8.39443
control_r2,complex_000456,complex_000112,8,-7.95411
control_r2,complex_000456,complex_000112,9,-5.46668
control_r2,complex_000456,complex_000112,10,-7.51438
control_r2,complex_000456,complex_000112,11,-5.48259
control_r2,complex_000456,complex_000112,12,-6.75138
control_r2,complex_000456,complex_000112,13,-5.55951
control_r2,complex_000456,complex_000112,14,-6.80828
control_r2,complex_000456,complex_000112,15,-6.89338
control_r2,complex_000456,complex_000112,16,-8.33423
control_r2,complex_000456,complex_000112,17,-7.39121
control_r2,complex_000456,complex_000112,18,-5.46832
control_r2,complex_000456,complex_000112,19,-7.54626
control_r2,complex_000456,complex_000540,0,-8.82694
control_r2,complex_000456,complex_000540,1,-8.29269
control_r2,complex_000456,complex_000540,2,-8.39897
control_r2,complex_000456,complex_000540,3,-7.6784
control_r2,complex_000456,complex_000540,4,-6.89948
control_r2,complex_000456,complex_000540,5,-6.17755
control_r2,complex_000456,complex_000540,6,-6.75411
control_r2,complex_000456,complex_000540,7,-9.26589
control_r2,complex_000456,complex_000540,8,-8.24415
control_r2,complex_000456,complex_000540,9,-6.88424
control_r2,complex_000456,complex_000540,10,-6.49669
control_r2,complex_000456,complex_000540,11,-5.76876
control_r2,complex_000456,complex_000540,12,-7.83456
control_r2,complex_000456,complex_000540,13,-6.94304
control_r2,complex_000456,complex_000540,14,-8.03097
control_r2,complex_000456,complex_000540,15,-8.03233
control_r2,complex_000456,complex_000540,16,-8.43301
control_r2,complex_000456,complex_000540,17,-6.97703
control_r2,complex_000456,complex_000540,18,-7.2983
control_r2,complex_000456,complex_000540,19,-8.65298
control_r2,complex_000472,complex_000472,0,-8.91569
control_r2,complex_000472,complex_000472,1,-9.76374
control_r2,complex_000472,complex_000472,2,-8.11139
control_r2,complex_000472,complex_000472,3,-7.49723
control_r2,complex_000472,complex_000472,4,-7.6322
control_r2,complex_000472,complex_000472,5,-8.73468
control_r2,complex_000472,complex_000472,6,-10.28222
control_r2,complex_000472,complex_000472,7,-10.79477
control_r2,complex_000472,complex_000472,8,-9.31157
control_r2,complex_000472,complex_000472,9,-10.15851
control_r2,complex_000472,complex_000472,10,-6.66045
control_r2,complex_000472,complex_000472,11,-8.21107
control_r2,complex_000472,complex_000472,12,-8.2752
control_r2,complex_000472,complex_000472,13,-10.89645
control_r2,complex_000472,complex_000472,14,-8.00097
control_r2,complex_000472,complex_000472,15,-10.81339
control_r2,complex_000472,complex_000472,16,-8.54851
control_r2,complex_000472,complex_000472,17,-6.31695
control_r2,complex_000472,complex_000472,18,-9.08361
control_r2,complex_000472,complex_000472,19,-10.22415
control_r2,complex_000472,complex_000069,0,-9.04687
control_r2,complex_000472,complex_000069,1,-9.10692
control_r2,complex_000472,complex_000069,2,-8.24362
control_r2,complex_000472,complex_000069,3,-6.97346
control_r2,complex_000472,complex_000069,4,-7.05764
control_r2,complex_000472,complex_000069,5,-8.7191
control_r2,complex_000472,complex_000069,6,-9.54592
control_r2,complex_000472,complex_000069,7,-8.48371
control_r2,complex_000472,complex_000069,8,-9.23728
control_r2,complex_000472,complex_000069,9,-8.90685
control_r2,complex_000472,complex_000069,10,-6.9678
control_r2,complex_000472,complex_000069,11,-7.30421
control_r2,complex_000472,complex_000069,12,-8.49324
control_r2,complex_000472,complex_000069,13,-9.8436
control_r2,complex_000472,complex_000069,14,-7.357
control_r2,complex_000472,complex_000069,15,-9.51483
control_r2,complex_000472,complex_000069,16,-8.88543
control_r2,complex_000472,complex_000069,17,-6.21581
control_r2,complex_000472,complex_000069,18,-8.81569
control_r2,complex_000472,complex_000069,19,-9.64972
control_r2,complex_000472,complex_000059,0,-9.47712
control_r2,complex_000472,complex_000059,1,-7.04695
control_r2,complex_000472,complex_000059,2,-8.16542
control_r2,complex_000472,complex_000059,3,-5.88516
control_r2,complex_000472,complex_000059,4,-7.01125
control_r2,complex_000472,complex_000059,5,-8.44976
control_r2,complex_000472,complex_000059,6,-10.10477
control_r2,complex_000472,complex_000059,7,-0.47479
control_r2,complex_000472,complex_000059,8,-7.30722
control_r2,complex_000472,complex_000059,9,-8.57075
control_r2,complex_000472,complex_000059,10,-7.21192
control_r2,complex_000472,complex_000059,11,-7.62574
control_r2,complex_000472,complex_000059,12,-7.55599
control_r2,complex_000472,complex_000059,13,-8.19225
control_r2,complex_000472,complex_000059,14,-8.38471
control_r2,complex_000472,complex_000059,15,-8.24285
control_r2,complex_000472,complex_000059,16,-8.24358
control_r2,complex_000472,complex_000059,17,-5.55531
control_r2,complex_000472,complex_000059,18,-9.79339
control_r2,complex_000472,complex_000059,19,-8.87664
control_r2,complex_000473,complex_000292,0,-6.93836
control_r2,complex_000473,complex_000292,1,-5.69482
control_r2,complex_000473,complex_000292,2,-5.81562
control_r2,complex_000473,complex_000292,3,-4.41296
control_r2,complex_000473,complex_000292,4,-7.08108
control_r2,complex_000473,complex_000292,5,-7.2417
control_r2,complex_000473,complex_000292,6,-6.37841
control_r2,complex_000473,complex_000292,7,-5.49126
control_r2,complex_000473,complex_000292,8,-6.20113
control_r2,complex_000473,complex_000292,9,-7.39413
control_r2,complex_000473,complex_000292,10,-7.03677
control_r2,complex_000473,complex_000292,11,-5.77569
control_r2,complex_000473,complex_000292,12,-4.57489
control_r2,complex_000473,complex_000292,13,-7.9797
control_r2,complex_000473,complex_000292,14,-5.91515
control_r2,complex_000473,complex_000292,15,-7.10836
control_r2,complex_000473,complex_000292,16,-6.73673
control_r2,complex_000473,complex_000292,17,-6.48561
control_r2,complex_000473,complex_000292,18,-5.45656
control_r2,complex_000473,complex_000292,19,-5.51245
control_r2,complex_000473,complex_000473,0,-8.20425
control_r2,complex_000473,complex_000473,1,-6.79202
control_r2,complex_000473,complex_000473,2,-6.48994
control_r2,complex_000473,complex_000473,3,-4.43633
control_r2,complex_000473,complex_000473,4,-6.69908
control_r2,complex_000473,complex_000473,5,-7.76204
control_r2,complex_000473,complex_000473,6,-7.07813
control_r2,complex_000473,complex_000473,7,-5.2837
control_r2,complex_000473,complex_000473,8,-6.74855
control_r2,complex_000473,complex_000473,9,-7.92598
control_r2,complex_000473,complex_000473,10,-7.50442
control_r2,complex_000473,complex_000473,11,-6.05917
control_r2,complex_000473,complex_000473,12,-5.09198
control_r2,complex_000473,complex_000473,13,-8.2424
control_r2,complex_000473,complex_000473,14,-7.19743
control_r2,complex_000473,complex_000473,15,-7.69059
control_r2,complex_000473,complex_000473,16,-6.5441
control_r2,complex_000473,complex_000473,17,-6.12172
control_r2,complex_000473,complex_000473,18,-4.8309
control_r2,complex_000473,complex_000473,19,-6.08056
control_r2,complex_000473,complex_000191,0,-6.81796
control_r2,complex_000473,complex_000191,1,-5.59381
control_r2,complex_000473,complex_000191,2,-6.16348
control_r2,complex_000473,complex_000191,3,-4.46565
control_r2,complex_000473,complex_000191,4,-7.09041
control_r2,complex_000473,complex_000191,5,-7.14512
control_r2,complex_000473,complex_000191,6,-6.37617
control_r2,complex_000473,complex_000191,7,-5.30447
control_r2,complex_000473,complex_000191,8,-6.11607
control_r2,complex_000473,complex_000191,9,-6.85135
control_r2,complex_000473,complex_000191,10,-6.80708
control_r2,complex_000473,complex_000191,11,-5.75885
control_r2,complex_000473,complex_000191,12,-5.26265
control_r2,complex_000473,complex_000191,13,-8.05687
control_r2,complex_000473,complex_000191,14,-6.30391
control_r2,complex_000473,complex_000191,15,-7.36196
control_r2,complex_000473,complex_000191,16,-6.6002
control_r2,complex_000473,complex_000191,17,-5.31438
control_r2,complex_000473,complex_000191,18,-5.85773
control_r2,complex_000473,complex_000191,19,-5.33825
control_r2,complex_000472,complex_000535,0,-8.84983
control_r2,complex_000472,complex_000535,1,-7.82559
control_r2,complex_000472,complex_000535,2,-7.99951
control_r2,complex_000472,complex_000535,3,-5.88347
control_r2,complex_000472,complex_000535,4,-6.80561
control_r2,complex_000472,complex_000535,5,-8.22119
control_r2,complex_000472,complex_000535,6,-8.37115
control_r2,complex_000472,complex_000535,7,-7.03743
control_r2,complex_000472,complex_000535,8,-6.66949
control_r2,complex_000472,complex_000535,9,-8.00107
control_r2,complex_000472,complex_000535,10,-7.5617
control_r2,complex_000472,complex_000535,11,-6.52092
control_r2,complex_000472,complex_000535,12,-8.00749
control_r2,complex_000472,complex_000535,13,-8.81406
control_r2,complex_000472,complex_000535,14,-7.6394
control_r2,complex_000472,complex_000535,15,-8.53844
control_r2,complex_000472,complex_000535,16,-8.31946
control_r2,complex_000472,complex_000535,17,-5.23173
control_r2,complex_000472,complex_000535,18,-7.74569
control_r2,complex_000472,complex_000535,19,-8.26315
control_r2,complex_000506,complex_000140,0,-4.86354
control_r2,complex_000506,complex_000140,1,-10.4573
control_r2,complex_000506,complex_000140,2,-4.72341
control_r2,complex_000506,complex_000140,3,-10.40395
control_r2,complex_000506,complex_000140,4,-5.5334
control_r2,complex_000506,complex_000140,5,-4.55454
control_r2,complex_000506,complex_000140,6,-5.52172
control_r2,complex_000506,complex_000140,7,-6.01713
control_r2,complex_000506,complex_000140,8,-7.49482
control_r2,complex_000506,complex_000140,9,-8.99668
control_r2,complex_000506,complex_000140,10,-8.59713
control_r2,complex_000506,complex_000140,11,-9.91598
control_r2,complex_000506,complex_000140,12,-5.37818
control_r2,complex_000506,complex_000140,13,-9.76839
control_r2,complex_000506,complex_000140,14,-5.35497
control_r2,complex_000506,complex_000140,15,-4.87169
control_r2,complex_000506,complex_000140,16,-6.30561
control_r2,complex_000506,complex_000140,17,-5.6473
control_r2,complex_000506,complex_000140,18,-5.36065
control_r2,complex_000506,complex_000140,19,-8.55826
control_r2,complex_000506,complex_000506,0,-5.54059
control_r2,complex_000506,complex_000506,1,-7.80003
control_r2,complex_000506,complex_000506,2,-6.10518
control_r2,complex_000506,complex_000506,3,-8.03614
control_r2,complex_000506,complex_000506,4,-6.27169
control_r2,complex_000506,complex_000506,5,-3.75654
control_r2,complex_000506,complex_000506,6,-6.80282
control_r2,complex_000506,complex_000506,7,-7.09364
control_r2,complex_000506,complex_000506,8,-8.26325
control_r2,complex_000506,complex_000506,9,-6.86108
control_r2,complex_000506,complex_000506,10,-6.04573
control_r2,complex_000506,complex_000506,11,-6.93031
control_r2,complex_000506,complex_000506,12,-6.19945
control_r2,complex_000506,complex_000506,13,-7.03591
control_r2,complex_000506,complex_000506,14,-5.90617
control_r2,complex_000506,complex_000506,15,-5.1875
control_r2,complex_000506,complex_000506,16,-6.84061
control_r2,complex_000506,complex_000506,17,-6.73871
control_r2,complex_000506,complex_000506,18,-6.15903
control_r2,complex_000506,complex_000506,19,-6.53519
control_r2,complex_000506,complex_000400,0,-5.25581
control_r2,complex_000506,complex_000400,1,-11.39688
control_r2,complex_000506,complex_000400,2,-5.33235
control_r2,complex_000506,complex_000400,3,-11.66717
control_r2,complex_000506,complex_000400,4,-5.8102
control_r2,complex_000506,complex_000400,5,-5.24566
control_r2,complex_000506,complex_000400,6,-5.90131
control_r2,complex_000506,complex_000400,7,-6.39257
control_r2,complex_000506,complex_000400,8,-7.83992
control_r2,complex_000506,complex_000400,9,-10.59587
control_r2,complex_000506,complex_000400,10,-8.79225
control_r2,complex_000506,complex_000400,11,-9.32438
control_r2,complex_000506,complex_000400,12,-5.55834
control_r2,complex_000506,complex_000400,13,-9.18666
control_r2,complex_000506,complex_000400,14,-5.81288
control_r2,complex_000506,complex_000400,15,-5.06219
control_r2,complex_000506,complex_000400,16,-6.7354
control_r2,complex_000506,complex_000400,17,-5.5023
control_r2,complex_000506,complex_000400,18,-5.92504
control_r2,complex_000506,complex_000400,19,-8.85082
control_r2,complex_000506,complex_000535,0,-5.15481
control_r2,complex_000506,complex_000535,1,-9.23304
control_r2,complex_000506,complex_000535,2,-5.95729
control_r2,complex_000506,complex_000535,3,-9.47974
control_r2,complex_000506,complex_000535,4,-5.84941
control_r2,complex_000506,complex_000535,5,-5.43667
control_r2,complex_000506,complex_000535,6,-6.37531
control_r2,complex_000506,complex_000535,7,-6.52983
control_r2,complex_000506,complex_000535,8,-8.03751
control_r2,complex_000506,complex_000535,9,-8.94568
control_r2,complex_000506,complex_000535,10,-8.53985
control_r2,complex_000506,complex_000535,11,-7.03843
control_r2,complex_000506,complex_000535,12,-5.39289
control_r2,complex_000506,complex_000535,13,-9.1391
control_r2,complex_000506,complex_000535,14,-6.40452
control_r2,complex_000506,complex_000535,15,-5.15524
control_r2,complex_000506,complex_000535,16,-7.02649
control_r2,complex_000506,complex_000535,17,-5.81408
control_r2,complex_000506,complex_000535,18,-6.36919
control_r2,complex_000506,complex_000535,19,-8.3764
control_r2,complex_000477,complex_000477,0,-7.11202
control_r2,complex_000477,complex_000477,1,-6.08751
control_r2,complex_000477,complex_000477,2,-5.58147
control_r2,complex_000477,complex_000477,3,-7.33433
control_r2,complex_000477,complex_000477,4,-5.56898
control_r2,complex_000477,complex_000477,5,-8.10065
control_r2,complex_000477,complex_000477,6,-5.23273
control_r2,complex_000477,complex_000477,7,-5.79949
control_r2,complex_000477,complex_000477,8,-7.41876
control_r2,complex_000477,complex_000477,9,-7.24872
control_r2,complex_000477,complex_000477,10,-7.1195
control_r2,complex_000477,complex_000477,11,-5.96189
control_r2,complex_000477,complex_000477,12,-5.17466
control_r2,complex_000477,complex_000477,13,-7.34373
control_r2,complex_000477,complex_000477,14,-7.49415
control_r2,complex_000477,complex_000477,15,-6.52791
control_r2,complex_000477,complex_000477,16,-8.42771
control_r2,complex_000477,complex_000477,17,-8.22725
control_r2,complex_000477,complex_000477,18,-7.40849
control_r2,complex_000477,complex_000477,19,-7.90877
control_r2,complex_000477,complex_000140,0,-8.4681
control_r2,complex_000477,complex_000140,1,-5.92153
control_r2,complex_000477,complex_000140,2,-6.5361
control_r2,complex_000477,complex_000140,3,-8.41253
control_r2,complex_000477,complex_000140,4,-5.51326
control_r2,complex_000477,complex_000140,5,-8.6534
control_r2,complex_000477,complex_000140,6,-5.67764
control_r2,complex_000477,complex_000140,7,-5.80331
control_r2,complex_000477,complex_000140,8,-8.80954
control_r2,complex_000477,complex_000140,9,-6.40162
control_r2,complex_000477,complex_000140,10,-8.44076
control_r2,complex_000477,complex_000140,11,-7.08575
control_r2,complex_000477,complex_000140,12,-6.02579
control_r2,complex_000477,complex_000140,13,-8.38641
control_r2,complex_000477,complex_000140,14,-8.44593
control_r2,complex_000477,complex_000140,15,-6.22438
control_r2,complex_000477,complex_000140,16,-9.31089
control_r2,complex_000477,complex_000140,17,-9.58366
control_r2,complex_000477,complex_000140,18,-8.24841
control_r2,complex_000477,complex_000140,19,-8.88082
control_r2,complex_000473,complex_000269,0,-7.30865
control_r2,complex_000473,complex_000269,1,-6.11412
control_r2,complex_000473,complex_000269,2,-6.41848
control_r2,complex_000473,complex_000269,3,-4.81229
control_r2,complex_000473,complex_000269,4,-6.85533
control_r2,complex_000473,complex_000269,5,-6.55821
control_r2,complex_000473,complex_000269,6,-6.62644
control_r2,complex_000473,complex_000269,7,-6.04227
control_r2,complex_000473,complex_000269,8,-6.12466
control_r2,complex_000473,complex_000269,9,-7.47306
control_r2,complex_000473,complex_000269,10,-6.60028
control_r2,complex_000473,complex_000269,11,-5.88131
control_r2,complex_000473,complex_000269,12,-4.92984
control_r2,complex_000473,complex_000269,13,-7.47017
control_r2,complex_000473,complex_000269,14,-6.53112
control_r2,complex_000473,complex_000269,15,-7.00411
control_r2,complex_000473,complex_000269,16,-6.04484
control_r2,complex_000473,complex_000269,17,-6.47376
control_r2,complex_000473,complex_000269,18,-6.04732
control_r2,complex_000473,complex_000269,19,-5.5018
control_r2,complex_000477,complex_000141,0,-7.80473
control_r2,complex_000477,complex_000141,1,-6.46792
control_r2,complex_000477,complex_000141,2,-5.95422
control_r2,complex_000477,complex_000141,3,-7.86125
control_r2,complex_000477,complex_000141,4,-6.19369
control_r2,complex_000477,complex_000141,5,-7.61169
control_r2,complex_000477,complex_000141,6,-4.79551
control_r2,complex_000477,complex_000141,7,-5.83295
control_r2,complex_000477,complex_000141,8,-7.58531
control_r2,complex_000477,complex_000141,9,-6.64373
control_r2,complex_000477,complex_000141,10,-7.54179
control_r2,complex_000477,complex_000141,11,-6.27204
control_r2,complex_000477,complex_000141,12,-5.69088
control_r2,complex_000477,complex_000141,13,-8.07956
control_r2,complex_000477,complex_000141,14,-7.0494
control_r2,complex_000477,complex_000141,15,-6.17896
control_r2,complex_000477,complex_000141,16,-7.4379
control_r2,complex_000477,complex_000141,17,-7.59622
control_r2,complex_000477,complex_000141,18,-7.23811
control_r2,complex_000477,complex_000141,19,-8.5169
control_r2,complex_000477,complex_000376,0,-8.43274
control_r2,complex_000477,complex_000376,1,-6.50336
control_r2,complex_000477,complex_000376,2,-6.21668
control_r2,complex_000477,complex_000376,3,-8.21447
control_r2,complex_000477,complex_000376,4,-6.23055
control_r2,complex_000477,complex_000376,5,-8.32491
control_r2,complex_000477,complex_000376,6,-5.43511
control_r2,complex_000477,complex_000376,7,-5.97437
control_r2,complex_000477,complex_000376,8,-9.17687
control_r2,complex_000477,complex_000376,9,-6.61386
control_r2,complex_000477,complex_000376,10,-8.53649
control_r2,complex_000477,complex_000376,11,-6.59605
control_r2,complex_000477,complex_000376,12,-6.3573
control_r2,complex_000477,complex_000376,13,-8.84212
control_r2,complex_000477,complex_000376,14,-8.28259
control_r2,complex_000477,complex_000376,15,-6.59931
control_r2,complex_000477,complex_000376,16,-8.95087
control_r2,complex_000477,complex_000376,17,-9.40893
control_r2,complex_000477,complex_000376,18,-8.55708
control_r2,complex_000477,complex_000376,19,-8.69669
control_r2,complex_000535,complex_000363,0,-5.72029
control_r2,complex_000535,complex_000363,1,-5.88135
control_r2,complex_000535,complex_000363,2,-9.33849
control_r2,complex_000535,complex_000363,3,-8.36434
control_r2,complex_000535,complex_000363,4,-6.99152
control_r2,complex_000535,complex_000363,5,-7.18775
control_r2,complex_000535,complex_000363,6,-5.78022
control_r2,complex_000535,complex_000363,7,-5.50748
control_r2,complex_000535,complex_000363,8,-8.54534
control_r2,complex_000535,complex_000363,9,-7.90037
control_r2,complex_000535,complex_000363,10,-9.9324
control_r2,complex_000535,complex_000363,11,-6.25935
control_r2,complex_000535,complex_000363,12,-8.48549
control_r2,complex_000535,complex_000363,13,-7.88495
control_r2,complex_000535,complex_000363,14,-5.97655
control_r2,complex_000535,complex_000363,15,-5.13628
control_r2,complex_000535,complex_000363,16,-9.10344
control_r2,complex_000535,complex_000363,17,-9.39929
control_r2,complex_000535,complex_000363,18,-9.93024
control_r2,complex_000535,complex_000363,19,-7.51862
control_r2,complex_000535,complex_000426,0,-5.05072
control_r2,complex_000535,complex_000426,1,-5.69732
control_r2,complex_000535,complex_000426,2,-8.8363
control_r2,complex_000535,complex_000426,3,-6.67639
control_r2,complex_000535,complex_000426,4,-9.13817
control_r2,complex_000535,complex_000426,5,-9.13029
control_r2,complex_000535,complex_000426,6,-5.37124
control_r2,complex_000535,complex_000426,7,-5.10999
control_r2,complex_000535,complex_000426,8,-8.76409
control_r2,complex_000535,complex_000426,9,-7.79279
control_r2,complex_000535,complex_000426,10,-8.35991
control_r2,complex_000535,complex_000426,11,-5.74695
control_r2,complex_000535,complex_000426,12,-7.76949
control_r2,complex_000535,complex_000426,13,-6.11782
control_r2,complex_000535,complex_000426,14,-5.2565
control_r2,complex_000535,complex_000426,15,-4.83315
control_r2,complex_000535,complex_000426,16,-7.90317
control_r2,complex_000535,complex_000426,17,-8.11195
control_r2,complex_000535,complex_000426,18,-9.08482
control_r2,complex_000535,complex_000426,19,-7.16828
control_r2,complex_000535,complex_000535,0,-4.91412
control_r2,complex_000535,complex_000535,1,-5.7063
control_r2,complex_000535,complex_000535,2,-9.66263
control_r2,complex_000535,complex_000535,3,-7.45869
control_r2,complex_000535,complex_000535,4,-7.58433
control_r2,complex_000535,complex_000535,5,-8.06614
control_r2,complex_000535,complex_000535,6,-6.33625
control_r2,complex_000535,complex_000535,7,-5.65337
control_r2,complex_000535,complex_000535,8,-8.27219
control_r2,complex_000535,complex_000535,9,-8.56716
control_r2,complex_000535,complex_000535,10,-9.80449
control_r2,complex_000535,complex_000535,11,-6.42535
control_r2,complex_000535,complex_000535,12,-7.71521
control_r2,complex_000535,complex_000535,13,-7.23457
control_r2,complex_000535,complex_000535,14,-6.77329
control_r2,complex_000535,complex_000535,15,-5.17625
control_r2,complex_000535,complex_000535,16,-7.61293
control_r2,complex_000535,complex_000535,17,-9.57793
control_r2,complex_000535,complex_000535,18,-9.70388
control_r2,complex_000535,complex_000535,19,-6.94808
control_r2,complex_000535,complex_000540,0,-4.98876
control_r2,complex_000535,complex_000540,1,-5.07166
control_r2,complex_000535,complex_000540,2,-8.79424
control_r2,complex_000535,complex_000540,3,-6.52497
control_r2,complex_000535,complex_000540,4,-8.82074
control_r2,complex_000535,complex_000540,5,-8.49406
control_r2,complex_000535,complex_000540,6,-5.0212
control_r2,complex_000535,complex_000540,7,-4.87708
control_r2,complex_000535,complex_000540,8,-8.54841
control_r2,complex_000535,complex_000540,9,-7.19108
control_r2,complex_000535,complex_000540,10,-8.50447
control_r2,complex_000535,complex_000540,11,-6.04752
control_r2,complex_000535,complex_000540,12,-7.60887
control_r2,complex_000535,complex_000540,13,-6.34466
control_r2,complex_000535,complex_000540,14,-5.37611
control_r2,complex_000535,complex_000540,15,-4.2477
control_r2,complex_000535,complex_000540,16,-7.5004
control_r2,complex_000535,complex_000540,17,-8.39682
control_r2,complex_000535,complex_000540,18,-8.80363
control_r2,complex_000535,complex_000540,19,-6.94735
control_r2,complex_000540,complex_000540,0,-6.68247
control_r2,complex_000540,complex_000540,1,-8.18937
control_r2,complex_000540,complex_000540,2,-6.68815
control_r2,complex_000540,complex_000540,3,-5.75273
control_r2,complex_000540,complex_000540,4,-9.36018
control_r2,complex_000540,complex_000540,5,-9.26524
control_r2,complex_000540,complex_000540,6,-7.27771
control_r2,complex_000540,complex_000540,7,-6.90574
control_r2,complex_000540,complex_000540,8,-9.65882
control_r2,complex_000540,complex_000540,9,-8.28774
control_r2,complex_000540,complex_000540,10,-6.19156
control_r2,complex_000540,complex_000540,11,-7.5236
control_r2,complex_000540,complex_000540,12,-8.41152
control_r2,complex_000540,complex_000540,13,-8.07175
control_r2,complex_000540,complex_000540,14,-8.38486
control_r2,complex_000540,complex_000540,15,-7.88439
control_r2,complex_000540,complex_000540,16,-5.85343
control_r2,complex_000540,complex_000540,17,-5.50515
control_r2,complex_000540,complex_000540,18,-5.91318
control_r2,complex_000540,complex_000540,19,-6.4387
control_r2,complex_000540,complex_000382,0,-7.41631
control_r2,complex_000540,complex_000382,1,-9.13423
control_r2,complex_000540,complex_000382,2,-7.15402
control_r2,complex_000540,complex_000382,3,-6.63575
control_r2,complex_000540,complex_000382,4,-9.62907
control_r2,complex_000540,complex_000382,5,-10.32422
control_r2,complex_000540,complex_000382,6,-7.9392
control_r2,complex_000540,complex_000382,7,-7.51839
control_r2,complex_000540,complex_000382,8,-10.74872
control_r2,complex_000540,complex_000382,9,-9.05775
control_r2,complex_000540,complex_000382,10,-6.4562
control_r2,complex_000540,complex_000382,11,-8.59384
control_r2,complex_000540,complex_000382,12,-9.45526
control_r2,complex_000540,complex_000382,13,-8.42538
control_r2,complex_000540,complex_000382,14,-9.45267
control_r2,complex_000540,complex_000382,15,-8.6854
control_r2,complex_000540,complex_000382,16,-6.79987
control_r2,complex_000540,complex_000382,17,-6.14999
control_r2,complex_000540,complex_000382,18,-6.31269
control_r2,complex_000540,complex_000382,19,-7.22411
control_r2,complex_000540,complex_000177,0,-6.78016
control_r2,complex_000540,complex_000177,1,-8.25762
control_r2,complex_000540,complex_000177,2,-7.04582
control_r2,complex_000540,complex_000177,3,-6.15434
control_r2,complex_000540,complex_000177,4,-8.98003
control_r2,complex_000540,complex_000177,5,-8.9505
control_r2,complex_000540,complex_000177,6,-7.21351
control_r2,complex_000540,complex_000177,7,-6.52486
control_r2,complex_000540,complex_000177,8,-9.52448
control_r2,complex_000540,complex_000177,9,-7.99879
control_r2,complex_000540,complex_000177,10,-6.2402
control_r2,complex_000540,complex_000177,11,-6.36777
control_r2,complex_000540,complex_000177,12,-7.87894
control_r2,complex_000540,complex_000177,13,-7.30167
control_r2,complex_000540,complex_000177,14,-8.26795
control_r2,complex_000540,complex_000177,15,-7.37629
control_r2,complex_000540,complex_000177,16,-5.82869
control_r2,complex_000540,complex_000177,17,-6.03232
control_r2,complex_000540,complex_000177,18,-6.10859
control_r2,complex_000540,complex_000177,19,-6.71966
control_r2,complex_000540,complex_000335,0,-5.42895
control_r2,complex_000540,complex_000335,1,-6.43168
control_r2,complex_000540,complex_000335,2,-5.55282
control_r2,complex_000540,complex_000335,3,-5.02512
control_r2,complex_000540,complex_000335,4,-6.6299
control_r2,complex_000540,complex_000335,5,-6.35461
control_r2,complex_000540,complex_000335,6,-5.99645
control_r2,complex_000540,complex_000335,7,-5.6151
control_r2,complex_000540,complex_000335,8,-8.32074
control_r2,complex_000540,complex_000335,9,-6.68021
control_r2,complex_000540,complex_000335,10,-5.3136
control_r2,complex_000540,complex_000335,11,-5.9772
control_r2,complex_000540,complex_000335,12,-6.71472
control_r2,complex_000540,complex_000335,13,-6.1721
control_r2,complex_000540,complex_000335,14,-6.63182
control_r2,complex_000540,complex_000335,15,-6.50909
control_r2,complex_000540,complex_000335,16,-4.93525
control_r2,complex_000540,complex_000335,17,-5.18529
control_r2,complex_000540,complex_000335,18,-4.60754
control_r2,complex_000540,complex_000335,19,-5.37713
