arm,pocket,receptor,mol_idx,score
critic,complex_000026,complex_000363,0,-7.23592
critic,complex_000026,complex_000363,1,-6.72717
critic,complex_000026,complex_000363,2,-9.32368
critic,complex_000026,complex_000363,3,-7.5208
critic,complex_000026,complex_000363,4,-4.6373
critic,complex_000026,complex_000363,5,-7.99713
critic,complex_000026,complex_000363,6,-9.23592
critic,complex_000026,complex_000363,7,-7.87096
critic,complex_000026,complex_000363,8,-9.01926
critic,complex_000026,complex_000363,9,-7.01118
critic,complex_000026,complex_000363,10,-9.13162
critic,complex_000026,complex_000363,11,-5.6438
critic,complex_000026,complex_000363,12,-9.20949
critic,complex_000026,complex_000363,13,-8.30378
critic,complex_000026,complex_000363,14,-9.63681
critic,complex_000026,complex_000363,15,-8.88778
critic,complex_000026,complex_000363,16,-5.81359
critic,complex_000026,complex_000363,17,-5.28282
critic,complex_000026,complex_000363,18,-6.41268
critic,complex_000026,complex_000363,19,-8.43584
critic,complex_000026,complex_000140,0,-6.62644
critic,complex_000026,complex_000140,1,-7.12522
critic,complex_000026,complex_000140,2,-8.04154
critic,complex_000026,complex_000140,3,-9.63978
critic,complex_000026,complex_000140,4,-9.73481
critic,complex_000026,complex_000140,5,-7.69954
critic,complex_000026,complex_000140,6,-10.007
critic,complex_000026,complex_000140,7,-8.06626
critic,complex_000026,complex_000140,8,-8.32885
critic,complex_000026,complex_000140,9,-7.31131
critic,complex_000026,complex_000140,10,-8.91231
critic,complex_000026,complex_000140,11,-5.38076
critic,complex_000026,complex_000140,12,-8.37674
critic,complex_000026,complex_000140,13,-6.77451
critic,complex_000026,complex_000140,14,-8.62654
critic,complex_000026,complex_000140,15,-7.91464
critic,complex_000026,complex_000140,16,-5.77481
critic,complex_000026,complex_000140,17,-5.17257
critic,complex_000026,complex_000140,18,-5.74705
critic,complex_000026,complex_000140,19,-7.37397
critic,complex_000001,complex_000001,0,-7.9265
critic,complex_000001,complex_000001,1,-5.64275
critic,complex_000001,complex_000001,2,-7.70815
critic,complex_000001,complex_000001,3,-6.62584
critic,complex_000001,complex_000001,4,-6.4795
critic,complex_000001,complex_000001,5,-8.07934
critic,complex_000001,complex_000001,6,-4.46095
critic,complex_000001,complex_000001,7,-7.9834
critic,complex_000001,complex_000001,8,-9.66312
critic,complex_000001,complex_000001,9,-7.34549
critic,complex_000001,complex_000001,10,-5.84517
critic,complex_000001,complex_000001,11,-8.44232
critic,complex_000001,complex_000001,12,-8.00356
critic,complex_000001,complex_000001,13,-8.81725
critic,complex_000001,complex_000001,14,-7.3674
critic,complex_000001,complex_000001,15,-4.75983
critic,complex_000001,complex_000001,16,-7.49371
critic,complex_000001,complex_000001,17,-9.86623
critic,complex_000001,complex_000001,18,-8.38454
critic,complex_000001,complex_000001,19,-9.02131
critic,complex_000026,complex_000026,0,-7.1105
critic,complex_000026,complex_000026,1,-7.71389
critic,complex_000026,complex_000026,2,-8.16291
critic,complex_000026,complex_000026,3,-8.4824
critic,complex_000026,complex_000026,4,-10.46625
critic,complex_000026,complex_000026,5,-8.07467
critic,complex_000026,complex_000026,6,-8.63138
critic,complex_000026,complex_000026,7,-7.41799
critic,complex_000026,complex_000026,8,-8.27591
critic,complex_000026,complex_000026,9,-7.99442
critic,complex_000026,complex_000026,10,-8.19222
critic,complex_000026,complex_000026,11,-5.58379
critic,complex_000026,complex_000026,12,-9.39346
critic,complex_000026,complex_000026,13,-6.93837
critic,complex_000026,complex_000026,14,-9.0176
critic,complex_000026,complex_000026,15,-7.84528
critic,complex_000026,complex_000026,16,-5.70027
critic,complex_000026,complex_000026,17,-5.33051
critic,complex_000026,complex_000026,18,-5.7214
critic,complex_000026,complex_000026,19,-7.55982
critic,complex_000051,complex_000193,0,-8.24382
critic,complex_000051,complex_000193,1,-7.8477
critic,complex_000051,complex_000193,2,-6.95897
critic,complex_000051,complex_000193,3,-7.149
critic,complex_000051,complex_000193,4,-6.69557
critic,complex_000051,complex_000193,5,-5.69798
critic,complex_000051,complex_000193,6,-8.59852
critic,complex_000051,complex_000193,7,-6.83674
critic,complex_000051,complex_000193,8,-7.1271
critic,complex_000051,complex_000193,9,-5.99002
critic,complex_000051,complex_000193,10,-7.79101
critic,complex_000051,complex_000193,11,-6.00962
critic,complex_000051,complex_000193,12,-5.61066
critic,complex_000051,complex_000193,13,-6.72516
critic,complex_000051,complex_000193,14,-6.79008
critic,complex_000051,complex_000193,15,-6.28522
critic,complex_000051,complex_000193,16,-5.03078
critic,complex_000051,complex_000193,17,-7.55328
critic,complex_000051,complex_000193,18,-8.51899
critic,complex_000051,complex_000193,19,-9.21812
critic,complex_000026,complex_000177,0,-7.16728
critic,complex_000026,complex_000177,1,-6.83191
critic,complex_000026,complex_000177,2,-7.64864
critic,complex_000026,complex_000177,3,-8.90996
critic,complex_000026,complex_000177,4,-8.4585
critic,complex_000026,complex_000177,5,-7.9339
critic,complex_000026,complex_000177,6,-7.71088
critic,complex_000026,complex_000177,7,-7.17278
critic,complex_000026,complex_000177,8,-7.95205
critic,complex_000026,complex_000177,9,-7.03221
critic,complex_000026,complex_000177,10,-9.02842
critic,complex_000026,complex_000177,11,-5.68564
critic,complex_000026,complex_000177,12,-8.31521
critic,complex_000026,complex_000177,13,-6.04043
critic,complex_000026,complex_000177,14,-9.02548
critic,complex_000026,complex_000177,15,-7.61569
critic,complex_000026,complex_000177,16,-6.24979
critic,complex_000026,complex_000177,17,-5.20665
critic,complex_000026,complex_000177,18,-6.1302
critic,complex_000026,complex_000177,19,-8.18714
critic,complex_000051,complex_000266,0,-8.85433
critic,complex_000051,complex_000266,1,-9.74466
critic,complex_000051,complex_000266,2,-7.00326
critic,complex_000051,complex_000266,3,-8.51471
critic,complex_000051,complex_000266,4,-7.28681
critic,complex_000051,complex_000266,5,-6.19286
critic,complex_000051,complex_000266,6,-9.83094
critic,complex_000051,complex_000266,7,-10.33777
critic,complex_000051,complex_000266,8,-8.23202
critic,complex_000051,complex_000266,9,-6.66174
critic,complex_000051,complex_000266,10,-8.96757
critic,complex_000051,complex_000266,11,-5.99983
critic,complex_000051,complex_000266,12,-6.09607
critic,complex_000051,complex_000266,13,-7.3004
critic,complex_000051,complex_000266,14,-6.90143
critic,complex_000051,complex_000266,15,-6.34752
critic,complex_000051,complex_000266,16,-5.57035
critic,complex_000051,complex_000266,17,-8.25313
critic,complex_000051,complex_000266,18,-10.14412
critic,complex_000051,complex_000266,19,-10.31101
critic,complex_000001,complex_000170,0,-5.67847
critic,complex_000001,complex_000170,1,-6.48065
critic,complex_000001,complex_000170,2,-5.37098
critic,complex_000001,complex_000170,3,-7.49972
critic,complex_000001,complex_000170,4,-7.48457
critic,complex_000001,complex_000170,5,-4.27645
critic,complex_000001,complex_000170,6,-5.31185
critic,complex_000001,complex_000170,7,-7.73362
critic,complex_000001,complex_000170,8,5.39023
critic,complex_000001,complex_000170,9,-4.69472
critic,complex_000001,complex_000170,10,-7.76082
critic,complex_000001,complex_000170,11,-8.01216
critic,complex_000001,complex_000170,12,-7.77506
critic,complex_000001,complex_000170,13,-8.7547
critic,complex_000001,complex_000170,14,-9.09609
critic,complex_000001,complex_000170,15,-5.95868
critic,complex_000001,complex_000170,16,-8.54772
critic,complex_000001,complex_000170,17,-9.03785
critic,complex_000001,complex_000170,18,-8.44639
critic,complex_000001,complex_000170,19,-9.53515
critic,complex_000001,complex_000456,0,-8.606
critic,complex_000001,complex_000456,1,-5.46004
critic,complex_000001,complex_000456,2,-7.13607
critic,complex_000001,complex_000456,3,-7.25021
critic,complex_000001,complex_000456,4,-6.01166
critic,complex_000001,complex_000456,5,-8.14426
critic,complex_000001,complex_000456,6,-4.90297
critic,complex_000001,complex_000456,7,-7.76568
critic,complex_000001,complex_000456,8,-9.09137
critic,complex_000001,complex_000456,9,-7.69538
critic,complex_000001,complex_000456,10,-5.69366
critic,complex_000001,complex_000456,11,-7.404
critic,complex_000001,complex_000456,12,-6.72382
critic,complex_000001,complex_000456,13,-7.23847
critic,complex_000001,complex_000456,14,-7.27452
critic,complex_000001,complex_000456,15,-5.71067
critic,complex_000001,complex_000456,16,-7.0985
critic,complex_000001,complex_000456,17,-9.05936
critic,complex_000001,complex_000456,18,-7.3466
critic,complex_000001,complex_000456,19,-9.45981
critic,complex_000001,complex_000363,0,-8.36304
critic,complex_000001,complex_000363,1,-6.0403
critic,complex_000001,complex_000363,2,-9.05979
critic,complex_000001,complex_000363,3,-8.74511
critic,complex_000001,complex_000363,4,-6.79765
critic,complex_000001,complex_000363,5,-7.47413
critic,complex_000001,complex_000363,6,-5.406
critic,complex_000001,complex_000363,7,-7.99852
critic,complex_000001,complex_000363,8,-3.89344
critic,complex_000001,complex_000363,9,-7.00782
critic,complex_000001,complex_000363,10,-6.289
critic,complex_000001,complex_000363,11,-7.52247
critic,complex_000001,complex_000363,12,-8.12669
critic,complex_000001,complex_000363,13,-8.82116
critic,complex_000001,complex_000363,14,-8.35708
critic,complex_000001,complex_000363,15,-6.17965
critic,complex_000001,complex_000363,16,-7.69257
critic,complex_000001,complex_000363,17,-10.49132
critic,complex_000001,complex_000363,18,-9.26771
critic,complex_000001,complex_000363,19,-9.72801
critic,complex_000059,complex_000266,0,-5.58633
critic,complex_000059,complex_000266,1,-8.26395
critic,complex_000059,complex_000266,2,-6.89175
critic,complex_000059,complex_000266,3,-8.78247
critic,complex_000059,complex_000266,4,-6.80414
critic,complex_000059,complex_000266,5,-8.26455
critic,complex_000059,complex_000266,6,-6.49993
critic,complex_000059,complex_000266,7,-8.27652
critic,complex_000059,complex_000266,8,-8.11311
critic,complex_000059,complex_000266,9,-8.78651
critic,complex_000059,complex_000266,10,-7.09083
critic,complex_000059,complex_000266,11,-9.64233
critic,complex_000059,complex_000266,12,-9.62611
critic,complex_000059,complex_000266,13,-7.97493
critic,complex_000059,complex_000266,14,-6.66726
critic,complex_000059,complex_000266,15,-7.70164
critic,complex_000059,complex_000266,16,-9.15303
critic,complex_000059,complex_000266,17,-8.91705
critic,complex_000059,complex_000266,18,-7.28224
critic,complex_000059,complex_000266,19,-7.37244
critic,complex_000059,complex_000059,0,-5.79679
critic,complex_000059,complex_000059,1,-10.81237
critic,complex_000059,complex_000059,2,-6.81965
critic,complex_000059,complex_000059,3,-10.35788
critic,complex_000059,complex_000059,4,-7.10729
critic,complex_000059,complex_000059,5,-9.53098
critic,complex_000059,complex_000059,6,-6.83623
critic,complex_000059,complex_000059,7,-7.72027
critic,complex_000059,complex_000059,8,-10.42724
critic,complex_000059,complex_000059,9,-8.95689
critic,complex_000059,complex_000059,10,-7.68617
critic,complex_000059,complex_000059,11,-11.40092
critic,complex_000059,complex_000059,12,-12.37568
critic,complex_000059,complex_000059,13,-8.64981
critic,complex_000059,complex_000059,14,-7.65113
critic,complex_000059,complex_000059,15,-7.67676
critic,complex_000059,complex_000059,16,-9.93937
critic,complex_000059,complex_000059,17,-10.42235
critic,complex_000059,complex_000059,18,-7.8923
critic,complex_000059,complex_000059,19,-7.70419
critic,complex_000051,complex_000051,0,-9.1179
critic,complex_000051,complex_000051,1,-9.64186
critic,complex_000051,complex_000051,2,-7.91585
critic,complex_000051,complex_000051,3,-8.25174
critic,complex_000051,complex_000051,4,-7.01749
critic,complex_000051,complex_000051,5,-6.33075
critic,complex_000051,complex_000051,6,-10.37211
critic,complex_000051,complex_000051,7,-9.3255
critic,complex_000051,complex_000051,8,-8.63393
critic,complex_000051,complex_000051,9,-6.4387
critic,complex_000051,complex_000051,10,-8.7337
critic,complex_000051,complex_000051,11,-6.50944
critic,complex_000051,complex_000051,12,-6.50087
critic,complex_000051,complex_000051,13,-7.9421
critic,complex_000051,complex_000051,14,-6.66998
critic,complex_000051,complex_000051,15,-6.58685
critic,complex_000051,complex_000051,16,-5.0388
critic,complex_000051,complex_000051,17,-8.79867
critic,complex_000051,complex_000051,18,-10.63673
critic,complex_000051,complex_000051,19,-11.12879
critic,complex_000051,complex_000117,0,-8.64322
critic,complex_000051,complex_000117,1,-9.2067
critic,complex_000051,complex_000117,2,-8.29081
critic,complex_000051,complex_000117,3,-9.28514
critic,complex_000051,complex_000117,4,-6.78644
critic,complex_000051,complex_000117,5,-6.66317
critic,complex_000051,complex_000117,6,-9.06272
critic,complex_000051,complex_000117,7,-8.98391
critic,complex_000051,complex_000117,8,-7.93219
critic,complex_000051,complex_000117,9,-6.42703
critic,complex_000051,complex_000117,10,-8.60598
critic,complex_000051,complex_000117,11,-6.47778
critic,complex_000051,complex_000117,12,-6.79819
critic,complex_000051,complex_000117,13,-7.60527
critic,complex_000051,complex_000117,14,-7.69814
critic,complex_000051,complex_000117,15,-6.89626
critic,complex_000051,complex_000117,16,-5.43598
critic,complex_000051,complex_000117,17,-8.59603
critic,complex_000051,complex_000117,18,-10.40282
critic,complex_000051,complex_000117,19,-8.56919
critic,complex_000059,complex_000292,0,-4.43493
critic,complex_000059,complex_000292,1,-7.16632
critic,complex_000059,complex_000292,2,-5.40105
critic,complex_000059,complex_000292,3,-7.5339
critic,complex_000059,complex_000292,4,-5.86166
critic,complex_000059,complex_000292,5,-6.81566
critic,complex_000059,complex_000292,6,-5.6631
critic,complex_000059,complex_000292,7,-6.23818
critic,complex_000059,complex_000292,8,-7.21728
critic,complex_000059,complex_000292,9,-7.49065
critic,complex_000059,complex_000292,10,-6.28353
critic,complex_000059,complex_000292,11,-8.10056
critic,complex_000059,complex_000292,12,-8.92892
critic,complex_000059,complex_000292,13,-6.88515
critic,complex_000059,complex_000292,14,-5.73676
critic,complex_000059,complex_000292,15,-5.89156
critic,complex_000059,complex_000292,16,-7.4386
critic,complex_000059,complex_000292,17,-7.64789
critic,complex_000059,complex_000292,18,-5.69308
critic,complex_000059,complex_000292,19,-6.45153
critic,complex_000059,complex_000456,0,-5.5442
critic,complex_000059,complex_000456,1,-8.10439
critic,complex_000059,complex_000456,2,-6.65421
critic,complex_000059,complex_000456,3,-7.80488
critic,complex_000059,complex_000456,4,-6.13487
critic,complex_000059,complex_000456,5,-7.39481
critic,complex_000059,complex_000456,6,-6.28085
critic,complex_000059,complex_000456,7,-6.96876
critic,complex_000059,complex_000456,8,-7.83469
critic,complex_000059,complex_000456,9,-7.57728
critic,complex_000059,complex_000456,10,-6.9026
critic,complex_000059,complex_000456,11,-8.88862
critic,complex_000059,complex_000456,12,-9.5117
critic,complex_000059,complex_000456,13,-6.9728
critic,complex_000059,complex_000456,14,-6.76509
critic,complex_000059,complex_000456,15,-6.70961
critic,complex_000059,complex_000456,16,-7.90707
critic,complex_000059,complex_000456,17,-8.02419
critic,complex_000059,complex_000456,18,-6.26365
critic,complex_000059,complex_000456,19,-6.9262
critic,complex_000069,complex_000069,0,-9.00801
critic,complex_000069,complex_000069,1,-6.17734
critic,complex_000069,complex_000069,2,-8.98393
critic,complex_000069,complex_000069,3,-6.36618
critic,complex_000069,complex_000069,4,-10.1464
critic,complex_000069,complex_000069,5,-5.89808
critic,complex_000069,complex_000069,6,-8.52801
critic,complex_000069,complex_000069,7,-10.55669
critic,complex_000069,complex_000069,8,-6.88898
critic,complex_000069,complex_000069,9,-6.34531
critic,complex_000069,complex_000069,10,-8.68689
critic,complex_000069,complex_000069,11,-9.15077
critic,complex_000069,complex_000069,12,-10.27249
critic,complex_000069,complex_000069,13,-9.0658
critic,complex_000069,complex_000069,14,-7.70387
critic,complex_000069,complex_000069,15,-8.50085
critic,complex_000069,complex_000069,16,-9.94219
critic,complex_000069,complex_000069,17,-9.52681
critic,complex_000069,complex_000069,18,-10.87413
critic,complex_000069,complex_000069,19,-7.14546
critic,complex_000069,complex_000411,0,-8.89124
critic,complex_000069,complex_000411,1,-5.9188
critic,complex_000069,complex_000411,2,-8.31658
critic,complex_000069,complex_000411,3,-6.61316
critic,complex_000069,complex_000411,4,-8.23253
critic,complex_000069,complex_000411,5,-5.55322
critic,complex_000069,complex_000411,6,-9.0069
critic,complex_000069,complex_000411,7,-9.72193
critic,complex_000069,complex_000411,8,-7.00818
critic,complex_000069,complex_000411,9,-6.28921
critic,complex_000069,complex_000411,10,-8.61525
critic,complex_000069,complex_000411,11,-8.56105
critic,complex_000069,complex_000411,12,-8.82829
critic,complex_000069,complex_000411,13,-8.4868
critic,complex_000069,complex_000411,14,-7.27519
critic,complex_000069,complex_000411,15,-8.31386
critic,complex_000069,complex_000411,16,-9.70531
critic,complex_000069,complex_000411,17,-8.98317
critic,complex_000069,complex_000411,18,-9.7525
critic,complex_000069,complex_000411,19,-6.62788
critic,complex_000063,complex_000063,0,-7.9649
critic,complex_000063,complex_000063,1,-8.05443
critic,complex_000063,complex_000063,2,-4.70166
critic,complex_000063,complex_000063,3,-7.08098
critic,complex_000063,complex_000063,4,-6.65147
critic,complex_000063,complex_000063,5,-8.96364
critic,complex_000063,complex_000063,6,-7.88466
critic,complex_000063,complex_000063,7,-7.92021
critic,complex_000063,complex_000063,8,-9.10262
critic,complex_000063,complex_000063,9,-7.68431
critic,complex_000063,complex_000063,10,-4.4598
critic,complex_000063,complex_000063,11,-5.2943
critic,complex_000063,complex_000063,12,-6.96816
critic,complex_000063,complex_000063,13,-5.23359
critic,complex_000063,complex_000063,14,-7.61591
critic,complex_000063,complex_000063,15,-8.57954
critic,complex_000063,complex_000063,16,-9.08023
critic,complex_000063,complex_000063,17,-6.14652
critic,complex_000063,complex_000063,18,-5.49546
critic,complex_000063,complex_000063,19,-4.6508
critic,complex_000069,complex_000400,0,-9.38634
critic,complex_000069,complex_000400,1,-6.25562
critic,complex_000069,complex_000400,2,-9.17337
critic,complex_000069,complex_000400,3,-6.83853
critic,complex_000069,complex_000400,4,-8.45348
critic,complex_000069,complex_000400,5,-5.99825
critic,complex_000069,complex_000400,6,-9.33575
critic,complex_000069,complex_000400,7,-10.48326
critic,complex_000069,complex_000400,8,-7.64599
critic,complex_000069,complex_000400,9,-6.99756
critic,complex_000069,complex_000400,10,-9.68571
critic,complex_000069,complex_000400,11,-9.26163
critic,complex_000069,complex_000400,12,-10.62569
critic,complex_000069,complex_000400,13,-8.80752
critic,complex_000069,complex_000400,14,-8.91748
critic,complex_000069,complex_000400,15,-9.23619
critic,complex_000069,complex_000400,16,-9.43725
critic,complex_000069,complex_000400,17,-10.62209
critic,complex_000069,complex_000400,18,-10.35225
critic,complex_000069,complex_000400,19,-6.66651
critic,complex_000069,complex_000170,0,-8.9172
critic,complex_000069,complex_000170,1,-6.86617
critic,complex_000069,complex_000170,2,-8.61444
critic,complex_000069,complex_000170,3,-7.072
critic,complex_000069,complex_000170,4,2.6029
critic,complex_000069,complex_000170,5,-6.60191
critic,complex_000069,complex_000170,6,-10.37986
critic,complex_000069,complex_000170,7,-9.5561
critic,complex_000069,complex_000170,8,-8.94225
critic,complex_000069,complex_000170,9,-7.34126
critic,complex_000069,complex_000170,10,-11.64079
critic,complex_000069,complex_000170,11,-10.42814
critic,complex_000069,complex_000170,12,-5.05508
critic,complex_000069,complex_000170,13,-4.05334
critic,complex_000069,complex_000170,14,-9.43118
critic,complex_000069,complex_000170,15,-10.3495
critic,complex_000069,complex_000170,16,-5.37376
critic,complex_000069,complex_000170,17,-11.19821
critic,complex_000069,complex_000170,18,-11.11508
critic,complex_000069,complex_000170,19,-7.8517
critic,complex_000063,complex_000472,0,-9.46978
critic,complex_000063,complex_000472,1,-8.73844
critic,complex_000063,complex_000472,2,-5.87049
critic,complex_000063,complex_000472,3,-8.2684
critic,complex_000063,complex_000472,4,-7.33567
critic,complex_000063,complex_000472,5,-9.43915
critic,complex_000063,complex_000472,6,-9.05502
critic,complex_000063,complex_000472,7,-9.12268
critic,complex_000063,complex_000472,8,-8.57891
critic,complex_000063,complex_000472,9,-8.61121
critic,complex_000063,complex_000472,10,-5.21047
critic,complex_000063,complex_000472,11,-5.69358
critic,complex_000063,complex_000472,12,-7.26883
critic,complex_000063,complex_000472,13,-6.00182
critic,complex_000063,complex_000472,14,-8.27647
critic,complex_000063,complex_000472,15,-9.81377
critic,complex_000063,complex_000472,16,-10.35818
critic,complex_000063,complex_000472,17,-6.78161
critic,complex_000063,complex_000472,18,-6.54258
critic,complex_000063,complex_000472,19,-5.68152
critic,complex_000063,complex_000193,0,-8.10378
critic,complex_000063,complex_000193,1,-7.90056
critic,complex_000063,complex_000193,2,-5.75124
critic,complex_000063,complex_000193,3,-6.45379
critic,complex_000063,complex_000193,4,-6.37618
critic,complex_000063,complex_000193,5,-7.33444
critic,complex_000063,complex_000193,6,-8.16564
critic,complex_000063,complex_000193,7,-6.98301
critic,complex_000063,complex_000193,8,-7.15663
critic,complex_000063,complex_000193,9,-7.13193
critic,complex_000063,complex_000193,10,-4.74173
critic,complex_000063,complex_000193,11,-5.20245
critic,complex_000063,complex_000193,12,-5.58958
critic,complex_000063,complex_000193,13,-5.90839
critic,complex_000063,complex_000193,14,-6.80816
critic,complex_000063,complex_000193,15,-9.10147
critic,complex_000063,complex_000193,16,-8.22607
critic,complex_000063,complex_000193,17,-6.23934
critic,complex_000063,complex_000193,18,-6.262
critic,complex_000063,complex_000193,19,-5.72874
critic,complex_000063,complex_000305,0,-9.37471
critic,complex_000063,complex_000305,1,-9.36222
critic,complex_000063,complex_000305,2,-5.65369
critic,complex_000063,complex_000305,3,-8.45143
critic,complex_000063,complex_000305,4,-7.32291
critic,complex_000063,complex_000305,5,-10.99595
critic,complex_000063,complex_000305,6,-8.18286
critic,complex_000063,complex_000305,7,-8.56554
critic,complex_000063,complex_000305,8,-9.73242
critic,complex_000063,complex_000305,9,-8.69066
critic,complex_000063,complex_000305,10,-4.73641
critic,complex_000063,complex_000305,11,-6.08929
critic,complex_000063,complex_000305,12,-7.40907
critic,complex_000063,complex_000305,13,-5.61996
critic,complex_000063,complex_000305,14,-9.00984
critic,complex_000063,complex_000305,15,-9.74833
critic,complex_000063,complex_000305,16,-9.86244
critic,complex_000063,complex_000305,17,-7.62873
critic,complex_000063,complex_000305,18,-5.95536
critic,complex_000063,complex_000305,19,-4.96789
critic,complex_000112,complex_000112,0,-7.91141
critic,complex_000112,complex_000112,1,-8.60146
critic,complex_000112,complex_000112,2,-7.17465
critic,complex_000112,complex_000112,3,-7.38871
critic,complex_000112,complex_000112,4,-6.89028
critic,complex_000112,complex_000112,5,-7.84313
critic,complex_000112,complex_000112,6,-6.31512
critic,complex_000112,complex_000112,7,-8.59112
critic,complex_000112,complex_000112,8,-6.48412
critic,complex_000112,complex_000112,9,-6.0389
critic,complex_000112,complex_000112,10,-8.0647
critic,complex_000112,complex_000112,11,-7.39041
critic,complex_000112,complex_000112,12,-9.14302
critic,complex_000112,complex_000112,13,-7.25783
critic,complex_000112,complex_000112,14,-5.50733
critic,complex_000112,complex_000112,15,-6.73355
critic,complex_000112,complex_000112,16,-5.18637
critic,complex_000112,complex_000112,17,-6.98304
critic,complex_000112,complex_000112,18,-7.15877
critic,complex_000112,complex_000112,19,-7.03043
critic,complex_000085,complex_000085,0,-8.45133
critic,complex_000085,complex_000085,1,-8.46781
critic,complex_000085,complex_000085,2,-6.78083
critic,complex_000085,complex_000085,3,-8.20163
critic,complex_000085,complex_000085,4,-10.17567
critic,complex_000085,complex_000085,5,-8.40867
critic,complex_000085,complex_000085,6,-9.62397
critic,complex_000085,complex_000085,7,-11.483
critic,complex_000085,complex_000085,8,-8.40439
critic,complex_000085,complex_000085,9,-10.77289
critic,complex_000085,complex_000085,10,-8.79586
critic,complex_000085,complex_000085,11,-8.71704
critic,complex_000085,complex_000085,12,-6.9794
critic,complex_000085,complex_000085,13,-9.2226
critic,complex_000085,complex_000085,14,-10.0387
critic,complex_000085,complex_000085,15,-7.16991
critic,complex_000085,complex_000085,16,-8.66938
critic,complex_000085,complex_000085,17,-8.63788
critic,complex_000085,complex_000085,18,-10.36522
critic,complex_000085,complex_000085,19,-7.63813
critic,complex_000085,complex_000400,0,-8.36996
critic,complex_000085,complex_000400,1,-8.11028
critic,complex_000085,complex_000400,2,-7.21471
critic,complex_000085,complex_000400,3,-8.44668
critic,complex_000085,complex_000400,4,-10.68965
critic,complex_000085,complex_000400,5,-8.4052
critic,complex_000085,complex_000400,6,-9.72191
critic,complex_000085,complex_000400,7,-10.70272
critic,complex_000085,complex_000400,8,-8.61899
critic,complex_000085,complex_000400,9,-11.91946
critic,complex_000085,complex_000400,10,-9.30053
critic,complex_000085,complex_000400,11,-8.33371
critic,complex_000085,complex_000400,12,-7.28836
critic,complex_000085,complex_000400,13,-9.27017
critic,complex_000085,complex_000400,14,-10.13573
critic,complex_000085,complex_000400,15,-7.0876
critic,complex_000085,complex_000400,16,-9.05834
critic,complex_000085,complex_000400,17,-8.81434
critic,complex_000085,complex_000400,18,-9.20493
critic,complex_000085,complex_000400,19,-7.96798
critic,complex_000112,complex_000456,0,-6.73662
critic,complex_000112,complex_000456,1,-8.15165
critic,complex_000112,complex_000456,2,-7.33517
critic,complex_000112,complex_000456,3,-6.75173
critic,complex_000112,complex_000456,4,-6.43671
critic,complex_000112,complex_000456,5,-7.65928
critic,complex_000112,complex_000456,6,-7.06321
critic,complex_000112,complex_000456,7,-8.83503
critic,complex_000112,complex_000456,8,-6.4393
critic,complex_000112,complex_000456,9,-6.11558
critic,complex_000112,complex_000456,10,-6.25745
critic,complex_000112,complex_000456,11,-6.64972
critic,complex_000112,complex_000456,12,-7.68472
critic,complex_000112,complex_000456,13,-6.84867
critic,complex_000112,complex_000456,14,-4.72816
critic,complex_000112,complex_000456,15,-7.77068
critic,complex_000112,complex_000456,16,-4.83749
critic,complex_000112,complex_000456,17,-8.8903
critic,complex_000112,complex_000456,18,-6.25006
critic,complex_000112,complex_000456,19,-7.07148
critic,complex_000112,complex_000473,0,-7.07346
critic,complex_000112,complex_000473,1,-8.43093
critic,complex_000112,complex_000473,2,-6.73378
critic,complex_000112,complex_000473,3,-7.00726
critic,complex_000112,complex_000473,4,-6.61998
critic,complex_000112,complex_000473,5,-7.68718
critic,complex_000112,complex_000473,6,-7.00642
critic,complex_000112,complex_000473,7,-9.15767
critic,complex_000112,complex_000473,8,-5.8948
critic,complex_000112,complex_000473,9,-7.17293
critic,complex_000112,complex_000473,10,-6.19
critic,complex_000112,complex_000473,11,-6.25288
critic,complex_000112,complex_000473,12,-8.65976
critic,complex_000112,complex_000473,13,-7.13809
critic,complex_000112,complex_000473,14,-4.53935
critic,complex_000112,complex_000473,15,-7.85796
critic,complex_000112,complex_000473,16,-4.326
critic,complex_000112,complex_000473,17,-9.1627
critic,complex_000112,complex_000473,18,-6.18169
critic,complex_000112,complex_000473,19,-6.48267
critic,complex_000085,complex_000026,0,-7.79946
critic,complex_000085,complex_000026,1,-6.78855
critic,complex_000085,complex_000026,2,-6.00614
critic,complex_000085,complex_000026,3,-7.54673
critic,complex_000085,complex_000026,4,-9.02458
critic,complex_000085,complex_000026,5,-7.85248
critic,complex_000085,complex_000026,6,-8.43106
critic,complex_000085,complex_000026,7,-9.23764
critic,complex_000085,complex_000026,8,-7.27165
critic,complex_000085,complex_000026,9,-9.075
critic,complex_000085,complex_000026,10,-7.35948
critic,complex_000085,complex_000026,11,-7.29548
critic,complex_000085,complex_000026,12,-6.11471
critic,complex_000085,complex_000026,13,-7.37102
critic,complex_000085,complex_000026,14,-8.66359
critic,complex_000085,complex_000026,15,-6.18042
critic,complex_000085,complex_000026,16,-8.21627
critic,complex_000085,complex_000026,17,-7.52447
critic,complex_000085,complex_000026,18,-8.05772
critic,complex_000085,complex_000026,19,-7.18664
critic,complex_000112,complex_000179,0,-8.30744
critic,complex_000112,complex_000179,1,-10.2227
critic,complex_000112,complex_000179,2,-8.91704
critic,complex_000112,complex_000179,3,-8.6644
critic,complex_000112,complex_000179,4,-7.14107
critic,complex_000112,complex_000179,5,-10.08471
critic,complex_000112,complex_000179,6,-8.25304
critic,complex_000112,complex_000179,7,-11.87038
critic,complex_000112,complex_000179,8,-7.08721
critic,complex_000112,complex_000179,9,-7.94508
critic,complex_000112,complex_000179,10,-6.78284
critic,complex_000112,complex_000179,11,-7.87441
critic,complex_000112,complex_000179,12,-9.42287
critic,complex_000112,complex_000179,13,-8.88711
critic,complex_000112,complex_000179,14,-5.60631
critic,complex_000112,complex_000179,15,-9.11062
critic,complex_000112,complex_000179,16,-4.86231
critic,complex_000112,complex_000179,17,-10.45509
critic,complex_000112,complex_000179,18,-7.19903
critic,complex_000112,complex_000179,19,-7.90359
critic,complex_000085,complex_000374,0,-8.14598
critic,complex_000085,complex_000374,1,-8.72011
critic,complex_000085,complex_000374,2,-6.66179
critic,complex_000085,complex_000374,3,-6.87934
critic,complex_000085,complex_000374,4,-10.38515
critic,complex_000085,complex_000374,5,-8.30685
critic,complex_000085,complex_000374,6,-10.22066
critic,complex_000085,complex_000374,7,-8.032
critic,complex_000085,complex_000374,8,-9.36206
critic,complex_000085,complex_000374,9,-8.86167
critic,complex_000085,complex_000374,10,-8.74304
critic,complex_000085,complex_000374,11,-7.40259
critic,complex_000085,complex_000374,12,-7.68731
critic,complex_000085,complex_000374,13,-8.53726
critic,complex_000085,complex_000374,14,-10.16706
critic,complex_000085,complex_000374,15,-6.83594
critic,complex_000085,complex_000374,16,-8.92472
critic,complex_000085,complex_000374,17,-9.15624
critic,complex_000085,complex_000374,18,-9.19983
critic,complex_000085,complex_000374,19,-8.26116
critic,complex_000117,complex_000456,0,-6.759
critic,complex_000117,complex_000456,1,-8.17097
critic,complex_000117,complex_000456,2,-7.39849
critic,complex_000117,complex_000456,3,-6.46973
critic,complex_000117,complex_000456,4,-8.37607
critic,complex_000117,complex_000456,5,-5.28643
critic,complex_000117,complex_000456,6,-4.30618
critic,complex_000117,complex_000456,7,-8.58464
critic,complex_000117,complex_000456,8,-8.85519
critic,complex_000117,complex_000456,9,-8.32081
critic,complex_000117,complex_000456,10,-6.07957
critic,complex_000117,complex_000456,11,-6.02818
critic,complex_000117,complex_000456,12,-5.70873
critic,complex_000117,complex_000456,13,-4.44874
critic,complex_000117,complex_000456,14,-6.37522
critic,complex_000117,complex_000456,15,-6.25956
critic,complex_000117,complex_000456,16,-8.27125
critic,complex_000117,complex_000456,17,-3.44249
critic,complex_000117,complex_000456,18,-8.65349
critic,complex_000117,complex_000456,19,-6.74191
critic,complex_000117,complex_000117,0,-6.9178
critic,complex_000117,complex_000117,1,-7.5881
critic,complex_000117,complex_000117,2,-7.22664
critic,complex_000117,complex_000117,3,-7.23822
critic,complex_000117,complex_000117,4,-7.85928
critic,complex_000117,complex_000117,5,-6.03659
critic,complex_000117,complex_000117,6,-4.74483
critic,complex_000117,complex_000117,7,-7.36204
critic,complex_000117,complex_000117,8,-8.36648
critic,complex_000117,complex_000117,9,-9.68323
critic,complex_000117,complex_000117,10,-6.78691
critic,complex_000117,complex_000117,11,-6.79142
critic,complex_000117,complex_000117,12,-5.69589
critic,complex_000117,complex_000117,13,-5.31962
critic,complex_000117,complex_000117,14,-7.14191
critic,complex_000117,complex_000117,15,-7.35569
critic,complex_000117,complex_000117,16,-9.15701
critic,complex_000117,complex_000117,17,-3.87242
critic,complex_000117,complex_000117,18,-7.58404
critic,complex_000117,complex_000117,19,-7.38893
critic,complex_000117,complex_000069,0,-7.41859
critic,complex_000117,complex_000069,1,-10.12497
critic,complex_000117,complex_000069,2,-7.74704
critic,complex_000117,complex_000069,3,-7.70921
critic,complex_000117,complex_000069,4,-10.02526
critic,complex_000117,complex_000069,5,-5.45945
critic,complex_000117,complex_000069,6,-4.18564
critic,complex_000117,complex_000069,7,-7.75103
critic,complex_000117,complex_000069,8,-9.43488
critic,complex_000117,complex_000069,9,-9.48213
critic,complex_000117,complex_000069,10,-6.35591
critic,complex_000117,complex_000069,11,-6.67872
critic,complex_000117,complex_000069,12,-5.49999
critic,complex_000117,complex_000069,13,-4.98525
critic,complex_000117,complex_000069,14,-7.35056
critic,complex_000117,complex_000069,15,-7.37296
critic,complex_000117,complex_000069,16,-9.19184
critic,complex_000117,complex_000069,17,-3.57897
critic,complex_000117,complex_000069,18,-10.05729
critic,complex_000117,complex_000069,19,-7.21788
critic,complex_000140,complex_000140,0,-8.33096
critic,complex_000140,complex_000140,1,-6.99434
critic,complex_000140,complex_000140,2,-11.88818
critic,complex_000140,complex_000140,3,-10.36201
critic,complex_000140,complex_000140,4,-7.13651
critic,complex_000140,complex_000140,5,-13.48108
critic,complex_000140,complex_000140,6,-10.01633
critic,complex_000140,complex_000140,7,-7.67476
critic,complex_000140,complex_000140,8,-9.68779
critic,complex_000140,complex_000140,9,-8.31377
critic,complex_000140,complex_000140,10,-8.91063
critic,complex_000140,complex_000140,11,-12.01458
critic,complex_000140,complex_000140,12,-11.41909
critic,complex_000140,complex_000140,13,-10.58687
critic,complex_000140,complex_000140,14,-7.4475
critic,complex_000140,complex_000140,15,-9.23336
critic,complex_000140,complex_000140,16,-8.10332
critic,complex_000140,complex_000140,17,-9.01992
critic,complex_000140,complex_000140,18,-4.6304
critic,complex_000140,complex_000140,19,-9.59721
critic,complex_000117,complex_000269,0,-6.42531
critic,complex_000117,complex_000269,1,-7.71244
critic,complex_000117,complex_000269,2,-6.44302
critic,complex_000117,complex_000269,3,-6.15532
critic,complex_000117,complex_000269,4,-7.27614
critic,complex_000117,complex_000269,5,-5.51927
critic,complex_000117,complex_000269,6,-4.86682
critic,complex_000117,complex_000269,7,-7.68653
critic,complex_000117,complex_000269,8,-7.44728
critic,complex_000117,complex_000269,9,-7.7506
critic,complex_000117,complex_000269,10,-5.97631
critic,complex_000117,complex_000269,11,-6.12193
critic,complex_000117,complex_000269,12,-5.00854
critic,complex_000117,complex_000269,13,-5.01489
critic,complex_000117,complex_000269,14,-6.26657
critic,complex_000117,complex_000269,15,-5.82954
critic,complex_000117,complex_000269,16,-7.24302
critic,complex_000117,complex_000269,17,-3.94617
critic,complex_000117,complex_000269,18,-6.90594
critic,complex_000117,complex_000269,19,-5.94683
critic,complex_000145,complex_000266,0,-10.05525
critic,complex_000145,complex_000266,1,-9.03564
critic,complex_000145,complex_000266,2,-7.04992
critic,complex_000145,complex_000266,3,-4.6695
critic,complex_000145,complex_000266,4,-7.79856
critic,complex_000145,complex_000266,5,-6.11492
critic,complex_000145,complex_000266,6,-6.38115
critic,complex_000145,complex_000266,7,-6.73447
critic,complex_000145,complex_000266,8,-4.83536
critic,complex_000145,complex_000266,9,-7.88538
critic,complex_000145,complex_000266,10,-8.9082
critic,complex_000145,complex_000266,11,-10.09332
critic,complex_000145,complex_000266,12,-8.54534
critic,complex_000145,complex_000266,13,-5.94797
critic,complex_000145,complex_000266,14,-6.00747
critic,complex_000145,complex_000266,15,-8.8088
critic,complex_000145,complex_000266,16,-7.10473
critic,complex_000145,complex_000266,17,-5.28504
critic,complex_000145,complex_000266,18,-7.71021
critic,complex_000145,complex_000266,19,-5.73965
critic,complex_000145,complex_000145,0,-7.64883
critic,complex_000145,complex_000145,1,-5.95558
critic,complex_000145,complex_000145,2,-4.84263
critic,complex_000145,complex_000145,3,-3.60214
critic,complex_000145,complex_000145,4,-6.12338
critic,complex_000145,complex_000145,5,-4.6414
critic,complex_000145,complex_000145,6,-5.01387
critic,complex_000145,complex_000145,7,-4.91428
critic,complex_000145,complex_000145,8,-3.92696
critic,complex_000145,complex_000145,9,-5.44598
critic,complex_000145,complex_000145,10,-6.74894
critic,complex_000145,complex_000145,11,-7.85368
critic,complex_000145,complex_000145,12,-6.06225
critic,complex_000145,complex_000145,13,-4.67776
critic,complex_000145,complex_000145,14,-4.83868
critic,complex_000145,complex_000145,15,-6.15857
critic,complex_000145,complex_000145,16,-5.35506
critic,complex_000145,complex_000145,17,-4.26725
critic,complex_000145,complex_000145,18,-5.00377
critic,complex_000145,complex_000145,19,-4.22744
critic,complex_000140,complex_000387,0,-7.2346
critic,complex_000140,complex_000387,1,-7.61762
critic,complex_000140,complex_000387,2,-9.40194
critic,complex_000140,complex_000387,3,-10.412
critic,complex_000140,complex_000387,4,-8.46889
critic,complex_000140,complex_000387,5,-9.06562
critic,complex_000140,complex_000387,6,-11.13598
critic,complex_000140,complex_000387,7,-8.0575
critic,complex_000140,complex_000387,8,-10.75549
critic,complex_000140,complex_000387,9,-9.11994
critic,complex_000140,complex_000387,10,-7.17432
critic,complex_000140,complex_000387,11,-11.7477
critic,complex_000140,complex_000387,12,-8.09957
critic,complex_000140,complex_000387,13,-10.5852
critic,complex_000140,complex_000387,14,-7.09537
critic,complex_000140,complex_000387,15,-9.479
critic,complex_000140,complex_000387,16,-8.85579
critic,complex_000140,complex_000387,17,-9.49254
critic,complex_000140,complex_000387,18,-5.66458
critic,complex_000140,complex_000387,19,-9.19192
critic,complex_000148,complex_000148,0,-6.18113
critic,complex_000148,complex_000148,1,-6.33072
critic,complex_000148,complex_000148,2,-8.30987
critic,complex_000148,complex_000148,3,-7.9406
critic,complex_000148,complex_000148,4,-5.69961
critic,complex_000148,complex_000148,5,-5.32732
critic,complex_000148,complex_000148,6,-7.58683
critic,complex_000148,complex_000148,7,-8.29952
critic,complex_000148,complex_000148,8,-7.9757
critic,complex_000148,complex_000148,9,-4.85084
critic,complex_000148,complex_000148,10,-6.2458
critic,complex_000148,complex_000148,11,-4.79498
critic,complex_000148,complex_000148,12,-6.65994
critic,complex_000148,complex_000148,13,-7.1967
critic,complex_000148,complex_000148,14,-9.17463
critic,complex_000148,complex_000148,15,-4.47679
critic,complex_000148,complex_000148,16,-8.59881
critic,complex_000148,complex_000148,17,-6.81744
critic,complex_000148,complex_000148,18,-11.06531
critic,complex_000148,complex_000148,19,-10.12376
critic,complex_000145,complex_000456,0,-9.49368
critic,complex_000145,complex_000456,1,-7.48134
critic,complex_000145,complex_000456,2,-6.66144
critic,complex_000145,complex_000456,3,-4.6041
critic,complex_000145,complex_000456,4,-7.41754
critic,complex_000145,complex_000456,5,-5.41111
critic,complex_000145,complex_000456,6,-6.32263
critic,complex_000145,complex_000456,7,-5.89899
critic,complex_000145,complex_000456,8,-5.52875
critic,complex_000145,complex_000456,9,-7.43735
critic,complex_000145,complex_000456,10,-9.03165
critic,complex_000145,complex_000456,11,-8.70402
critic,complex_000145,complex_000456,12,-7.52684
critic,complex_000145,complex_000456,13,-6.6159
critic,complex_000145,complex_000456,14,-5.96243
critic,complex_000145,complex_000456,15,-7.24425
critic,complex_000145,complex_000456,16,-6.81524
critic,complex_000145,complex_000456,17,-5.36366
critic,complex_000145,complex_000456,18,-6.41802
critic,complex_000145,complex_000456,19,-5.09745
critic,complex_000140,complex_000382,0,-7.43146
critic,complex_000140,complex_000382,1,-7.12978
critic,complex_000140,complex_000382,2,-10.65675
critic,complex_000140,complex_000382,3,-11.12071
critic,complex_000140,complex_000382,4,-7.61741
critic,complex_000140,complex_000382,5,-11.99389
critic,complex_000140,complex_000382,6,-11.48939
critic,complex_000140,complex_000382,7,-8.98279
critic,complex_000140,complex_000382,8,-10.67502
critic,complex_000140,complex_000382,9,-8.60172
critic,complex_000140,complex_000382,10,-9.39239
critic,complex_000140,complex_000382,11,-11.33496
critic,complex_000140,complex_000382,12,-10.84179
critic,complex_000140,complex_000382,13,-12.30509
critic,complex_000140,complex_000382,14,-7.74026
critic,complex_000140,complex_000382,15,-10.28132
critic,complex_000140,complex_000382,16,-8.94775
critic,complex_000140,complex_000382,17,-9.7772
critic,complex_000140,complex_000382,18,-4.70036
critic,complex_000140,complex_000382,19,-10.48177
critic,complex_000140,complex_000535,0,-6.52591
critic,complex_000140,complex_000535,1,-6.92928
critic,complex_000140,complex_000535,2,-7.93787
critic,complex_000140,complex_000535,3,-9.47572
critic,complex_000140,complex_000535,4,-7.90974
critic,complex_000140,complex_000535,5,-8.53384
critic,complex_000140,complex_000535,6,-9.76286
critic,complex_000140,complex_000535,7,-6.17134
critic,complex_000140,complex_000535,8,-8.67672
critic,complex_000140,complex_000535,9,-8.11007
critic,complex_000140,complex_000535,10,-7.08731
critic,complex_000140,complex_000535,11,-9.80611
critic,complex_000140,complex_000535,12,-7.78404
critic,complex_000140,complex_000535,13,-10.02155
critic,complex_000140,complex_000535,14,-6.75558
critic,complex_000140,complex_000535,15,-7.55922
critic,complex_000140,complex_000535,16,-8.03295
critic,complex_000140,complex_000535,17,-7.92067
critic,complex_000140,complex_000535,18,-5.85506
critic,complex_000140,complex_000535,19,-8.30063
critic,complex_000148,complex_000177,0,-6.28506
critic,complex_000148,complex_000177,1,-7.27755
critic,complex_000148,complex_000177,2,-7.57861
critic,complex_000148,complex_000177,3,-8.07782
critic,complex_000148,complex_000177,4,-6.47899
critic,complex_000148,complex_000177,5,-6.25311
critic,complex_000148,complex_000177,6,-7.96451
critic,complex_000148,complex_000177,7,-8.45404
critic,complex_000148,complex_000177,8,-8.06726
critic,complex_000148,complex_000177,9,-5.75548
critic,complex_000148,complex_000177,10,-6.86752
critic,complex_000148,complex_000177,11,-5.62035
critic,complex_000148,complex_000177,12,-7.41655
critic,complex_000148,complex_000177,13,-7.40151
critic,complex_000148,complex_000177,14,-8.69177
critic,complex_000148,complex_000177,15,-5.50359
critic,complex_000148,complex_000177,16,-8.92185
critic,complex_000148,complex_000177,17,-7.16421
critic,complex_000148,complex_000177,18,-9.9815
critic,complex_000148,complex_000177,19,-8.79957
critic,complex_000148,complex_000411,0,-7.1822
critic,complex_000148,complex_000411,1,-7.26448
critic,complex_000148,complex_000411,2,-9.17487
critic,complex_000148,complex_000411,3,-8.56688
critic,complex_000148,complex_000411,4,-6.20842
critic,complex_000148,complex_000411,5,-5.55464
critic,complex_000148,complex_000411,6,-8.57467
critic,complex_000148,complex_000411,7,-9.0892
critic,complex_000148,complex_000411,8,-9.11903
critic,complex_000148,complex_000411,9,-5.39503
critic,complex_000148,complex_000411,10,-6.62121
critic,complex_000148,complex_000411,11,-5.55071
critic,complex_000148,complex_000411,12,-7.84998
critic,complex_000148,complex_000411,13,-7.77967
critic,complex_000148,complex_000411,14,-9.77615
critic,complex_000148,complex_000411,15,-5.34629
critic,complex_000148,complex_000411,16,-8.57232
critic,complex_000148,complex_000411,17,-8.36214
critic,complex_000148,complex_000411,18,-9.92186
critic,complex_000148,complex_000411,19,-9.58827
critic,complex_000148,complex_000472,0,-7.33928
critic,complex_000148,complex_000472,1,-7.70088
critic,complex_000148,complex_000472,2,-8.44787
critic,complex_000148,complex_000472,3,-9.3421
critic,complex_000148,complex_000472,4,-6.88188
critic,complex_000148,complex_000472,5,-6.12599
critic,complex_000148,complex_000472,6,-8.48574
critic,complex_000148,complex_000472,7,-10.48249
critic,complex_000148,complex_000472,8,-8.79901
critic,complex_000148,complex_000472,9,-5.44378
critic,complex_000148,complex_000472,10,-7.26507
critic,complex_000148,complex_000472,11,-6.36649
critic,complex_000148,complex_000472,12,-8.13263
critic,complex_000148,complex_000472,13,-8.71782
critic,complex_000148,complex_000472,14,-9.79015
critic,complex_000148,complex_000472,15,-5.82978
critic,complex_000148,complex_000472,16,-8.70533
critic,complex_000148,complex_000472,17,-8.10027
critic,complex_000148,complex_000472,18,-11.17138
critic,complex_000148,complex_000472,19,-10.44772
critic,complex_000141,complex_000387,0,-9.80143
critic,complex_000141,complex_000387,1,-10.49346
critic,complex_000141,complex_000387,2,-8.41046
critic,complex_000141,complex_000387,3,-10.58822
critic,complex_000141,complex_000387,4,-7.02156
critic,complex_000141,complex_000387,5,-9.48177
critic,complex_000141,complex_000387,6,-6.57594
critic,complex_000141,complex_000387,7,-6.43418
critic,complex_000141,complex_000387,8,-8.4374
critic,complex_000141,complex_000387,9,-8.78463
critic,complex_000141,complex_000387,10,-7.20105
critic,complex_000141,complex_000387,11,-8.69426
critic,complex_000141,complex_000387,12,-8.38548
critic,complex_000141,complex_000387,13,-7.03865
critic,complex_000141,complex_000387,14,-7.94378
critic,complex_000141,complex_000387,15,-8.78397
critic,complex_000141,complex_000387,16,-8.2703
critic,complex_000141,complex_000387,17,-8.41126
critic,complex_000141,complex_000387,18,-7.92878
critic,complex_000141,complex_000387,19,-8.11373
critic,complex_000141,complex_000141,0,-8.32748
critic,complex_000141,complex_000141,1,-8.53589
critic,complex_000141,complex_000141,2,-7.47969
critic,complex_000141,complex_000141,3,-8.9011
critic,complex_000141,complex_000141,4,-5.9757
critic,complex_000141,complex_000141,5,-8.10361
critic,complex_000141,complex_000141,6,-5.74534
critic,complex_000141,complex_000141,7,-5.74883
critic,complex_000141,complex_000141,8,-6.74111
critic,complex_000141,complex_000141,9,-9.10553
critic,complex_000141,complex_000141,10,-5.63853
critic,complex_000141,complex_000141,11,-6.95023
critic,complex_000141,complex_000141,12,-7.90099
critic,complex_000141,complex_000141,13,-6.32509
critic,complex_000141,complex_000141,14,-7.16592
critic,complex_000141,complex_000141,15,-7.59387
critic,complex_000141,complex_000141,16,-6.99361
critic,complex_000141,complex_000141,17,-8.28255
critic,complex_000141,complex_000141,18,-6.52634
critic,complex_000141,complex_000141,19,-7.32744
critic,complex_000141,complex_000426,0,-9.55481
critic,complex_000141,complex_000426,1,-8.15919
critic,complex_000141,complex_000426,2,-7.46187
critic,complex_000141,complex_000426,3,-8.10318
critic,complex_000141,complex_000426,4,-6.16314
critic,complex_000141,complex_000426,5,-9.3315
critic,complex_000141,complex_000426,6,-5.89454
critic,complex_000141,complex_000426,7,-5.57293
critic,complex_000141,complex_000426,8,-6.46627
critic,complex_000141,complex_000426,9,-8.71508
critic,complex_000141,complex_000426,10,-5.2957
critic,complex_000141,complex_000426,11,-7.34843
critic,complex_000141,complex_000426,12,-9.0929
critic,complex_000141,complex_000426,13,-6.44342
critic,complex_000141,complex_000426,14,-7.23957
critic,complex_000141,complex_000426,15,-7.53816
critic,complex_000141,complex_000426,16,-7.36293
critic,complex_000141,complex_000426,17,-8.12681
critic,complex_000141,complex_000426,18,-7.07354
critic,complex_000141,complex_000426,19,-6.75206
critic,complex_000145,complex_000269,0,-7.24646
critic,complex_000145,complex_000269,1,-7.04209
critic,complex_000145,complex_000269,2,-5.84118
critic,complex_000145,complex_000269,3,-4.33279
critic,complex_000145,complex_000269,4,-7.14994
critic,complex_000145,complex_000269,5,-5.45381
critic,complex_000145,complex_000269,6,-6.2101
critic,complex_000145,complex_000269,7,-5.92997
critic,complex_000145,complex_000269,8,-5.06292
critic,complex_000145,complex_000269,9,-5.97598
critic,complex_000145,complex_000269,10,-7.03287
critic,complex_000145,complex_000269,11,-7.82774
critic,complex_000145,complex_000269,12,-7.24116
critic,complex_000145,complex_000269,13,-5.93111
critic,complex_000145,complex_000269,14,-5.86493
critic,complex_000145,complex_000269,15,-5.97684
critic,complex_000145,complex_000269,16,-6.96169
critic,complex_000145,complex_000269,17,-5.23671
critic,complex_000145,complex_000269,18,-6.08591
critic,complex_000145,complex_000269,19,-5.29242
critic,complex_000141,complex_000540,0,-8.35229
critic,complex_000141,complex_000540,1,-8.67653
critic,complex_000141,complex_000540,2,-7.80932
critic,complex_000141,complex_000540,3,-8.9319
critic,complex_000141,complex_000540,4,-5.39147
critic,complex_000141,complex_000540,5,-7.91177
critic,complex_000141,complex_000540,6,-5.38463
critic,complex_000141,complex_000540,7,-5.17637
critic,complex_000141,complex_000540,8,-6.9399
critic,complex_000141,complex_000540,9,-7.76411
critic,complex_000141,complex_000540,10,-5.6368
critic,complex_000141,complex_000540,11,-6.83586
critic,complex_000141,complex_000540,12,-9.39992
critic,complex_000141,complex_000540,13,-6.18115
critic,complex_000141,complex_000540,14,-7.08664
critic,complex_000141,complex_000540,15,-7.60186
critic,complex_000141,complex_000540,16,-6.57194
critic,complex_000141,complex_000540,17,-7.25923
critic,complex_000141,complex_000540,18,-6.84094
critic,complex_000141,complex_000540,19,-6.78286
critic,complex_000149,complex_000059,0,-10.01025
critic,complex_000149,complex_000059,1,-9.0947
critic,complex_000149,complex_000059,2,-7.56986
critic,complex_000149,complex_000059,3,-5.69974
critic,complex_000149,complex_000059,4,-4.41164
critic,complex_000149,complex_000059,5,-9.58627
critic,complex_000149,complex_000059,6,-7.6487
critic,complex_000149,complex_000059,7,-9.31882
critic,complex_000149,complex_000059,8,-5.6935
critic,complex_000149,complex_000059,9,-6.34556
critic,complex_000149,complex_000059,10,-9.20855
critic,complex_000149,complex_000059,11,-8.25712
critic,complex_000149,complex_000059,12,-8.49161
critic,complex_000149,complex_000059,13,-7.12994
critic,complex_000149,complex_000059,14,-7.86391
critic,complex_000149,complex_000059,15,-4.85329
critic,complex_000149,complex_000059,16,-5.57037
critic,complex_000149,complex_000059,17,-6.84391
critic,complex_000149,complex_000059,18,-7.22302
critic,complex_000149,complex_000059,19,-5.97858
critic,complex_000149,complex_000149,0,-9.48313
critic,complex_000149,complex_000149,1,-9.13405
critic,complex_000149,complex_000149,2,-8.3992
critic,complex_000149,complex_000149,3,-5.85004
critic,complex_000149,complex_000149,4,-5.34974
critic,complex_000149,complex_000149,5,-8.07657
critic,complex_000149,complex_000149,6,-7.55356
critic,complex_000149,complex_000149,7,-9.07932
critic,complex_000149,complex_000149,8,-6.15528
critic,complex_000149,complex_000149,9,-9.20109
critic,complex_000149,complex_000149,10,-8.09628
critic,complex_000149,complex_000149,11,-9.7495
critic,complex_000149,complex_000149,12,-9.8682
critic,complex_000149,complex_000149,13,-7.73012
critic,complex_000149,complex_000149,14,-8.46483
critic,complex_000149,complex_000149,15,-5.51978
critic,complex_000149,complex_000149,16,-6.23955
critic,complex_000149,complex_000149,17,-8.44719
critic,complex_000149,complex_000149,18,-9.93337
critic,complex_000149,complex_000149,19,-6.79248
critic,complex_000149,complex_000363,0,-9.55026
critic,complex_000149,complex_000363,1,-9.49237
critic,complex_000149,complex_000363,2,-6.57778
critic,complex_000149,complex_000363,3,-6.47495
critic,complex_000149,complex_000363,4,-5.08483
critic,complex_000149,complex_000363,5,-9.84514
critic,complex_000149,complex_000363,6,-8.49027
critic,complex_000149,complex_000363,7,-9.21306
critic,complex_000149,complex_000363,8,-5.81138
critic,complex_000149,complex_000363,9,-5.516
critic,complex_000149,complex_000363,10,-8.65364
critic,complex_000149,complex_000363,11,-7.58796
critic,complex_000149,complex_000363,12,-9.5164
critic,complex_000149,complex_000363,13,-6.94807
critic,complex_000149,complex_000363,14,-7.58085
critic,complex_000149,complex_000363,15,-5.21061
critic,complex_000149,complex_000363,16,-6.13727
critic,complex_000149,complex_000363,17,-6.87336
critic,complex_000149,complex_000363,18,-9.32516
critic,complex_000149,complex_000363,19,-6.72988
critic,complex_000170,complex_000170,0,-9.63795
critic,complex_000170,complex_000170,1,-8.84423
critic,complex_000170,complex_000170,2,-8.06443
critic,complex_000170,complex_000170,3,-8.96349
critic,complex_000170,complex_000170,4,-6.38894
critic,complex_000170,complex_000170,5,-9.60509
critic,complex_000170,complex_000170,6,-8.00407
critic,complex_000170,complex_000170,7,-8.32911
critic,complex_000170,complex_000170,8,-9.83387
critic,complex_000170,complex_000170,9,-9.61036
critic,complex_000170,complex_000170,10,-12.10808
critic,complex_000170,complex_000170,11,-8.3007
critic,complex_000170,complex_000170,12,-6.54327
critic,complex_000170,complex_000170,13,-8.94481
critic,complex_000170,complex_000170,14,-6.884
critic,complex_000170,complex_000170,15,-9.46095
critic,complex_000170,complex_000170,16,-10.91986
critic,complex_000170,complex_000170,17,-11.05423
critic,complex_000170,complex_000170,18,-11.63989
critic,complex_000170,complex_000170,19,-11.24981
critic,complex_000170,complex_000112,0,-7.59904
critic,complex_000170,complex_000112,1,-8.28071
critic,complex_000170,complex_000112,2,-6.27376
critic,complex_000170,complex_000112,3,-7.23939
critic,complex_000170,complex_000112,4,-4.44632
critic,complex_000170,complex_000112,5,-8.15186
critic,complex_000170,complex_000112,6,-7.03354
critic,complex_000170,complex_000112,7,-6.36296
critic,complex_000170,complex_000112,8,-7.30044
critic,complex_000170,complex_000112,9,-6.73185
critic,complex_000170,complex_000112,10,-7.64562
critic,complex_000170,complex_000112,11,-7.47608
critic,complex_000170,complex_000112,12,-7.97449
critic,complex_000170,complex_000112,13,-7.23944
critic,complex_000170,complex_000112,14,-7.17957
critic,complex_000170,complex_000112,15,-8.31173
critic,complex_000170,complex_000112,16,-7.96467
critic,complex_000170,complex_000112,17,-10.05844
critic,complex_000170,complex_000112,18,-10.85556
critic,complex_000170,complex_000112,19,-8.89432
critic,complex_000149,complex_000236,0,-8.84845
critic,complex_000149,complex_000236,1,-7.50611
critic,complex_000149,complex_000236,2,-8.24308
critic,complex_000149,complex_000236,3,-6.24126
critic,complex_000149,complex_000236,4,-4.53069
critic,complex_000149,complex_000236,5,-8.32999
critic,complex_000149,complex_000236,6,-8.19937
critic,complex_000149,complex_000236,7,-7.94219
critic,complex_000149,complex_000236,8,-5.10508
critic,complex_000149,complex_000236,9,-7.69884
critic,complex_000149,complex_000236,10,-7.71725
critic,complex_000149,complex_000236,11,-8.48959
critic,complex_000149,complex_000236,12,-7.2475
critic,complex_000149,complex_000236,13,-6.14424
critic,complex_000149,complex_000236,14,-7.47253
critic,complex_000149,complex_000236,15,-4.68111
critic,complex_000149,complex_000236,16,-5.62408
critic,complex_000149,complex_000236,17,-6.48919
critic,complex_000149,complex_000236,18,-9.64149
critic,complex_000149,complex_000236,19,-5.77924
critic,complex_000170,complex_000411,0,-9.75204
critic,complex_000170,complex_000411,1,-7.69824
critic,complex_000170,complex_000411,2,-6.54058
critic,complex_000170,complex_000411,3,-7.62104
critic,complex_000170,complex_000411,4,-5.32496
critic,complex_000170,complex_000411,5,-9.69816
critic,complex_000170,complex_000411,6,-8.12212
critic,complex_000170,complex_000411,7,-7.19052
critic,complex_000170,complex_000411,8,-8.58231
critic,complex_000170,complex_000411,9,-8.77976
critic,complex_000170,complex_000411,10,-8.27407
critic,complex_000170,complex_000411,11,-8.0962
critic,complex_000170,complex_000411,12,-9.4501
critic,complex_000170,complex_000411,13,-7.7662
critic,complex_000170,complex_000411,14,-9.36553
critic,complex_000170,complex_000411,15,-7.2094
critic,complex_000170,complex_000411,16,-8.47195
critic,complex_000170,complex_000411,17,-10.2227
critic,complex_000170,complex_000411,18,-12.53444
critic,complex_000170,complex_000411,19,-9.32336
critic,complex_000165,complex_000148,0,-6.765
critic,complex_000165,complex_000148,1,-8.7278
critic,complex_000165,complex_000148,2,-6.79744
critic,complex_000165,complex_000148,3,-4.63558
critic,complex_000165,complex_000148,4,-7.64241
critic,complex_000165,complex_000148,5,-5.47232
critic,complex_000165,complex_000148,6,-6.87614
critic,complex_000165,complex_000148,7,-5.93552
critic,complex_000165,complex_000148,8,-6.46586
critic,complex_000165,complex_000148,9,-7.70139
critic,complex_000165,complex_000148,10,-6.65865
critic,complex_000165,complex_000148,11,-7.80892
critic,complex_000165,complex_000148,12,-5.8829
critic,complex_000165,complex_000148,13,-6.36844
critic,complex_000165,complex_000148,14,-6.10006
critic,complex_000165,complex_000148,15,-7.55417
critic,complex_000165,complex_000148,16,-7.65627
critic,complex_000165,complex_000148,17,-6.19971
critic,complex_000165,complex_000148,18,-7.03718
critic,complex_000165,complex_000148,19,-3.89468
critic,complex_000165,complex_000305,0,-8.17649
critic,complex_000165,complex_000305,1,-5.09577
critic,complex_000165,complex_000305,2,-7.71792
critic,complex_000165,complex_000305,3,-4.84895
critic,complex_000165,complex_000305,4,-7.96945
critic,complex_000165,complex_000305,5,-6.5889
critic,complex_000165,complex_000305,6,-8.59281
critic,complex_000165,complex_000305,7,-7.89155
critic,complex_000165,complex_000305,8,-7.40821
critic,complex_000165,complex_000305,9,-8.88791
critic,complex_000165,complex_000305,10,-7.67488
critic,complex_000165,complex_000305,11,-8.93964
critic,complex_000165,complex_000305,12,-6.98594
critic,complex_000165,complex_000305,13,-7.22442
critic,complex_000165,complex_000305,14,-7.4023
critic,complex_000165,complex_000305,15,-8.2215
critic,complex_000165,complex_000305,16,-8.95756
critic,complex_000165,complex_000305,17,-8.04342
critic,complex_000165,complex_000305,18,-8.74746
critic,complex_000165,complex_000305,19,-4.87447
critic,complex_000165,complex_000472,0,-8.89616
critic,complex_000165,complex_000472,1,-8.47921
critic,complex_000165,complex_000472,2,-7.47257
critic,complex_000165,complex_000472,3,-5.48988
critic,complex_000165,complex_000472,4,-7.3765
critic,complex_000165,complex_000472,5,-7.04979
critic,complex_000165,complex_000472,6,-7.74638
critic,complex_000165,complex_000472,7,-7.63546
critic,complex_000165,complex_000472,8,-7.36999
critic,complex_000165,complex_000472,9,-9.54282
critic,complex_000165,complex_000472,10,-7.50037
critic,complex_000165,complex_000472,11,-9.29612
critic,complex_000165,complex_000472,12,-7.28106
critic,complex_000165,complex_000472,13,-7.50584
critic,complex_000165,complex_000472,14,-7.50125
critic,complex_000165,complex_000472,15,-8.87412
critic,complex_000165,complex_000472,16,-9.53597
critic,complex_000165,complex_000472,17,-8.3456
critic,complex_000165,complex_000472,18,-8.4282
critic,complex_000165,complex_000472,19,-5.2937
critic,complex_000170,complex_000236,0,-8.53838
critic,complex_000170,complex_000236,1,-9.14495
critic,complex_000170,complex_000236,2,-6.85045
critic,complex_000170,complex_000236,3,-8.06418
critic,complex_000170,complex_000236,4,-4.93678
critic,complex_000170,complex_000236,5,-9.25949
critic,complex_000170,complex_000236,6,-8.28922
critic,complex_000170,complex_000236,7,-7.46612
critic,complex_000170,complex_000236,8,-8.20933
critic,complex_000170,complex_000236,9,-9.02525
critic,complex_000170,complex_000236,10,-9.21907
critic,complex_000170,complex_000236,11,-7.32577
critic,complex_000170,complex_000236,12,-11.01673
critic,complex_000170,complex_000236,13,-7.03959
critic,complex_000170,complex_000236,14,-8.82822
critic,complex_000170,complex_000236,15,-7.97119
critic,complex_000170,complex_000236,16,-9.48673
critic,complex_000170,complex_000236,17,-10.60399
critic,complex_000170,complex_000236,18,-10.82658
critic,complex_000170,complex_000236,19,-9.60213
critic,complex_000165,complex_000165,0,-5.41136
critic,complex_000165,complex_000165,1,4.39652
critic,complex_000165,complex_000165,2,-9.14014
critic,complex_000165,complex_000165,3,-6.73233
critic,complex_000165,complex_000165,4,-7.58727
critic,complex_000165,complex_000165,5,-7.07167
critic,complex_000165,complex_000165,6,-8.91933
critic,complex_000165,complex_000165,7,-6.76389
critic,complex_000165,complex_000165,8,-8.82178
critic,complex_000165,complex_000165,9,-9.93803
critic,complex_000165,complex_000165,10,-6.86423
critic,complex_000165,complex_000165,11,-6.29713
critic,complex_000165,complex_000165,12,-7.31313
critic,complex_000165,complex_000165,13,-5.91648
critic,complex_000165,complex_000165,14,-9.34448
critic,complex_000165,complex_000165,15,-4.93468
critic,complex_000165,complex_000165,16,-8.41479
critic,complex_000165,complex_000165,17,-7.27911
critic,complex_000165,complex_000165,18,-5.38033
critic,complex_000165,complex_000165,19,-5.87594
critic,complex_000177,complex_000051,0,-4.0317
critic,complex_000177,complex_000051,1,-4.73904
critic,complex_000177,complex_000051,2,-7.95045
critic,complex_000177,complex_000051,3,-6.67892
critic,complex_000177,complex_000051,4,-6.12507
critic,complex_000177,complex_000051,5,-6.90651
critic,complex_000177,complex_000051,6,-8.46536
critic,complex_000177,complex_000051,7,-9.09508
critic,complex_000177,complex_000051,8,-6.28387
critic,complex_000177,complex_000051,9,-3.68237
critic,complex_000177,complex_000051,10,-5.05222
critic,complex_000177,complex_000051,11,-7.4846
critic,complex_000177,complex_000051,12,-7.83022
critic,complex_000177,complex_000051,13,-5.23108
critic,complex_000177,complex_000051,14,-7.30724
critic,complex_000177,complex_000051,15,-6.94618
critic,complex_000177,complex_000051,16,-4.77249
critic,complex_000177,complex_000051,17,-8.54743
critic,complex_000177,complex_000051,18,-9.02824
critic,complex_000177,complex_000051,19,-8.88972
critic,complex_000177,complex_000177,0,-4.76966
critic,complex_000177,complex_000177,1,-5.55945
critic,complex_000177,complex_000177,2,-8.22877
critic,complex_000177,complex_000177,3,-7.84406
critic,complex_000177,complex_000177,4,-5.9339
critic,complex_000177,complex_000177,5,-7.89497
critic,complex_000177,complex_000177,6,-7.94957
critic,complex_000177,complex_000177,7,-7.78991
critic,complex_000177,complex_000177,8,-6.4181
critic,complex_000177,complex_000177,9,-6.33812
critic,complex_000177,complex_000177,10,-5.82003
critic,complex_000177,complex_000177,11,-9.00912
critic,complex_000177,complex_000177,12,-9.43219
critic,complex_000177,complex_000177,13,-6.03939
critic,complex_000177,complex_000177,14,-7.91929
critic,complex_000177,complex_000177,15,-7.08735
critic,complex_000177,complex_000177,16,-5.16435
critic,complex_000177,complex_000177,17,-7.56589
critic,complex_000177,complex_000177,18,-7.91794
critic,complex_000177,complex_000177,19,-8.76555
critic,complex_000179,complex_000473,0,-7.31625
critic,complex_000179,complex_000473,1,-5.66904
critic,complex_000179,complex_000473,2,-7.53122
critic,complex_000179,complex_000473,3,-8.88605
critic,complex_000179,complex_000473,4,-6.99137
critic,complex_000179,complex_000473,5,-4.66267
critic,complex_000179,complex_000473,6,-8.91812
critic,complex_000179,complex_000473,7,-7.47348
critic,complex_000179,complex_000473,8,-8.78892
critic,complex_000179,complex_000473,9,-7.84815
critic,complex_000179,complex_000473,10,-6.15539
critic,complex_000179,complex_000473,11,-7.63403
critic,complex_000179,complex_000473,12,-6.05365
critic,complex_000179,complex_000473,13,-6.76547
critic,complex_000179,complex_000473,14,-7.89818
critic,complex_000179,complex_000473,15,-6.48759
critic,complex_000179,complex_000473,16,-6.99586
critic,complex_000179,complex_000473,17,-5.24411
critic,complex_000179,complex_000473,18,-5.3496
critic,complex_000179,complex_000473,19,-6.85617
critic,complex_000177,complex_000382,0,-5.03308
critic,complex_000177,complex_000382,1,-5.22909
critic,complex_000177,complex_000382,2,-9.04939
critic,complex_000177,complex_000382,3,-9.04437
critic,complex_000177,complex_000382,4,-6.48921
critic,complex_000177,complex_000382,5,-7.64027
critic,complex_000177,complex_000382,6,-9.51749
critic,complex_000177,complex_000382,7,-7.79044
critic,complex_000177,complex_000382,8,-6.58432
critic,complex_000177,complex_000382,9,-10.05844
critic,complex_000177,complex_000382,10,-5.46876
critic,complex_000177,complex_000382,11,-9.24389
critic,complex_000177,complex_000382,12,-9.81275
critic,complex_000177,complex_000382,13,-6.68346
critic,complex_000177,complex_000382,14,-8.60289
critic,complex_000177,complex_000382,15,-7.96734
critic,complex_000177,complex_000382,16,-4.96089
critic,complex_000177,complex_000382,17,-9.42333
critic,complex_000177,complex_000382,18,-9.67343
critic,complex_000177,complex_000382,19,-9.73571
critic,complex_000177,complex_000305,0,-4.4405
critic,complex_000177,complex_000305,1,-5.13969
critic,complex_000177,complex_000305,2,-9.41844
critic,complex_000177,complex_000305,3,-9.95384
critic,complex_000177,complex_000305,4,-6.38931
critic,complex_000177,complex_000305,5,-7.76727
critic,complex_000177,complex_000305,6,-9.86821
critic,complex_000177,complex_000305,7,-8.45466
critic,complex_000177,complex_000305,8,-6.54049
critic,complex_000177,complex_000305,9,-9.00204
critic,complex_000177,complex_000305,10,-5.50341
critic,complex_000177,complex_000305,11,-8.81043
critic,complex_000177,complex_000305,12,-10.57846
critic,complex_000177,complex_000305,13,-6.15315
critic,complex_000177,complex_000305,14,-9.2176
critic,complex_000177,complex_000305,15,-7.38969
critic,complex_000177,complex_000305,16,-4.5414
critic,complex_000177,complex_000305,17,-8.21506
critic,complex_000177,complex_000305,18,-10.02279
critic,complex_000177,complex_000305,19,-9.30197
critic,complex_000179,complex_000179,0,-9.25896
critic,complex_000179,complex_000179,1,-6.58431
critic,complex_000179,complex_000179,2,-10.44583
critic,complex_000179,complex_000179,3,-9.6183
critic,complex_000179,complex_000179,4,-9.16021
critic,complex_000179,complex_000179,5,-5.85412
critic,complex_000179,complex_000179,6,-11.50954
critic,complex_000179,complex_000179,7,-8.85235
critic,complex_000179,complex_000179,8,-10.02743
critic,complex_000179,complex_000179,9,-9.96163
critic,complex_000179,complex_000179,10,-7.39299
critic,complex_000179,complex_000179,11,-8.59964
critic,complex_000179,complex_000179,12,-7.42951
critic,complex_000179,complex_000179,13,-9.24703
critic,complex_000179,complex_000179,14,-11.13037
critic,complex_000179,complex_000179,15,-8.2946
critic,complex_000179,complex_000179,16,-8.47367
critic,complex_000179,complex_000179,17,-5.78131
critic,complex_000179,complex_000179,18,-6.54001
critic,complex_000179,complex_000179,19,-8.11627
critic,complex_000179,complex_000411,0,-8.38905
critic,complex_000179,complex_000411,1,-6.14233
critic,complex_000179,complex_000411,2,-9.20757
critic,complex_000179,complex_000411,3,-8.74669
critic,complex_000179,complex_000411,4,-7.85117
critic,complex_000179,complex_000411,5,-5.04184
critic,complex_000179,complex_000411,6,-9.45577
critic,complex_000179,complex_000411,7,-7.63767
critic,complex_000179,complex_000411,8,-8.54023
critic,complex_000179,complex_000411,9,-9.69758
critic,complex_000179,complex_000411,10,-6.78819
critic,complex_000179,complex_000411,11,-7.74396
critic,complex_000179,complex_000411,12,-6.88793
critic,complex_000179,complex_000411,13,-7.93771
critic,complex_000179,complex_000411,14,-8.89257
critic,complex_000179,complex_000411,15,-7.80759
critic,complex_000179,complex_000411,16,-8.11992
critic,complex_000179,complex_000411,17,-5.41335
critic,complex_000179,complex_000411,18,-6.51564
critic,complex_000179,complex_000411,19,-7.22764
critic,complex_000191,complex_000191,0,-5.60196
critic,complex_000191,complex_000191,1,-5.35147
critic,complex_000191,complex_000191,2,-4.02966
critic,complex_000191,complex_000191,3,-4.91534
critic,complex_000191,complex_000191,4,-6.66584
critic,complex_000191,complex_000191,5,-6.66396
critic,complex_000191,complex_000191,6,-6.30194
critic,complex_000191,complex_000191,7,-6.1992
critic,complex_000191,complex_000191,8,-6.48506
critic,complex_000191,complex_000191,9,-5.19747
critic,complex_000191,complex_000191,10,-7.72454
critic,complex_000191,complex_000191,11,-4.2629
critic,complex_000191,complex_000191,12,-6.26424
critic,complex_000191,complex_000191,13,-3.55746
critic,complex_000191,complex_000191,14,-5.28237
critic,complex_000191,complex_000191,15,-6.10916
critic,complex_000191,complex_000191,16,-4.9062
critic,complex_000191,complex_000191,17,-6.21027
critic,complex_000191,complex_000191,18,-4.83586
critic,complex_000191,complex_000191,19,-4.67779
critic,complex_000191,complex_000193,0,-5.2873
critic,complex_000191,complex_000193,1,-6.23551
critic,complex_000191,complex_000193,2,-4.24591
critic,complex_000191,complex_000193,3,-5.49453
critic,complex_000191,complex_000193,4,-7.49389
critic,complex_000191,complex_000193,5,-6.70943
critic,complex_000191,complex_000193,6,-7.07597
critic,complex_000191,complex_000193,7,-7.7569
critic,complex_000191,complex_000193,8,-7.38493
critic,complex_000191,complex_000193,9,-5.26459
critic,complex_000191,complex_000193,10,-7.31381
critic,complex_000191,complex_000193,11,-4.60909
critic,complex_000191,complex_000193,12,-6.66953
critic,complex_000191,complex_000193,13,-3.63754
critic,complex_000191,complex_000193,14,-6.38926
critic,complex_000191,complex_000193,15,-6.6889
critic,complex_000191,complex_000193,16,-5.55186
critic,complex_000191,complex_000193,17,-7.04559
critic,complex_000191,complex_000193,18,-5.07957
critic,complex_000191,complex_000193,19,-4.74274
critic,complex_000179,complex_000292,0,-7.32135
critic,complex_000179,complex_000292,1,-5.29575
critic,complex_000179,complex_000292,2,-7.46021
critic,complex_000179,complex_000292,3,-7.91783
critic,complex_000179,complex_000292,4,-6.75482
critic,complex_000179,complex_000292,5,-5.36308
critic,complex_000179,complex_000292,6,-8.94908
critic,complex_000179,complex_000292,7,-6.68165
critic,complex_000179,complex_000292,8,-7.74502
critic,complex_000179,complex_000292,9,-7.4671
critic,complex_000179,complex_000292,10,-6.0551
critic,complex_000179,complex_000292,11,-6.59321
critic,complex_000179,complex_000292,12,-5.8288
critic,complex_000179,complex_000292,13,-6.38578
critic,complex_000179,complex_000292,14,-6.73916
critic,complex_000179,complex_000292,15,-6.90397
critic,complex_000179,complex_000292,16,-6.21024
critic,complex_000179,complex_000292,17,-5.27093
critic,complex_000179,complex_000292,18,-5.11848
critic,complex_000179,complex_000292,19,-6.0679
critic,complex_000191,complex_000266,0,-5.8743
critic,complex_000191,complex_000266,1,-7.50834
critic,complex_000191,complex_000266,2,-4.99609
critic,complex_000191,complex_000266,3,-7.61159
critic,complex_000191,complex_000266,4,-8.45586
critic,complex_000191,complex_000266,5,-8.00584
critic,complex_000191,complex_000266,6,-8.38054
critic,complex_000191,complex_000266,7,-7.25024
critic,complex_000191,complex_000266,8,-7.70437
critic,complex_000191,complex_000266,9,-6.04871
critic,complex_000191,complex_000266,10,-8.96956
critic,complex_000191,complex_000266,11,-5.5477
critic,complex_000191,complex_000266,12,-7.88838
critic,complex_000191,complex_000266,13,-3.32755
critic,complex_000191,complex_000266,14,-7.0857
critic,complex_000191,complex_000266,15,-8.48564
critic,complex_000191,complex_000266,16,-5.99339
critic,complex_000191,complex_000266,17,-8.91706
critic,complex_000191,complex_000266,18,-4.99052
critic,complex_000191,complex_000266,19,-5.97823
critic,complex_000193,complex_000193,0,-7.09213
critic,complex_000193,complex_000193,1,-5.72681
critic,complex_000193,complex_000193,2,-8.1824
critic,complex_000193,complex_000193,3,-7.17529
critic,complex_000193,complex_000193,4,-6.80428
critic,complex_000193,complex_000193,5,-7.84546
critic,complex_000193,complex_000193,6,-5.62986
critic,complex_000193,complex_000193,7,-5.94983
critic,complex_000193,complex_000193,8,-5.30309
critic,complex_000193,complex_000193,9,-4.7949
critic,complex_000193,complex_000193,10,-7.41434
critic,complex_000193,complex_000193,11,-5.63432
critic,complex_000193,complex_000193,12,-5.1093
critic,complex_000193,complex_000193,13,-6.79834
critic,complex_000193,complex_000193,14,-7.55552
critic,complex_000193,complex_000193,15,-8.00178
critic,complex_000193,complex_000193,16,-7.55449
critic,complex_000193,complex_000193,17,-7.02583
critic,complex_000193,complex_000193,18,-7.19641
critic,complex_000193,complex_000193,19,-5.0904
critic,complex_000191,complex_000165,0,-6.39355
critic,complex_000191,complex_000165,1,-6.03883
critic,complex_000191,complex_000165,2,-4.93398
critic,complex_000191,complex_000165,3,-4.5537
critic,complex_000191,complex_000165,4,-5.88094
critic,complex_000191,complex_000165,5,-5.83664
critic,complex_000191,complex_000165,6,-1.66218
critic,complex_000191,complex_000165,7,-6.90169
critic,complex_000191,complex_000165,8,-7.64133
critic,complex_000191,complex_000165,9,-5.31079
critic,complex_000191,complex_000165,10,-6.3827
critic,complex_000191,complex_000165,11,-6.14365
critic,complex_000191,complex_000165,12,-7.48135
critic,complex_000191,complex_000165,13,-3.79959
critic,complex_000191,complex_000165,14,-5.54213
critic,complex_000191,complex_000165,15,-4.78722
critic,complex_000191,complex_000165,16,-4.53032
critic,complex_000191,complex_000165,17,-4.94911
critic,complex_000191,complex_000165,18,-6.35698
critic,complex_000191,complex_000165,19,-5.45112
critic,complex_000223,complex_000472,0,-10.76132
critic,complex_000223,complex_000472,1,-4.78031
critic,complex_000223,complex_000472,2,-8.1763
critic,complex_000223,complex_000472,3,-7.72141
critic,complex_000223,complex_000472,4,-6.52569
critic,complex_000223,complex_000472,5,-8.10969
critic,complex_000223,complex_000472,6,-5.72819
critic,complex_000223,complex_000472,7,-8.71056
critic,complex_000223,complex_000472,8,-5.87833
critic,complex_000223,complex_000472,9,-6.64729
critic,complex_000223,complex_000472,10,-9.3231
critic,complex_000223,complex_000472,11,-3.95907
critic,complex_000223,complex_000472,12,-11.73057
critic,complex_000223,complex_000472,13,-10.57363
critic,complex_000223,complex_000472,14,-8.39034
critic,complex_000223,complex_000472,15,-9.28183
critic,complex_000223,complex_000472,16,-9.98906
critic,complex_000223,complex_000472,17,-3.50501
critic,complex_000223,complex_000472,18,-10.48089
critic,complex_000223,complex_000472,19,-4.09995
critic,complex_000193,complex_000394,0,-7.83097
critic,complex_000193,complex_000394,1,-5.48372
critic,complex_000193,complex_000394,2,-7.8775
critic,complex_000193,complex_000394,3,-7.91743
critic,complex_000193,complex_000394,4,-8.2805
critic,complex_000193,complex_000394,5,-7.31341
critic,complex_000193,complex_000394,6,-5.58205
critic,complex_000193,complex_000394,7,-5.94551
critic,complex_000193,complex_000394,8,-5.39552
critic,complex_000193,complex_000394,9,-5.16155
critic,complex_000193,complex_000394,10,-7.58277
critic,complex_000193,complex_000394,11,-5.63257
critic,complex_000193,complex_000394,12,-4.98562
critic,complex_000193,complex_000394,13,-7.45037
critic,complex_000193,complex_000394,14,-7.87558
critic,complex_000193,complex_000394,15,-7.38912
critic,complex_000193,complex_000394,16,-8.36689
critic,complex_000193,complex_000394,17,-7.76024
critic,complex_000193,complex_000394,18,-7.63787
critic,complex_000193,complex_000394,19,-5.6597
critic,complex_000193,complex_000292,0,-6.69601
critic,complex_000193,complex_000292,1,-5.18507
critic,complex_000193,complex_000292,2,-7.13001
critic,complex_000193,complex_000292,3,-6.6401
critic,complex_000193,complex_000292,4,-5.62294
critic,complex_000193,complex_000292,5,-6.24014
critic,complex_000193,complex_000292,6,-4.84762
critic,complex_000193,complex_000292,7,-5.00997
critic,complex_000193,complex_000292,8,-4.45142
critic,complex_000193,complex_000292,9,-4.55487
critic,complex_000193,complex_000292,10,-5.69778
critic,complex_000193,complex_000292,11,-5.12026
critic,complex_000193,complex_000292,12,-4.5251
critic,complex_000193,complex_000292,13,-6.25262
critic,complex_000193,complex_000292,14,-6.3918
critic,complex_000193,complex_000292,15,-7.00512
critic,complex_000193,complex_000292,16,-6.19246
critic,complex_000193,complex_000292,17,-6.53973
critic,complex_000193,complex_000292,18,-6.16632
critic,complex_000193,complex_000292,19,-4.94385
critic,complex_000223,complex_000223,0,-7.49251
critic,complex_000223,complex_000223,1,-3.83291
critic,complex_000223,complex_000223,2,-6.68958
critic,complex_000223,complex_000223,3,-5.16236
critic,complex_000223,complex_000223,4,-4.74619
critic,complex_000223,complex_000223,5,-5.72418
critic,complex_000223,complex_000223,6,-4.0734
critic,complex_000223,complex_000223,7,-6.35836
critic,complex_000223,complex_000223,8,-4.0591
critic,complex_000223,complex_000223,9,-3.88199
critic,complex_000223,complex_000223,10,-6.47164
critic,complex_000223,complex_000223,11,-3.34747
critic,complex_000223,complex_000223,12,-6.50097
critic,complex_000223,complex_000223,13,-6.81395
critic,complex_000223,complex_000223,14,-5.52939
critic,complex_000223,complex_000223,15,-6.55203
critic,complex_000223,complex_000223,16,-7.18781
critic,complex_000223,complex_000223,17,-2.99231
critic,complex_000223,complex_000223,18,-7.21128
critic,complex_000223,complex_000223,19,-2.97784
critic,complex_000193,complex_000177,0,-7.16884
critic,complex_000193,complex_000177,1,-6.25527
critic,complex_000193,complex_000177,2,-8.1551
critic,complex_000193,complex_000177,3,-7.30446
critic,complex_000193,complex_000177,4,-7.3372
critic,complex_000193,complex_000177,5,-7.18197
critic,complex_000193,complex_000177,6,-6.03943
critic,complex_000193,complex_000177,7,-5.64543
critic,complex_000193,complex_000177,8,-5.37542
critic,complex_000193,complex_000177,9,-5.90025
critic,complex_000193,complex_000177,10,-7.64101
critic,complex_000193,complex_000177,11,-5.94226
critic,complex_000193,complex_000177,12,-5.33119
critic,complex_000193,complex_000177,13,-6.55578
critic,complex_000193,complex_000177,14,-6.96382
critic,complex_000193,complex_000177,15,-8.1424
critic,complex_000193,complex_000177,16,-7.7914
critic,complex_000193,complex_000177,17,-8.19042
critic,complex_000193,complex_000177,18,-7.30926
critic,complex_000193,complex_000177,19,-5.82122
critic,complex_000223,complex_000179,0,-11.38332
critic,complex_000223,complex_000179,1,-4.72436
critic,complex_000223,complex_000179,2,-9.69755
critic,complex_000223,complex_000179,3,-6.68415
critic,complex_000223,complex_000179,4,-7.42575
critic,complex_000223,complex_000179,5,-9.12025
critic,complex_000223,complex_000179,6,-5.83908
critic,complex_000223,complex_000179,7,-10.08438
critic,complex_000223,complex_000179,8,-5.56501
critic,complex_000223,complex_000179,9,-6.26175
critic,complex_000223,complex_000179,10,-9.69123
critic,complex_000223,complex_000179,11,-4.32285
critic,complex_000223,complex_000179,12,-9.78939
critic,complex_000223,complex_000179,13,-10.66268
critic,complex_000223,complex_000179,14,-9.74827
critic,complex_000223,complex_000179,15,-9.79868
critic,complex_000223,complex_000179,16,-11.86858
critic,complex_000223,complex_000179,17,-3.25961
critic,complex_000223,complex_000179,18,-10.1044
critic,complex_000223,complex_000179,19,-4.23208
critic,complex_000223,complex_000177,0,-9.07561
critic,complex_000223,complex_000177,1,-4.656
critic,complex_000223,complex_000177,2,-6.35376
critic,complex_000223,complex_000177,3,-6.67239
critic,complex_000223,complex_000177,4,-5.75546
critic,complex_000223,complex_000177,5,-5.4913
critic,complex_000223,complex_000177,6,-5.29003
critic,complex_000223,complex_000177,7,-6.02613
critic,complex_000223,complex_000177,8,-5.68687
critic,complex_000223,complex_000177,9,-6.15174
critic,complex_000223,complex_000177,10,-8.51041
critic,complex_000223,complex_000177,11,-4.34055
critic,complex_000223,complex_000177,12,-8.55184
critic,complex_000223,complex_000177,13,-8.72214
critic,complex_000223,complex_000177,14,-7.59843
critic,complex_000223,complex_000177,15,-8.19929
critic,complex_000223,complex_000177,16,-7.85171
critic,complex_000223,complex_000177,17,-3.30213
critic,complex_000223,complex_000177,18,-7.9855
critic,complex_000223,complex_000177,19,-4.11224
critic,complex_000236,complex_000236,0,-7.24808
critic,complex_000236,complex_000236,1,-9.24809
critic,complex_000236,complex_000236,2,-8.48685
critic,complex_000236,complex_000236,3,-6.9791
critic,complex_000236,complex_000236,4,-8.61569
critic,complex_000236,complex_000236,5,-8.72827
critic,complex_000236,complex_000236,6,-5.43857
critic,complex_000236,complex_000236,7,-8.50753
critic,complex_000236,complex_000236,8,-8.76866
critic,complex_000236,complex_000236,9,-9.16084
critic,complex_000236,complex_000236,10,-8.59946
critic,complex_000236,complex_000236,11,-7.78763
critic,complex_000236,complex_000236,12,-8.2921
critic,complex_000236,complex_000236,13,-7.33732
critic,complex_000236,complex_000236,14,-9.54449
critic,complex_000236,complex_000236,15,-6.667
critic,complex_000236,complex_000236,16,-9.61304
critic,complex_000236,complex_000236,17,-7.7263
critic,complex_000236,complex_000236,18,-8.7673
critic,complex_000236,complex_000236,19,-7.89869
critic,complex_000236,complex_000085,0,-8.17595
critic,complex_000236,complex_000085,1,-9.40698
critic,complex_000236,complex_000085,2,-9.07918
critic,complex_000236,complex_000085,3,-7.7786
critic,complex_000236,complex_000085,4,-8.8283
critic,complex_000236,complex_000085,5,-9.3948
critic,complex_000236,complex_000085,6,-5.994
critic,complex_000236,complex_000085,7,-9.04406
critic,complex_000236,complex_000085,8,-9.40538
critic,complex_000236,complex_000085,9,-9.2674
critic,complex_000236,complex_000085,10,-8.74771
critic,complex_000236,complex_000085,11,-8.508
critic,complex_000236,complex_000085,12,-9.33771
critic,complex_000236,complex_000085,13,-8.02207
critic,complex_000236,complex_000085,14,-9.17838
critic,complex_000236,complex_000085,15,-7.82942
critic,complex_000236,complex_000085,16,-9.13616
critic,complex_000236,complex_000085,17,-8.99933
critic,complex_000236,complex_000085,18,-9.3956
critic,complex_000236,complex_000085,19,-8.3796
critic,complex_000236,complex_000477,0,-6.96553
critic,complex_000236,complex_000477,1,-7.56432
critic,complex_000236,complex_000477,2,-8.43126
critic,complex_000236,complex_000477,3,-6.55323
critic,complex_000236,complex_000477,4,-7.15564
critic,complex_000236,complex_000477,5,-7.6923
critic,complex_000236,complex_000477,6,-5.02366
critic,complex_000236,complex_000477,7,-7.56006
critic,complex_000236,complex_000477,8,-8.36826
critic,complex_000236,complex_000477,9,-7.67026
critic,complex_000236,complex_000477,10,-8.16303
critic,complex_000236,complex_000477,11,-7.72229
critic,complex_000236,complex_000477,12,-8.07647
critic,complex_000236,complex_000477,13,-6.56553
critic,complex_000236,complex_000477,14,-8.21235
critic,complex_000236,complex_000477,15,-6.39748
critic,complex_000236,complex_000477,16,-8.54221
critic,complex_000236,complex_000477,17,-7.22368
critic,complex_000236,complex_000477,18,-7.71949
critic,complex_000236,complex_000477,19,-7.4225
critic,complex_000269,complex_000363,0,-8.49905
critic,complex_000269,complex_000363,1,-7.7997
critic,complex_000269,complex_000363,2,-6.0701
critic,complex_000269,complex_000363,3,-9.49883
critic,complex_000269,complex_000363,4,-10.89254
critic,complex_000269,complex_000363,5,-6.89303
critic,complex_000269,complex_000363,6,-6.3016
critic,complex_000269,complex_000363,7,-7.59743
critic,complex_000269,complex_000363,8,-7.9611
critic,complex_000269,complex_000363,9,-8.27705
critic,complex_000269,complex_000363,10,-7.30976
critic,complex_000269,complex_000363,11,-6.49783
critic,complex_000269,complex_000363,12,-6.11009
critic,complex_000269,complex_000363,13,-4.80006
critic,complex_000269,complex_000363,14,-8.52237
critic,complex_000269,complex_000363,15,-7.07795
critic,complex_000269,complex_000363,16,-9.11504
critic,complex_000269,complex_000363,17,-5.54526
critic,complex_000269,complex_000363,18,-5.52088
critic,complex_000269,complex_000363,19,-7.86239
critic,complex_000269,complex_000170,0,-8.96447
critic,complex_000269,complex_000170,1,-8.70009
critic,complex_000269,complex_000170,2,-7.51552
critic,complex_000269,complex_000170,3,-12.01215
critic,complex_000269,complex_000170,4,-7.93112
critic,complex_000269,complex_000170,5,-7.42837
critic,complex_000269,complex_000170,6,-6.59711
critic,complex_000269,complex_000170,7,-9.00028
critic,complex_000269,complex_000170,8,-8.92633
critic,complex_000269,complex_000170,9,-8.48487
critic,complex_000269,complex_000170,10,-9.41807
critic,complex_000269,complex_000170,11,-6.11663
critic,complex_000269,complex_000170,12,-7.18923
critic,complex_000269,complex_000170,13,-6.22391
critic,complex_000269,complex_000170,14,-6.54304
critic,complex_000269,complex_000170,15,-7.3385
critic,complex_000269,complex_000170,16,-9.56842
critic,complex_000269,complex_000170,17,-5.61034
critic,complex_000269,complex_000170,18,-6.43558
critic,complex_000269,complex_000170,19,-9.00059
critic,complex_000269,complex_000292,0,-5.87325
critic,complex_000269,complex_000292,1,-5.67168
critic,complex_000269,complex_000292,2,-4.66785
critic,complex_000269,complex_000292,3,-7.54121
critic,complex_000269,complex_000292,4,-8.75118
critic,complex_000269,complex_000292,5,-4.89682
critic,complex_000269,complex_000292,6,-5.67475
critic,complex_000269,complex_000292,7,-5.73801
critic,complex_000269,complex_000292,8,-5.85607
critic,complex_000269,complex_000292,9,-6.76553
critic,complex_000269,complex_000292,10,-5.51694
critic,complex_000269,complex_000292,11,-4.8724
critic,complex_000269,complex_000292,12,-4.6284
critic,complex_000269,complex_000292,13,-4.07236
critic,complex_000269,complex_000292,14,-6.79126
critic,complex_000269,complex_000292,15,-5.39629
critic,complex_000269,complex_000292,16,-6.51498
critic,complex_000269,complex_000292,17,-4.38507
critic,complex_000269,complex_000292,18,-4.09338
critic,complex_000269,complex_000292,19,-6.00217
critic,complex_000269,complex_000269,0,-6.0232
critic,complex_000269,complex_000269,1,-5.87625
critic,complex_000269,complex_000269,2,-5.20293
critic,complex_000269,complex_000269,3,-8.24998
critic,complex_000269,complex_000269,4,-8.45079
critic,complex_000269,complex_000269,5,-5.63933
critic,complex_000269,complex_000269,6,-5.48577
critic,complex_000269,complex_000269,7,-5.9349
critic,complex_000269,complex_000269,8,-6.29046
critic,complex_000269,complex_000269,9,-6.24614
critic,complex_000269,complex_000269,10,-5.33044
critic,complex_000269,complex_000269,11,-5.75252
critic,complex_000269,complex_000269,12,-4.93674
critic,complex_000269,complex_000269,13,-5.07103
critic,complex_000269,complex_000269,14,-6.42253
critic,complex_000269,complex_000269,15,-6.01719
critic,complex_000269,complex_000269,16,-6.36012
critic,complex_000269,complex_000269,17,-4.8758
critic,complex_000269,complex_000269,18,-4.65106
critic,complex_000269,complex_000269,19,-6.61025
critic,complex_000266,complex_000266,0,-6.67422
critic,complex_000266,complex_000266,1,-8.15428
critic,complex_000266,complex_000266,2,-7.8148
critic,complex_000266,complex_000266,3,-9.13802
critic,complex_000266,complex_000266,4,-7.47679
critic,complex_000266,complex_000266,5,-8.40291
critic,complex_000266,complex_000266,6,-7.97676
critic,complex_000266,complex_000266,7,-6.98051
critic,complex_000266,complex_000266,8,-7.45692
critic,complex_000266,complex_000266,9,-8.2569
critic,complex_000266,complex_000266,10,-9.69801
critic,complex_000266,complex_000266,11,-8.52463
critic,complex_000266,complex_000266,12,-8.31869
critic,complex_000266,complex_000266,13,-6.41366
critic,complex_000266,complex_000266,14,-7.41661
critic,complex_000266,complex_000266,15,-8.12772
critic,complex_000266,complex_000266,16,-9.88287
critic,complex_000266,complex_000266,17,-9.34439
critic,complex_000266,complex_000266,18,-9.2684
critic,complex_000266,complex_000266,19,-8.8629
critic,complex_000236,complex_000374,0,-8.39707
critic,complex_000236,complex_000374,1,-9.22096
critic,complex_000236,complex_000374,2,-9.37185
critic,complex_000236,complex_000374,3,-7.38972
critic,complex_000236,complex_000374,4,-9.12246
critic,complex_000236,complex_000374,5,-9.59148
critic,complex_000236,complex_000374,6,-5.84164
critic,complex_000236,complex_000374,7,-9.6884
critic,complex_000236,complex_000374,8,-9.94543
critic,complex_000236,complex_000374,9,-8.63912
critic,complex_000236,complex_000374,10,-8.85289
critic,complex_000236,complex_000374,11,-8.42598
critic,complex_000236,complex_000374,12,-8.83036
critic,complex_000236,complex_000374,13,-8.30436
critic,complex_000236,complex_000374,14,-9.95726
critic,complex_000236,complex_000374,15,-7.90364
critic,complex_000236,complex_000374,16,-9.58989
critic,complex_000236,complex_000374,17,-8.09935
critic,complex_000236,complex_000374,18,-9.63323
critic,complex_000236,complex_000374,19,-8.6933
critic,complex_000266,complex_000148,0,-6.06493
critic,complex_000266,complex_000148,1,-7.46494
critic,complex_000266,complex_000148,2,-7.45683
critic,complex_000266,complex_000148,3,-7.72128
critic,complex_000266,complex_000148,4,-5.99212
critic,complex_000266,complex_000148,5,-7.66863
critic,complex_000266,complex_000148,6,-7.50085
critic,complex_000266,complex_000148,7,-6.71423
critic,complex_000266,complex_000148,8,-6.26536
critic,complex_000266,complex_000148,9,-7.71016
critic,complex_000266,complex_000148,10,-9.01037
critic,complex_000266,complex_000148,11,-8.36018
critic,complex_000266,complex_000148,12,-8.31763
critic,complex_000266,complex_000148,13,-5.4833
critic,complex_000266,complex_000148,14,-6.60186
critic,complex_000266,complex_000148,15,-7.67664
critic,complex_000266,complex_000148,16,-9.41109
critic,complex_000266,complex_000148,17,-8.62335
critic,complex_000266,complex_000148,18,-8.99031
critic,complex_000266,complex_000148,19,-8.64
critic,complex_000266,complex_000477,0,-6.71037
critic,complex_000266,complex_000477,1,-7.50817
critic,complex_000266,complex_000477,2,-7.12033
critic,complex_000266,complex_000477,3,-7.41153
critic,complex_000266,complex_000477,4,-6.44458
critic,complex_000266,complex_000477,5,-8.20403
critic,complex_000266,complex_000477,6,-7.53685
critic,complex_000266,complex_000477,7,-6.40343
critic,complex_000266,complex_000477,8,-6.20043
critic,complex_000266,complex_000477,9,-7.8054
critic,complex_000266,complex_000477,10,-8.26028
critic,complex_000266,complex_000477,11,-7.6046
critic,complex_000266,complex_000477,12,-7.58372
critic,complex_000266,complex_000477,13,-5.4581
critic,complex_000266,complex_000477,14,-6.87208
critic,complex_000266,complex_000477,15,-7.48286
critic,complex_000266,complex_000477,16,-9.02968
critic,complex_000266,complex_000477,17,-8.55497
critic,complex_000266,complex_000477,18,-7.68226
critic,complex_000266,complex_000477,19,-7.75286
critic,complex_000292,complex_000292,0,-6.78574
critic,complex_000292,complex_000292,1,-6.86
critic,complex_000292,complex_000292,2,-5.97826
critic,complex_000292,complex_000292,3,-6.283
critic,complex_000292,complex_000292,4,-4.74105
critic,complex_000292,complex_000292,5,-3.97404
critic,complex_000292,complex_000292,6,-6.38622
critic,complex_000292,complex_000292,7,-6.23216
critic,complex_000292,complex_000292,8,-8.1438
critic,complex_000292,complex_000292,9,-6.11912
critic,complex_000292,complex_000292,10,-8.56944
critic,complex_000292,complex_000292,11,-4.19294
critic,complex_000292,complex_000292,12,-6.12389
critic,complex_000292,complex_000292,13,-5.49115
critic,complex_000292,complex_000292,14,-6.04388
critic,complex_000292,complex_000292,15,-4.95419
critic,complex_000292,complex_000292,16,-7.15872
critic,complex_000292,complex_000292,17,-4.58194
critic,complex_000292,complex_000292,18,-5.65801
critic,complex_000292,complex_000292,19,-4.81316
critic,complex_000292,complex_000403,0,-7.7888
critic,complex_000292,complex_000403,1,-9.06469
critic,complex_000292,complex_000403,2,-7.7698
critic,complex_000292,complex_000403,3,-7.68854
critic,complex_000292,complex_000403,4,-4.86383
critic,complex_000292,complex_000403,5,-4.56427
critic,complex_000292,complex_000403,6,-6.76768
critic,complex_000292,complex_000403,7,-7.17018
critic,complex_000292,complex_000403,8,-8.77301
critic,complex_000292,complex_000403,9,-6.57353
critic,complex_000292,complex_000403,10,-9.37976
critic,complex_000292,complex_000403,11,-4.84803
critic,complex_000292,complex_000403,12,-6.87082
critic,complex_000292,complex_000403,13,-6.36771
critic,complex_000292,complex_000403,14,-6.48512
critic,complex_000292,complex_000403,15,-5.461
critic,complex_000292,complex_000403,16,-8.44143
critic,complex_000292,complex_000403,17,-5.43743
critic,complex_000292,complex_000403,18,-6.63249
critic,complex_000292,complex_000403,19,-5.5375
critic,complex_000292,complex_000473,0,-6.71356
critic,complex_000292,complex_000473,1,-7.53208
critic,complex_000292,complex_000473,2,-6.65169
critic,complex_000292,complex_000473,3,-5.94157
critic,complex_000292,complex_000473,4,-4.59819
critic,complex_000292,complex_000473,5,-4.2311
critic,complex_000292,complex_000473,6,-6.55783
critic,complex_000292,complex_000473,7,-5.86752
critic,complex_000292,complex_000473,8,-7.65364
critic,complex_000292,complex_000473,9,-5.85211
critic,complex_000292,complex_000473,10,-8.73993
critic,complex_000292,complex_000473,11,-4.13767
critic,complex_000292,complex_000473,12,-5.68991
critic,complex_000292,complex_000473,13,-6.19555
critic,complex_000292,complex_000473,14,-5.7379
critic,complex_000292,complex_000473,15,-4.65167
critic,complex_000292,complex_000473,16,-8.05131
critic,complex_000292,complex_000473,17,-5.22723
critic,complex_000292,complex_000473,18,-5.16972
critic,complex_000292,complex_000473,19,-4.89348
critic,complex_000305,complex_000305,0,-8.06744
critic,complex_000305,complex_000305,1,-7.26458
critic,complex_000305,complex_000305,2,-8.83792
critic,complex_000305,complex_000305,3,-9.30029
critic,complex_000305,complex_000305,4,-8.67809
critic,complex_000305,complex_000305,5,-9.82914
critic,complex_000305,complex_000305,6,-8.66207
critic,complex_000305,complex_000305,7,-9.3361
critic,complex_000305,complex_000305,8,-6.91904
critic,complex_000305,complex_000305,9,-6.61858
critic,complex_000305,complex_000305,10,-4.79374
critic,complex_000305,complex_000305,11,-8.84171
critic,complex_000305,complex_000305,12,-11.3463
critic,complex_000305,complex_000305,13,-7.07652
critic,complex_000305,complex_000305,14,-8.1292
critic,complex_000305,complex_000305,15,-6.63341
critic,complex_000305,complex_000305,16,-7.69324
critic,complex_000305,complex_000305,17,-7.88977
critic,complex_000305,complex_000305,18,-9.91373
critic,complex_000305,complex_000305,19,-5.23715
critic,complex_000292,complex_000335,0,-7.07659
critic,complex_000292,complex_000335,1,-7.41587
critic,complex_000292,complex_000335,2,-5.78693
critic,complex_000292,complex_000335,3,-6.29376
critic,complex_000292,complex_000335,4,-4.21684
critic,complex_000292,complex_000335,5,-4.78888
critic,complex_000292,complex_000335,6,-6.309
critic,complex_000292,complex_000335,7,-5.75786
critic,complex_000292,complex_000335,8,-8.17762
critic,complex_000292,complex_000335,9,-5.44026
critic,complex_000292,complex_000335,10,-8.06166
critic,complex_000292,complex_000335,11,-3.8205
critic,complex_000292,complex_000335,12,-5.41211
critic,complex_000292,complex_000335,13,-5.71559
critic,complex_000292,complex_000335,14,-5.89299
critic,complex_000292,complex_000335,15,-4.74547
critic,complex_000292,complex_000335,16,-6.62197
critic,complex_000292,complex_000335,17,-4.60098
critic,complex_000292,complex_000335,18,-5.34427
critic,complex_000292,complex_000335,19,-4.92291
critic,complex_000266,complex_000305,0,-6.85971
critic,complex_000266,complex_000305,1,-9.51073
critic,complex_000266,complex_000305,2,-9.14724
critic,complex_000266,complex_000305,3,-9.24244
critic,complex_000266,complex_000305,4,-7.28723
critic,complex_000266,complex_000305,5,-8.24964
critic,complex_000266,complex_000305,6,-8.34403
critic,complex_000266,complex_000305,7,-7.67897
critic,complex_000266,complex_000305,8,-7.92704
critic,complex_000266,complex_000305,9,-8.70948
critic,complex_000266,complex_000305,10,-9.73813
critic,complex_000266,complex_000305,11,-8.65562
critic,complex_000266,complex_000305,12,-8.01629
critic,complex_000266,complex_000305,13,-7.26932
critic,complex_000266,complex_000305,14,-7.95183
critic,complex_000266,complex_000305,15,-9.64065
critic,complex_000266,complex_000305,16,-9.84284
critic,complex_000266,complex_000305,17,-9.47429
critic,complex_000266,complex_000305,18,-9.42255
critic,complex_000266,complex_000305,19,-10.86057
critic,complex_000305,complex_000149,0,-7.89982
critic,complex_000305,complex_000149,1,-6.47618
critic,complex_000305,complex_000149,2,-8.25014
critic,complex_000305,complex_000149,3,-9.18416
critic,complex_000305,complex_000149,4,-8.57819
critic,complex_000305,complex_000149,5,-9.44839
critic,complex_000305,complex_000149,6,-7.64304
critic,complex_000305,complex_000149,7,-7.99221
critic,complex_000305,complex_000149,8,-6.59769
critic,complex_000305,complex_000149,9,-7.83068
critic,complex_000305,complex_000149,10,-5.08611
critic,complex_000305,complex_000149,11,-7.91819
critic,complex_000305,complex_000149,12,-9.16182
critic,complex_000305,complex_000149,13,-8.01486
critic,complex_000305,complex_000149,14,-8.8502
critic,complex_000305,complex_000149,15,-6.76569
critic,complex_000305,complex_000149,16,-8.29265
critic,complex_000305,complex_000149,17,-7.53754
critic,complex_000305,complex_000149,18,-8.39849
critic,complex_000305,complex_000149,19,-5.77734
critic,complex_000305,complex_000540,0,-7.40816
critic,complex_000305,complex_000540,1,-5.95911
critic,complex_000305,complex_000540,2,-8.31787
critic,complex_000305,complex_000540,3,-7.89257
critic,complex_000305,complex_000540,4,-7.88445
critic,complex_000305,complex_000540,5,-8.2669
critic,complex_000305,complex_000540,6,-7.06914
critic,complex_000305,complex_000540,7,-7.79562
critic,complex_000305,complex_000540,8,-5.81064
critic,complex_000305,complex_000540,9,-5.71602
critic,complex_000305,complex_000540,10,-4.63153
critic,complex_000305,complex_000540,11,-7.97317
critic,complex_000305,complex_000540,12,-10.06558
critic,complex_000305,complex_000540,13,-6.64695
critic,complex_000305,complex_000540,14,-8.14918
critic,complex_000305,complex_000540,15,-5.65875
critic,complex_000305,complex_000540,16,-6.72147
critic,complex_000305,complex_000540,17,-7.4382
critic,complex_000305,complex_000540,18,-9.00406
critic,complex_000305,complex_000540,19,-4.88524
critic,complex_000305,complex_000001,0,-7.64398
critic,complex_000305,complex_000001,1,-6.20943
critic,complex_000305,complex_000001,2,-8.24688
critic,complex_000305,complex_000001,3,-7.9735
critic,complex_000305,complex_000001,4,-7.73618
critic,complex_000305,complex_000001,5,-10.06958
critic,complex_000305,complex_000001,6,-7.40007
critic,complex_000305,complex_000001,7,-7.57337
critic,complex_000305,complex_000001,8,-5.97636
critic,complex_000305,complex_000001,9,-5.30943
critic,complex_000305,complex_000001,10,-4.77191
critic,complex_000305,complex_000001,11,-7.84096
critic,complex_000305,complex_000001,12,-9.31438
critic,complex_000305,complex_000001,13,-6.48437
critic,complex_000305,complex_000001,14,-8.14028
critic,complex_000305,complex_000001,15,-5.65546
critic,complex_000305,complex_000001,16,-6.658
critic,complex_000305,complex_000001,17,-6.77365
critic,complex_000305,complex_000001,18,-8.91949
critic,complex_000305,complex_000001,19,-5.04489
critic,complex_000363,complex_000140,0,-7.88413
critic,complex_000363,complex_000140,1,-11.34144
critic,complex_000363,complex_000140,2,-8.74648
critic,complex_000363,complex_000140,3,-7.14428
critic,complex_000363,complex_000140,4,-7.28905
critic,complex_000363,complex_000140,5,-7.51121
critic,complex_000363,complex_000140,6,-10.50005
critic,complex_000363,complex_000140,7,-7.83533
critic,complex_000363,complex_000140,8,-10.09534
critic,complex_000363,complex_000140,9,-6.84596
critic,complex_000363,complex_000140,10,-7.0394
critic,complex_000363,complex_000140,11,-9.98298
critic,complex_000363,complex_000140,12,-8.78149
critic,complex_000363,complex_000140,13,-10.26263
critic,complex_000363,complex_000140,14,-8.93099
critic,complex_000363,complex_000140,15,-8.64396
critic,complex_000363,complex_000140,16,-9.31951
critic,complex_000363,complex_000140,17,-10.5496
critic,complex_000363,complex_000140,18,-8.35496
critic,complex_000363,complex_000140,19,-7.77826
critic,complex_000335,complex_000335,0,-5.81678
critic,complex_000335,complex_000335,1,-4.48507
critic,complex_000335,complex_000335,2,-5.09011
critic,complex_000335,complex_000335,3,-4.55344
critic,complex_000335,complex_000335,4,-7.7615
critic,complex_000335,complex_000335,5,-6.08057
critic,complex_000335,complex_000335,6,-7.28418
critic,complex_000335,complex_000335,7,-6.77576
critic,complex_000335,complex_000335,8,-6.63061
critic,complex_000335,complex_000335,9,-5.71126
critic,complex_000335,complex_000335,10,-5.84336
critic,complex_000335,complex_000335,11,-5.67077
critic,complex_000335,complex_000335,12,-5.06296
critic,complex_000335,complex_000335,13,-4.82432
critic,complex_000335,complex_000335,14,-5.68233
critic,complex_000335,complex_000335,15,-6.11464
critic,complex_000335,complex_000335,16,-5.90539
critic,complex_000335,complex_000335,17,-5.3087
critic,complex_000335,complex_000335,18,-5.14184
critic,complex_000335,complex_000335,19,-7.19713
critic,complex_000363,complex_000363,0,-8.66261
critic,complex_000363,complex_000363,1,-8.99676
critic,complex_000363,complex_000363,2,-9.94114
critic,complex_000363,complex_000363,3,-7.84117
critic,complex_000363,complex_000363,4,-8.31915
critic,complex_000363,complex_000363,5,-7.6853
critic,complex_000363,complex_000363,6,-10.15618
critic,complex_000363,complex_000363,7,-8.91292
critic,complex_000363,complex_000363,8,-10.29691
critic,complex_000363,complex_000363,9,-7.75542
critic,complex_000363,complex_000363,10,-7.21824
critic,complex_000363,complex_000363,11,-10.54501
critic,complex_000363,complex_000363,12,-9.90921
critic,complex_000363,complex_000363,13,-10.33135
critic,complex_000363,complex_000363,14,-8.87216
critic,complex_000363,complex_000363,15,-9.45107
critic,complex_000363,complex_000363,16,-10.12348
critic,complex_000363,complex_000363,17,-10.80512
critic,complex_000363,complex_000363,18,-9.14749
critic,complex_000363,complex_000363,19,-7.72242
critic,complex_000335,complex_000426,0,-6.56061
critic,complex_000335,complex_000426,1,-5.05492
critic,complex_000335,complex_000426,2,-6.24884
critic,complex_000335,complex_000426,3,-5.72422
critic,complex_000335,complex_000426,4,-8.97126
critic,complex_000335,complex_000426,5,-7.93174
critic,complex_000335,complex_000426,6,-8.65893
critic,complex_000335,complex_000426,7,-8.02677
critic,complex_000335,complex_000426,8,-8.59252
critic,complex_000335,complex_000426,9,-7.17189
critic,complex_000335,complex_000426,10,-6.03465
critic,complex_000335,complex_000426,11,-6.33256
critic,complex_000335,complex_000426,12,-5.82034
critic,complex_000335,complex_000426,13,-5.67994
critic,complex_000335,complex_000426,14,-6.89017
critic,complex_000335,complex_000426,15,-6.6294
critic,complex_000335,complex_000426,16,-6.88238
critic,complex_000335,complex_000426,17,-6.61574
critic,complex_000335,complex_000426,18,-6.3093
critic,complex_000335,complex_000426,19,-8.32805
critic,complex_000363,complex_000411,0,-7.72612
critic,complex_000363,complex_000411,1,-10.55977
critic,complex_000363,complex_000411,2,-8.86645
critic,complex_000363,complex_000411,3,-6.93436
critic,complex_000363,complex_000411,4,-7.68014
critic,complex_000363,complex_000411,5,-7.10048
critic,complex_000363,complex_000411,6,-9.35313
critic,complex_000363,complex_000411,7,-7.59844
critic,complex_000363,complex_000411,8,-9.45525
critic,complex_000363,complex_000411,9,-7.00816
critic,complex_000363,complex_000411,10,-6.61127
critic,complex_000363,complex_000411,11,-9.78398
critic,complex_000363,complex_000411,12,-8.23219
critic,complex_000363,complex_000411,13,-9.50531
critic,complex_000363,complex_000411,14,-8.50514
critic,complex_000363,complex_000411,15,-8.24874
critic,complex_000363,complex_000411,16,-8.83342
critic,complex_000363,complex_000411,17,-9.54227
critic,complex_000363,complex_000411,18,-8.43777
critic,complex_000363,complex_000411,19,-7.45517
critic,complex_000363,complex_000382,0,-8.82521
critic,complex_000363,complex_000382,1,-10.30474
critic,complex_000363,complex_000382,2,-10.17053
critic,complex_000363,complex_000382,3,-7.72662
critic,complex_000363,complex_000382,4,-7.86914
critic,complex_000363,complex_000382,5,-7.94546
critic,complex_000363,complex_000382,6,-10.59291
critic,complex_000363,complex_000382,7,-8.09969
critic,complex_000363,complex_000382,8,-11.0327
critic,complex_000363,complex_000382,9,-8.20465
critic,complex_000363,complex_000382,10,-7.58273
critic,complex_000363,complex_000382,11,-11.01717
critic,complex_000363,complex_000382,12,-9.40874
critic,complex_000363,complex_000382,13,-10.14514
critic,complex_000363,complex_000382,14,-9.11646
critic,complex_000363,complex_000382,15,-9.36255
critic,complex_000363,complex_000382,16,-10.22809
critic,complex_000363,complex_000382,17,-11.3999
critic,complex_000363,complex_000382,18,-9.23449
critic,complex_000363,complex_000382,19,-8.35389
critic,complex_000335,complex_000193,0,-6.37563
critic,complex_000335,complex_000193,1,-5.02505
critic,complex_000335,complex_000193,2,-5.83293
critic,complex_000335,complex_000193,3,-5.76439
critic,complex_000335,complex_000193,4,-7.9186
critic,complex_000335,complex_000193,5,-7.35791
critic,complex_000335,complex_000193,6,-7.6211
critic,complex_000335,complex_000193,7,-7.08094
critic,complex_000335,complex_000193,8,-7.57983
critic,complex_000335,complex_000193,9,-6.62215
critic,complex_000335,complex_000193,10,-5.11341
critic,complex_000335,complex_000193,11,-6.42598
critic,complex_000335,complex_000193,12,-5.58913
critic,complex_000335,complex_000193,13,-5.54199
critic,complex_000335,complex_000193,14,-6.45944
critic,complex_000335,complex_000193,15,-5.87555
critic,complex_000335,complex_000193,16,-6.36928
critic,complex_000335,complex_000193,17,-6.37878
critic,complex_000335,complex_000193,18,-5.66284
critic,complex_000335,complex_000193,19,-6.75748
critic,complex_000374,complex_000374,0,-8.60238
critic,complex_000374,complex_000374,1,-6.45236
critic,complex_000374,complex_000374,2,-6.75269
critic,complex_000374,complex_000374,3,-9.92998
critic,complex_000374,complex_000374,4,-7.63868
critic,complex_000374,complex_000374,5,-5.63083
critic,complex_000374,complex_000374,6,-9.31645
critic,complex_000374,complex_000374,7,-8.86796
critic,complex_000374,complex_000374,8,-8.29296
critic,complex_000374,complex_000374,9,-8.38254
critic,complex_000374,complex_000374,10,-7.83138
critic,complex_000374,complex_000374,11,-7.2597
critic,complex_000374,complex_000374,12,-7.3404
critic,complex_000374,complex_000374,13,-7.98104
critic,complex_000374,complex_000374,14,-6.95
critic,complex_000374,complex_000374,15,-8.19354
critic,complex_000374,complex_000374,16,-8.42798
critic,complex_000374,complex_000374,17,-5.28807
critic,complex_000374,complex_000374,18,-7.26743
critic,complex_000374,complex_000374,19,-6.37049
critic,complex_000374,complex_000148,0,-6.67248
critic,complex_000374,complex_000148,1,-5.39004
critic,complex_000374,complex_000148,2,-6.03096
critic,complex_000374,complex_000148,3,-8.12715
critic,complex_000374,complex_000148,4,-6.77041
critic,complex_000374,complex_000148,5,-4.80265
critic,complex_000374,complex_000148,6,-7.47788
critic,complex_000374,complex_000148,7,-7.83616
critic,complex_000374,complex_000148,8,-7.54973
critic,complex_000374,complex_000148,9,-7.73149
critic,complex_000374,complex_000148,10,-7.14635
critic,complex_000374,complex_000148,11,-5.92708
critic,complex_000374,complex_000148,12,-6.20258
critic,complex_000374,complex_000148,13,-8.44208
critic,complex_000374,complex_000148,14,-5.97231
critic,complex_000374,complex_000148,15,-7.56562
critic,complex_000374,complex_000148,16,-6.43545
critic,complex_000374,complex_000148,17,-4.64412
critic,complex_000374,complex_000148,18,-6.38147
critic,complex_000374,complex_000148,19,-5.51968
critic,complex_000374,complex_000363,0,-8.10483
critic,complex_000374,complex_000363,1,-6.46433
critic,complex_000374,complex_000363,2,-8.20247
critic,complex_000374,complex_000363,3,-9.73634
critic,complex_000374,complex_000363,4,-8.51571
critic,complex_000374,complex_000363,5,-6.31529
critic,complex_000374,complex_000363,6,-9.46583
critic,complex_000374,complex_000363,7,-8.83592
critic,complex_000374,complex_000363,8,-8.60335
critic,complex_000374,complex_000363,9,-9.66468
critic,complex_000374,complex_000363,10,-7.53701
critic,complex_000374,complex_000363,11,-7.33611
critic,complex_000374,complex_000363,12,-7.42732
critic,complex_000374,complex_000363,13,-9.79749
critic,complex_000374,complex_000363,14,-6.72526
critic,complex_000374,complex_000363,15,-9.17764
critic,complex_000374,complex_000363,16,-8.29321
critic,complex_000374,complex_000363,17,-5.85984
critic,complex_000374,complex_000363,18,-7.40693
critic,complex_000374,complex_000363,19,-6.49319
critic,complex_000335,complex_000305,0,-7.36792
critic,complex_000335,complex_000305,1,-5.38898
critic,complex_000335,complex_000305,2,-6.28683
critic,complex_000335,complex_000305,3,-6.07469
critic,complex_000335,complex_000305,4,-9.40774
critic,complex_000335,complex_000305,5,-7.93767
critic,complex_000335,complex_000305,6,-8.34919
critic,complex_000335,complex_000305,7,-7.71677
critic,complex_000335,complex_000305,8,-8.48417
critic,complex_000335,complex_000305,9,-7.87308
critic,complex_000335,complex_000305,10,-6.88847
critic,complex_000335,complex_000305,11,-6.34691
critic,complex_000335,complex_000305,12,-7.10444
critic,complex_000335,complex_000305,13,-6.27447
critic,complex_000335,complex_000305,14,-7.16347
critic,complex_000335,complex_000305,15,-8.13978
critic,complex_000335,complex_000305,16,-7.80022
critic,complex_000335,complex_000305,17,-6.5402
critic,complex_000335,complex_000305,18,-6.00921
critic,complex_000335,complex_000305,19,-10.07223
critic,complex_000374,complex_000177,0,-6.60904
critic,complex_000374,complex_000177,1,-6.09276
critic,complex_000374,complex_000177,2,-6.76155
critic,complex_000374,complex_000177,3,-8.26153
critic,complex_000374,complex_000177,4,-7.13655
critic,complex_000374,complex_000177,5,-5.04861
critic,complex_000374,complex_000177,6,-7.78481
critic,complex_000374,complex_000177,7,-8.59823
critic,complex_000374,complex_000177,8,-7.3562
critic,complex_000374,complex_000177,9,-8.22271
critic,complex_000374,complex_000177,10,-7.38066
critic,complex_000374,complex_000177,11,-6.2245
critic,complex_000374,complex_000177,12,-6.71816
critic,complex_000374,complex_000177,13,-8.4324
critic,complex_000374,complex_000177,14,-6.06165
critic,complex_000374,complex_000177,15,-7.59697
critic,complex_000374,complex_000177,16,-7.62615
critic,complex_000374,complex_000177,17,-5.62528
critic,complex_000374,complex_000177,18,-6.8289
critic,complex_000374,complex_000177,19,-5.87771
critic,complex_000382,complex_000382,0,-9.04648
critic,complex_000382,complex_000382,1,-9.00348
critic,complex_000382,complex_000382,2,-10.37164
critic,complex_000382,complex_000382,3,-6.33536
critic,complex_000382,complex_000382,4,-8.27482
critic,complex_000382,complex_000382,5,-10.19856
critic,complex_000382,complex_000382,6,-7.063
critic,complex_000382,complex_000382,7,-8.60582
critic,complex_000382,complex_000382,8,-12.66797
critic,complex_000382,complex_000382,9,-10.01903
critic,complex_000382,complex_000382,10,-10.08182
critic,complex_000382,complex_000382,11,-9.91828
critic,complex_000382,complex_000382,12,-4.83981
critic,complex_000382,complex_000382,13,-9.21429
critic,complex_000382,complex_000382,14,-9.84689
critic,complex_000382,complex_000382,15,-7.41361
critic,complex_000382,complex_000382,16,-13.7309
critic,complex_000382,complex_000382,17,-10.61533
critic,complex_000382,complex_000382,18,-8.43436
critic,complex_000382,complex_000382,19,-9.38481
critic,complex_000387,complex_000085,0,-9.2443
critic,complex_000387,complex_000085,1,-8.13287
critic,complex_000387,complex_000085,2,-6.6237
critic,complex_000387,complex_000085,3,-10.00245
critic,complex_000387,complex_000085,4,-6.35711
critic,complex_000387,complex_000085,5,-5.42344
critic,complex_000387,complex_000085,6,-5.21019
critic,complex_000387,complex_000085,7,-4.10337
critic,complex_000387,complex_000085,8,-7.97675
critic,complex_000387,complex_000085,9,-7.80958
critic,complex_000387,complex_000085,10,-9.21616
critic,complex_000387,complex_000085,11,-7.99752
critic,complex_000387,complex_000085,12,-8.9101
critic,complex_000387,complex_000085,13,-8.00588
critic,complex_000387,complex_000085,14,-7.66163
critic,complex_000387,complex_000085,15,-6.8058
critic,complex_000387,complex_000085,16,-10.74014
critic,complex_000387,complex_000085,17,-7.41304
critic,complex_000387,complex_000085,18,-5.48229
critic,complex_000387,complex_000085,19,-9.12794
critic,complex_000387,complex_000472,0,-9.76694
critic,complex_000387,complex_000472,1,-8.97451
critic,complex_000387,complex_000472,2,-6.65499
critic,complex_000387,complex_000472,3,-9.80713
critic,complex_000387,complex_000472,4,-6.85387
critic,complex_000387,complex_000472,5,-5.64264
critic,complex_000387,complex_000472,6,-5.47455
critic,complex_000387,complex_000472,7,-4.16241
critic,complex_000387,complex_000472,8,-8.26107
critic,complex_000387,complex_000472,9,-8.38616
critic,complex_000387,complex_000472,10,-9.96975
critic,complex_000387,complex_000472,11,-8.60949
critic,complex_000387,complex_000472,12,-10.15151
critic,complex_000387,complex_000472,13,-9.32803
critic,complex_000387,complex_000472,14,-8.22429
critic,complex_000387,complex_000472,15,-7.57435
critic,complex_000387,complex_000472,16,-11.25784
critic,complex_000387,complex_000472,17,-8.00634
critic,complex_000387,complex_000472,18,-6.00573
critic,complex_000387,complex_000472,19,-9.77857
critic,complex_000387,complex_000387,0,-10.8069
critic,complex_000387,complex_000387,1,-9.22813
critic,complex_000387,complex_000387,2,-7.29111
critic,complex_000387,complex_000387,3,-10.36705
critic,complex_000387,complex_000387,4,-7.93423
critic,complex_000387,complex_000387,5,-6.23038
critic,complex_000387,complex_000387,6,-6.13604
critic,complex_000387,complex_000387,7,-4.4662
critic,complex_000387,complex_000387,8,-8.43643
critic,complex_000387,complex_000387,9,-8.69448
critic,complex_000387,complex_000387,10,-10.6144
critic,complex_000387,complex_000387,11,-9.60597
critic,complex_000387,complex_000387,12,-10.85356
critic,complex_000387,complex_000387,13,-10.29067
critic,complex_000387,complex_000387,14,-8.74139
critic,complex_000387,complex_000387,15,-7.87678
critic,complex_000387,complex_000387,16,-10.08075
critic,complex_000387,complex_000387,17,-8.35347
critic,complex_000387,complex_000387,18,-6.5213
critic,complex_000387,complex_000387,19,-10.28064
critic,complex_000382,complex_000456,0,-8.41298
critic,complex_000382,complex_000456,1,-6.74298
critic,complex_000382,complex_000456,2,-7.75668
critic,complex_000382,complex_000456,3,-5.78557
critic,complex_000382,complex_000456,4,-6.58918
critic,complex_000382,complex_000456,5,-8.18723
critic,complex_000382,complex_000456,6,-5.92428
critic,complex_000382,complex_000456,7,-8.05163
critic,complex_000382,complex_000456,8,-10.57014
critic,complex_000382,complex_000456,9,-8.06787
critic,complex_000382,complex_000456,10,-7.57832
critic,complex_000382,complex_000456,11,-7.37258
critic,complex_000382,complex_000456,12,-4.67125
critic,complex_000382,complex_000456,13,-6.7463
critic,complex_000382,complex_000456,14,-7.57579
critic,complex_000382,complex_000456,15,-6.32863
critic,complex_000382,complex_000456,16,-9.45207
critic,complex_000382,complex_000456,17,-8.24271
critic,complex_000382,complex_000456,18,-6.61708
critic,complex_000382,complex_000456,19,-7.25303
critic,complex_000382,complex_000472,0,-8.96668
critic,complex_000382,complex_000472,1,-8.48364
critic,complex_000382,complex_000472,2,-9.56539
critic,complex_000382,complex_000472,3,-6.27651
critic,complex_000382,complex_000472,4,-7.89223
critic,complex_000382,complex_000472,5,-9.33559
critic,complex_000382,complex_000472,6,-6.86659
critic,complex_000382,complex_000472,7,-8.46471
critic,complex_000382,complex_000472,8,-11.23499
critic,complex_000382,complex_000472,9,-8.79495
critic,complex_000382,complex_000472,10,-9.3583
critic,complex_000382,complex_000472,11,-8.9896
critic,complex_000382,complex_000472,12,-5.26287
critic,complex_000382,complex_000472,13,-8.19143
critic,complex_000382,complex_000472,14,-9.8689
critic,complex_000382,complex_000472,15,-7.54499
critic,complex_000382,complex_000472,16,-11.66778
critic,complex_000382,complex_000472,17,-10.12267
critic,complex_000382,complex_000472,18,-8.05175
critic,complex_000382,complex_000472,19,-8.92993
critic,complex_000387,complex_000001,0,-8.0894
critic,complex_000387,complex_000001,1,-6.73645
critic,complex_000387,complex_000001,2,-5.77966
critic,complex_000387,complex_000001,3,-8.0142
critic,complex_000387,complex_000001,4,-5.96746
critic,complex_000387,complex_000001,5,-5.33275
critic,complex_000387,complex_000001,6,-5.09582
critic,complex_000387,complex_000001,7,-3.84632
critic,complex_000387,complex_000001,8,-7.43322
critic,complex_000387,complex_000001,9,-6.78958
critic,complex_000387,complex_000001,10,-9.08674
critic,complex_000387,complex_000001,11,-7.54449
critic,complex_000387,complex_000001,12,-8.1136
critic,complex_000387,complex_000001,13,-7.16508
critic,complex_000387,complex_000001,14,-6.65354
critic,complex_000387,complex_000001,15,-6.38499
critic,complex_000387,complex_000001,16,-9.3912
critic,complex_000387,complex_000001,17,-7.27177
critic,complex_000387,complex_000001,18,-4.82777
critic,complex_000387,complex_000001,19,-8.09418
critic,complex_000376,complex_000145,0,-7.48567
critic,complex_000376,complex_000145,1,-5.93272
critic,complex_000376,complex_000145,2,-4.22595
critic,complex_000376,complex_000145,3,-5.44892
critic,complex_000376,complex_000145,4,-6.51625
critic,complex_000376,complex_000145,5,-4.23517
critic,complex_000376,complex_000145,6,-7.95282
critic,complex_000376,complex_000145,7,-6.24961
critic,complex_000376,complex_000145,8,-6.59105
critic,complex_000376,complex_000145,9,-7.06262
critic,complex_000376,complex_000145,10,-6.50199
critic,complex_000376,complex_000145,11,-4.3046
critic,complex_000376,complex_000145,12,-7.25529
critic,complex_000376,complex_000145,13,-6.16913
critic,complex_000376,complex_000145,14,-6.13048
critic,complex_000376,complex_000145,15,-5.00604
critic,complex_000376,complex_000145,16,-6.8283
critic,complex_000376,complex_000145,17,-6.67113
critic,complex_000376,complex_000145,18,-4.93425
critic,complex_000376,complex_000145,19,-4.87591
critic,complex_000376,complex_000376,0,-10.3518
critic,complex_000376,complex_000376,1,-9.33975
critic,complex_000376,complex_000376,2,-5.82649
critic,complex_000376,complex_000376,3,-7.75841
critic,complex_000376,complex_000376,4,-8.76818
critic,complex_000376,complex_000376,5,-5.60246
critic,complex_000376,complex_000376,6,-9.93955
critic,complex_000376,complex_000376,7,-10.06224
critic,complex_000376,complex_000376,8,-9.67764
critic,complex_000376,complex_000376,9,-10.78555
critic,complex_000376,complex_000376,10,-8.81025
critic,complex_000376,complex_000376,11,-6.24615
critic,complex_000376,complex_000376,12,-9.80076
critic,complex_000376,complex_000376,13,-8.68961
critic,complex_000376,complex_000376,14,-8.94227
critic,complex_000376,complex_000376,15,-7.02435
critic,complex_000376,complex_000376,16,-10.00581
critic,complex_000376,complex_000376,17,-8.91062
critic,complex_000376,complex_000376,18,-6.43558
critic,complex_000376,complex_000376,19,-8.19095
critic,complex_000376,complex_000535,0,-8.45092
critic,complex_000376,complex_000535,1,-6.28131
critic,complex_000376,complex_000535,2,-5.14943
critic,complex_000376,complex_000535,3,-6.58402
critic,complex_000376,complex_000535,4,-7.18658
critic,complex_000376,complex_000535,5,-6.38144
critic,complex_000376,complex_000535,6,-7.37735
critic,complex_000376,complex_000535,7,-7.66565
critic,complex_000376,complex_000535,8,-6.01449
critic,complex_000376,complex_000535,9,-9.38051
critic,complex_000376,complex_000535,10,-7.78189
critic,complex_000376,complex_000535,11,-6.3692
critic,complex_000376,complex_000535,12,-7.92713
critic,complex_000376,complex_000535,13,-6.78564
critic,complex_000376,complex_000535,14,-7.89506
critic,complex_000376,complex_000535,15,-7.66408
critic,complex_000376,complex_000535,16,-8.90373
critic,complex_000376,complex_000535,17,-6.68276
critic,complex_000376,complex_000535,18,-6.29772
critic,complex_000376,complex_000535,19,-7.52476
critic,complex_000382,complex_000191,0,-6.7485
critic,complex_000382,complex_000191,1,-6.47058
critic,complex_000382,complex_000191,2,-6.52203
critic,complex_000382,complex_000191,3,-5.28334
critic,complex_000382,complex_000191,4,-5.78666
critic,complex_000382,complex_000191,5,-6.69732
critic,complex_000382,complex_000191,6,-5.51085
critic,complex_000382,complex_000191,7,-6.55241
critic,complex_000382,complex_000191,8,-8.32526
critic,complex_000382,complex_000191,9,-6.18308
critic,complex_000382,complex_000191,10,-5.88125
critic,complex_000382,complex_000191,11,-5.87274
critic,complex_000382,complex_000191,12,-4.93592
critic,complex_000382,complex_000191,13,-6.02525
critic,complex_000382,complex_000191,14,-7.02758
critic,complex_000382,complex_000191,15,-5.81111
critic,complex_000382,complex_000191,16,-8.92803
critic,complex_000382,complex_000191,17,-7.1404
critic,complex_000382,complex_000191,18,-5.87153
critic,complex_000382,complex_000191,19,-7.06327
critic,complex_000376,complex_000387,0,-10.72432
critic,complex_000376,complex_000387,1,-6.76072
critic,complex_000376,complex_000387,2,-6.30346
critic,complex_000376,complex_000387,3,-6.83709
critic,complex_000376,complex_000387,4,-7.59128
critic,complex_000376,complex_000387,5,-7.08328
critic,complex_000376,complex_000387,6,-8.64205
critic,complex_000376,complex_000387,7,-8.76942
critic,complex_000376,complex_000387,8,-7.52534
critic,complex_000376,complex_000387,9,-10.81666
critic,complex_000376,complex_000387,10,-8.79513
critic,complex_000376,complex_000387,11,-6.74954
critic,complex_000376,complex_000387,12,-10.31064
critic,complex_000376,complex_000387,13,-8.09573
critic,complex_000376,complex_000387,14,-8.51623
critic,complex_000376,complex_000387,15,-8.33867
critic,complex_000376,complex_000387,16,-9.88009
critic,complex_000376,complex_000387,17,-7.68189
critic,complex_000376,complex_000387,18,-7.43337
critic,complex_000376,complex_000387,19,-7.76582
critic,complex_000394,complex_000411,0,-5.23879
critic,complex_000394,complex_000411,1,-6.62358
critic,complex_000394,complex_000411,2,-8.16664
critic,complex_000394,complex_000411,3,-8.83562
critic,complex_000394,complex_000411,4,-9.16738
critic,complex_000394,complex_000411,5,-9.50594
critic,complex_000394,complex_000411,6,-7.62542
critic,complex_000394,complex_000411,7,-7.6423
critic,complex_000394,complex_000411,8,-7.53428
critic,complex_000394,complex_000411,9,-7.93055
critic,complex_000394,complex_000411,10,-7.97002
critic,complex_000394,complex_000411,11,-9.36956
critic,complex_000394,complex_000411,12,-8.19434
critic,complex_000394,complex_000411,13,-9.06182
critic,complex_000394,complex_000411,14,-7.82131
critic,complex_000394,complex_000411,15,-6.25849
critic,complex_000394,complex_000411,16,-7.2633
critic,complex_000394,complex_000411,17,-9.66369
critic,complex_000394,complex_000411,18,-9.18282
critic,complex_000394,complex_000411,19,-8.31777
critic,complex_000394,complex_000374,0,-5.7021
critic,complex_000394,complex_000374,1,-7.2034
critic,complex_000394,complex_000374,2,-9.0643
critic,complex_000394,complex_000374,3,-10.06483
critic,complex_000394,complex_000374,4,-8.72748
critic,complex_000394,complex_000374,5,-8.12157
critic,complex_000394,complex_000374,6,-8.48777
critic,complex_000394,complex_000374,7,-8.37978
critic,complex_000394,complex_000374,8,-7.82357
critic,complex_000394,complex_000374,9,-7.85916
critic,complex_000394,complex_000374,10,-9.16683
critic,complex_000394,complex_000374,11,-8.21445
critic,complex_000394,complex_000374,12,-9.36106
critic,complex_000394,complex_000374,13,-9.47736
critic,complex_000394,complex_000374,14,-7.29001
critic,complex_000394,complex_000374,15,-6.10885
critic,complex_000394,complex_000374,16,-7.79643
critic,complex_000394,complex_000374,17,-10.05845
critic,complex_000394,complex_000374,18,-8.38515
critic,complex_000394,complex_000374,19,-9.29377
critic,complex_000394,complex_000394,0,-5.2931
critic,complex_000394,complex_000394,1,-7.7474
critic,complex_000394,complex_000394,2,-9.54669
critic,complex_000394,complex_000394,3,-9.27187
critic,complex_000394,complex_000394,4,-8.60377
critic,complex_000394,complex_000394,5,-9.05421
critic,complex_000394,complex_000394,6,-8.56217
critic,complex_000394,complex_000394,7,-7.56024
critic,complex_000394,complex_000394,8,-8.74331
critic,complex_000394,complex_000394,9,-7.96687
critic,complex_000394,complex_000394,10,-8.70152
critic,complex_000394,complex_000394,11,-9.90377
critic,complex_000394,complex_000394,12,-9.61641
critic,complex_000394,complex_000394,13,-9.82107
critic,complex_000394,complex_000394,14,-7.45627
critic,complex_000394,complex_000394,15,-6.33433
critic,complex_000394,complex_000394,16,-7.47531
critic,complex_000394,complex_000394,17,-10.21413
critic,complex_000394,complex_000394,18,-8.60817
critic,complex_000394,complex_000394,19,-8.61458
critic,complex_000394,complex_000112,0,-5.49937
critic,complex_000394,complex_000112,1,-6.34573
critic,complex_000394,complex_000112,2,-7.35507
critic,complex_000394,complex_000112,3,-8.60826
critic,complex_000394,complex_000112,4,-7.04484
critic,complex_000394,complex_000112,5,-7.69646
critic,complex_000394,complex_000112,6,-8.12132
critic,complex_000394,complex_000112,7,-6.37864
critic,complex_000394,complex_000112,8,-6.12429
critic,complex_000394,complex_000112,9,-6.98191
critic,complex_000394,complex_000112,10,-7.28408
critic,complex_000394,complex_000112,11,-7.06765
critic,complex_000394,complex_000112,12,-7.86206
critic,complex_000394,complex_000112,13,-7.85731
critic,complex_000394,complex_000112,14,-6.95039
critic,complex_000394,complex_000112,15,-5.50374
critic,complex_000394,complex_000112,16,-6.95188
critic,complex_000394,complex_000112,17,-8.64302
critic,complex_000394,complex_000112,18,-7.2484
critic,complex_000394,complex_000112,19,-7.32287
critic,complex_000403,complex_000063,0,-8.16919
critic,complex_000403,complex_000063,1,-7.20789
critic,complex_000403,complex_000063,2,-8.18978
critic,complex_000403,complex_000063,3,-5.89982
critic,complex_000403,complex_000063,4,-6.97805
critic,complex_000403,complex_000063,5,-9.57258
critic,complex_000403,complex_000063,6,-6.70472
critic,complex_000403,complex_000063,7,-7.25283
critic,complex_000403,complex_000063,8,-8.13307
critic,complex_000403,complex_000063,9,-4.79222
critic,complex_000403,complex_000063,10,-6.92918
critic,complex_000403,complex_000063,11,-4.59136
critic,complex_000403,complex_000063,12,-7.43951
critic,complex_000403,complex_000063,13,-8.15821
critic,complex_000403,complex_000063,14,-7.43019
critic,complex_000403,complex_000063,15,-8.73138
critic,complex_000403,complex_000063,16,-8.79371
critic,complex_000403,complex_000063,17,-5.53288
critic,complex_000403,complex_000063,18,-6.40339
critic,complex_000403,complex_000063,19,-7.76872
critic,complex_000403,complex_000403,0,-8.97458
critic,complex_000403,complex_000403,1,-7.91799
critic,complex_000403,complex_000403,2,-7.59035
critic,complex_000403,complex_000403,3,-5.82463
critic,complex_000403,complex_000403,4,-8.01473
critic,complex_000403,complex_000403,5,-9.97233
critic,complex_000403,complex_000403,6,-7.16844
critic,complex_000403,complex_000403,7,-7.82876
critic,complex_000403,complex_000403,8,-8.13634
critic,complex_000403,complex_000403,9,-5.08536
critic,complex_000403,complex_000403,10,-7.20266
critic,complex_000403,complex_000403,11,-5.60879
critic,complex_000403,complex_000403,12,-7.51612
critic,complex_000403,complex_000403,13,-7.88197
critic,complex_000403,complex_000403,14,-7.38173
critic,complex_000403,complex_000403,15,-9.14172
critic,complex_000403,complex_000403,16,-9.70642
critic,complex_000403,complex_000403,17,-5.74731
critic,complex_000403,complex_000403,18,-5.79472
critic,complex_000403,complex_000403,19,-8.19363
critic,complex_000403,complex_000477,0,-8.37282
critic,complex_000403,complex_000477,1,-6.908
critic,complex_000403,complex_000477,2,-7.05336
critic,complex_000403,complex_000477,3,-5.89353
critic,complex_000403,complex_000477,4,-7.09702
critic,complex_000403,complex_000477,5,-9.37656
critic,complex_000403,complex_000477,6,-6.05735
critic,complex_000403,complex_000477,7,-6.71885
critic,complex_000403,complex_000477,8,-7.37276
critic,complex_000403,complex_000477,9,-5.57038
critic,complex_000403,complex_000477,10,-6.60347
critic,complex_000403,complex_000477,11,-6.02483
critic,complex_000403,complex_000477,12,-6.30155
critic,complex_000403,complex_000477,13,-7.20299
critic,complex_000403,complex_000477,14,-6.45283
critic,complex_000403,complex_000477,15,-7.98157
critic,complex_000403,complex_000477,16,-8.20191
critic,complex_000403,complex_000477,17,-4.85785
critic,complex_000403,complex_000477,18,-4.91323
critic,complex_000403,complex_000477,19,-7.02958
critic,complex_000403,complex_000335,0,-6.72821
critic,complex_000403,complex_000335,1,-6.77998
critic,complex_000403,complex_000335,2,-5.69378
critic,complex_000403,complex_000335,3,-4.94513
critic,complex_000403,complex_000335,4,-7.0676
critic,complex_000403,complex_000335,5,-8.35912
critic,complex_000403,complex_000335,6,-5.58341
critic,complex_000403,complex_000335,7,-5.91672
critic,complex_000403,complex_000335,8,-6.5863
critic,complex_000403,complex_000335,9,-4.57988
critic,complex_000403,complex_000335,10,-5.87491
critic,complex_000403,complex_000335,11,-4.74341
critic,complex_000403,complex_000335,12,-6.49515
critic,complex_000403,complex_000335,13,-6.32003
critic,complex_000403,complex_000335,14,-6.06168
critic,complex_000403,complex_000335,15,-7.15028
critic,complex_000403,complex_000335,16,-7.07204
critic,complex_000403,complex_000335,17,-4.94657
critic,complex_000403,complex_000335,18,-4.62713
critic,complex_000403,complex_000335,19,-6.99579
critic,complex_000411,complex_000292,0,-5.19558
critic,complex_000411,complex_000292,1,-6.30867
critic,complex_000411,complex_000292,2,-6.74716
critic,complex_000411,complex_000292,3,-5.67545
critic,complex_000411,complex_000292,4,-7.38885
critic,complex_000411,complex_000292,5,-6.04202
critic,complex_000411,complex_000292,6,-6.95044
critic,complex_000411,complex_000292,7,-7.2775
critic,complex_000411,complex_000292,8,-4.84309
critic,complex_000411,complex_000292,9,-7.60802
critic,complex_000411,complex_000292,10,-7.30109
critic,complex_000411,complex_000292,11,-5.29243
critic,complex_000411,complex_000292,12,-7.05483
critic,complex_000411,complex_000292,13,-6.09054
critic,complex_000411,complex_000292,14,-5.57622
critic,complex_000411,complex_000292,15,-7.75387
critic,complex_000411,complex_000292,16,-6.97824
critic,complex_000411,complex_000292,17,-8.08298
critic,complex_000411,complex_000292,18,-7.14622
critic,complex_000411,complex_000292,19,-6.30335
critic,complex_000411,complex_000305,0,-5.93444
critic,complex_000411,complex_000305,1,-7.52889
critic,complex_000411,complex_000305,2,-7.56916
critic,complex_000411,complex_000305,3,-7.27157
critic,complex_000411,complex_000305,4,-9.66424
critic,complex_000411,complex_000305,5,-7.66054
critic,complex_000411,complex_000305,6,-8.92974
critic,complex_000411,complex_000305,7,-9.70799
critic,complex_000411,complex_000305,8,-5.801
critic,complex_000411,complex_000305,9,-9.79944
critic,complex_000411,complex_000305,10,-9.4885
critic,complex_000411,complex_000305,11,-6.46919
critic,complex_000411,complex_000305,12,-11.47343
critic,complex_000411,complex_000305,13,-7.99003
critic,complex_000411,complex_000305,14,-8.07364
critic,complex_000411,complex_000305,15,-9.15165
critic,complex_000411,complex_000305,16,-7.96861
critic,complex_000411,complex_000305,17,-8.68982
critic,complex_000411,complex_000305,18,-8.98873
critic,complex_000411,complex_000305,19,-7.52535
critic,complex_000411,complex_000411,0,-5.79462
critic,complex_000411,complex_000411,1,-7.15311
critic,complex_000411,complex_000411,2,-7.6782
critic,complex_000411,complex_000411,3,-6.30556
critic,complex_000411,complex_000411,4,-9.10243
critic,complex_000411,complex_000411,5,-7.60022
critic,complex_000411,complex_000411,6,-8.11992
critic,complex_000411,complex_000411,7,-8.56684
critic,complex_000411,complex_000411,8,-5.90069
critic,complex_000411,complex_000411,9,-7.73134
critic,complex_000411,complex_000411,10,-8.44125
critic,complex_000411,complex_000411,11,-6.33079
critic,complex_000411,complex_000411,12,-9.6137
critic,complex_000411,complex_000411,13,-7.7226
critic,complex_000411,complex_000411,14,-6.84886
critic,complex_000411,complex_000411,15,-9.07765
critic,complex_000411,complex_000411,16,-7.62458
critic,complex_000411,complex_000411,17,-8.72541
critic,complex_000411,complex_000411,18,-8.65877
critic,complex_000411,complex_000411,19,-7.33206
critic,complex_000411,complex_000165,0,-7.52758
critic,complex_000411,complex_000165,1,-8.35052
critic,complex_000411,complex_000165,2,-7.61576
critic,complex_000411,complex_000165,3,-6.41384
critic,complex_000411,complex_000165,4,-5.11047
critic,complex_000411,complex_000165,5,-6.28479
critic,complex_000411,complex_000165,6,-5.07606
critic,complex_000411,complex_000165,7,-0.70921
critic,complex_000411,complex_000165,8,-6.1754
critic,complex_000411,complex_000165,9,0.56872
critic,complex_000411,complex_000165,10,-5.70287
critic,complex_000411,complex_000165,11,-8.1665
critic,complex_000411,complex_000165,12,-1.36966
critic,complex_000411,complex_000165,13,-4.814
critic,complex_000411,complex_000165,14,-3.78146
critic,complex_000411,complex_000165,15,-4.53054
critic,complex_000411,complex_000165,16,-6.98067
critic,complex_000411,complex_000165,17,-2.09647
critic,complex_000411,complex_000165,18,-8.33304
critic,complex_000411,complex_000165,19,-7.75137
critic,complex_000400,complex_000266,0,-9.37197
critic,complex_000400,complex_000266,1,-7.88636
critic,complex_000400,complex_000266,2,-6.96174
critic,complex_000400,complex_000266,3,-9.82936
critic,complex_000400,complex_000266,4,-7.26248
critic,complex_000400,complex_000266,5,-7.08908
critic,complex_000400,complex_000266,6,-8.06625
critic,complex_000400,complex_000266,7,-8.07021
critic,complex_000400,complex_000266,8,-9.15504
critic,complex_000400,complex_000266,9,-8.55661
critic,complex_000400,complex_000266,10,-9.27521
critic,complex_000400,complex_000266,11,-9.5505
critic,complex_000400,complex_000266,12,-8.36578
critic,complex_000400,complex_000266,13,-7.43848
critic,complex_000400,complex_000266,14,-7.18404
critic,complex_000400,complex_000266,15,-8.26629
critic,complex_000400,complex_000266,16,-8.27233
critic,complex_000400,complex_000266,17,-10.70075
critic,complex_000400,complex_000266,18,-8.33289
critic,complex_000400,complex_000266,19,-8.44617
critic,complex_000426,complex_000335,0,-4.73311
critic,complex_000426,complex_000335,1,-5.58881
critic,complex_000426,complex_000335,2,-4.7885
critic,complex_000426,complex_000335,3,-7.30224
critic,complex_000426,complex_000335,4,-8.95567
critic,complex_000426,complex_000335,5,-5.92139
critic,complex_000426,complex_000335,6,-6.80813
critic,complex_000426,complex_000335,7,-6.26897
critic,complex_000426,complex_000335,8,-7.86225
critic,complex_000426,complex_000335,9,-7.0522
critic,complex_000426,complex_000335,10,-6.58124
critic,complex_000426,complex_000335,11,-5.5065
critic,complex_000426,complex_000335,12,-6.57155
critic,complex_000426,complex_000335,13,-4.46796
critic,complex_000426,complex_000335,14,-6.27817
critic,complex_000426,complex_000335,15,-7.27956
critic,complex_000426,complex_000335,16,-6.37372
critic,complex_000426,complex_000335,17,-6.66482
critic,complex_000426,complex_000335,18,-7.05261
critic,complex_000426,complex_000335,19,-7.77448
critic,complex_000400,complex_000400,0,-12.26313
critic,complex_000400,complex_000400,1,-9.43029
critic,complex_000400,complex_000400,2,-7.56072
critic,complex_000400,complex_000400,3,-10.37992
critic,complex_000400,complex_000400,4,-8.50591
critic,complex_000400,complex_000400,5,-8.04429
critic,complex_000400,complex_000400,6,-9.06269
critic,complex_000400,complex_000400,7,-8.5985
critic,complex_000400,complex_000400,8,-10.18841
critic,complex_000400,complex_000400,9,-9.83768
critic,complex_000400,complex_000400,10,-10.1454
critic,complex_000400,complex_000400,11,-10.19323
critic,complex_000400,complex_000400,12,-10.46631
critic,complex_000400,complex_000400,13,-7.85017
critic,complex_000400,complex_000400,14,-8.17237
critic,complex_000400,complex_000400,15,-9.29215
critic,complex_000400,complex_000400,16,-10.16324
critic,complex_000400,complex_000400,17,-11.65042
critic,complex_000400,complex_000400,18,-10.17496
critic,complex_000400,complex_000400,19,-9.65905
critic,complex_000426,complex_000426,0,-5.60342
critic,complex_000426,complex_000426,1,-7.15841
critic,complex_000426,complex_000426,2,-6.00369
critic,complex_000426,complex_000426,3,-9.96892
critic,complex_000426,complex_000426,4,-9.24037
critic,complex_000426,complex_000426,5,-7.316
critic,complex_000426,complex_000426,6,-8.40364
critic,complex_000426,complex_000426,7,-7.12443
critic,complex_000426,complex_000426,8,-8.76957
critic,complex_000426,complex_000426,9,-8.73661
critic,complex_000426,complex_000426,10,-7.95035
critic,complex_000426,complex_000426,11,-6.7116
critic,complex_000426,complex_000426,12,-8.65353
critic,complex_000426,complex_000426,13,-4.8615
critic,complex_000426,complex_000426,14,-7.42645
critic,complex_000426,complex_000426,15,-10.16641
critic,complex_000426,complex_000426,16,-7.16038
critic,complex_000426,complex_000426,17,-7.95899
critic,complex_000426,complex_000426,18,-9.11099
critic,complex_000426,complex_000426,19,-9.93944
critic,complex_000400,complex_000403,0,-9.30436
critic,complex_000400,complex_000403,1,-8.28466
critic,complex_000400,complex_000403,2,-7.07194
critic,complex_000400,complex_000403,3,-9.62181
critic,complex_000400,complex_000403,4,-6.55186
critic,complex_000400,complex_000403,5,-7.26886
critic,complex_000400,complex_000403,6,-8.10344
critic,complex_000400,complex_000403,7,-8.66873
critic,complex_000400,complex_000403,8,-8.27171
critic,complex_000400,complex_000403,9,-8.7219
critic,complex_000400,complex_000403,10,-8.42096
critic,complex_000400,complex_000403,11,-9.78004
critic,complex_000400,complex_000403,12,-7.43414
critic,complex_000400,complex_000403,13,-7.81726
critic,complex_000400,complex_000403,14,-7.47477
critic,complex_000400,complex_000403,15,-8.12677
critic,complex_000400,complex_000403,16,-8.91905
critic,complex_000400,complex_000403,17,-10.94187
critic,complex_000400,complex_000403,18,-7.70813
critic,complex_000400,complex_000403,19,-8.05765
critic,complex_000426,complex_000145,0,-4.48777
critic,complex_000426,complex_000145,1,-5.26533
critic,complex_000426,complex_000145,2,-4.25952
critic,complex_000426,complex_000145,3,-6.79008
critic,complex_000426,complex_000145,4,-7.73396
critic,complex_000426,complex_000145,5,-5.74587
critic,complex_000426,complex_000145,6,-6.08938
critic,complex_000426,complex_000145,7,-5.32754
critic,complex_000426,complex_000145,8,-7.17748
critic,complex_000426,complex_000145,9,-6.80526
critic,complex_000426,complex_000145,10,-5.81997
critic,complex_000426,complex_000145,11,-5.41303
critic,complex_000426,complex_000145,12,-6.91882
critic,complex_000426,complex_000145,13,-4.24772
critic,complex_000426,complex_000145,14,-5.8928
critic,complex_000426,complex_000145,15,-7.57466
critic,complex_000426,complex_000145,16,-5.74775
critic,complex_000426,complex_000145,17,-6.48999
critic,complex_000426,complex_000145,18,-7.13822
critic,complex_000426,complex_000145,19,-6.14636
critic,complex_000426,complex_000236,0,-5.45946
critic,complex_000426,complex_000236,1,-7.30526
critic,complex_000426,complex_000236,2,-5.39422
critic,complex_000426,complex_000236,3,-9.50915
critic,complex_000426,complex_000236,4,-9.28574
critic,complex_000426,complex_000236,5,-7.13166
critic,complex_000426,complex_000236,6,-8.53903
critic,complex_000426,complex_000236,7,-7.30945
critic,complex_000426,complex_000236,8,-7.574
critic,complex_000426,complex_000236,9,-8.13332
critic,complex_000426,complex_000236,10,-8.19952
critic,complex_000426,complex_000236,11,-6.59302
critic,complex_000426,complex_000236,12,-7.76496
critic,complex_000426,complex_000236,13,-5.96216
critic,complex_000426,complex_000236,14,-7.09755
critic,complex_000426,complex_000236,15,-9.22725
critic,complex_000426,complex_000236,16,-8.23642
critic,complex_000426,complex_000236,17,-8.11952
critic,complex_000426,complex_000236,18,-8.17281
critic,complex_000426,complex_000236,19,-9.77275
critic,complex_000456,complex_000387,0,-7.66961
critic,complex_000456,complex_000387,1,-8.11408
critic,complex_000456,complex_000387,2,-7.44154
critic,complex_000456,complex_000387,3,-7.30314
critic,complex_000456,complex_000387,4,-9.57918
critic,complex_000456,complex_000387,5,-8.93678
critic,complex_000456,complex_000387,6,-10.67222
critic,complex_000456,complex_000387,7,-6.22053
critic,complex_000456,complex_000387,8,-9.70601
critic,complex_000456,complex_000387,9,-13.55891
critic,complex_000456,complex_000387,10,-5.09427
critic,complex_000456,complex_000387,11,-8.21817
critic,complex_000456,complex_000387,12,-5.81721
critic,complex_000456,complex_000387,13,-6.51399
critic,complex_000456,complex_000387,14,-7.6147
critic,complex_000456,complex_000387,15,-5.84049
critic,complex_000456,complex_000387,16,-8.20641
critic,complex_000456,complex_000387,17,-9.15061
critic,complex_000456,complex_000387,18,-7.76002
critic,complex_000456,complex_000387,19,-6.98969
critic,complex_000472,complex_000472,0,-6.32593
critic,complex_000472,complex_000472,1,-11.60987
critic,complex_000472,complex_000472,2,-7.55189
critic,complex_000472,complex_000472,3,-10.88061
critic,complex_000472,complex_000472,4,-6.7608
critic,complex_000472,complex_000472,5,-5.74721
critic,complex_000472,complex_000472,6,-6.55178
critic,complex_000472,complex_000472,7,-8.49802
critic,complex_000472,complex_000472,8,-12.40977
critic,complex_000472,complex_000472,9,-8.53853
critic,complex_000472,complex_000472,10,-8.22818
critic,complex_000472,complex_000472,11,-10.00469
critic,complex_000472,complex_000472,12,-9.68971
critic,complex_000472,complex_000472,13,-9.23881
critic,complex_000472,complex_000472,14,-11.84614
critic,complex_000472,complex_000472,15,-7.86414
critic,complex_000472,complex_000472,16,-8.96812
critic,complex_000472,complex_000472,17,-5.40507
critic,complex_000472,complex_000472,18,-6.41616
critic,complex_000472,complex_000472,19,-9.21951
critic,complex_000400,complex_000363,0,-7.48828
critic,complex_000400,complex_000363,1,-9.93727
critic,complex_000400,complex_000363,2,-8.49282
critic,complex_000400,complex_000363,3,-10.99693
critic,complex_000400,complex_000363,4,-8.18522
critic,complex_000400,complex_000363,5,-6.86355
critic,complex_000400,complex_000363,6,-7.84185
critic,complex_000400,complex_000363,7,-8.73148
critic,complex_000400,complex_000363,8,-9.70113
critic,complex_000400,complex_000363,9,-6.59028
critic,complex_000400,complex_000363,10,-9.64136
critic,complex_000400,complex_000363,11,-9.82353
critic,complex_000400,complex_000363,12,-8.3248
critic,complex_000400,complex_000363,13,-8.35336
critic,complex_000400,complex_000363,14,-8.34488
critic,complex_000400,complex_000363,15,-9.08575
critic,complex_000400,complex_000363,16,-7.0385
critic,complex_000400,complex_000363,17,-10.5461
critic,complex_000400,complex_000363,18,0.48725
critic,complex_000400,complex_000363,19,-9.79563
critic,complex_000456,complex_000376,0,-6.89318
critic,complex_000456,complex_000376,1,-7.88526
critic,complex_000456,complex_000376,2,-6.36623
critic,complex_000456,complex_000376,3,-6.56766
critic,complex_000456,complex_000376,4,-8.35121
critic,complex_000456,complex_000376,5,-8.46061
critic,complex_000456,complex_000376,6,-9.56247
critic,complex_000456,complex_000376,7,-10.10875
critic,complex_000456,complex_000376,8,-7.64341
critic,complex_000456,complex_000376,9,-11.41723
critic,complex_000456,complex_000376,10,-4.77294
critic,complex_000456,complex_000376,11,-7.41874
critic,complex_000456,complex_000376,12,-6.58653
critic,complex_000456,complex_000376,13,-6.09857
critic,complex_000456,complex_000376,14,-6.22341
critic,complex_000456,complex_000376,15,-5.19081
critic,complex_000456,complex_000376,16,-8.17341
critic,complex_000456,complex_000376,17,-9.23296
critic,complex_000456,complex_000376,18,-8.64263
critic,complex_000456,complex_000376,19,-11.08043
critic,complex_000456,complex_000069,0,-6.54395
critic,complex_000456,complex_000069,1,-7.97262
critic,complex_000456,complex_000069,2,-6.16729
critic,complex_000456,complex_000069,3,-6.96733
critic,complex_000456,complex_000069,4,-8.713
critic,complex_000456,complex_000069,5,-8.15058
critic,complex_000456,complex_000069,6,-9.4869
critic,complex_000456,complex_000069,7,-8.79579
critic,complex_000456,complex_000069,8,-7.882
critic,complex_000456,complex_000069,9,-11.90532
critic,complex_000456,complex_000069,10,-5.05378
critic,complex_000456,complex_000069,11,-7.31806
critic,complex_000456,complex_000069,12,-6.13876
critic,complex_000456,complex_000069,13,-5.87918
critic,complex_000456,complex_000069,14,-5.96156
critic,complex_000456,complex_000069,15,-4.78044
critic,complex_000456,complex_000069,16,-8.31498
critic,complex_000456,complex_000069,17,-9.41439
critic,complex_000456,complex_000069,18,-7.7745
critic,complex_000456,complex_000069,19,-10.54231
critic,complex_000456,complex_000456,0,-6.89393
critic,complex_000456,complex_000456,1,-7.48296
critic,complex_000456,complex_000456,2,-6.45704
critic,complex_000456,complex_000456,3,-5.92008
critic,complex_000456,complex_000456,4,-7.85432
critic,complex_000456,complex_000456,5,-7.70841
critic,complex_000456,complex_000456,6,-8.14999
critic,complex_000456,complex_000456,7,-7.36049
critic,complex_000456,complex_000456,8,-7.00858
critic,complex_000456,complex_000456,9,-10.40699
critic,complex_000456,complex_000456,10,-4.43433
critic,complex_000456,complex_000456,11,-7.30205
critic,complex_000456,complex_000456,12,-5.92318
critic,complex_000456,complex_000456,13,-5.33298
critic,complex_000456,complex_000456,14,-5.97405
critic,complex_000456,complex_000456,15,-4.63633
critic,complex_000456,complex_000456,16,-8.57888
critic,complex_000456,complex_000456,17,-9.21278
critic,complex_000456,complex_000456,18,-7.7031
critic,complex_000456,complex_000456,19,-8.93963
critic,complex_000472,complex_000117,0,-6.47553
critic,complex_000472,complex_000117,1,-8.66541
critic,complex_000472,complex_000117,2,-6.82331
critic,complex_000472,complex_000117,3,-8.19735
critic,complex_000472,complex_000117,4,-6.8612
critic,complex_000472,complex_000117,5,-6.19539
critic,complex_000472,complex_000117,6,-5.9742
critic,complex_000472,complex_000117,7,-8.28436
critic,complex_000472,complex_000117,8,-6.60096
critic,complex_000472,complex_000117,9,-8.35916
critic,complex_000472,complex_000117,10,-7.86875
critic,complex_000472,complex_000117,11,-5.94876
critic,complex_000472,complex_000117,12,-7.84271
critic,complex_000472,complex_000117,13,-8.7105
critic,complex_000472,complex_000117,14,-7.63423
critic,complex_000472,complex_000117,15,-6.9373
critic,complex_000472,complex_000117,16,-7.14637
critic,complex_000472,complex_000117,17,-5.00303
critic,complex_000472,complex_000117,18,-5.49643
critic,complex_000472,complex_000117,19,-7.37259
critic,complex_000472,complex_000535,0,-6.81178
critic,complex_000472,complex_000535,1,-9.20619
critic,complex_000472,complex_000535,2,-6.95356
critic,complex_000472,complex_000535,3,-8.08721
critic,complex_000472,complex_000535,4,-6.28392
critic,complex_000472,complex_000535,5,-4.95268
critic,complex_000472,complex_000535,6,-6.73352
critic,complex_000472,complex_000535,7,-9.32642
critic,complex_000472,complex_000535,8,-8.72914
critic,complex_000472,complex_000535,9,-8.66161
critic,complex_000472,complex_000535,10,-8.93138
critic,complex_000472,complex_000535,11,-6.72118
critic,complex_000472,complex_000535,12,-7.35604
critic,complex_000472,complex_000535,13,-9.73031
critic,complex_000472,complex_000535,14,-7.37696
critic,complex_000472,complex_000535,15,-6.27285
critic,complex_000472,complex_000535,16,-7.86872
critic,complex_000472,complex_000535,17,-5.64879
critic,complex_000472,complex_000535,18,-5.11986
critic,complex_000472,complex_000535,19,-6.66145
critic,complex_000472,complex_000177,0,-6.22487
critic,complex_000472,complex_000177,1,-9.23661
critic,complex_000472,complex_000177,2,-7.11306
critic,complex_000472,complex_000177,3,-8.79448
critic,complex_000472,complex_000177,4,-6.41445
critic,complex_000472,complex_000177,5,-5.54808
critic,complex_000472,complex_000177,6,-6.05584
critic,complex_000472,complex_000177,7,-7.81423
critic,complex_000472,complex_000177,8,-7.11364
critic,complex_000472,complex_000177,9,-7.42213
critic,complex_000472,complex_000177,10,-7.80279
critic,complex_000472,complex_000177,11,-7.16891
critic,complex_000472,complex_000177,12,-7.63785
critic,complex_000472,complex_000177,13,-9.22859
critic,complex_000472,complex_000177,14,-6.1958
critic,complex_000472,complex_000177,15,-7.20036
critic,complex_000472,complex_000177,16,-8.38384
critic,complex_000472,complex_000177,17,-5.28473
critic,complex_000472,complex_000177,18,-6.0663
critic,complex_000472,complex_000177,19,-7.14385
critic,complex_000506,complex_000170,0,-6.02571
critic,complex_000506,complex_000170,1,-6.18554
critic,complex_000506,complex_000170,2,-5.28329
critic,complex_000506,complex_000170,3,-8.99658
critic,complex_000506,complex_000170,4,-9.2812
critic,complex_000506,complex_000170,5,-7.42037
critic,complex_000506,complex_000170,6,-5.31395
critic,complex_000506,complex_000170,7,-8.49736
critic,complex_000506,complex_000170,8,-5.51928
critic,complex_000506,complex_000170,9,-9.00744
critic,complex_000506,complex_000170,10,-8.43224
critic,complex_000506,complex_000170,11,-5.8832
critic,complex_000506,complex_000170,12,-5.16671
critic,complex_000506,complex_000170,13,-8.75143
critic,complex_000506,complex_000170,14,-9.66431
critic,complex_000506,complex_000170,15,-5.81538
critic,complex_000506,complex_000170,16,-8.3252
critic,complex_000506,complex_000170,17,-8.96106
critic,complex_000506,complex_000170,18,-5.62477
critic,complex_000506,complex_000170,19,-8.51047
critic,complex_000506,complex_000506,0,-6.44631
critic,complex_000506,complex_000506,1,-4.35159
critic,complex_000506,complex_000506,2,-5.14978
critic,complex_000506,complex_000506,3,-6.59393
critic,complex_000506,complex_000506,4,-6.64056
critic,complex_000506,complex_000506,5,-6.58782
critic,complex_000506,complex_000506,6,-4.02797
critic,complex_000506,complex_000506,7,-6.0793
critic,complex_000506,complex_000506,8,-6.66752
critic,complex_000506,complex_000506,9,-5.59335
critic,complex_000506,complex_000506,10,-5.90197
critic,complex_000506,complex_000506,11,-4.102
critic,complex_000506,complex_000506,12,-5.29667
critic,complex_000506,complex_000506,13,-6.95011
critic,complex_000506,complex_000506,14,-5.90673
critic,complex_000506,complex_000506,15,-4.67527
critic,complex_000506,complex_000506,16,-7.70066
critic,complex_000506,complex_000506,17,-8.05453
critic,complex_000506,complex_000506,18,-6.06649
critic,complex_000506,complex_000506,19,-5.67601
critic,complex_000506,complex_000382,0,-5.68852
critic,complex_000506,complex_000382,1,-5.61987
critic,complex_000506,complex_000382,2,-4.88004
critic,complex_000506,complex_000382,3,-7.87205
critic,complex_000506,complex_000382,4,-8.64453
critic,complex_000506,complex_000382,5,-6.65038
critic,complex_000506,complex_000382,6,-4.87574
critic,complex_000506,complex_000382,7,-9.61441
critic,complex_000506,complex_000382,8,-5.47761
critic,complex_000506,complex_000382,9,-7.59966
critic,complex_000506,complex_000382,10,-8.32775
critic,complex_000506,complex_000382,11,-5.75276
critic,complex_000506,complex_000382,12,-5.43875
critic,complex_000506,complex_000382,13,-7.34482
critic,complex_000506,complex_000382,14,-8.55412
critic,complex_000506,complex_000382,15,-5.19101
critic,complex_000506,complex_000382,16,-7.15312
critic,complex_000506,complex_000382,17,-8.20372
critic,complex_000506,complex_000382,18,-5.07704
critic,complex_000506,complex_000382,19,-7.90388
critic,complex_000506,complex_000266,0,-5.28865
critic,complex_000506,complex_000266,1,-5.77381
critic,complex_000506,complex_000266,2,-4.84141
critic,complex_000506,complex_000266,3,-7.39374
critic,complex_000506,complex_000266,4,-7.6937
critic,complex_000506,complex_000266,5,-6.2113
critic,complex_000506,complex_000266,6,-5.07276
critic,complex_000506,complex_000266,7,-8.65131
critic,complex_000506,complex_000266,8,-6.3743
critic,complex_000506,complex_000266,9,-7.72364
critic,complex_000506,complex_000266,10,-7.29369
critic,complex_000506,complex_000266,11,-5.86443
critic,complex_000506,complex_000266,12,-5.52412
critic,complex_000506,complex_000266,13,-7.69918
critic,complex_000506,complex_000266,14,-7.73412
critic,complex_000506,complex_000266,15,-5.30721
critic,complex_000506,complex_000266,16,-6.94692
critic,complex_000506,complex_000266,17,-7.87497
critic,complex_000506,complex_000266,18,-5.08796
critic,complex_000506,complex_000266,19,-7.31649
critic,complex_000477,complex_000477,0,-8.521
critic,complex_000477,complex_000477,1,-6.69387
critic,complex_000477,complex_000477,2,-5.58177
critic,complex_000477,complex_000477,3,-5.04599
critic,complex_000477,complex_000477,4,-5.91341
critic,complex_000477,complex_000477,5,-6.46044
critic,complex_000477,complex_000477,6,-5.06828
critic,complex_000477,complex_000477,7,-5.54034
critic,complex_000477,complex_000477,8,-4.58474
critic,complex_000477,complex_000477,9,-7.85382
critic,complex_000477,complex_000477,10,-7.48121
critic,complex_000477,complex_000477,11,-5.52623
critic,complex_000477,complex_000477,12,-8.19569
critic,complex_000477,complex_000477,13,-6.24923
critic,complex_000477,complex_000477,14,-5.2696
critic,complex_000477,complex_000477,15,-5.41942
critic,complex_000477,complex_000477,16,-5.05523
critic,complex_000477,complex_000477,17,-8.5248
critic,complex_000477,complex_000477,18,-7.9719
critic,complex_000477,complex_000477,19,-6.70049
critic,complex_000473,complex_000473,0,-6.04053
critic,complex_000473,complex_000473,1,-7.7851
critic,complex_000473,complex_000473,2,-4.32295
critic,complex_000473,complex_000473,3,-6.51355
critic,complex_000473,complex_000473,4,-7.88629
critic,complex_000473,complex_000473,5,-6.18803
critic,complex_000473,complex_000473,6,-7.1874
critic,complex_000473,complex_000473,7,-6.0353
critic,complex_000473,complex_000473,8,-6.21043
critic,complex_000473,complex_000473,9,-5.56805
critic,complex_000473,complex_000473,10,-6.83826
critic,complex_000473,complex_000473,11,-7.35525
critic,complex_000473,complex_000473,12,-7.24157
critic,complex_000473,complex_000473,13,-7.89761
critic,complex_000473,complex_000473,14,-8.42563
critic,complex_000473,complex_000473,15,-7.7204
critic,complex_000473,complex_000473,16,-6.62212
critic,complex_000473,complex_000473,17,-7.12426
critic,complex_000473,complex_000473,18,-8.6007
critic,complex_000473,complex_000473,19,-7.98965
critic,complex_000473,complex_000506,0,-5.44898
critic,complex_000473,complex_000506,1,-7.90021
critic,complex_000473,complex_000506,2,-4.81466
critic,complex_000473,complex_000506,3,-5.90675
critic,complex_000473,complex_000506,4,-6.45988
critic,complex_000473,complex_000506,5,-6.50334
critic,complex_000473,complex_000506,6,-6.06337
critic,complex_000473,complex_000506,7,-5.02678
critic,complex_000473,complex_000506,8,-6.05579
critic,complex_000473,complex_000506,9,-6.02456
critic,complex_000473,complex_000506,10,-7.59942
critic,complex_000473,complex_000506,11,-7.42218
critic,complex_000473,complex_000506,12,-7.72117
critic,complex_000473,complex_000506,13,-7.13008
critic,complex_000473,complex_000506,14,-7.82599
critic,complex_000473,complex_000506,15,-7.94945
critic,complex_000473,complex_000506,16,-6.65192
critic,complex_000473,complex_000506,17,-6.41051
critic,complex_000473,complex_000506,18,-6.21772
critic,complex_000473,complex_000506,19,-7.32025
critic,complex_000473,complex_000363,0,-7.02739
critic,complex_000473,complex_000363,1,-8.88731
critic,complex_000473,complex_000363,2,-5.6489
critic,complex_000473,complex_000363,3,-6.98533
critic,complex_000473,complex_000363,4,-8.64672
critic,complex_000473,complex_000363,5,-7.55287
critic,complex_000473,complex_000363,6,-7.79608
critic,complex_000473,complex_000363,7,-6.90391
critic,complex_000473,complex_000363,8,-8.51616
critic,complex_000473,complex_000363,9,-7.093
critic,complex_000473,complex_000363,10,-8.09816
critic,complex_000473,complex_000363,11,-9.92919
critic,complex_000473,complex_000363,12,-10.17978
critic,complex_000473,complex_000363,13,-8.02176
critic,complex_000473,complex_000363,14,-10.4781
critic,complex_000473,complex_000363,15,-7.55109
critic,complex_000473,complex_000363,16,-7.89152
critic,complex_000473,complex_000363,17,-6.86239
critic,complex_000473,complex_000363,18,-6.41244
critic,complex_000473,complex_000363,19,-7.21789
critic,complex_000473,complex_000170,0,-8.30922
critic,complex_000473,complex_000170,1,-6.19069
critic,complex_000473,complex_000170,2,-5.11391
critic,complex_000473,complex_000170,3,-8.65114
critic,complex_000473,complex_000170,4,-7.05015
critic,complex_000473,complex_000170,5,-8.90237
critic,complex_000473,complex_000170,6,-8.35257
critic,complex_000473,complex_000170,7,-6.89119
critic,complex_000473,complex_000170,8,-5.33312
critic,complex_000473,complex_000170,9,-7.65233
critic,complex_000473,complex_000170,10,-6.90732
critic,complex_000473,complex_000170,11,-8.89159
critic,complex_000473,complex_000170,12,-8.78669
critic,complex_000473,complex_000170,13,1.97616
critic,complex_000473,complex_000170,14,-5.33314
critic,complex_000473,complex_000170,15,-6.06011
critic,complex_000473,complex_000170,16,-8.08536
critic,complex_000473,complex_000170,17,-3.633
critic,complex_000473,complex_000170,18,-7.16107
critic,complex_000473,complex_000170,19,-0.77362
critic,complex_000477,complex_000506,0,-6.44331
critic,complex_000477,complex_000506,1,-6.37914
critic,complex_000477,complex_000506,2,-5.93379
critic,complex_000477,complex_000506,3,-4.94842
critic,complex_000477,complex_000506,4,-6.14421
critic,complex_000477,complex_000506,5,-6.75987
critic,complex_000477,complex_000506,6,-3.97514
critic,complex_000477,complex_000506,7,-5.78291
critic,complex_000477,complex_000506,8,-4.72424
critic,complex_000477,complex_000506,9,-7.37565
critic,complex_000477,complex_000506,10,-6.22534
critic,complex_000477,complex_000506,11,-4.96251
critic,complex_000477,complex_000506,12,-7.39664
critic,complex_000477,complex_000506,13,-5.64791
critic,complex_000477,complex_000506,14,-6.42654
critic,complex_000477,complex_000506,15,-5.37846
critic,complex_000477,complex_000506,16,-4.80129
critic,complex_000477,complex_000506,17,-7.34954
critic,complex_000477,complex_000506,18,-6.509
critic,complex_000477,complex_000506,19,-5.51814
critic,complex_000477,complex_000051,0,-8.28478
critic,complex_000477,complex_000051,1,-7.35792
critic,complex_000477,complex_000051,2,-6.11408
critic,complex_000477,complex_000051,3,-5.93787
critic,complex_000477,complex_000051,4,-6.78915
critic,complex_000477,complex_000051,5,-7.62021
critic,complex_000477,complex_000051,6,-5.0748
critic,complex_000477,complex_000051,7,-5.44307
critic,complex_000477,complex_000051,8,-5.53133
critic,complex_000477,complex_000051,9,-8.08676
critic,complex_000477,complex_000051,10,-7.58023
critic,complex_000477,complex_000051,11,-6.2471
critic,complex_000477,complex_000051,12,-8.61466
critic,complex_000477,complex_000051,13,-6.42018
critic,complex_000477,complex_000051,14,-5.60964
critic,complex_000477,complex_000051,15,-5.88153
critic,complex_000477,complex_000051,16,-5.36282
critic,complex_000477,complex_000051,17,-7.41104
critic,complex_000477,complex_000051,18,-8.97612
critic,complex_000477,complex_000051,19,-6.44196
critic,complex_000477,complex_000165,0,-6.8907
critic,complex_000477,complex_000165,1,-6.51394
critic,complex_000477,complex_000165,2,-5.18019
critic,complex_000477,complex_000165,3,-6.03493
critic,complex_000477,complex_000165,4,-5.42862
critic,complex_000477,complex_000165,5,-4.40639
critic,complex_000477,complex_000165,6,-6.09876
critic,complex_000477,complex_000165,7,-7.37077
critic,complex_000477,complex_000165,8,-6.55101
critic,complex_000477,complex_000165,9,-4.03751
critic,complex_000477,complex_000165,10,-4.95172
critic,complex_000477,complex_000165,11,-6.79383
critic,complex_000477,complex_000165,12,-5.1617
critic,complex_000477,complex_000165,13,-5.5181
critic,complex_000477,complex_000165,14,-7.2776
critic,complex_000477,complex_000165,15,-6.13848
critic,complex_000477,complex_000165,16,-6.04124
critic,complex_000477,complex_000165,17,-5.02839
critic,complex_000477,complex_000165,18,-6.32859
critic,complex_000477,complex_000165,19,-7.33205
critic,complex_000535,complex_000026,0,-6.04576
critic,complex_000535,complex_000026,1,-7.44513
critic,complex_000535,complex_000026,2,-5.57195
critic,complex_000535,complex_000026,3,-6.23542
critic,complex_000535,complex_000026,4,-8.12591
critic,complex_000535,complex_000026,5,-8.38517
critic,complex_000535,complex_000026,6,-4.23417
critic,complex_000535,complex_000026,7,-8.23272
critic,complex_000535,complex_000026,8,-7.23945
critic,complex_000535,complex_000026,9,-7.10726
critic,complex_000535,complex_000026,10,-7.79164
critic,complex_000535,complex_000026,11,-6.31664
critic,complex_000535,complex_000026,12,-8.059
critic,complex_000535,complex_000026,13,-5.38493
critic,complex_000535,complex_000026,14,-6.77696
critic,complex_000535,complex_000026,15,-7.13764
critic,complex_000535,complex_000026,16,-6.05177
critic,complex_000535,complex_000026,17,-8.23188
critic,complex_000535,complex_000026,18,-9.0329
critic,complex_000535,complex_000026,19,-8.05987
critic,complex_000535,complex_000535,0,-6.82488
critic,complex_000535,complex_000535,1,-8.35846
critic,complex_000535,complex_000535,2,-5.69288
critic,complex_000535,complex_000535,3,-6.36078
critic,complex_000535,complex_000535,4,-9.17566
critic,complex_000535,complex_000535,5,-8.07853
critic,complex_000535,complex_000535,6,-4.12134
critic,complex_000535,complex_000535,7,-8.26504
critic,complex_000535,complex_000535,8,-7.31436
critic,complex_000535,complex_000535,9,-7.93675
critic,complex_000535,complex_000535,10,-8.79676
critic,complex_000535,complex_000535,11,-6.85617
critic,complex_000535,complex_000535,12,-9.26775
critic,complex_000535,complex_000535,13,-5.60017
critic,complex_000535,complex_000535,14,-7.17569
critic,complex_000535,complex_000535,15,-6.11922
critic,complex_000535,complex_000535,16,-6.42774
critic,complex_000535,complex_000535,17,-7.40308
critic,complex_000535,complex_000535,18,-9.81676
critic,complex_000535,complex_000535,19,-9.45554
critic,complex_000535,complex_000473,0,-5.39382
critic,complex_000535,complex_000473,1,-6.05729
critic,complex_000535,complex_000473,2,-4.63022
critic,complex_000535,complex_000473,3,-5.62922
critic,complex_000535,complex_000473,4,-7.19763
critic,complex_000535,complex_000473,5,-7.1926
critic,complex_000535,complex_000473,6,-4.11296
critic,complex_000535,complex_000473,7,-8.50645
critic,complex_000535,complex_000473,8,-6.98758
critic,complex_000535,complex_000473,9,-6.96769
critic,complex_000535,complex_000473,10,-7.45282
critic,complex_000535,complex_000473,11,-5.43384
critic,complex_000535,complex_000473,12,-7.28323
critic,complex_000535,complex_000473,13,-4.42029
critic,complex_000535,complex_000473,14,-6.44949
critic,complex_000535,complex_000473,15,-7.12357
critic,complex_000535,complex_000473,16,-5.09147
critic,complex_000535,complex_000473,17,-7.91144
critic,complex_000535,complex_000473,18,-7.43714
critic,complex_000535,complex_000473,19,-6.74491
critic,complex_000535,complex_000269,0,-6.33106
critic,complex_000535,complex_000269,1,-7.74246
critic,complex_000535,complex_000269,2,-5.35545
critic,complex_000535,complex_000269,3,-5.97471
critic,complex_000535,complex_000269,4,-7.33407
critic,complex_000535,complex_000269,5,-7.16894
critic,complex_000535,complex_000269,6,-3.88704
critic,complex_000535,complex_000269,7,-7.14073
critic,complex_000535,complex_000269,8,-6.78573
critic,complex_000535,complex_000269,9,-6.39791
critic,complex_000535,complex_000269,10,-6.70547
critic,complex_000535,complex_000269,11,-5.90817
critic,complex_000535,complex_000269,12,-7.85565
critic,complex_000535,complex_000269,13,-5.27726
critic,complex_000535,complex_000269,14,-6.50447
critic,complex_000535,complex_000269,15,-6.12265
critic,complex_000535,complex_000269,16,-5.66117
critic,complex_000535,complex_000269,17,-6.97257
critic,complex_000535,complex_000269,18,-7.68888
critic,complex_000535,complex_000269,19,-7.32626
critic,complex_000540,complex_000472,0,-9.67739
critic,complex_000540,complex_000472,1,-6.34293
critic,complex_000540,complex_000472,2,-8.15859
critic,complex_000540,complex_000472,3,-9.91218
critic,complex_000540,complex_000472,4,-8.21745
critic,complex_000540,complex_000472,5,-9.04836
critic,complex_000540,complex_000472,6,-11.34292
critic,complex_000540,complex_000472,7,-7.98686
critic,complex_000540,complex_000472,8,-6.6619
critic,complex_000540,complex_000472,9,-5.97327
critic,complex_000540,complex_000472,10,-9.88678
critic,complex_000540,complex_000472,11,-9.85791
critic,complex_000540,complex_000472,12,-9.31501
critic,complex_000540,complex_000472,13,-8.79601
critic,complex_000540,complex_000472,14,-7.19317
critic,complex_000540,complex_000472,15,-9.08029
critic,complex_000540,complex_000472,16,-7.79442
critic,complex_000540,complex_000472,17,-11.16632
critic,complex_000540,complex_000472,18,-11.01031
critic,complex_000540,complex_000472,19,-8.94962
critic,complex_000540,complex_000540,0,-8.99449
critic,complex_000540,complex_000540,1,-6.88385
critic,complex_000540,complex_000540,2,-8.31179
critic,complex_000540,complex_000540,3,-8.72608
critic,complex_000540,complex_000540,4,-7.24461
critic,complex_000540,complex_000540,5,-8.29753
critic,complex_000540,complex_000540,6,-9.01217
critic,complex_000540,complex_000540,7,-8.1578
critic,complex_000540,complex_000540,8,-6.34577
critic,complex_000540,complex_000540,9,-5.50416
critic,complex_000540,complex_000540,10,-9.7265
critic,complex_000540,complex_000540,11,-9.05032
critic,complex_000540,complex_000540,12,-8.01762
critic,complex_000540,complex_000540,13,-9.22416
critic,complex_000540,complex_000540,14,-7.18007
critic,complex_000540,complex_000540,15,-9.40445
critic,complex_000540,complex_000540,16,-7.66325
critic,complex_000540,complex_000540,17,-11.06115
critic,complex_000540,complex_000540,18,-9.99323
critic,complex_000540,complex_000540,19,-7.90763
critic,complex_000540,complex_000335,0,-6.64525
critic,complex_000540,complex_000335,1,-5.58333
critic,complex_000540,complex_000335,2,-5.75719
critic,complex_000540,complex_000335,3,-6.15984
critic,complex_000540,complex_000335,4,-6.07351
critic,complex_000540,complex_000335,5,-6.82729
critic,complex_000540,complex_000335,6,-7.61921
critic,complex_000540,complex_000335,7,-6.54957
critic,complex_000540,complex_000335,8,-5.03623
critic,complex_000540,complex_000335,9,-4.84284
critic,complex_000540,complex_000335,10,-7.40367
critic,complex_000540,complex_000335,11,-7.33073
critic,complex_000540,complex_000335,12,-6.5401
critic,complex_000540,complex_000335,13,-6.81592
critic,complex_000540,complex_000335,14,-6.08746
critic,complex_000540,complex_000335,15,-6.50492
critic,complex_000540,complex_000335,16,-6.04693
critic,complex_000540,complex_000335,17,-7.98698
critic,complex_000540,complex_000335,18,-8.53568
critic,complex_000540,complex_000335,19,-6.68964
critic,complex_000540,complex_000112,0,-6.46739
critic,complex_000540,complex_000112,1,-5.90335
critic,complex_000540,complex_000112,2,-6.67694
critic,complex_000540,complex_000112,3,-7.28782
critic,complex_000540,complex_000112,4,-6.01033
critic,complex_000540,complex_000112,5,-7.04708
critic,complex_000540,complex_000112,6,-8.57391
critic,complex_000540,complex_000112,7,-6.71095
critic,complex_000540,complex_000112,8,-5.9634
critic,complex_000540,complex_000112,9,-5.37382
critic,complex_000540,complex_000112,10,-8.10161
critic,complex_000540,complex_000112,11,-7.61059
critic,complex_000540,complex_000112,12,-6.52972
critic,complex_000540,complex_000112,13,-7.45408
critic,complex_000540,complex_000112,14,-6.34991
critic,complex_000540,complex_000112,15,-7.82939
critic,complex_000540,complex_000112,16,-7.80989
critic,complex_000540,complex_000112,17,-9.15428
critic,complex_000540,complex_000112,18,-9.53975
critic,complex_000540,complex_000112,19,-7.64091
control,complex_000051,complex_000266,0,-9.66588
control,complex_000051,complex_000266,1,-8.35296
control,complex_000051,complex_000266,2,-5.95607
control,complex_000051,complex_000266,3,-7.46638
control,complex_000051,complex_000266,4,-7.85397
control,complex_000051,complex_000266,5,-7.36816
control,complex_000051,complex_000266,6,-9.34295
control,complex_000051,complex_000266,7,-6.97956
control,complex_000051,complex_000266,8,-8.58174
control,complex_000051,complex_000266,9,-7.67119
control,complex_000051,complex_000266,10,-6.3041
control,complex_000051,complex_000266,11,-7.26545
control,complex_000051,complex_000266,12,-7.09381
control,complex_000051,complex_000266,13,-8.6034
control,complex_000051,complex_000266,14,-9.41795
control,complex_000051,complex_000266,15,-6.50601
control,complex_000051,complex_000266,16,-9.13427
control,complex_000051,complex_000266,17,-9.44345
control,complex_000051,complex_000266,18,-7.27035
control,complex_000051,complex_000266,19,-8.10297
control,complex_000051,complex_000387,0,-10.35656
control,complex_000051,complex_000387,1,-9.00281
control,complex_000051,complex_000387,2,-7.06676
control,complex_000051,complex_000387,3,-7.73552
control,complex_000051,complex_000387,4,-8.86177
control,complex_000051,complex_000387,5,-8.05374
control,complex_000051,complex_000387,6,-10.64047
control,complex_000051,complex_000387,7,-9.07605
control,complex_000051,complex_000387,8,-9.93677
control,complex_000051,complex_000387,9,-9.03485
control,complex_000051,complex_000387,10,-7.56746
control,complex_000051,complex_000387,11,-7.14427
control,complex_000051,complex_000387,12,-7.24864
control,complex_000051,complex_000387,13,-8.21802
control,complex_000051,complex_000387,14,-9.99309
control,complex_000051,complex_000387,15,-5.6978
control,complex_000051,complex_000387,16,-9.03922
control,complex_000051,complex_000387,17,-9.62518
control,complex_000051,complex_000387,18,-8.44382
control,complex_000051,complex_000387,19,-8.44146
control,complex_000026,complex_000148,0,-6.72134
control,complex_000026,complex_000148,1,-7.60768
control,complex_000026,complex_000148,2,-7.77286
control,complex_000026,complex_000148,3,-8.71268
control,complex_000026,complex_000148,4,-8.62473
control,complex_000026,complex_000148,5,-8.00853
control,complex_000026,complex_000148,6,-8.06876
control,complex_000026,complex_000148,7,-4.70506
control,complex_000026,complex_000148,8,-7.1506
control,complex_000026,complex_000148,9,-6.56853
control,complex_000026,complex_000148,10,-5.71416
control,complex_000026,complex_000148,11,-6.86581
control,complex_000026,complex_000148,12,-5.72371
control,complex_000026,complex_000148,13,-11.45556
control,complex_000026,complex_000148,14,-5.52796
control,complex_000026,complex_000148,15,-8.53031
control,complex_000026,complex_000148,16,-6.98503
control,complex_000026,complex_000148,17,-6.7655
control,complex_000026,complex_000148,18,-8.04745
control,complex_000026,complex_000148,19,-6.76327
control,complex_000001,complex_000001,0,-8.79105
control,complex_000001,complex_000001,1,-6.47897
control,complex_000001,complex_000001,2,-8.046
control,complex_000001,complex_000001,3,-8.62679
control,complex_000001,complex_000001,4,-7.98251
control,complex_000001,complex_000001,5,-8.24428
control,complex_000001,complex_000001,6,-6.45164
control,complex_000001,complex_000001,7,-9.17436
control,complex_000001,complex_000001,8,-8.98907
control,complex_000001,complex_000001,9,-9.06327
control,complex_000001,complex_000001,10,-6.47101
control,complex_000001,complex_000001,11,-7.29043
control,complex_000001,complex_000001,12,-7.95907
control,complex_000001,complex_000001,13,-7.60084
control,complex_000001,complex_000001,14,-8.80181
control,complex_000001,complex_000001,15,-8.93045
control,complex_000001,complex_000001,16,-9.2532
control,complex_000001,complex_000001,17,-7.9313
control,complex_000001,complex_000001,18,-7.76727
control,complex_000001,complex_000001,19,-6.74973
control,complex_000026,complex_000426,0,-7.19511
control,complex_000026,complex_000426,1,-7.76634
control,complex_000026,complex_000426,2,-7.96364
control,complex_000026,complex_000426,3,-8.64593
control,complex_000026,complex_000426,4,-8.58715
control,complex_000026,complex_000426,5,-7.67783
control,complex_000026,complex_000426,6,-9.01156
control,complex_000026,complex_000426,7,-5.09404
control,complex_000026,complex_000426,8,-7.75884
control,complex_000026,complex_000426,9,-7.23318
control,complex_000026,complex_000426,10,-5.98754
control,complex_000026,complex_000426,11,-7.84663
control,complex_000026,complex_000426,12,-6.01617
control,complex_000026,complex_000426,13,-10.13897
control,complex_000026,complex_000426,14,-6.09198
control,complex_000026,complex_000426,15,-9.90675
control,complex_000026,complex_000426,16,-8.23213
control,complex_000026,complex_000426,17,-7.49447
control,complex_000026,complex_000426,18,-9.49434
control,complex_000026,complex_000426,19,-6.7828
control,complex_000001,complex_000456,0,-8.3252
control,complex_000001,complex_000456,1,-6.33847
control,complex_000001,complex_000456,2,-8.84395
control,complex_000001,complex_000456,3,-7.24213
control,complex_000001,complex_000456,4,-7.88906
control,complex_000001,complex_000456,5,-8.12787
control,complex_000001,complex_000456,6,-5.4701
control,complex_000001,complex_000456,7,-9.16951
control,complex_000001,complex_000456,8,-7.96416
control,complex_000001,complex_000456,9,-8.52743
control,complex_000001,complex_000456,10,-6.47397
control,complex_000001,complex_000456,11,-7.68385
control,complex_000001,complex_000456,12,-7.19167
control,complex_000001,complex_000456,13,-8.13803
control,complex_000001,complex_000456,14,-8.31015
control,complex_000001,complex_000456,15,-7.60904
control,complex_000001,complex_000456,16,-8.13872
control,complex_000001,complex_000456,17,-7.6965
control,complex_000001,complex_000456,18,-7.2822
control,complex_000001,complex_000456,19,-7.10818
control,complex_000026,complex_000382,0,-8.2972
control,complex_000026,complex_000382,1,-7.31456
control,complex_000026,complex_000382,2,-9.25786
control,complex_000026,complex_000382,3,-9.39253
control,complex_000026,complex_000382,4,-9.77305
control,complex_000026,complex_000382,5,-9.06597
control,complex_000026,complex_000382,6,-9.89132
control,complex_000026,complex_000382,7,-5.58029
control,complex_000026,complex_000382,8,-8.55819
control,complex_000026,complex_000382,9,-8.09603
control,complex_000026,complex_000382,10,-6.67036
control,complex_000026,complex_000382,11,-8.42558
control,complex_000026,complex_000382,12,-7.03488
control,complex_000026,complex_000382,13,-8.81021
control,complex_000026,complex_000382,14,-6.38574
control,complex_000026,complex_000382,15,-10.61601
control,complex_000026,complex_000382,16,-9.70162
control,complex_000026,complex_000382,17,-9.0446
control,complex_000026,complex_000382,18,-10.01651
control,complex_000026,complex_000382,19,-7.71754
control,complex_000001,complex_000292,0,-7.63042
control,complex_000001,complex_000292,1,-5.94666
control,complex_000001,complex_000292,2,-7.42077
control,complex_000001,complex_000292,3,-6.4482
control,complex_000001,complex_000292,4,-6.65611
control,complex_000001,complex_000292,5,-7.09
control,complex_000001,complex_000292,6,-5.14727
control,complex_000001,complex_000292,7,-8.19541
control,complex_000001,complex_000292,8,-6.8754
control,complex_000001,complex_000292,9,-7.08197
control,complex_000001,complex_000292,10,-6.55951
control,complex_000001,complex_000292,11,-6.59747
control,complex_000001,complex_000292,12,-5.95786
control,complex_000001,complex_000292,13,-6.8443
control,complex_000001,complex_000292,14,-7.11187
control,complex_000001,complex_000292,15,-7.57785
control,complex_000001,complex_000292,16,-7.8605
control,complex_000001,complex_000292,17,-6.46371
control,complex_000001,complex_000292,18,-6.02007
control,complex_000001,complex_000292,19,-6.45009
control,complex_000051,complex_000051,0,-10.49316
control,complex_000051,complex_000051,1,-9.18317
control,complex_000051,complex_000051,2,-5.66871
control,complex_000051,complex_000051,3,-6.98372
control,complex_000051,complex_000051,4,-7.93793
control,complex_000051,complex_000051,5,-7.24376
control,complex_000051,complex_000051,6,-9.83921
control,complex_000051,complex_000051,7,-7.5696
control,complex_000051,complex_000051,8,-8.76893
control,complex_000051,complex_000051,9,-7.65201
control,complex_000051,complex_000051,10,-6.48191
control,complex_000051,complex_000051,11,-6.69464
control,complex_000051,complex_000051,12,-6.62585
control,complex_000051,complex_000051,13,-8.86588
control,complex_000051,complex_000051,14,-7.64634
control,complex_000051,complex_000051,15,-6.34243
control,complex_000051,complex_000051,16,-9.13743
control,complex_000051,complex_000051,17,-8.58082
control,complex_000051,complex_000051,18,-7.20039
control,complex_000051,complex_000051,19,-8.49888
control,complex_000051,complex_000117,0,-8.84458
control,complex_000051,complex_000117,1,-8.7207
control,complex_000051,complex_000117,2,-6.13995
control,complex_000051,complex_000117,3,-7.63319
control,complex_000051,complex_000117,4,-8.42757
control,complex_000051,complex_000117,5,-7.02545
control,complex_000051,complex_000117,6,-7.85858
control,complex_000051,complex_000117,7,-8.23293
control,complex_000051,complex_000117,8,-8.27328
control,complex_000051,complex_000117,9,-7.74946
control,complex_000051,complex_000117,10,-6.81198
control,complex_000051,complex_000117,11,-6.87527
control,complex_000051,complex_000117,12,-6.99924
control,complex_000051,complex_000117,13,-8.49879
control,complex_000051,complex_000117,14,-9.27849
control,complex_000051,complex_000117,15,-6.3837
control,complex_000051,complex_000117,16,-9.38776
control,complex_000051,complex_000117,17,-8.16293
control,complex_000051,complex_000117,18,-7.24218
control,complex_000051,complex_000117,19,-7.05532
control,complex_000001,complex_000191,0,-6.82753
control,complex_000001,complex_000191,1,-5.04223
control,complex_000001,complex_000191,2,-6.50568
control,complex_000001,complex_000191,3,-5.58692
control,complex_000001,complex_000191,4,-6.98248
control,complex_000001,complex_000191,5,-7.11012
control,complex_000001,complex_000191,6,-5.17082
control,complex_000001,complex_000191,7,-7.04721
control,complex_000001,complex_000191,8,-6.12415
control,complex_000001,complex_000191,9,-6.22025
control,complex_000001,complex_000191,10,-6.57457
control,complex_000001,complex_000191,11,-4.93238
control,complex_000001,complex_000191,12,-5.37251
control,complex_000001,complex_000191,13,-6.43724
control,complex_000001,complex_000191,14,-7.66804
control,complex_000001,complex_000191,15,-5.52593
control,complex_000001,complex_000191,16,-6.00976
control,complex_000001,complex_000191,17,-5.96983
control,complex_000001,complex_000191,18,-5.97349
control,complex_000001,complex_000191,19,-5.4646
control,complex_000026,complex_000026,0,-6.70361
control,complex_000026,complex_000026,1,-8.24696
control,complex_000026,complex_000026,2,-8.77588
control,complex_000026,complex_000026,3,-8.66976
control,complex_000026,complex_000026,4,-7.6551
control,complex_000026,complex_000026,5,-9.33415
control,complex_000026,complex_000026,6,-8.49349
control,complex_000026,complex_000026,7,-5.59486
control,complex_000026,complex_000026,8,-6.88339
control,complex_000026,complex_000026,9,-7.18534
control,complex_000026,complex_000026,10,-6.58522
control,complex_000026,complex_000026,11,-6.62821
control,complex_000026,complex_000026,12,-6.71899
control,complex_000026,complex_000026,13,-10.11998
control,complex_000026,complex_000026,14,-6.12364
control,complex_000026,complex_000026,15,-10.33743
control,complex_000026,complex_000026,16,-8.18081
control,complex_000026,complex_000026,17,-7.1991
control,complex_000026,complex_000026,18,-8.32602
control,complex_000026,complex_000026,19,-7.1566
control,complex_000059,complex_000059,0,-9.27813
control,complex_000059,complex_000059,1,-7.48426
control,complex_000059,complex_000059,2,-9.96141
control,complex_000059,complex_000059,3,-9.7561
control,complex_000059,complex_000059,4,-7.82234
control,complex_000059,complex_000059,5,-9.91339
control,complex_000059,complex_000059,6,-8.00536
control,complex_000059,complex_000059,7,-8.54199
control,complex_000059,complex_000059,8,-9.06036
control,complex_000059,complex_000059,9,-7.93181
control,complex_000059,complex_000059,10,-5.91021
control,complex_000059,complex_000059,11,-6.85436
control,complex_000059,complex_000059,12,-6.20067
control,complex_000059,complex_000059,13,-8.52626
control,complex_000059,complex_000059,14,-9.06587
control,complex_000059,complex_000059,15,-10.05873
control,complex_000059,complex_000059,16,-7.25475
control,complex_000059,complex_000059,17,-9.66385
control,complex_000059,complex_000059,18,-10.6978
control,complex_000059,complex_000059,19,-10.20871
control,complex_000069,complex_000069,0,-4.98935
control,complex_000069,complex_000069,1,-7.56165
control,complex_000069,complex_000069,2,-10.1685
control,complex_000069,complex_000069,3,-6.06054
control,complex_000069,complex_000069,4,-9.55381
control,complex_000069,complex_000069,5,-6.91507
control,complex_000069,complex_000069,6,-8.42448
control,complex_000069,complex_000069,7,-8.10184
control,complex_000069,complex_000069,8,-7.40147
control,complex_000069,complex_000069,9,-8.75944
control,complex_000069,complex_000069,10,-10.29932
control,complex_000069,complex_000069,11,-8.57332
control,complex_000069,complex_000069,12,-10.57239
control,complex_000069,complex_000069,13,-5.1698
control,complex_000069,complex_000069,14,-8.85924
control,complex_000069,complex_000069,15,-8.67259
control,complex_000069,complex_000069,16,-9.13214
control,complex_000069,complex_000069,17,-5.86664
control,complex_000069,complex_000069,18,-9.08886
control,complex_000069,complex_000069,19,-8.70394
control,complex_000069,complex_000063,0,-4.71541
control,complex_000069,complex_000063,1,-7.09588
control,complex_000069,complex_000063,2,-8.5323
control,complex_000069,complex_000063,3,-5.59357
control,complex_000069,complex_000063,4,-8.34637
control,complex_000069,complex_000063,5,-6.40088
control,complex_000069,complex_000063,6,-7.1906
control,complex_000069,complex_000063,7,-7.76765
control,complex_000069,complex_000063,8,-7.18205
control,complex_000069,complex_000063,9,-7.91287
control,complex_000069,complex_000063,10,-8.87528
control,complex_000069,complex_000063,11,-7.76028
control,complex_000069,complex_000063,12,-9.12273
control,complex_000069,complex_000063,13,-4.21864
control,complex_000069,complex_000063,14,-7.47549
control,complex_000069,complex_000063,15,-8.95702
control,complex_000069,complex_000063,16,-9.18686
control,complex_000069,complex_000063,17,-5.74441
control,complex_000069,complex_000063,18,-8.0758
control,complex_000069,complex_000063,19,-7.38175
control,complex_000069,complex_000001,0,-4.6128
control,complex_000069,complex_000001,1,-7.6003
control,complex_000069,complex_000001,2,-9.01835
control,complex_000069,complex_000001,3,-5.73043
control,complex_000069,complex_000001,4,-8.50015
control,complex_000069,complex_000001,5,-5.87821
control,complex_000069,complex_000001,6,-6.32355
control,complex_000069,complex_000001,7,-6.74455
control,complex_000069,complex_000001,8,-6.78716
control,complex_000069,complex_000001,9,-7.83159
control,complex_000069,complex_000001,10,-10.24295
control,complex_000069,complex_000001,11,-8.00289
control,complex_000069,complex_000001,12,-10.48319
control,complex_000069,complex_000001,13,-4.75246
control,complex_000069,complex_000001,14,-8.11278
control,complex_000069,complex_000001,15,-8.36525
control,complex_000069,complex_000001,16,-9.12906
control,complex_000069,complex_000001,17,-6.02488
control,complex_000069,complex_000001,18,-7.81785
control,complex_000069,complex_000001,19,-7.26357
control,complex_000059,complex_000149,0,-8.70147
control,complex_000059,complex_000149,1,-8.14313
control,complex_000059,complex_000149,2,-9.02704
control,complex_000059,complex_000149,3,-8.08973
control,complex_000059,complex_000149,4,-8.34323
control,complex_000059,complex_000149,5,-9.24226
control,complex_000059,complex_000149,6,-8.75827
control,complex_000059,complex_000149,7,-8.55191
control,complex_000059,complex_000149,8,-8.24485
control,complex_000059,complex_000149,9,-8.2558
control,complex_000059,complex_000149,10,-5.72045
control,complex_000059,complex_000149,11,-7.80341
control,complex_000059,complex_000149,12,-6.27313
control,complex_000059,complex_000149,13,-7.39716
control,complex_000059,complex_000149,14,-8.16205
control,complex_000059,complex_000149,15,-8.19278
control,complex_000059,complex_000149,16,-8.08706
control,complex_000059,complex_000149,17,-9.03987
control,complex_000059,complex_000149,18,-8.20611
control,complex_000059,complex_000149,19,-8.96688
control,complex_000069,complex_000177,0,-5.45981
control,complex_000069,complex_000177,1,-6.22065
control,complex_000069,complex_000177,2,-9.33272
control,complex_000069,complex_000177,3,-5.22757
control,complex_000069,complex_000177,4,-8.75604
control,complex_000069,complex_000177,5,-6.00642
control,complex_000069,complex_000177,6,-7.22042
control,complex_000069,complex_000177,7,-6.42161
control,complex_000069,complex_000177,8,-7.05321
control,complex_000069,complex_000177,9,-7.23882
control,complex_000069,complex_000177,10,-10.06712
control,complex_000069,complex_000177,11,-7.59302
control,complex_000069,complex_000177,12,-8.19426
control,complex_000069,complex_000177,13,-5.05329
control,complex_000069,complex_000177,14,-7.82945
control,complex_000069,complex_000177,15,-7.96647
control,complex_000069,complex_000177,16,-8.22736
control,complex_000069,complex_000177,17,-6.01807
control,complex_000069,complex_000177,18,-7.92485
control,complex_000069,complex_000177,19,-6.9685
control,complex_000063,complex_000063,0,-5.19403
control,complex_000063,complex_000063,1,-6.76914
control,complex_000063,complex_000063,2,-7.00405
control,complex_000063,complex_000063,3,-5.45888
control,complex_000063,complex_000063,4,-9.4112
control,complex_000063,complex_000063,5,-5.76409
control,complex_000063,complex_000063,6,-7.1188
control,complex_000063,complex_000063,7,-5.52194
control,complex_000063,complex_000063,8,-7.07593
control,complex_000063,complex_000063,9,-8.68204
control,complex_000063,complex_000063,10,-8.63277
control,complex_000063,complex_000063,11,-7.93123
control,complex_000063,complex_000063,12,-8.00513
control,complex_000063,complex_000063,13,-8.76035
control,complex_000063,complex_000063,14,-4.90221
control,complex_000063,complex_000063,15,-8.6454
control,complex_000063,complex_000063,16,-5.94408
control,complex_000063,complex_000063,17,-5.79161
control,complex_000063,complex_000063,18,-8.13817
control,complex_000063,complex_000063,19,-8.91869
control,complex_000063,complex_000374,0,-5.17911
control,complex_000063,complex_000374,1,-6.00474
control,complex_000063,complex_000374,2,-6.86946
control,complex_000063,complex_000374,3,-5.63051
control,complex_000063,complex_000374,4,-9.2669
control,complex_000063,complex_000374,5,-6.08596
control,complex_000063,complex_000374,6,-8.94136
control,complex_000063,complex_000374,7,-4.91134
control,complex_000063,complex_000374,8,-8.90333
control,complex_000063,complex_000374,9,-8.23701
control,complex_000063,complex_000374,10,-9.99898
control,complex_000063,complex_000374,11,-8.7728
control,complex_000063,complex_000374,12,-8.06292
control,complex_000063,complex_000374,13,-8.28347
control,complex_000063,complex_000374,14,-6.06381
control,complex_000063,complex_000374,15,-8.98917
control,complex_000063,complex_000374,16,-5.74332
control,complex_000063,complex_000374,17,-5.5633
control,complex_000063,complex_000374,18,-8.91081
control,complex_000063,complex_000374,19,-9.30218
control,complex_000063,complex_000117,0,-5.63339
control,complex_000063,complex_000117,1,-7.40401
control,complex_000063,complex_000117,2,-7.89972
control,complex_000063,complex_000117,3,-6.15677
control,complex_000063,complex_000117,4,-8.10506
control,complex_000063,complex_000117,5,-6.37451
control,complex_000063,complex_000117,6,-8.24636
control,complex_000063,complex_000117,7,-6.18369
control,complex_000063,complex_000117,8,-8.46545
control,complex_000063,complex_000117,9,-7.97943
control,complex_000063,complex_000117,10,-8.2112
control,complex_000063,complex_000117,11,-7.3221
control,complex_000063,complex_000117,12,-6.13366
control,complex_000063,complex_000117,13,-6.3915
control,complex_000063,complex_000117,14,-6.16076
control,complex_000063,complex_000117,15,-7.94132
control,complex_000063,complex_000117,16,-6.7065
control,complex_000063,complex_000117,17,-6.2925
control,complex_000063,complex_000117,18,-9.65547
control,complex_000063,complex_000117,19,-9.0976
control,complex_000063,complex_000191,0,-4.84535
control,complex_000063,complex_000191,1,-4.66584
control,complex_000063,complex_000191,2,-5.90716
control,complex_000063,complex_000191,3,-4.76762
control,complex_000063,complex_000191,4,-7.24381
control,complex_000063,complex_000191,5,-5.60737
control,complex_000063,complex_000191,6,-6.40613
control,complex_000063,complex_000191,7,-5.39806
control,complex_000063,complex_000191,8,-6.62993
control,complex_000063,complex_000191,9,-6.84798
control,complex_000063,complex_000191,10,-8.0111
control,complex_000063,complex_000191,11,-6.55215
control,complex_000063,complex_000191,12,-7.05624
control,complex_000063,complex_000191,13,-7.69812
control,complex_000063,complex_000191,14,-5.59783
control,complex_000063,complex_000191,15,-7.31245
control,complex_000063,complex_000191,16,-5.12682
control,complex_000063,complex_000191,17,-5.8688
control,complex_000063,complex_000191,18,-6.35121
control,complex_000063,complex_000191,19,-7.14574
control,complex_000059,complex_000165,0,-6.13658
control,complex_000059,complex_000165,1,-5.6101
control,complex_000059,complex_000165,2,3.2831
control,complex_000059,complex_000165,3,-5.16834
control,complex_000059,complex_000165,4,-7.58302
control,complex_000059,complex_000165,5,-4.70189
control,complex_000059,complex_000165,6,-7.44935
control,complex_000059,complex_000165,7,-8.12099
control,complex_000059,complex_000165,8,-5.05528
control,complex_000059,complex_000165,9,-6.49054
control,complex_000059,complex_000165,10,-5.01539
control,complex_000059,complex_000165,11,-7.53092
control,complex_000059,complex_000165,12,-4.95318
control,complex_000059,complex_000165,13,-5.65632
control,complex_000059,complex_000165,14,-5.32115
control,complex_000059,complex_000165,15,-5.13763
control,complex_000059,complex_000165,16,-7.16746
control,complex_000059,complex_000165,17,-4.28026
control,complex_000059,complex_000165,18,-1.7105
control,complex_000059,complex_000165,19,-6.0831
control,complex_000112,complex_000112,0,-6.70854
control,complex_000112,complex_000112,1,-7.83819
control,complex_000112,complex_000112,2,-4.93904
control,complex_000112,complex_000112,3,-8.03277
control,complex_000112,complex_000112,4,-5.14871
control,complex_000112,complex_000112,5,-5.93815
control,complex_000112,complex_000112,6,-5.97497
control,complex_000112,complex_000112,7,-6.85684
control,complex_000112,complex_000112,8,-4.35317
control,complex_000112,complex_000112,9,-6.53717
control,complex_000112,complex_000112,10,-7.48698
control,complex_000112,complex_000112,11,-5.91583
control,complex_000112,complex_000112,12,-7.97424
control,complex_000112,complex_000112,13,-8.95571
control,complex_000112,complex_000112,14,-6.25602
control,complex_000112,complex_000112,15,-7.31687
control,complex_000112,complex_000112,16,-6.36672
control,complex_000112,complex_000112,17,-7.51707
control,complex_000112,complex_000112,18,-8.8717
control,complex_000112,complex_000112,19,-6.02927
control,complex_000059,complex_000051,0,-8.72026
control,complex_000059,complex_000051,1,-7.1834
control,complex_000059,complex_000051,2,-8.88298
control,complex_000059,complex_000051,3,-7.96687
control,complex_000059,complex_000051,4,-7.19485
control,complex_000059,complex_000051,5,-8.59208
control,complex_000059,complex_000051,6,-7.0541
control,complex_000059,complex_000051,7,-8.31565
control,complex_000059,complex_000051,8,-8.57671
control,complex_000059,complex_000051,9,-7.58491
control,complex_000059,complex_000051,10,-5.33967
control,complex_000059,complex_000051,11,-6.23836
control,complex_000059,complex_000051,12,-6.11599
control,complex_000059,complex_000051,13,-7.89885
control,complex_000059,complex_000051,14,-7.99509
control,complex_000059,complex_000051,15,-8.97596
control,complex_000059,complex_000051,16,-6.95615
control,complex_000059,complex_000051,17,-8.15102
control,complex_000059,complex_000051,18,-8.66924
control,complex_000059,complex_000051,19,-7.90981
control,complex_000085,complex_000085,0,-10.24908
control,complex_000085,complex_000085,1,-9.81143
control,complex_000085,complex_000085,2,-8.89687
control,complex_000085,complex_000085,3,-10.45853
control,complex_000085,complex_000085,4,-7.43429
control,complex_000085,complex_000085,5,-11.08614
control,complex_000085,complex_000085,6,-8.16185
control,complex_000085,complex_000085,7,-10.84376
control,complex_000085,complex_000085,8,-8.3475
control,complex_000085,complex_000085,9,-8.424
control,complex_000085,complex_000085,10,-9.68538
control,complex_000085,complex_000085,11,-9.02395
control,complex_000085,complex_000085,12,-12.14572
control,complex_000085,complex_000085,13,-8.30568
control,complex_000085,complex_000085,14,-9.89977
control,complex_000085,complex_000085,15,-11.55963
control,complex_000085,complex_000085,16,-9.77669
control,complex_000085,complex_000085,17,-7.3936
control,complex_000085,complex_000085,18,-8.71103
control,complex_000085,complex_000085,19,-9.50723
control,complex_000085,complex_000426,0,-8.64742
control,complex_000085,complex_000426,1,-8.49717
control,complex_000085,complex_000426,2,-8.10524
control,complex_000085,complex_000426,3,-9.02679
control,complex_000085,complex_000426,4,-6.78225
control,complex_000085,complex_000426,5,-9.22734
control,complex_000085,complex_000426,6,-7.45497
control,complex_000085,complex_000426,7,-9.68561
control,complex_000085,complex_000426,8,-7.70054
control,complex_000085,complex_000426,9,-7.74114
control,complex_000085,complex_000426,10,-10.10283
control,complex_000085,complex_000426,11,-8.8115
control,complex_000085,complex_000426,12,-9.18525
control,complex_000085,complex_000426,13,-7.15901
control,complex_000085,complex_000426,14,-8.61981
control,complex_000085,complex_000426,15,-9.90293
control,complex_000085,complex_000426,16,-8.41131
control,complex_000085,complex_000426,17,-6.73361
control,complex_000085,complex_000426,18,-7.40887
control,complex_000085,complex_000426,19,-8.72183
control,complex_000112,complex_000266,0,-6.5629
control,complex_000112,complex_000266,1,-6.33831
control,complex_000112,complex_000266,2,-7.02245
control,complex_000112,complex_000266,3,-7.90964
control,complex_000112,complex_000266,4,-6.30407
control,complex_000112,complex_000266,5,-6.47703
control,complex_000112,complex_000266,6,-7.44693
control,complex_000112,complex_000266,7,-11.04779
control,complex_000112,complex_000266,8,-5.17296
control,complex_000112,complex_000266,9,-7.49782
control,complex_000112,complex_000266,10,-9.76854
control,complex_000112,complex_000266,11,-6.83895
control,complex_000112,complex_000266,12,-7.75381
control,complex_000112,complex_000266,13,-10.96355
control,complex_000112,complex_000266,14,-8.33191
control,complex_000112,complex_000266,15,-8.84128
control,complex_000112,complex_000266,16,-6.8026
control,complex_000112,complex_000266,17,-9.36177
control,complex_000112,complex_000266,18,-9.95594
control,complex_000112,complex_000266,19,-4.97662
control,complex_000117,complex_000117,0,-6.47116
control,complex_000117,complex_000117,1,-5.51585
control,complex_000117,complex_000117,2,-6.02956
control,complex_000117,complex_000117,3,-5.34433
control,complex_000117,complex_000117,4,-7.6789
control,complex_000117,complex_000117,5,-7.71068
control,complex_000117,complex_000117,6,-6.35591
control,complex_000117,complex_000117,7,-8.23348
control,complex_000117,complex_000117,8,-7.75652
control,complex_000117,complex_000117,9,-8.54269
control,complex_000117,complex_000117,10,-6.8107
control,complex_000117,complex_000117,11,-6.64674
control,complex_000117,complex_000117,12,-6.84516
control,complex_000117,complex_000117,13,-5.67861
control,complex_000117,complex_000117,14,-6.78677
control,complex_000117,complex_000117,15,-9.18303
control,complex_000117,complex_000117,16,-5.85401
control,complex_000117,complex_000117,17,-7.76978
control,complex_000117,complex_000117,18,-10.01082
control,complex_000117,complex_000117,19,-11.48766
control,complex_000117,complex_000140,0,-6.11036
control,complex_000117,complex_000140,1,-5.05446
control,complex_000117,complex_000140,2,-6.04269
control,complex_000117,complex_000140,3,-9.81127
control,complex_000117,complex_000140,4,-7.60652
control,complex_000117,complex_000140,5,-8.94332
control,complex_000117,complex_000140,6,-6.73691
control,complex_000117,complex_000140,7,-8.09254
control,complex_000117,complex_000140,8,-9.22485
control,complex_000117,complex_000140,9,-8.19253
control,complex_000117,complex_000140,10,-8.05257
control,complex_000117,complex_000140,11,-6.50893
control,complex_000117,complex_000140,12,-6.99726
control,complex_000117,complex_000140,13,-5.88959
control,complex_000117,complex_000140,14,-6.67303
control,complex_000117,complex_000140,15,-9.07972
control,complex_000117,complex_000140,16,-5.69506
control,complex_000117,complex_000140,17,-9.95142
control,complex_000117,complex_000140,18,-9.3305
control,complex_000117,complex_000140,19,-11.12572
control,complex_000112,complex_000376,0,-6.29873
control,complex_000112,complex_000376,1,-7.15671
control,complex_000112,complex_000376,2,-8.02497
control,complex_000112,complex_000376,3,-7.32639
control,complex_000112,complex_000376,4,-7.07417
control,complex_000112,complex_000376,5,-6.82677
control,complex_000112,complex_000376,6,-7.59476
control,complex_000112,complex_000376,7,-9.86731
control,complex_000112,complex_000376,8,-4.79288
control,complex_000112,complex_000376,9,-7.60338
control,complex_000112,complex_000376,10,-9.53658
control,complex_000112,complex_000376,11,-8.11117
control,complex_000112,complex_000376,12,-8.38412
control,complex_000112,complex_000376,13,-10.4675
control,complex_000112,complex_000376,14,-9.4378
control,complex_000112,complex_000376,15,-7.18447
control,complex_000112,complex_000376,16,-7.3596
control,complex_000112,complex_000376,17,-8.41881
control,complex_000112,complex_000376,18,-9.61482
control,complex_000112,complex_000376,19,-5.62509
control,complex_000112,complex_000411,0,-6.43398
control,complex_000112,complex_000411,1,-6.86221
control,complex_000112,complex_000411,2,-7.57185
control,complex_000112,complex_000411,3,-7.16008
control,complex_000112,complex_000411,4,-6.45195
control,complex_000112,complex_000411,5,-6.65334
control,complex_000112,complex_000411,6,-6.80846
control,complex_000112,complex_000411,7,-9.28894
control,complex_000112,complex_000411,8,-4.56127
control,complex_000112,complex_000411,9,-8.19991
control,complex_000112,complex_000411,10,-9.82577
control,complex_000112,complex_000411,11,-7.71638
control,complex_000112,complex_000411,12,-8.35071
control,complex_000112,complex_000411,13,-9.02184
control,complex_000112,complex_000411,14,-8.07549
control,complex_000112,complex_000411,15,-8.19359
control,complex_000112,complex_000411,16,-7.10275
control,complex_000112,complex_000411,17,-8.38641
control,complex_000112,complex_000411,18,-8.85828
control,complex_000112,complex_000411,19,-5.28551
control,complex_000117,complex_000426,0,-5.90045
control,complex_000117,complex_000426,1,-5.40547
control,complex_000117,complex_000426,2,-5.08091
control,complex_000117,complex_000426,3,-9.6513
control,complex_000117,complex_000426,4,-6.56627
control,complex_000117,complex_000426,5,-8.77225
control,complex_000117,complex_000426,6,-5.9213
control,complex_000117,complex_000426,7,-8.02146
control,complex_000117,complex_000426,8,-8.04725
control,complex_000117,complex_000426,9,-6.97627
control,complex_000117,complex_000426,10,-7.12476
control,complex_000117,complex_000426,11,-6.90579
control,complex_000117,complex_000426,12,-5.76763
control,complex_000117,complex_000426,13,-4.909
control,complex_000117,complex_000426,14,-5.76859
control,complex_000117,complex_000426,15,-7.61991
control,complex_000117,complex_000426,16,-4.84035
control,complex_000117,complex_000426,17,-10.27144
control,complex_000117,complex_000426,18,-8.86078
control,complex_000117,complex_000426,19,-10.57124
control,complex_000085,complex_000403,0,-7.59095
control,complex_000085,complex_000403,1,-8.35751
control,complex_000085,complex_000403,2,-8.0705
control,complex_000085,complex_000403,3,-9.43999
control,complex_000085,complex_000403,4,-7.68804
control,complex_000085,complex_000403,5,-8.21103
control,complex_000085,complex_000403,6,-7.11242
control,complex_000085,complex_000403,7,-8.6238
control,complex_000085,complex_000403,8,-8.06742
control,complex_000085,complex_000403,9,-8.34085
control,complex_000085,complex_000403,10,-8.18254
control,complex_000085,complex_000403,11,-8.03799
control,complex_000085,complex_000403,12,-8.44263
control,complex_000085,complex_000403,13,-7.38657
control,complex_000085,complex_000403,14,-8.75729
control,complex_000085,complex_000403,15,-9.14691
control,complex_000085,complex_000403,16,-8.39923
control,complex_000085,complex_000403,17,-6.82893
control,complex_000085,complex_000403,18,-7.28092
control,complex_000085,complex_000403,19,-8.8056
control,complex_000117,complex_000112,0,-5.8496
control,complex_000117,complex_000112,1,-5.22333
control,complex_000117,complex_000112,2,-6.18625
control,complex_000117,complex_000112,3,-7.21631
control,complex_000117,complex_000112,4,-6.43619
control,complex_000117,complex_000112,5,-6.892
control,complex_000117,complex_000112,6,-6.63257
control,complex_000117,complex_000112,7,-6.73093
control,complex_000117,complex_000112,8,-6.52404
control,complex_000117,complex_000112,9,-5.98576
control,complex_000117,complex_000112,10,-5.53436
control,complex_000117,complex_000112,11,-5.4085
control,complex_000117,complex_000112,12,-6.92719
control,complex_000117,complex_000112,13,-5.43889
control,complex_000117,complex_000112,14,-6.21504
control,complex_000117,complex_000112,15,-7.16365
control,complex_000117,complex_000112,16,-4.81498
control,complex_000117,complex_000112,17,-7.17338
control,complex_000117,complex_000112,18,-6.58967
control,complex_000117,complex_000112,19,-7.5189
control,complex_000140,complex_000140,0,-7.39667
control,complex_000140,complex_000140,1,-9.21269
control,complex_000140,complex_000140,2,-7.40163
control,complex_000140,complex_000140,3,-10.91931
control,complex_000140,complex_000140,4,-7.67055
control,complex_000140,complex_000140,5,-8.7183
control,complex_000140,complex_000140,6,-12.22479
control,complex_000140,complex_000140,7,-9.30874
control,complex_000140,complex_000140,8,-11.29361
control,complex_000140,complex_000140,9,-7.25959
control,complex_000140,complex_000140,10,-6.94059
control,complex_000140,complex_000140,11,-6.77216
control,complex_000140,complex_000140,12,-7.1391
control,complex_000140,complex_000140,13,-9.62813
control,complex_000140,complex_000140,14,-7.28781
control,complex_000140,complex_000140,15,-6.49982
control,complex_000140,complex_000140,16,-8.61974
control,complex_000140,complex_000140,17,-9.05847
control,complex_000140,complex_000140,18,-8.3464
control,complex_000140,complex_000140,19,-7.77807
control,complex_000148,complex_000148,0,-4.57082
control,complex_000148,complex_000148,1,-6.09119
control,complex_000148,complex_000148,2,-10.39247
control,complex_000148,complex_000148,3,-4.92746
control,complex_000148,complex_000148,4,-4.32367
control,complex_000148,complex_000148,5,-8.43552
control,complex_000148,complex_000148,6,-4.0964
control,complex_000148,complex_000148,7,-7.82144
control,complex_000148,complex_000148,8,-4.05865
control,complex_000148,complex_000148,9,-5.99615
control,complex_000148,complex_000148,10,-6.66091
control,complex_000148,complex_000148,11,-6.74721
control,complex_000148,complex_000148,12,-6.5212
control,complex_000148,complex_000148,13,-4.72868
control,complex_000148,complex_000148,14,-8.61049
control,complex_000148,complex_000148,15,-4.99907
control,complex_000148,complex_000148,16,-7.34216
control,complex_000148,complex_000148,17,-10.88702
control,complex_000148,complex_000148,18,-8.15835
control,complex_000148,complex_000148,19,-6.381
control,complex_000148,complex_000059,0,-5.46687
control,complex_000148,complex_000059,1,-7.22039
control,complex_000148,complex_000059,2,5.05431
control,complex_000148,complex_000059,3,-5.25554
control,complex_000148,complex_000059,4,-5.16869
control,complex_000148,complex_000059,5,-9.58673
control,complex_000148,complex_000059,6,-4.58213
control,complex_000148,complex_000059,7,-8.04923
control,complex_000148,complex_000059,8,-4.59303
control,complex_000148,complex_000059,9,-6.877
control,complex_000148,complex_000059,10,-7.09112
control,complex_000148,complex_000059,11,-7.58471
control,complex_000148,complex_000059,12,-7.00777
control,complex_000148,complex_000059,13,-5.77508
control,complex_000148,complex_000059,14,-4.63493
control,complex_000148,complex_000059,15,-6.29616
control,complex_000148,complex_000059,16,-8.55926
control,complex_000148,complex_000059,17,-7.92431
control,complex_000148,complex_000059,18,-2.38107
control,complex_000148,complex_000059,19,-7.7893
control,complex_000140,complex_000117,0,-7.56987
control,complex_000140,complex_000117,1,-8.20625
control,complex_000140,complex_000117,2,-7.0216
control,complex_000140,complex_000117,3,-8.6185
control,complex_000140,complex_000117,4,-7.52832
control,complex_000140,complex_000117,5,-8.25354
control,complex_000140,complex_000117,6,-8.02495
control,complex_000140,complex_000117,7,-8.25767
control,complex_000140,complex_000117,8,-6.64513
control,complex_000140,complex_000117,9,-6.79223
control,complex_000140,complex_000117,10,-7.30022
control,complex_000140,complex_000117,11,-7.04828
control,complex_000140,complex_000117,12,-6.28375
control,complex_000140,complex_000117,13,-9.34294
control,complex_000140,complex_000117,14,-7.01817
control,complex_000140,complex_000117,15,-6.31449
control,complex_000140,complex_000117,16,-7.68645
control,complex_000140,complex_000117,17,-9.03741
control,complex_000140,complex_000117,18,-7.95298
control,complex_000140,complex_000117,19,-7.70209
control,complex_000140,complex_000477,0,-6.25922
control,complex_000140,complex_000477,1,-7.83316
control,complex_000140,complex_000477,2,-6.03816
control,complex_000140,complex_000477,3,-8.69977
control,complex_000140,complex_000477,4,-6.45513
control,complex_000140,complex_000477,5,-6.93568
control,complex_000140,complex_000477,6,-9.96339
control,complex_000140,complex_000477,7,-7.74241
control,complex_000140,complex_000477,8,-9.203
control,complex_000140,complex_000477,9,-6.22837
control,complex_000140,complex_000477,10,-6.88953
control,complex_000140,complex_000477,11,-5.90623
control,complex_000140,complex_000477,12,-5.95676
control,complex_000140,complex_000477,13,-8.08862
control,complex_000140,complex_000477,14,-6.1168
control,complex_000140,complex_000477,15,-5.551
control,complex_000140,complex_000477,16,-7.74587
control,complex_000140,complex_000477,17,-8.1032
control,complex_000140,complex_000477,18,-6.60836
control,complex_000140,complex_000477,19,-7.50016
control,complex_000141,complex_000112,0,-6.24902
control,complex_000141,complex_000112,1,-6.82347
control,complex_000141,complex_000112,2,-6.7083
control,complex_000141,complex_000112,3,-4.91631
control,complex_000141,complex_000112,4,-6.43226
control,complex_000141,complex_000112,5,-5.65563
control,complex_000141,complex_000112,6,-7.28942
control,complex_000141,complex_000112,7,-6.37609
control,complex_000141,complex_000112,8,-7.3524
control,complex_000141,complex_000112,9,-6.43805
control,complex_000141,complex_000112,10,-5.11134
control,complex_000141,complex_000112,11,-5.74902
control,complex_000141,complex_000112,12,-6.57994
control,complex_000141,complex_000112,13,-6.12408
control,complex_000141,complex_000112,14,-7.09468
control,complex_000141,complex_000112,15,-7.02132
control,complex_000141,complex_000112,16,-7.2275
control,complex_000141,complex_000112,17,-4.1209
control,complex_000141,complex_000112,18,-6.72552
control,complex_000141,complex_000112,19,-8.98737
control,complex_000148,complex_000506,0,-5.31951
control,complex_000148,complex_000506,1,-6.64487
control,complex_000148,complex_000506,2,-9.05743
control,complex_000148,complex_000506,3,-5.11464
control,complex_000148,complex_000506,4,-4.14067
control,complex_000148,complex_000506,5,-7.55673
control,complex_000148,complex_000506,6,-4.8792
control,complex_000148,complex_000506,7,-6.63465
control,complex_000148,complex_000506,8,-4.60817
control,complex_000148,complex_000506,9,-5.50096
control,complex_000148,complex_000506,10,-7.0216
control,complex_000148,complex_000506,11,-6.31601
control,complex_000148,complex_000506,12,-5.8602
control,complex_000148,complex_000506,13,-6.01595
control,complex_000148,complex_000506,14,-6.48986
control,complex_000148,complex_000506,15,-6.07311
control,complex_000148,complex_000506,16,-6.76875
control,complex_000148,complex_000506,17,-8.41891
control,complex_000148,complex_000506,18,-7.68301
control,complex_000148,complex_000506,19,-6.48558
control,complex_000085,complex_000269,0,-7.48435
control,complex_000085,complex_000269,1,-6.63104
control,complex_000085,complex_000269,2,-6.44859
control,complex_000085,complex_000269,3,-7.29726
control,complex_000085,complex_000269,4,-6.52487
control,complex_000085,complex_000269,5,-6.95666
control,complex_000085,complex_000269,6,-5.6488
control,complex_000085,complex_000269,7,-6.75195
control,complex_000085,complex_000269,8,-6.99922
control,complex_000085,complex_000269,9,-6.00559
control,complex_000085,complex_000269,10,-6.70733
control,complex_000085,complex_000269,11,-5.86963
control,complex_000085,complex_000269,12,-8.11125
control,complex_000085,complex_000269,13,-5.92763
control,complex_000085,complex_000269,14,-7.4142
control,complex_000085,complex_000269,15,-7.3239
control,complex_000085,complex_000269,16,-6.6173
control,complex_000085,complex_000269,17,-6.18028
control,complex_000085,complex_000269,18,-6.31582
control,complex_000085,complex_000269,19,-6.79938
control,complex_000145,complex_000145,0,-3.97228
control,complex_000145,complex_000145,1,-3.74348
control,complex_000145,complex_000145,2,-4.90152
control,complex_000145,complex_000145,3,-5.63177
control,complex_000145,complex_000145,4,-6.65383
control,complex_000145,complex_000145,5,-4.50085
control,complex_000145,complex_000145,6,-5.88193
control,complex_000145,complex_000145,7,-4.20729
control,complex_000145,complex_000145,8,-5.55146
control,complex_000145,complex_000145,9,-5.00302
control,complex_000145,complex_000145,10,-4.75057
control,complex_000145,complex_000145,11,-6.53618
control,complex_000145,complex_000145,12,-6.1296
control,complex_000145,complex_000145,13,-5.48525
control,complex_000145,complex_000145,14,-3.58017
control,complex_000145,complex_000145,15,-6.37896
control,complex_000145,complex_000145,16,-5.57149
control,complex_000145,complex_000145,17,-5.57619
control,complex_000145,complex_000145,18,-3.61862
control,complex_000145,complex_000145,19,-6.67426
control,complex_000140,complex_000394,0,-7.44224
control,complex_000140,complex_000394,1,-8.93474
control,complex_000140,complex_000394,2,-7.02223
control,complex_000140,complex_000394,3,-9.62124
control,complex_000140,complex_000394,4,-8.28848
control,complex_000140,complex_000394,5,-8.12432
control,complex_000140,complex_000394,6,-8.49182
control,complex_000140,complex_000394,7,-7.67561
control,complex_000140,complex_000394,8,-7.37297
control,complex_000140,complex_000394,9,-7.20442
control,complex_000140,complex_000394,10,-6.54229
control,complex_000140,complex_000394,11,-6.9612
control,complex_000140,complex_000394,12,-6.72025
control,complex_000140,complex_000394,13,-9.71531
control,complex_000140,complex_000394,14,-6.87089
control,complex_000140,complex_000394,15,-6.67839
control,complex_000140,complex_000394,16,-8.86308
control,complex_000140,complex_000394,17,-8.01473
control,complex_000140,complex_000394,18,-7.61886
control,complex_000140,complex_000394,19,-7.01893
control,complex_000141,complex_000387,0,-8.14099
control,complex_000141,complex_000387,1,-8.65152
control,complex_000141,complex_000387,2,-7.74842
control,complex_000141,complex_000387,3,-6.33823
control,complex_000141,complex_000387,4,-8.15776
control,complex_000141,complex_000387,5,-7.08105
control,complex_000141,complex_000387,6,-10.31026
control,complex_000141,complex_000387,7,-7.57096
control,complex_000141,complex_000387,8,-8.29954
control,complex_000141,complex_000387,9,-9.29189
control,complex_000141,complex_000387,10,-7.78986
control,complex_000141,complex_000387,11,-7.79031
control,complex_000141,complex_000387,12,-7.98616
control,complex_000141,complex_000387,13,-8.47011
control,complex_000141,complex_000387,14,-9.03352
control,complex_000141,complex_000387,15,-8.19572
control,complex_000141,complex_000387,16,-9.36179
control,complex_000141,complex_000387,17,-5.35154
control,complex_000141,complex_000387,18,-9.10679
control,complex_000141,complex_000387,19,-10.39957
control,complex_000145,complex_000363,0,-5.48679
control,complex_000145,complex_000363,1,-5.52736
control,complex_000145,complex_000363,2,-7.58076
control,complex_000145,complex_000363,3,-8.21273
control,complex_000145,complex_000363,4,-8.52911
control,complex_000145,complex_000363,5,-6.20186
control,complex_000145,complex_000363,6,-7.74754
control,complex_000145,complex_000363,7,-6.14478
control,complex_000145,complex_000363,8,-7.65078
control,complex_000145,complex_000363,9,-6.1939
control,complex_000145,complex_000363,10,-5.91657
control,complex_000145,complex_000363,11,-5.73851
control,complex_000145,complex_000363,12,-8.75908
control,complex_000145,complex_000363,13,-8.57965
control,complex_000145,complex_000363,14,-5.51517
control,complex_000145,complex_000363,15,-7.89613
control,complex_000145,complex_000363,16,-7.72873
control,complex_000145,complex_000363,17,-7.88374
control,complex_000145,complex_000363,18,-5.48796
control,complex_000145,complex_000363,19,-8.79654
control,complex_000145,complex_000456,0,-4.79517
control,complex_000145,complex_000456,1,-5.02795
control,complex_000145,complex_000456,2,-6.4911
control,complex_000145,complex_000456,3,-6.70817
control,complex_000145,complex_000456,4,-7.57985
control,complex_000145,complex_000456,5,-5.45299
control,complex_000145,complex_000456,6,-7.01012
control,complex_000145,complex_000456,7,-5.30015
control,complex_000145,complex_000456,8,-6.73293
control,complex_000145,complex_000456,9,-5.701
control,complex_000145,complex_000456,10,-5.35438
control,complex_000145,complex_000456,11,-8.33837
control,complex_000145,complex_000456,12,-8.16042
control,complex_000145,complex_000456,13,-7.45633
control,complex_000145,complex_000456,14,-5.34058
control,complex_000145,complex_000456,15,-7.45934
control,complex_000145,complex_000456,16,-7.0335
control,complex_000145,complex_000456,17,-7.10193
control,complex_000145,complex_000456,18,-4.37117
control,complex_000145,complex_000456,19,-8.63926
control,complex_000145,complex_000165,0,-6.19217
control,complex_000145,complex_000165,1,-6.7938
control,complex_000145,complex_000165,2,-3.51552
control,complex_000145,complex_000165,3,-5.98993
control,complex_000145,complex_000165,4,-3.91519
control,complex_000145,complex_000165,5,-6.46557
control,complex_000145,complex_000165,6,-8.54666
control,complex_000145,complex_000165,7,-7.1116
control,complex_000145,complex_000165,8,-3.26585
control,complex_000145,complex_000165,9,-6.89499
control,complex_000145,complex_000165,10,-6.48671
control,complex_000145,complex_000165,11,4.04521
control,complex_000145,complex_000165,12,-4.8493
control,complex_000145,complex_000165,13,-3.06179
control,complex_000145,complex_000165,14,-6.12252
control,complex_000145,complex_000165,15,-4.75458
control,complex_000145,complex_000165,16,-8.13125
control,complex_000145,complex_000165,17,-4.94111
control,complex_000145,complex_000165,18,-6.37532
control,complex_000145,complex_000165,19,-4.67712
control,complex_000141,complex_000141,0,-6.68034
control,complex_000141,complex_000141,1,-7.85819
control,complex_000141,complex_000141,2,-6.67212
control,complex_000141,complex_000141,3,-5.75155
control,complex_000141,complex_000141,4,-6.81195
control,complex_000141,complex_000141,5,-5.9555
control,complex_000141,complex_000141,6,-8.59437
control,complex_000141,complex_000141,7,-6.66033
control,complex_000141,complex_000141,8,-7.53576
control,complex_000141,complex_000141,9,-8.12901
control,complex_000141,complex_000141,10,-6.48531
control,complex_000141,complex_000141,11,-6.90177
control,complex_000141,complex_000141,12,-7.34816
control,complex_000141,complex_000141,13,-6.54779
control,complex_000141,complex_000141,14,-8.11813
control,complex_000141,complex_000141,15,-8.47982
control,complex_000141,complex_000141,16,-7.59993
control,complex_000141,complex_000141,17,-4.45871
control,complex_000141,complex_000141,18,-7.20859
control,complex_000141,complex_000141,19,-9.85237
control,complex_000148,complex_000535,0,-6.09084
control,complex_000148,complex_000535,1,-7.18196
control,complex_000148,complex_000535,2,-9.13845
control,complex_000148,complex_000535,3,-5.61715
control,complex_000148,complex_000535,4,-4.91432
control,complex_000148,complex_000535,5,-8.07618
control,complex_000148,complex_000535,6,-5.00382
control,complex_000148,complex_000535,7,-7.92124
control,complex_000148,complex_000535,8,-5.23746
control,complex_000148,complex_000535,9,-7.08429
control,complex_000148,complex_000535,10,-6.92919
control,complex_000148,complex_000535,11,-8.30707
control,complex_000148,complex_000535,12,-6.41032
control,complex_000148,complex_000535,13,-5.50831
control,complex_000148,complex_000535,14,-7.03864
control,complex_000148,complex_000535,15,-6.61283
control,complex_000148,complex_000535,16,-8.84972
control,complex_000148,complex_000535,17,-8.34964
control,complex_000148,complex_000535,18,-7.77809
control,complex_000148,complex_000535,19,-7.99041
control,complex_000141,complex_000394,0,-7.03189
control,complex_000141,complex_000394,1,-7.15735
control,complex_000141,complex_000394,2,-7.02115
control,complex_000141,complex_000394,3,-5.84406
control,complex_000141,complex_000394,4,-7.46225
control,complex_000141,complex_000394,5,-6.30931
control,complex_000141,complex_000394,6,-9.07151
control,complex_000141,complex_000394,7,-6.91576
control,complex_000141,complex_000394,8,-8.18435
control,complex_000141,complex_000394,9,-7.92498
control,complex_000141,complex_000394,10,-6.22166
control,complex_000141,complex_000394,11,-6.41319
control,complex_000141,complex_000394,12,-7.24919
control,complex_000141,complex_000394,13,-8.34786
control,complex_000141,complex_000394,14,-7.89268
control,complex_000141,complex_000394,15,-7.44946
control,complex_000141,complex_000394,16,-8.12767
control,complex_000141,complex_000394,17,-4.5151
control,complex_000141,complex_000394,18,-7.2229
control,complex_000141,complex_000394,19,-8.78762
control,complex_000165,complex_000223,0,-4.88008
control,complex_000165,complex_000223,1,-5.42029
control,complex_000165,complex_000223,2,-5.51132
control,complex_000165,complex_000223,3,-5.14597
control,complex_000165,complex_000223,4,-5.60625
control,complex_000165,complex_000223,5,-5.10935
control,complex_000165,complex_000223,6,-6.64296
control,complex_000165,complex_000223,7,-4.81705
control,complex_000165,complex_000223,8,-5.74215
control,complex_000165,complex_000223,9,-4.66344
control,complex_000165,complex_000223,10,-6.15094
control,complex_000165,complex_000223,11,-4.65011
control,complex_000165,complex_000223,12,-5.72583
control,complex_000165,complex_000223,13,-6.59813
control,complex_000165,complex_000223,14,-5.60917
control,complex_000165,complex_000223,15,-5.14067
control,complex_000165,complex_000223,16,-6.71026
control,complex_000165,complex_000223,17,-4.68651
control,complex_000165,complex_000223,18,-6.93765
control,complex_000165,complex_000223,19,-5.33309
control,complex_000170,complex_000170,0,-9.2065
control,complex_000170,complex_000170,1,-5.52753
control,complex_000170,complex_000170,2,-9.54534
control,complex_000170,complex_000170,3,-9.08456
control,complex_000170,complex_000170,4,-9.56488
control,complex_000170,complex_000170,5,-8.4764
control,complex_000170,complex_000170,6,-5.61962
control,complex_000170,complex_000170,7,-8.32737
control,complex_000170,complex_000170,8,-9.8562
control,complex_000170,complex_000170,9,-8.26025
control,complex_000170,complex_000170,10,-13.40988
control,complex_000170,complex_000170,11,-4.05909
control,complex_000170,complex_000170,12,-7.91127
control,complex_000170,complex_000170,13,-6.33899
control,complex_000170,complex_000170,14,-7.94994
control,complex_000170,complex_000170,15,-7.22397
control,complex_000170,complex_000170,16,-10.21872
control,complex_000170,complex_000170,17,-8.27335
control,complex_000170,complex_000170,18,-10.24103
control,complex_000170,complex_000170,19,-7.84015
control,complex_000165,complex_000001,0,-5.24964
control,complex_000165,complex_000001,1,-6.85707
control,complex_000165,complex_000001,2,-5.68513
control,complex_000165,complex_000001,3,-7.06594
control,complex_000165,complex_000001,4,-7.10767
control,complex_000165,complex_000001,5,-6.15048
control,complex_000165,complex_000001,6,-9.36392
control,complex_000165,complex_000001,7,-4.62342
control,complex_000165,complex_000001,8,-7.06998
control,complex_000165,complex_000001,9,-5.29516
control,complex_000165,complex_000001,10,-7.14837
control,complex_000165,complex_000001,11,-4.65485
control,complex_000165,complex_000001,12,-6.79814
control,complex_000165,complex_000001,13,-7.64477
control,complex_000165,complex_000001,14,-7.34577
control,complex_000165,complex_000001,15,-5.60348
control,complex_000165,complex_000001,16,-6.79886
control,complex_000165,complex_000001,17,-6.56098
control,complex_000165,complex_000001,18,-7.70252
control,complex_000165,complex_000001,19,-5.95504
control,complex_000170,complex_000477,0,-7.2099
control,complex_000170,complex_000477,1,-4.89949
control,complex_000170,complex_000477,2,-6.90556
control,complex_000170,complex_000477,3,-6.48709
control,complex_000170,complex_000477,4,-7.14592
control,complex_000170,complex_000477,5,-8.17817
control,complex_000170,complex_000477,6,-7.81199
control,complex_000170,complex_000477,7,-5.52362
control,complex_000170,complex_000477,8,-9.99073
control,complex_000170,complex_000477,9,-6.16641
control,complex_000170,complex_000477,10,-9.01584
control,complex_000170,complex_000477,11,-8.02213
control,complex_000170,complex_000477,12,-5.6653
control,complex_000170,complex_000477,13,-7.9493
control,complex_000170,complex_000477,14,-8.27806
control,complex_000170,complex_000477,15,-4.9101
control,complex_000170,complex_000477,16,-7.27666
control,complex_000170,complex_000477,17,-6.24042
control,complex_000170,complex_000477,18,-7.65993
control,complex_000170,complex_000477,19,-5.52767
control,complex_000165,complex_000165,0,-7.68854
control,complex_000165,complex_000165,1,-7.73993
control,complex_000165,complex_000165,2,-8.71639
control,complex_000165,complex_000165,3,-4.35715
control,complex_000165,complex_000165,4,-6.49456
control,complex_000165,complex_000165,5,-6.08528
control,complex_000165,complex_000165,6,-6.85623
control,complex_000165,complex_000165,7,-6.75317
control,complex_000165,complex_000165,8,-6.88639
control,complex_000165,complex_000165,9,-8.06492
control,complex_000165,complex_000165,10,-5.23025
control,complex_000165,complex_000165,11,-7.35981
control,complex_000165,complex_000165,12,0.69235
control,complex_000165,complex_000165,13,-8.88795
control,complex_000165,complex_000165,14,-7.42712
control,complex_000165,complex_000165,15,-7.91173
control,complex_000165,complex_000165,16,-7.84874
control,complex_000165,complex_000165,17,-6.22852
control,complex_000165,complex_000165,18,-4.32836
control,complex_000165,complex_000165,19,-6.60968
control,complex_000177,complex_000177,0,-9.41993
control,complex_000177,complex_000177,1,-8.73197
control,complex_000177,complex_000177,2,-8.28676
control,complex_000177,complex_000177,3,-7.52399
control,complex_000177,complex_000177,4,-5.05811
control,complex_000177,complex_000177,5,-5.8831
control,complex_000177,complex_000177,6,-5.30016
control,complex_000177,complex_000177,7,-8.41574
control,complex_000177,complex_000177,8,-4.41033
control,complex_000177,complex_000177,9,-8.30086
control,complex_000177,complex_000177,10,-7.896
control,complex_000177,complex_000177,11,-6.14257
control,complex_000177,complex_000177,12,-7.47693
control,complex_000177,complex_000177,13,-5.97772
control,complex_000177,complex_000177,14,-6.57722
control,complex_000177,complex_000177,15,-7.06998
control,complex_000177,complex_000177,16,-4.98689
control,complex_000177,complex_000177,17,-6.85532
control,complex_000177,complex_000177,18,-6.78844
control,complex_000177,complex_000177,19,-7.42479
control,complex_000165,complex_000179,0,-6.26322
control,complex_000165,complex_000179,1,-9.44296
control,complex_000165,complex_000179,2,-7.68153
control,complex_000165,complex_000179,3,-8.4564
control,complex_000165,complex_000179,4,-7.93091
control,complex_000165,complex_000179,5,-7.21736
control,complex_000165,complex_000179,6,-10.34223
control,complex_000165,complex_000179,7,-5.54619
control,complex_000165,complex_000179,8,-8.33754
control,complex_000165,complex_000179,9,-7.15195
control,complex_000165,complex_000179,10,-9.83223
control,complex_000165,complex_000179,11,-5.4507
control,complex_000165,complex_000179,12,-8.85546
control,complex_000165,complex_000179,13,-10.0267
control,complex_000165,complex_000179,14,-9.09584
control,complex_000165,complex_000179,15,-6.74946
control,complex_000165,complex_000179,16,-8.15076
control,complex_000165,complex_000179,17,-6.21516
control,complex_000165,complex_000179,18,-10.9543
control,complex_000165,complex_000179,19,-8.1498
control,complex_000170,complex_000112,0,-6.67441
control,complex_000170,complex_000112,1,-5.01939
control,complex_000170,complex_000112,2,-6.93483
control,complex_000170,complex_000112,3,-7.30484
control,complex_000170,complex_000112,4,-6.99073
control,complex_000170,complex_000112,5,-7.7038
control,complex_000170,complex_000112,6,-7.30524
control,complex_000170,complex_000112,7,-6.20371
control,complex_000170,complex_000112,8,-8.64429
control,complex_000170,complex_000112,9,-6.52404
control,complex_000170,complex_000112,10,-9.07264
control,complex_000170,complex_000112,11,-8.33181
control,complex_000170,complex_000112,12,-6.15223
control,complex_000170,complex_000112,13,-7.54846
control,complex_000170,complex_000112,14,-7.78126
control,complex_000170,complex_000112,15,-5.97827
control,complex_000170,complex_000112,16,-7.29967
control,complex_000170,complex_000112,17,-6.86572
control,complex_000170,complex_000112,18,-8.67816
control,complex_000170,complex_000112,19,-5.95702
control,complex_000149,complex_000149,0,-8.09232
control,complex_000149,complex_000149,1,-7.28984
control,complex_000149,complex_000149,2,-8.55122
control,complex_000149,complex_000149,3,-7.94111
control,complex_000149,complex_000149,4,-7.28085
control,complex_000149,complex_000149,5,-7.67669
control,complex_000149,complex_000149,6,-7.89803
control,complex_000149,complex_000149,7,-7.81308
control,complex_000149,complex_000149,8,-6.88368
control,complex_000149,complex_000149,9,-9.14729
control,complex_000149,complex_000149,10,-7.84834
control,complex_000149,complex_000149,11,-7.25044
control,complex_000149,complex_000149,12,-7.66037
control,complex_000149,complex_000149,13,-9.70709
control,complex_000149,complex_000149,14,-9.20939
control,complex_000149,complex_000149,15,-6.66364
control,complex_000149,complex_000149,16,-8.43627
control,complex_000149,complex_000149,17,-7.97728
control,complex_000149,complex_000149,18,-8.48222
control,complex_000149,complex_000149,19,-9.8953
control,complex_000177,complex_000165,0,2.39944
control,complex_000177,complex_000165,1,2.52585
control,complex_000177,complex_000165,2,-3.12894
control,complex_000177,complex_000165,3,-7.15944
control,complex_000177,complex_000165,4,-5.69452
control,complex_000177,complex_000165,5,-7.13396
control,complex_000177,complex_000165,6,-5.48751
control,complex_000177,complex_000165,7,-5.404
control,complex_000177,complex_000165,8,-4.46417
control,complex_000177,complex_000165,9,-4.33392
control,complex_000177,complex_000165,10,-3.56473
control,complex_000177,complex_000165,11,-7.57414
control,complex_000177,complex_000165,12,-6.75839
control,complex_000177,complex_000165,13,-6.49744
control,complex_000177,complex_000165,14,-3.72387
control,complex_000177,complex_000165,15,-5.43966
control,complex_000177,complex_000165,16,-5.35813
control,complex_000177,complex_000165,17,-3.2246
control,complex_000177,complex_000165,18,-3.91535
control,complex_000177,complex_000165,19,-5.53722
control,complex_000170,complex_000117,0,-7.94131
control,complex_000170,complex_000117,1,-4.9186
control,complex_000170,complex_000117,2,-7.86579
control,complex_000170,complex_000117,3,-7.73167
control,complex_000170,complex_000117,4,-7.3778
control,complex_000170,complex_000117,5,-8.84195
control,complex_000170,complex_000117,6,-6.54797
control,complex_000170,complex_000117,7,-6.45519
control,complex_000170,complex_000117,8,-9.69405
control,complex_000170,complex_000117,9,-6.43904
control,complex_000170,complex_000117,10,-9.11906
control,complex_000170,complex_000117,11,-8.66093
control,complex_000170,complex_000117,12,-6.20369
control,complex_000170,complex_000117,13,-7.11769
control,complex_000170,complex_000117,14,-7.78571
control,complex_000170,complex_000117,15,-5.68321
control,complex_000170,complex_000117,16,-7.61841
control,complex_000170,complex_000117,17,-6.2876
control,complex_000170,complex_000117,18,-8.45277
control,complex_000170,complex_000117,19,-6.42217
control,complex_000149,complex_000148,0,-6.59495
control,complex_000149,complex_000148,1,-5.94657
control,complex_000149,complex_000148,2,-7.33418
control,complex_000149,complex_000148,3,-6.0698
control,complex_000149,complex_000148,4,-5.8699
control,complex_000149,complex_000148,5,-5.41149
control,complex_000149,complex_000148,6,-6.63265
control,complex_000149,complex_000148,7,-6.08666
control,complex_000149,complex_000148,8,-4.47943
control,complex_000149,complex_000148,9,-7.77792
control,complex_000149,complex_000148,10,-5.91613
control,complex_000149,complex_000148,11,-8.66785
control,complex_000149,complex_000148,12,-5.59716
control,complex_000149,complex_000148,13,-8.1718
control,complex_000149,complex_000148,14,-8.02063
control,complex_000149,complex_000148,15,-5.18735
control,complex_000149,complex_000148,16,-6.73461
control,complex_000149,complex_000148,17,-6.43662
control,complex_000149,complex_000148,18,-6.76539
control,complex_000149,complex_000148,19,-7.50219
control,complex_000177,complex_000193,0,-8.56403
control,complex_000177,complex_000193,1,-6.51862
control,complex_000177,complex_000193,2,-7.54815
control,complex_000177,complex_000193,3,-6.49244
control,complex_000177,complex_000193,4,-5.01716
control,complex_000177,complex_000193,5,-5.59905
control,complex_000177,complex_000193,6,-4.84997
control,complex_000177,complex_000193,7,-6.47773
control,complex_000177,complex_000193,8,-3.79252
control,complex_000177,complex_000193,9,-6.34983
control,complex_000177,complex_000193,10,-6.7247
control,complex_000177,complex_000193,11,-5.00995
control,complex_000177,complex_000193,12,-6.80306
control,complex_000177,complex_000193,13,-5.43697
control,complex_000177,complex_000193,14,-6.33681
control,complex_000177,complex_000193,15,-6.14363
control,complex_000177,complex_000193,16,-4.68318
control,complex_000177,complex_000193,17,-6.44126
control,complex_000177,complex_000193,18,-6.30369
control,complex_000177,complex_000193,19,-6.55213
control,complex_000149,complex_000387,0,-8.70721
control,complex_000149,complex_000387,1,-7.66477
control,complex_000149,complex_000387,2,-7.98016
control,complex_000149,complex_000387,3,-7.84735
control,complex_000149,complex_000387,4,-7.17638
control,complex_000149,complex_000387,5,-7.08277
control,complex_000149,complex_000387,6,-8.25159
control,complex_000149,complex_000387,7,-6.50183
control,complex_000149,complex_000387,8,-6.24947
control,complex_000149,complex_000387,9,-8.59687
control,complex_000149,complex_000387,10,-7.81916
control,complex_000149,complex_000387,11,-7.03437
control,complex_000149,complex_000387,12,-7.49352
control,complex_000149,complex_000387,13,-7.28947
control,complex_000149,complex_000387,14,-8.9821
control,complex_000149,complex_000387,15,-7.14055
control,complex_000149,complex_000387,16,-6.91363
control,complex_000149,complex_000387,17,-8.46885
control,complex_000149,complex_000387,18,-8.45121
control,complex_000149,complex_000387,19,-9.52326
control,complex_000177,complex_000473,0,-8.34683
control,complex_000177,complex_000473,1,-7.26957
control,complex_000177,complex_000473,2,-7.92214
control,complex_000177,complex_000473,3,-6.12235
control,complex_000177,complex_000473,4,-4.38031
control,complex_000177,complex_000473,5,-5.58472
control,complex_000177,complex_000473,6,-4.33773
control,complex_000177,complex_000473,7,-6.92402
control,complex_000177,complex_000473,8,-3.95824
control,complex_000177,complex_000473,9,-7.23588
control,complex_000177,complex_000473,10,-7.05656
control,complex_000177,complex_000473,11,-4.81303
control,complex_000177,complex_000473,12,-6.44642
control,complex_000177,complex_000473,13,-4.81659
control,complex_000177,complex_000473,14,-6.32356
control,complex_000177,complex_000473,15,-6.16216
control,complex_000177,complex_000473,16,-3.56654
control,complex_000177,complex_000473,17,-6.47461
control,complex_000177,complex_000473,18,-5.75565
control,complex_000177,complex_000473,19,-6.55986
control,complex_000149,complex_000117,0,-7.54745
control,complex_000149,complex_000117,1,-6.95343
control,complex_000149,complex_000117,2,-8.01972
control,complex_000149,complex_000117,3,-7.32911
control,complex_000149,complex_000117,4,-6.78203
control,complex_000149,complex_000117,5,-6.47382
control,complex_000149,complex_000117,6,-6.29654
control,complex_000149,complex_000117,7,-6.94703
control,complex_000149,complex_000117,8,-6.23486
control,complex_000149,complex_000117,9,-5.32913
control,complex_000149,complex_000117,10,-6.29496
control,complex_000149,complex_000117,11,-6.0461
control,complex_000149,complex_000117,12,-7.05887
control,complex_000149,complex_000117,13,-6.39911
control,complex_000149,complex_000117,14,-6.53583
control,complex_000149,complex_000117,15,-5.97008
control,complex_000149,complex_000117,16,-6.85455
control,complex_000149,complex_000117,17,-8.68827
control,complex_000149,complex_000117,18,-8.3952
control,complex_000149,complex_000117,19,-6.15138
control,complex_000193,complex_000193,0,-7.57539
control,complex_000193,complex_000193,1,-7.065
control,complex_000193,complex_000193,2,-8.0136
control,complex_000193,complex_000193,3,-5.17895
control,complex_000193,complex_000193,4,-4.94091
control,complex_000193,complex_000193,5,-7.43191
control,complex_000193,complex_000193,6,-6.21008
control,complex_000193,complex_000193,7,-7.96954
control,complex_000193,complex_000193,8,-6.6221
control,complex_000193,complex_000193,9,-5.15739
control,complex_000193,complex_000193,10,-5.7238
control,complex_000193,complex_000193,11,-6.2758
control,complex_000193,complex_000193,12,-7.53567
control,complex_000193,complex_000193,13,-8.42465
control,complex_000193,complex_000193,14,-6.79986
control,complex_000193,complex_000193,15,-5.1736
control,complex_000193,complex_000193,16,-6.72275
control,complex_000193,complex_000193,17,-5.77593
control,complex_000193,complex_000193,18,-6.15105
control,complex_000193,complex_000193,19,-6.22292
control,complex_000193,complex_000179,0,-8.75152
control,complex_000193,complex_000179,1,-6.92749
control,complex_000193,complex_000179,2,-9.36612
control,complex_000193,complex_000179,3,-5.79919
control,complex_000193,complex_000179,4,-5.60831
control,complex_000193,complex_000179,5,-8.97208
control,complex_000193,complex_000179,6,-6.73917
control,complex_000193,complex_000179,7,-9.80539
control,complex_000193,complex_000179,8,-7.64787
control,complex_000193,complex_000179,9,-5.5739
control,complex_000193,complex_000179,10,-6.70599
control,complex_000193,complex_000179,11,-6.72362
control,complex_000193,complex_000179,12,-8.74555
control,complex_000193,complex_000179,13,-10.84462
control,complex_000193,complex_000179,14,-7.59856
control,complex_000193,complex_000179,15,-5.4928
control,complex_000193,complex_000179,16,-7.19997
control,complex_000193,complex_000179,17,-6.24688
control,complex_000193,complex_000179,18,-8.60945
control,complex_000193,complex_000179,19,-7.00239
control,complex_000193,complex_000292,0,-6.21139
control,complex_000193,complex_000292,1,-5.59921
control,complex_000193,complex_000292,2,-6.86708
control,complex_000193,complex_000292,3,-4.7052
control,complex_000193,complex_000292,4,-4.66177
control,complex_000193,complex_000292,5,-6.77828
control,complex_000193,complex_000292,6,-5.34126
control,complex_000193,complex_000292,7,-7.68041
control,complex_000193,complex_000292,8,-6.46825
control,complex_000193,complex_000292,9,-4.50295
control,complex_000193,complex_000292,10,-5.41291
control,complex_000193,complex_000292,11,-5.54632
control,complex_000193,complex_000292,12,-6.71843
control,complex_000193,complex_000292,13,-7.35342
control,complex_000193,complex_000292,14,-6.12826
control,complex_000193,complex_000292,15,-4.76431
control,complex_000193,complex_000292,16,-5.71103
control,complex_000193,complex_000292,17,-5.026
control,complex_000193,complex_000292,18,-6.56116
control,complex_000193,complex_000292,19,-6.01344
control,complex_000193,complex_000177,0,-7.23156
control,complex_000193,complex_000177,1,-6.83693
control,complex_000193,complex_000177,2,-8.54494
control,complex_000193,complex_000177,3,-5.27264
control,complex_000193,complex_000177,4,-5.27739
control,complex_000193,complex_000177,5,-8.28288
control,complex_000193,complex_000177,6,-5.94715
control,complex_000193,complex_000177,7,-8.95825
control,complex_000193,complex_000177,8,-6.82338
control,complex_000193,complex_000177,9,-5.28081
control,complex_000193,complex_000177,10,-6.46362
control,complex_000193,complex_000177,11,-6.16104
control,complex_000193,complex_000177,12,-7.56377
control,complex_000193,complex_000177,13,-8.70413
control,complex_000193,complex_000177,14,-6.66986
control,complex_000193,complex_000177,15,-5.61824
control,complex_000193,complex_000177,16,-6.75091
control,complex_000193,complex_000177,17,-6.21344
control,complex_000193,complex_000177,18,-6.96888
control,complex_000193,complex_000177,19,-7.11119
control,complex_000191,complex_000069,0,-6.57065
control,complex_000191,complex_000069,1,-6.29521
control,complex_000191,complex_000069,2,-8.69752
control,complex_000191,complex_000069,3,-9.66572
control,complex_000191,complex_000069,4,-5.37685
control,complex_000191,complex_000069,5,-7.87987
control,complex_000191,complex_000069,6,-5.69511
control,complex_000191,complex_000069,7,-6.41864
control,complex_000191,complex_000069,8,-5.20356
control,complex_000191,complex_000069,9,-7.62358
control,complex_000191,complex_000069,10,-7.43998
control,complex_000191,complex_000069,11,-8.84559
control,complex_000191,complex_000069,12,-6.60949
control,complex_000191,complex_000069,13,-5.60284
control,complex_000191,complex_000069,14,-4.82452
control,complex_000191,complex_000069,15,-6.21551
control,complex_000191,complex_000069,16,-8.56952
control,complex_000191,complex_000069,17,-6.5086
control,complex_000191,complex_000069,18,-5.46754
control,complex_000191,complex_000069,19,-5.55388
control,complex_000223,complex_000191,0,-5.60905
control,complex_000223,complex_000191,1,-3.21269
control,complex_000223,complex_000191,2,-5.8585
control,complex_000223,complex_000191,3,-6.05869
control,complex_000223,complex_000191,4,-5.99432
control,complex_000223,complex_000191,5,-4.23676
control,complex_000223,complex_000191,6,-4.08851
control,complex_000223,complex_000191,7,-3.98275
control,complex_000223,complex_000191,8,-4.96001
control,complex_000223,complex_000191,9,-4.98369
control,complex_000223,complex_000191,10,-6.0961
control,complex_000223,complex_000191,11,-5.79472
control,complex_000223,complex_000191,12,-4.82574
control,complex_000223,complex_000191,13,-5.70061
control,complex_000223,complex_000191,14,-4.27001
control,complex_000223,complex_000191,15,-4.75137
control,complex_000223,complex_000191,16,-4.34661
control,complex_000223,complex_000191,17,-5.60062
control,complex_000223,complex_000191,18,-5.78476
control,complex_000223,complex_000191,19,-7.00257
control,complex_000179,complex_000141,0,-6.68109
control,complex_000179,complex_000141,1,-6.51777
control,complex_000179,complex_000141,2,-8.65693
control,complex_000179,complex_000141,3,-6.42948
control,complex_000179,complex_000141,4,-6.13087
control,complex_000179,complex_000141,5,-5.37583
control,complex_000179,complex_000141,6,-6.69153
control,complex_000179,complex_000141,7,-4.5097
control,complex_000179,complex_000141,8,-6.96223
control,complex_000179,complex_000141,9,-7.53273
control,complex_000179,complex_000141,10,-7.76374
control,complex_000179,complex_000141,11,-7.80308
control,complex_000179,complex_000141,12,-6.71344
control,complex_000179,complex_000141,13,-8.91264
control,complex_000179,complex_000141,14,-5.94721
control,complex_000179,complex_000141,15,-7.09593
control,complex_000179,complex_000141,16,-6.13032
control,complex_000179,complex_000141,17,-6.74949
control,complex_000179,complex_000141,18,-7.58359
control,complex_000179,complex_000141,19,-7.58075
control,complex_000191,complex_000140,0,-6.78573
control,complex_000191,complex_000140,1,-6.78423
control,complex_000191,complex_000140,2,-8.69233
control,complex_000191,complex_000140,3,-9.38378
control,complex_000191,complex_000140,4,-5.73808
control,complex_000191,complex_000140,5,-8.39523
control,complex_000191,complex_000140,6,-6.33429
control,complex_000191,complex_000140,7,-6.5775
control,complex_000191,complex_000140,8,-5.52396
control,complex_000191,complex_000140,9,-6.86423
control,complex_000191,complex_000140,10,-6.6095
control,complex_000191,complex_000140,11,-9.13721
control,complex_000191,complex_000140,12,-6.48618
control,complex_000191,complex_000140,13,-5.19196
control,complex_000191,complex_000140,14,-4.75495
control,complex_000191,complex_000140,15,-6.74751
control,complex_000191,complex_000140,16,-9.06766
control,complex_000191,complex_000140,17,-7.06729
control,complex_000191,complex_000140,18,-5.5102
control,complex_000191,complex_000140,19,-6.18584
control,complex_000223,complex_000223,0,-5.9417
control,complex_000223,complex_000223,1,-2.86414
control,complex_000223,complex_000223,2,-5.71681
control,complex_000223,complex_000223,3,-5.43397
control,complex_000223,complex_000223,4,-5.37613
control,complex_000223,complex_000223,5,-3.82064
control,complex_000223,complex_000223,6,-3.69516
control,complex_000223,complex_000223,7,-3.55235
control,complex_000223,complex_000223,8,-5.35644
control,complex_000223,complex_000223,9,-4.71772
control,complex_000223,complex_000223,10,-6.11586
control,complex_000223,complex_000223,11,-5.92855
control,complex_000223,complex_000223,12,-3.72582
control,complex_000223,complex_000223,13,-4.97201
control,complex_000223,complex_000223,14,-3.71537
control,complex_000223,complex_000223,15,-4.46428
control,complex_000223,complex_000223,16,-3.86709
control,complex_000223,complex_000223,17,-5.40516
control,complex_000223,complex_000223,18,-5.80982
control,complex_000223,complex_000223,19,-6.58945
control,complex_000223,complex_000085,0,-9.42233
control,complex_000223,complex_000085,1,-3.85146
control,complex_000223,complex_000085,2,-8.76294
control,complex_000223,complex_000085,3,-10.19603
control,complex_000223,complex_000085,4,-8.20622
control,complex_000223,complex_000085,5,-5.05302
control,complex_000223,complex_000085,6,-4.86862
control,complex_000223,complex_000085,7,-4.07406
control,complex_000223,complex_000085,8,-8.00144
control,complex_000223,complex_000085,9,-5.31248
control,complex_000223,complex_000085,10,-9.8827
control,complex_000223,complex_000085,11,-9.57235
control,complex_000223,complex_000085,12,-4.34048
control,complex_000223,complex_000085,13,-6.59208
control,complex_000223,complex_000085,14,-5.41228
control,complex_000223,complex_000085,15,-7.31506
control,complex_000223,complex_000085,16,-5.24719
control,complex_000223,complex_000085,17,-7.96881
control,complex_000223,complex_000085,18,-9.22
control,complex_000223,complex_000085,19,-10.08756
control,complex_000179,complex_000472,0,-8.94755
control,complex_000179,complex_000472,1,-9.43061
control,complex_000179,complex_000472,2,-9.69101
control,complex_000179,complex_000472,3,-7.49783
control,complex_000179,complex_000472,4,-7.87874
control,complex_000179,complex_000472,5,-6.21241
control,complex_000179,complex_000472,6,-7.71627
control,complex_000179,complex_000472,7,-5.8174
control,complex_000179,complex_000472,8,-8.76686
control,complex_000179,complex_000472,9,-9.62188
control,complex_000179,complex_000472,10,-8.52608
control,complex_000179,complex_000472,11,-9.44747
control,complex_000179,complex_000472,12,-7.87028
control,complex_000179,complex_000472,13,-10.77926
control,complex_000179,complex_000472,14,-6.3928
control,complex_000179,complex_000472,15,-8.13179
control,complex_000179,complex_000472,16,-7.52835
control,complex_000179,complex_000472,17,-7.73951
control,complex_000179,complex_000472,18,-8.34673
control,complex_000179,complex_000472,19,-8.93933
control,complex_000191,complex_000191,0,-4.88608
control,complex_000191,complex_000191,1,-4.75607
control,complex_000191,complex_000191,2,-5.68664
control,complex_000191,complex_000191,3,-6.73529
control,complex_000191,complex_000191,4,-4.50256
control,complex_000191,complex_000191,5,-5.58611
control,complex_000191,complex_000191,6,-4.14606
control,complex_000191,complex_000191,7,-4.4248
control,complex_000191,complex_000191,8,-4.00369
control,complex_000191,complex_000191,9,-4.73302
control,complex_000191,complex_000191,10,-4.44109
control,complex_000191,complex_000191,11,-7.46995
control,complex_000191,complex_000191,12,-4.30251
control,complex_000191,complex_000191,13,-4.7587
control,complex_000191,complex_000191,14,-4.37253
control,complex_000191,complex_000191,15,-5.01421
control,complex_000191,complex_000191,16,-6.52604
control,complex_000191,complex_000191,17,-4.76801
control,complex_000191,complex_000191,18,-4.59723
control,complex_000191,complex_000191,19,-4.16851
control,complex_000179,complex_000179,0,-9.24488
control,complex_000179,complex_000179,1,-9.44478
control,complex_000179,complex_000179,2,-11.44696
control,complex_000179,complex_000179,3,-8.03543
control,complex_000179,complex_000179,4,-7.89905
control,complex_000179,complex_000179,5,-5.94193
control,complex_000179,complex_000179,6,-8.5866
control,complex_000179,complex_000179,7,-6.03271
control,complex_000179,complex_000179,8,-8.81357
control,complex_000179,complex_000179,9,-9.33725
control,complex_000179,complex_000179,10,-9.70293
control,complex_000179,complex_000179,11,-9.48787
control,complex_000179,complex_000179,12,-8.15454
control,complex_000179,complex_000179,13,-9.6438
control,complex_000179,complex_000179,14,-6.71882
control,complex_000179,complex_000179,15,-9.18977
control,complex_000179,complex_000179,16,-7.38708
control,complex_000179,complex_000179,17,-7.6678
control,complex_000179,complex_000179,18,-9.5869
control,complex_000179,complex_000179,19,-8.7477
control,complex_000191,complex_000026,0,-5.66425
control,complex_000191,complex_000026,1,-5.84428
control,complex_000191,complex_000026,2,-7.63959
control,complex_000191,complex_000026,3,-8.05793
control,complex_000191,complex_000026,4,-5.28072
control,complex_000191,complex_000026,5,-7.11353
control,complex_000191,complex_000026,6,-5.09357
control,complex_000191,complex_000026,7,-5.88158
control,complex_000191,complex_000026,8,-4.57876
control,complex_000191,complex_000026,9,-6.48071
control,complex_000191,complex_000026,10,-6.34135
control,complex_000191,complex_000026,11,-7.92789
control,complex_000191,complex_000026,12,-5.93615
control,complex_000191,complex_000026,13,-5.50071
control,complex_000191,complex_000026,14,-4.86778
control,complex_000191,complex_000026,15,-5.66874
control,complex_000191,complex_000026,16,-7.44286
control,complex_000191,complex_000026,17,-5.67033
control,complex_000191,complex_000026,18,-5.18377
control,complex_000191,complex_000026,19,-4.80865
control,complex_000223,complex_000026,0,-7.29248
control,complex_000223,complex_000026,1,-3.42798
control,complex_000223,complex_000026,2,-8.56414
control,complex_000223,complex_000026,3,-8.65817
control,complex_000223,complex_000026,4,-7.07323
control,complex_000223,complex_000026,5,-5.16527
control,complex_000223,complex_000026,6,-4.53221
control,complex_000223,complex_000026,7,-4.09284
control,complex_000223,complex_000026,8,-6.83037
control,complex_000223,complex_000026,9,-5.08203
control,complex_000223,complex_000026,10,-7.98931
control,complex_000223,complex_000026,11,-8.68111
control,complex_000223,complex_000026,12,-4.46792
control,complex_000223,complex_000026,13,-6.2293
control,complex_000223,complex_000026,14,-4.96363
control,complex_000223,complex_000026,15,-6.72329
control,complex_000223,complex_000026,16,-4.71541
control,complex_000223,complex_000026,17,-7.2031
control,complex_000223,complex_000026,18,-7.96336
control,complex_000223,complex_000026,19,-8.98885
control,complex_000179,complex_000305,0,-10.90355
control,complex_000179,complex_000305,1,-8.89146
control,complex_000179,complex_000305,2,-4.9469
control,complex_000179,complex_000305,3,-8.12773
control,complex_000179,complex_000305,4,-7.7237
control,complex_000179,complex_000305,5,-6.06758
control,complex_000179,complex_000305,6,-7.78584
control,complex_000179,complex_000305,7,-5.65136
control,complex_000179,complex_000305,8,-9.12696
control,complex_000179,complex_000305,9,-10.11067
control,complex_000179,complex_000305,10,-9.11629
control,complex_000179,complex_000305,11,-10.02942
control,complex_000179,complex_000305,12,-8.18621
control,complex_000179,complex_000305,13,-11.81908
control,complex_000179,complex_000305,14,-5.92057
control,complex_000179,complex_000305,15,-8.8573
control,complex_000179,complex_000305,16,-7.99097
control,complex_000179,complex_000305,17,-8.2232
control,complex_000179,complex_000305,18,-9.14507
control,complex_000179,complex_000305,19,-8.87705
control,complex_000292,complex_000140,0,-5.99559
control,complex_000292,complex_000140,1,-5.62459
control,complex_000292,complex_000140,2,-5.13373
control,complex_000292,complex_000140,3,-5.96765
control,complex_000292,complex_000140,4,-9.95475
control,complex_000292,complex_000140,5,-9.49166
control,complex_000292,complex_000140,6,-7.15947
control,complex_000292,complex_000140,7,-5.41542
control,complex_000292,complex_000140,8,-8.88435
control,complex_000292,complex_000140,9,-6.66639
control,complex_000292,complex_000140,10,-9.76317
control,complex_000292,complex_000140,11,-8.1521
control,complex_000292,complex_000140,12,-5.15075
control,complex_000292,complex_000140,13,-5.4127
control,complex_000292,complex_000140,14,-5.02669
control,complex_000292,complex_000140,15,-8.01134
control,complex_000292,complex_000140,16,-5.04506
control,complex_000292,complex_000140,17,-8.08778
control,complex_000292,complex_000140,18,-6.31604
control,complex_000292,complex_000140,19,-7.49359
control,complex_000266,complex_000266,0,-5.85274
control,complex_000266,complex_000266,1,-6.72864
control,complex_000266,complex_000266,2,-6.30718
control,complex_000266,complex_000266,3,-6.96865
control,complex_000266,complex_000266,4,-9.09796
control,complex_000266,complex_000266,5,-10.32588
control,complex_000266,complex_000266,6,-5.57896
control,complex_000266,complex_000266,7,-7.88392
control,complex_000266,complex_000266,8,-7.98808
control,complex_000266,complex_000266,9,-9.00328
control,complex_000266,complex_000266,10,-7.61045
control,complex_000266,complex_000266,11,-8.84604
control,complex_000266,complex_000266,12,-9.06941
control,complex_000266,complex_000266,13,-8.66957
control,complex_000266,complex_000266,14,-6.93746
control,complex_000266,complex_000266,15,-7.34376
control,complex_000266,complex_000266,16,-7.3408
control,complex_000266,complex_000266,17,-8.14342
control,complex_000266,complex_000266,18,-7.1414
control,complex_000266,complex_000266,19,-8.1838
control,complex_000269,complex_000085,0,-8.40661
control,complex_000269,complex_000085,1,-4.99043
control,complex_000269,complex_000085,2,-9.78692
control,complex_000269,complex_000085,3,-9.02335
control,complex_000269,complex_000085,4,-9.13352
control,complex_000269,complex_000085,5,-7.38367
control,complex_000269,complex_000085,6,-5.25626
control,complex_000269,complex_000085,7,-9.06538
control,complex_000269,complex_000085,8,-10.98515
control,complex_000269,complex_000085,9,-5.36395
control,complex_000269,complex_000085,10,-5.46996
control,complex_000269,complex_000085,11,-6.11448
control,complex_000269,complex_000085,12,-6.64902
control,complex_000269,complex_000085,13,-9.42141
control,complex_000269,complex_000085,14,-8.61041
control,complex_000269,complex_000085,15,-5.07378
control,complex_000269,complex_000085,16,-9.23138
control,complex_000269,complex_000085,17,-6.51853
control,complex_000269,complex_000085,18,-8.81838
control,complex_000269,complex_000085,19,-8.12743
control,complex_000292,complex_000292,0,-4.71677
control,complex_000292,complex_000292,1,-5.23959
control,complex_000292,complex_000292,2,-4.71893
control,complex_000292,complex_000292,3,-5.10876
control,complex_000292,complex_000292,4,-7.48861
control,complex_000292,complex_000292,5,-7.21713
control,complex_000292,complex_000292,6,-5.94104
control,complex_000292,complex_000292,7,-4.88866
control,complex_000292,complex_000292,8,-6.61737
control,complex_000292,complex_000292,9,-5.61887
control,complex_000292,complex_000292,10,-8.11044
control,complex_000292,complex_000292,11,-6.82548
control,complex_000292,complex_000292,12,-4.40973
control,complex_000292,complex_000292,13,-5.39583
control,complex_000292,complex_000292,14,-4.84468
control,complex_000292,complex_000292,15,-7.43947
control,complex_000292,complex_000292,16,-4.64594
control,complex_000292,complex_000292,17,-7.64089
control,complex_000292,complex_000292,18,-4.95127
control,complex_000292,complex_000292,19,-6.168
control,complex_000292,complex_000117,0,-5.60228
control,complex_000292,complex_000117,1,-5.63455
control,complex_000292,complex_000117,2,-5.71281
control,complex_000292,complex_000117,3,-5.71503
control,complex_000292,complex_000117,4,-8.75649
control,complex_000292,complex_000117,5,-8.01316
control,complex_000292,complex_000117,6,-7.19088
control,complex_000292,complex_000117,7,-5.61379
control,complex_000292,complex_000117,8,-8.23715
control,complex_000292,complex_000117,9,-6.55997
control,complex_000292,complex_000117,10,-9.61815
control,complex_000292,complex_000117,11,-7.76689
control,complex_000292,complex_000117,12,-5.9742
control,complex_000292,complex_000117,13,-5.88477
control,complex_000292,complex_000117,14,-6.01257
control,complex_000292,complex_000117,15,-6.85794
control,complex_000292,complex_000117,16,-5.09685
control,complex_000292,complex_000117,17,-8.56569
control,complex_000292,complex_000117,18,-6.10961
control,complex_000292,complex_000117,19,-7.48826
control,complex_000292,complex_000223,0,-4.50103
control,complex_000292,complex_000223,1,-4.70519
control,complex_000292,complex_000223,2,-4.68645
control,complex_000292,complex_000223,3,-4.25896
control,complex_000292,complex_000223,4,-6.3548
control,complex_000292,complex_000223,5,-6.45569
control,complex_000292,complex_000223,6,-5.94612
control,complex_000292,complex_000223,7,-4.46299
control,complex_000292,complex_000223,8,-6.04745
control,complex_000292,complex_000223,9,-4.63714
control,complex_000292,complex_000223,10,-7.49458
control,complex_000292,complex_000223,11,-5.80238
control,complex_000292,complex_000223,12,-4.33103
control,complex_000292,complex_000223,13,-4.82054
control,complex_000292,complex_000223,14,-4.54537
control,complex_000292,complex_000223,15,-5.47369
control,complex_000292,complex_000223,16,-4.39127
control,complex_000292,complex_000223,17,-6.05
control,complex_000292,complex_000223,18,-4.92667
control,complex_000292,complex_000223,19,-5.39212
control,complex_000266,complex_000426,0,-5.17845
control,complex_000266,complex_000426,1,-7.51312
control,complex_000266,complex_000426,2,-6.74708
control,complex_000266,complex_000426,3,-7.06579
control,complex_000266,complex_000426,4,-10.06288
control,complex_000266,complex_000426,5,-10.46957
control,complex_000266,complex_000426,6,-5.1651
control,complex_000266,complex_000426,7,-7.1948
control,complex_000266,complex_000426,8,-8.14102
control,complex_000266,complex_000426,9,-8.83078
control,complex_000266,complex_000426,10,-8.15047
control,complex_000266,complex_000426,11,-9.52533
control,complex_000266,complex_000426,12,-8.7668
control,complex_000266,complex_000426,13,-9.01711
control,complex_000266,complex_000426,14,-6.5679
control,complex_000266,complex_000426,15,-6.36149
control,complex_000266,complex_000426,16,-6.39837
control,complex_000266,complex_000426,17,-8.43635
control,complex_000266,complex_000426,18,-7.74544
control,complex_000266,complex_000426,19,-8.42718
control,complex_000266,complex_000026,0,-5.33797
control,complex_000266,complex_000026,1,-6.59964
control,complex_000266,complex_000026,2,-7.21829
control,complex_000266,complex_000026,3,-6.5361
control,complex_000266,complex_000026,4,-9.43005
control,complex_000266,complex_000026,5,-8.3145
control,complex_000266,complex_000026,6,-5.40595
control,complex_000266,complex_000026,7,-7.28927
control,complex_000266,complex_000026,8,-7.94627
control,complex_000266,complex_000026,9,-8.60861
control,complex_000266,complex_000026,10,-7.36984
control,complex_000266,complex_000026,11,-9.67414
control,complex_000266,complex_000026,12,-7.25367
control,complex_000266,complex_000026,13,-7.96455
control,complex_000266,complex_000026,14,-6.62894
control,complex_000266,complex_000026,15,-7.26924
control,complex_000266,complex_000026,16,-6.64049
control,complex_000266,complex_000026,17,-8.5265
control,complex_000266,complex_000026,18,-7.47767
control,complex_000266,complex_000026,19,-8.21702
control,complex_000269,complex_000191,0,-5.85948
control,complex_000269,complex_000191,1,-4.6458
control,complex_000269,complex_000191,2,-7.00502
control,complex_000269,complex_000191,3,-5.15372
control,complex_000269,complex_000191,4,-6.70738
control,complex_000269,complex_000191,5,-5.40316
control,complex_000269,complex_000191,6,-4.53428
control,complex_000269,complex_000191,7,-6.04774
control,complex_000269,complex_000191,8,-6.75862
control,complex_000269,complex_000191,9,-4.62225
control,complex_000269,complex_000191,10,-5.19588
control,complex_000269,complex_000191,11,-5.81334
control,complex_000269,complex_000191,12,-5.49017
control,complex_000269,complex_000191,13,-8.07612
control,complex_000269,complex_000191,14,-4.9977
control,complex_000269,complex_000191,15,-4.10148
control,complex_000269,complex_000191,16,-6.83925
control,complex_000269,complex_000191,17,-4.74705
control,complex_000269,complex_000191,18,-5.06064
control,complex_000269,complex_000191,19,-5.58164
control,complex_000266,complex_000540,0,-5.23646
control,complex_000266,complex_000540,1,-6.41243
control,complex_000266,complex_000540,2,-6.99763
control,complex_000266,complex_000540,3,-6.8201
control,complex_000266,complex_000540,4,-9.36579
control,complex_000266,complex_000540,5,-8.59861
control,complex_000266,complex_000540,6,-5.28993
control,complex_000266,complex_000540,7,-7.54878
control,complex_000266,complex_000540,8,-8.65126
control,complex_000266,complex_000540,9,-9.17123
control,complex_000266,complex_000540,10,-7.6501
control,complex_000266,complex_000540,11,-8.82104
control,complex_000266,complex_000540,12,-7.85737
control,complex_000266,complex_000540,13,-9.06215
control,complex_000266,complex_000540,14,-6.7731
control,complex_000266,complex_000540,15,-6.72865
control,complex_000266,complex_000540,16,-6.75698
control,complex_000266,complex_000540,17,-8.4181
control,complex_000266,complex_000540,18,-7.05537
control,complex_000266,complex_000540,19,-8.59912
control,complex_000236,complex_000236,0,-6.33313
control,complex_000236,complex_000236,1,-9.0252
control,complex_000236,complex_000236,2,-8.27311
control,complex_000236,complex_000236,3,-8.97792
control,complex_000236,complex_000236,4,-8.75363
control,complex_000236,complex_000236,5,-8.31396
control,complex_000236,complex_000236,6,-10.21562
control,complex_000236,complex_000236,7,-9.59938
control,complex_000236,complex_000236,8,-6.6033
control,complex_000236,complex_000236,9,-6.72614
control,complex_000236,complex_000236,10,-8.04084
control,complex_000236,complex_000236,11,-8.59174
control,complex_000236,complex_000236,12,-9.06139
control,complex_000236,complex_000236,13,-9.35529
control,complex_000236,complex_000236,14,-10.81215
control,complex_000236,complex_000236,15,-9.02298
control,complex_000236,complex_000236,16,-6.90226
control,complex_000236,complex_000236,17,-8.05591
control,complex_000236,complex_000236,18,-8.34419
control,complex_000236,complex_000236,19,-10.55416
control,complex_000236,complex_000506,0,-5.46423
control,complex_000236,complex_000506,1,-7.4622
control,complex_000236,complex_000506,2,-6.57797
control,complex_000236,complex_000506,3,-6.75094
control,complex_000236,complex_000506,4,-7.55263
control,complex_000236,complex_000506,5,-7.28444
control,complex_000236,complex_000506,6,-6.65441
control,complex_000236,complex_000506,7,-7.44117
control,complex_000236,complex_000506,8,-5.67825
control,complex_000236,complex_000506,9,-5.66452
control,complex_000236,complex_000506,10,-7.16709
control,complex_000236,complex_000506,11,-7.80304
control,complex_000236,complex_000506,12,-7.41452
control,complex_000236,complex_000506,13,-6.84775
control,complex_000236,complex_000506,14,-8.37201
control,complex_000236,complex_000506,15,-7.34243
control,complex_000236,complex_000506,16,-5.15169
control,complex_000236,complex_000506,17,-6.54811
control,complex_000236,complex_000506,18,-9.21162
control,complex_000236,complex_000506,19,-7.34771
control,complex_000236,complex_000292,0,-5.46565
control,complex_000236,complex_000292,1,-7.09009
control,complex_000236,complex_000292,2,-7.46661
control,complex_000236,complex_000292,3,-7.40811
control,complex_000236,complex_000292,4,-7.73493
control,complex_000236,complex_000292,5,-6.52981
control,complex_000236,complex_000292,6,-7.28555
control,complex_000236,complex_000292,7,-7.50547
control,complex_000236,complex_000292,8,-6.93881
control,complex_000236,complex_000292,9,-6.20785
control,complex_000236,complex_000292,10,-6.92064
control,complex_000236,complex_000292,11,-6.65272
control,complex_000236,complex_000292,12,-7.53405
control,complex_000236,complex_000292,13,-7.17344
control,complex_000236,complex_000292,14,-7.54876
control,complex_000236,complex_000292,15,-8.06752
control,complex_000236,complex_000292,16,-5.4958
control,complex_000236,complex_000292,17,-7.34597
control,complex_000236,complex_000292,18,-7.68886
control,complex_000236,complex_000292,19,-8.35188
control,complex_000269,complex_000363,0,-8.17716
control,complex_000269,complex_000363,1,-5.16855
control,complex_000269,complex_000363,2,-9.98966
control,complex_000269,complex_000363,3,-3.61275
control,complex_000269,complex_000363,4,-9.08926
control,complex_000269,complex_000363,5,-8.02805
control,complex_000269,complex_000363,6,-5.90678
control,complex_000269,complex_000363,7,-9.76425
control,complex_000269,complex_000363,8,-10.38395
control,complex_000269,complex_000363,9,-5.12369
control,complex_000269,complex_000363,10,-5.95876
control,complex_000269,complex_000363,11,-6.93739
control,complex_000269,complex_000363,12,-6.54631
control,complex_000269,complex_000363,13,-9.95938
control,complex_000269,complex_000363,14,-8.06786
control,complex_000269,complex_000363,15,-5.39977
control,complex_000269,complex_000363,16,-9.13003
control,complex_000269,complex_000363,17,-6.52871
control,complex_000269,complex_000363,18,-8.96137
control,complex_000269,complex_000363,19,-7.9565
control,complex_000269,complex_000269,0,-6.57568
control,complex_000269,complex_000269,1,-5.23413
control,complex_000269,complex_000269,2,-7.03401
control,complex_000269,complex_000269,3,-7.36438
control,complex_000269,complex_000269,4,-6.51155
control,complex_000269,complex_000269,5,-7.06826
control,complex_000269,complex_000269,6,-4.90689
control,complex_000269,complex_000269,7,-5.75776
control,complex_000269,complex_000269,8,-7.57661
control,complex_000269,complex_000269,9,-6.23765
control,complex_000269,complex_000269,10,-5.05919
control,complex_000269,complex_000269,11,-6.35254
control,complex_000269,complex_000269,12,-5.1958
control,complex_000269,complex_000269,13,-7.06326
control,complex_000269,complex_000269,14,-7.00813
control,complex_000269,complex_000269,15,-4.94978
control,complex_000269,complex_000269,16,-6.76921
control,complex_000269,complex_000269,17,-5.54036
control,complex_000269,complex_000269,18,-5.51083
control,complex_000269,complex_000269,19,-5.7801
control,complex_000236,complex_000305,0,-6.51554
control,complex_000236,complex_000305,1,-9.03112
control,complex_000236,complex_000305,2,-8.87374
control,complex_000236,complex_000305,3,-9.51118
control,complex_000236,complex_000305,4,-9.36376
control,complex_000236,complex_000305,5,-9.8589
control,complex_000236,complex_000305,6,-8.67145
control,complex_000236,complex_000305,7,-9.15205
control,complex_000236,complex_000305,8,-7.47152
control,complex_000236,complex_000305,9,-7.89228
control,complex_000236,complex_000305,10,-9.13691
control,complex_000236,complex_000305,11,-10.4402
control,complex_000236,complex_000305,12,-9.61974
control,complex_000236,complex_000305,13,-9.52963
control,complex_000236,complex_000305,14,-10.909
control,complex_000236,complex_000305,15,-10.97264
control,complex_000236,complex_000305,16,-7.01992
control,complex_000236,complex_000305,17,-8.87743
control,complex_000236,complex_000305,18,-9.21346
control,complex_000236,complex_000305,19,-10.13269
control,complex_000305,complex_000472,0,-5.65029
control,complex_000305,complex_000472,1,-7.41838
control,complex_000305,complex_000472,2,-8.90058
control,complex_000305,complex_000472,3,-6.31861
control,complex_000305,complex_000472,4,-7.63394
control,complex_000305,complex_000472,5,-9.13831
control,complex_000305,complex_000472,6,-6.05387
control,complex_000305,complex_000472,7,-9.36355
control,complex_000305,complex_000472,8,-8.86387
control,complex_000305,complex_000472,9,-7.52793
control,complex_000305,complex_000472,10,-10.24837
control,complex_000305,complex_000472,11,-9.13875
control,complex_000305,complex_000472,12,-7.69673
control,complex_000305,complex_000472,13,-8.45422
control,complex_000305,complex_000472,14,-6.60908
control,complex_000305,complex_000472,15,-7.60833
control,complex_000305,complex_000472,16,-8.79447
control,complex_000305,complex_000472,17,-11.029
control,complex_000305,complex_000472,18,-13.27316
control,complex_000305,complex_000472,19,-9.72176
control,complex_000335,complex_000335,0,-5.22869
control,complex_000335,complex_000335,1,-4.82083
control,complex_000335,complex_000335,2,-6.74616
control,complex_000335,complex_000335,3,-6.06417
control,complex_000335,complex_000335,4,-7.04659
control,complex_000335,complex_000335,5,-4.99167
control,complex_000335,complex_000335,6,-6.42397
control,complex_000335,complex_000335,7,-4.74298
control,complex_000335,complex_000335,8,-5.58327
control,complex_000335,complex_000335,9,-4.48382
control,complex_000335,complex_000335,10,-4.7469
control,complex_000335,complex_000335,11,-6.4163
control,complex_000335,complex_000335,12,-5.09304
control,complex_000335,complex_000335,13,-5.611
control,complex_000335,complex_000335,14,-4.40175
control,complex_000335,complex_000335,15,-4.94736
control,complex_000335,complex_000335,16,-4.56582
control,complex_000335,complex_000335,17,-6.01975
control,complex_000335,complex_000335,18,-5.98732
control,complex_000335,complex_000335,19,-6.69193
control,complex_000305,complex_000236,0,-5.92936
control,complex_000305,complex_000236,1,-6.98809
control,complex_000305,complex_000236,2,-8.36718
control,complex_000305,complex_000236,3,-5.79894
control,complex_000305,complex_000236,4,-7.43656
control,complex_000305,complex_000236,5,-7.58821
control,complex_000305,complex_000236,6,-6.30207
control,complex_000305,complex_000236,7,-9.29171
control,complex_000305,complex_000236,8,-8.58187
control,complex_000305,complex_000236,9,-6.78871
control,complex_000305,complex_000236,10,-10.08323
control,complex_000305,complex_000236,11,-8.94218
control,complex_000305,complex_000236,12,-7.0439
control,complex_000305,complex_000236,13,-7.34645
control,complex_000305,complex_000236,14,-6.7393
control,complex_000305,complex_000236,15,-7.5777
control,complex_000305,complex_000236,16,-8.45789
control,complex_000305,complex_000236,17,-10.46176
control,complex_000305,complex_000236,18,-11.15738
control,complex_000305,complex_000236,19,-9.37662
control,complex_000305,complex_000305,0,-6.12029
control,complex_000305,complex_000305,1,-8.06034
control,complex_000305,complex_000305,2,-9.14891
control,complex_000305,complex_000305,3,-5.95071
control,complex_000305,complex_000305,4,-7.36463
control,complex_000305,complex_000305,5,-8.51066
control,complex_000305,complex_000305,6,-6.21146
control,complex_000305,complex_000305,7,-8.535
control,complex_000305,complex_000305,8,-8.72391
control,complex_000305,complex_000305,9,-6.72708
control,complex_000305,complex_000305,10,-10.30266
control,complex_000305,complex_000305,11,-9.44898
control,complex_000305,complex_000305,12,-7.29741
control,complex_000305,complex_000305,13,-8.25345
control,complex_000305,complex_000305,14,-6.81457
control,complex_000305,complex_000305,15,-7.91308
control,complex_000305,complex_000305,16,-9.68819
control,complex_000305,complex_000305,17,-9.74621
control,complex_000305,complex_000305,18,-11.69584
control,complex_000305,complex_000305,19,-10.17579
control,complex_000335,complex_000140,0,-7.06856
control,complex_000335,complex_000140,1,-5.56503
control,complex_000335,complex_000140,2,-8.82161
control,complex_000335,complex_000140,3,-8.03308
control,complex_000335,complex_000140,4,-7.95778
control,complex_000335,complex_000140,5,-6.33952
control,complex_000335,complex_000140,6,-7.67295
control,complex_000335,complex_000140,7,-5.58305
control,complex_000335,complex_000140,8,-6.4082
control,complex_000335,complex_000140,9,-4.92871
control,complex_000335,complex_000140,10,-5.55595
control,complex_000335,complex_000140,11,-7.90333
control,complex_000335,complex_000140,12,-5.13255
control,complex_000335,complex_000140,13,-6.56753
control,complex_000335,complex_000140,14,-4.81946
control,complex_000335,complex_000140,15,-5.54016
control,complex_000335,complex_000140,16,-5.16746
control,complex_000335,complex_000140,17,-7.76629
control,complex_000335,complex_000140,18,-6.96669
control,complex_000335,complex_000140,19,-8.41617
control,complex_000305,complex_000403,0,-5.64915
control,complex_000305,complex_000403,1,-6.87532
control,complex_000305,complex_000403,2,-9.09981
control,complex_000305,complex_000403,3,-5.90625
control,complex_000305,complex_000403,4,-6.81017
control,complex_000305,complex_000403,5,-7.66074
control,complex_000305,complex_000403,6,-5.90359
control,complex_000305,complex_000403,7,-8.68013
control,complex_000305,complex_000403,8,-8.07059
control,complex_000305,complex_000403,9,-6.92568
control,complex_000305,complex_000403,10,-9.5855
control,complex_000305,complex_000403,11,-8.5778
control,complex_000305,complex_000403,12,-6.53329
control,complex_000305,complex_000403,13,-7.39942
control,complex_000305,complex_000403,14,-6.14485
control,complex_000305,complex_000403,15,-7.07014
control,complex_000305,complex_000403,16,-8.72907
control,complex_000305,complex_000403,17,-10.17259
control,complex_000305,complex_000403,18,-10.91449
control,complex_000305,complex_000403,19,-8.31867
control,complex_000335,complex_000145,0,-4.98919
control,complex_000335,complex_000145,1,-3.76548
control,complex_000335,complex_000145,2,-6.32637
control,complex_000335,complex_000145,3,-6.32797
control,complex_000335,complex_000145,4,-6.0997
control,complex_000335,complex_000145,5,-4.63663
control,complex_000335,complex_000145,6,-5.45093
control,complex_000335,complex_000145,7,-4.27059
control,complex_000335,complex_000145,8,-5.10551
control,complex_000335,complex_000145,9,-3.96112
control,complex_000335,complex_000145,10,-4.11365
control,complex_000335,complex_000145,11,-5.16474
control,complex_000335,complex_000145,12,-4.02884
control,complex_000335,complex_000145,13,-4.21915
control,complex_000335,complex_000145,14,-3.66064
control,complex_000335,complex_000145,15,-4.39751
control,complex_000335,complex_000145,16,-4.0076
control,complex_000335,complex_000145,17,-5.32328
control,complex_000335,complex_000145,18,-4.92851
control,complex_000335,complex_000145,19,-5.83677
control,complex_000335,complex_000394,0,-6.66795
control,complex_000335,complex_000394,1,-5.46434
control,complex_000335,complex_000394,2,-8.56257
control,complex_000335,complex_000394,3,-7.37696
control,complex_000335,complex_000394,4,-9.30292
control,complex_000335,complex_000394,5,-5.77894
control,complex_000335,complex_000394,6,-7.51967
control,complex_000335,complex_000394,7,-5.57949
control,complex_000335,complex_000394,8,-6.54528
control,complex_000335,complex_000394,9,-4.71397
control,complex_000335,complex_000394,10,-5.34694
control,complex_000335,complex_000394,11,-7.51885
control,complex_000335,complex_000394,12,-5.22182
control,complex_000335,complex_000394,13,-6.881
control,complex_000335,complex_000394,14,-4.86913
control,complex_000335,complex_000394,15,-5.68968
control,complex_000335,complex_000394,16,-5.33098
control,complex_000335,complex_000394,17,-7.76211
control,complex_000335,complex_000394,18,-6.46831
control,complex_000335,complex_000394,19,-7.44333
control,complex_000363,complex_000363,0,-10.72417
control,complex_000363,complex_000363,1,-10.00638
control,complex_000363,complex_000363,2,-9.61071
control,complex_000363,complex_000363,3,-10.68866
control,complex_000363,complex_000363,4,-10.01941
control,complex_000363,complex_000363,5,-9.81553
control,complex_000363,complex_000363,6,-9.79982
control,complex_000363,complex_000363,7,-8.08863
control,complex_000363,complex_000363,8,-9.78782
control,complex_000363,complex_000363,9,-10.15941
control,complex_000363,complex_000363,10,-10.35257
control,complex_000363,complex_000363,11,-7.84577
control,complex_000363,complex_000363,12,-8.9582
control,complex_000363,complex_000363,13,-7.83735
control,complex_000363,complex_000363,14,-8.13601
control,complex_000363,complex_000363,15,-10.10571
control,complex_000363,complex_000363,16,-7.66103
control,complex_000363,complex_000363,17,-9.8112
control,complex_000363,complex_000363,18,-7.92715
control,complex_000363,complex_000363,19,-10.0274
control,complex_000363,complex_000145,0,-7.25697
control,complex_000363,complex_000145,1,-7.0882
control,complex_000363,complex_000145,2,-6.18945
control,complex_000363,complex_000145,3,-6.21857
control,complex_000363,complex_000145,4,-7.06124
control,complex_000363,complex_000145,5,-6.86917
control,complex_000363,complex_000145,6,-6.55408
control,complex_000363,complex_000145,7,-5.43901
control,complex_000363,complex_000145,8,-6.4681
control,complex_000363,complex_000145,9,-6.87396
control,complex_000363,complex_000145,10,-6.65648
control,complex_000363,complex_000145,11,-5.3313
control,complex_000363,complex_000145,12,-6.14171
control,complex_000363,complex_000145,13,-5.52952
control,complex_000363,complex_000145,14,-5.43193
control,complex_000363,complex_000145,15,-7.66271
control,complex_000363,complex_000145,16,-5.19691
control,complex_000363,complex_000145,17,-6.30271
control,complex_000363,complex_000145,18,-5.47995
control,complex_000363,complex_000145,19,-5.99705
control,complex_000363,complex_000473,0,-7.17646
control,complex_000363,complex_000473,1,-7.55933
control,complex_000363,complex_000473,2,-6.72433
control,complex_000363,complex_000473,3,-7.35209
control,complex_000363,complex_000473,4,-7.93833
control,complex_000363,complex_000473,5,-6.74955
control,complex_000363,complex_000473,6,-6.99376
control,complex_000363,complex_000473,7,-5.92152
control,complex_000363,complex_000473,8,-7.84287
control,complex_000363,complex_000473,9,-7.94857
control,complex_000363,complex_000473,10,-7.88075
control,complex_000363,complex_000473,11,-7.53885
control,complex_000363,complex_000473,12,-6.84247
control,complex_000363,complex_000473,13,-6.56915
control,complex_000363,complex_000473,14,-5.98226
control,complex_000363,complex_000473,15,-8.31816
control,complex_000363,complex_000473,16,-6.21459
control,complex_000363,complex_000473,17,-6.39649
control,complex_000363,complex_000473,18,-6.71812
control,complex_000363,complex_000473,19,-7.59772
control,complex_000363,complex_000193,0,-7.56064
control,complex_000363,complex_000193,1,-7.62386
control,complex_000363,complex_000193,2,-7.56351
control,complex_000363,complex_000193,3,-7.72664
control,complex_000363,complex_000193,4,-7.26197
control,complex_000363,complex_000193,5,-6.96968
control,complex_000363,complex_000193,6,-8.01416
control,complex_000363,complex_000193,7,-6.135
control,complex_000363,complex_000193,8,-7.91032
control,complex_000363,complex_000193,9,-8.49302
control,complex_000363,complex_000193,10,-7.15101
control,complex_000363,complex_000193,11,-6.97475
control,complex_000363,complex_000193,12,-7.07979
control,complex_000363,complex_000193,13,-6.48138
control,complex_000363,complex_000193,14,-7.10327
control,complex_000363,complex_000193,15,-7.97909
control,complex_000363,complex_000193,16,-6.42537
control,complex_000363,complex_000193,17,-6.88929
control,complex_000363,complex_000193,18,-6.30427
control,complex_000363,complex_000193,19,-6.7154
control,complex_000374,complex_000148,0,-7.0996
control,complex_000374,complex_000148,1,-8.2095
control,complex_000374,complex_000148,2,-6.04996
control,complex_000374,complex_000148,3,-6.64398
control,complex_000374,complex_000148,4,-6.15157
control,complex_000374,complex_000148,5,-7.51073
control,complex_000374,complex_000148,6,-7.18311
control,complex_000374,complex_000148,7,-8.78287
control,complex_000374,complex_000148,8,-5.32372
control,complex_000374,complex_000148,9,-8.76574
control,complex_000374,complex_000148,10,-6.81072
control,complex_000374,complex_000148,11,-5.83957
control,complex_000374,complex_000148,12,-7.05042
control,complex_000374,complex_000148,13,-6.12678
control,complex_000374,complex_000148,14,-7.26443
control,complex_000374,complex_000148,15,-6.38693
control,complex_000374,complex_000148,16,-10.27431
control,complex_000374,complex_000148,17,-10.03684
control,complex_000374,complex_000148,18,-9.71203
control,complex_000374,complex_000148,19,-7.71579
control,complex_000374,complex_000374,0,-7.50279
control,complex_000374,complex_000374,1,-9.22541
control,complex_000374,complex_000374,2,-6.59174
control,complex_000374,complex_000374,3,-7.30688
control,complex_000374,complex_000374,4,-7.458
control,complex_000374,complex_000374,5,-8.4731
control,complex_000374,complex_000374,6,-9.31123
control,complex_000374,complex_000374,7,-11.04033
control,complex_000374,complex_000374,8,-5.88373
control,complex_000374,complex_000374,9,-10.32836
control,complex_000374,complex_000374,10,-8.5331
control,complex_000374,complex_000374,11,-7.52385
control,complex_000374,complex_000374,12,-8.76231
control,complex_000374,complex_000374,13,-7.0084
control,complex_000374,complex_000374,14,-8.68013
control,complex_000374,complex_000374,15,-8.11322
control,complex_000374,complex_000374,16,-14.05741
control,complex_000374,complex_000374,17,-8.62886
control,complex_000374,complex_000374,18,-11.92747
control,complex_000374,complex_000374,19,-8.7495
control,complex_000374,complex_000069,0,-7.50735
control,complex_000374,complex_000069,1,-9.31656
control,complex_000374,complex_000069,2,-6.61615
control,complex_000374,complex_000069,3,-6.65319
control,complex_000374,complex_000069,4,-7.20325
control,complex_000374,complex_000069,5,-8.239
control,complex_000374,complex_000069,6,-8.71391
control,complex_000374,complex_000069,7,-9.35247
control,complex_000374,complex_000069,8,-5.77361
control,complex_000374,complex_000069,9,-9.29148
control,complex_000374,complex_000069,10,-7.15058
control,complex_000374,complex_000069,11,-7.1128
control,complex_000374,complex_000069,12,-8.35607
control,complex_000374,complex_000069,13,-6.94071
control,complex_000374,complex_000069,14,-8.16332
control,complex_000374,complex_000069,15,-7.73854
control,complex_000374,complex_000069,16,-11.73826
control,complex_000374,complex_000069,17,-10.00516
control,complex_000374,complex_000069,18,-10.60672
control,complex_000374,complex_000069,19,-8.241
control,complex_000382,complex_000382,0,-8.29193
control,complex_000382,complex_000382,1,-9.52011
control,complex_000382,complex_000382,2,-10.36471
control,complex_000382,complex_000382,3,-11.0301
control,complex_000382,complex_000382,4,-6.96491
control,complex_000382,complex_000382,5,-8.29211
control,complex_000382,complex_000382,6,-8.58557
control,complex_000382,complex_000382,7,-8.50269
control,complex_000382,complex_000382,8,-10.00318
control,complex_000382,complex_000382,9,-6.56775
control,complex_000382,complex_000382,10,-8.49083
control,complex_000382,complex_000382,11,-6.3805
control,complex_000382,complex_000382,12,-12.53739
control,complex_000382,complex_000382,13,-11.76988
control,complex_000382,complex_000382,14,-7.93547
control,complex_000382,complex_000382,15,-11.00236
control,complex_000382,complex_000382,16,-8.70222
control,complex_000382,complex_000382,17,-8.46775
control,complex_000382,complex_000382,18,-9.42929
control,complex_000382,complex_000382,19,-8.24716
control,complex_000374,complex_000117,0,-8.06141
control,complex_000374,complex_000117,1,-8.0743
control,complex_000374,complex_000117,2,-6.70481
control,complex_000374,complex_000117,3,-7.04779
control,complex_000374,complex_000117,4,-8.16991
control,complex_000374,complex_000117,5,-8.37051
control,complex_000374,complex_000117,6,-7.91617
control,complex_000374,complex_000117,7,-8.74712
control,complex_000374,complex_000117,8,-6.19607
control,complex_000374,complex_000117,9,-7.99614
control,complex_000374,complex_000117,10,-7.04723
control,complex_000374,complex_000117,11,-7.19058
control,complex_000374,complex_000117,12,-7.96351
control,complex_000374,complex_000117,13,-7.46799
control,complex_000374,complex_000117,14,-8.33714
control,complex_000374,complex_000117,15,-7.54025
control,complex_000374,complex_000117,16,-8.99145
control,complex_000374,complex_000117,17,-8.39132
control,complex_000374,complex_000117,18,-9.34072
control,complex_000374,complex_000117,19,-7.48193
control,complex_000376,complex_000376,0,-5.63053
control,complex_000376,complex_000376,1,-10.02516
control,complex_000376,complex_000376,2,-6.6549
control,complex_000376,complex_000376,3,-4.98494
control,complex_000376,complex_000376,4,-6.72481
control,complex_000376,complex_000376,5,-7.92905
control,complex_000376,complex_000376,6,-10.30276
control,complex_000376,complex_000376,7,-9.17102
control,complex_000376,complex_000376,8,-5.85896
control,complex_000376,complex_000376,9,-6.44838
control,complex_000376,complex_000376,10,-10.76794
control,complex_000376,complex_000376,11,-7.65476
control,complex_000376,complex_000376,12,-8.4612
control,complex_000376,complex_000376,13,-6.69423
control,complex_000376,complex_000376,14,-7.52705
control,complex_000376,complex_000376,15,-8.78481
control,complex_000376,complex_000376,16,-9.2289
control,complex_000376,complex_000376,17,-5.54865
control,complex_000376,complex_000376,18,-6.34571
control,complex_000376,complex_000376,19,-6.33921
control,complex_000382,complex_000117,0,-7.48389
control,complex_000382,complex_000117,1,-6.99358
control,complex_000382,complex_000117,2,-7.54686
control,complex_000382,complex_000117,3,-9.47015
control,complex_000382,complex_000117,4,-7.15912
control,complex_000382,complex_000117,5,-7.4251
control,complex_000382,complex_000117,6,-7.62309
control,complex_000382,complex_000117,7,-7.32813
control,complex_000382,complex_000117,8,-7.46642
control,complex_000382,complex_000117,9,-6.26959
control,complex_000382,complex_000117,10,-7.60702
control,complex_000382,complex_000117,11,-6.455
control,complex_000382,complex_000117,12,-7.64727
control,complex_000382,complex_000117,13,-8.72182
control,complex_000382,complex_000117,14,-7.58065
control,complex_000382,complex_000117,15,-8.87562
control,complex_000382,complex_000117,16,-6.8924
control,complex_000382,complex_000117,17,-6.90292
control,complex_000382,complex_000117,18,-8.51613
control,complex_000382,complex_000117,19,-7.55104
control,complex_000382,complex_000063,0,-6.9408
control,complex_000382,complex_000063,1,-7.98987
control,complex_000382,complex_000063,2,-7.54409
control,complex_000382,complex_000063,3,-7.9467
control,complex_000382,complex_000063,4,-6.85207
control,complex_000382,complex_000063,5,-6.57955
control,complex_000382,complex_000063,6,-7.16839
control,complex_000382,complex_000063,7,-7.16128
control,complex_000382,complex_000063,8,-8.26652
control,complex_000382,complex_000063,9,-5.60647
control,complex_000382,complex_000063,10,-7.69517
control,complex_000382,complex_000063,11,-6.43898
control,complex_000382,complex_000063,12,-8.96
control,complex_000382,complex_000063,13,-8.45566
control,complex_000382,complex_000063,14,-6.7528
control,complex_000382,complex_000063,15,-8.41462
control,complex_000382,complex_000063,16,-7.09694
control,complex_000382,complex_000063,17,-6.92698
control,complex_000382,complex_000063,18,-7.45521
control,complex_000382,complex_000063,19,-7.19909
control,complex_000376,complex_000145,0,-4.43288
control,complex_000376,complex_000145,1,-6.50892
control,complex_000376,complex_000145,2,-5.01023
control,complex_000376,complex_000145,3,-3.52135
control,complex_000376,complex_000145,4,-5.09853
control,complex_000376,complex_000145,5,-5.59866
control,complex_000376,complex_000145,6,-6.92249
control,complex_000376,complex_000145,7,-6.0503
control,complex_000376,complex_000145,8,-4.15813
control,complex_000376,complex_000145,9,-4.47648
control,complex_000376,complex_000145,10,-6.8179
control,complex_000376,complex_000145,11,-5.27153
control,complex_000376,complex_000145,12,-6.17191
control,complex_000376,complex_000145,13,-4.94399
control,complex_000376,complex_000145,14,-5.707
control,complex_000376,complex_000145,15,-6.5209
control,complex_000376,complex_000145,16,-6.23749
control,complex_000376,complex_000145,17,-4.03604
control,complex_000376,complex_000145,18,-4.52438
control,complex_000376,complex_000145,19,-4.84487
control,complex_000382,complex_000400,0,-8.46037
control,complex_000382,complex_000400,1,-8.49626
control,complex_000382,complex_000400,2,-9.37943
control,complex_000382,complex_000400,3,-9.55817
control,complex_000382,complex_000400,4,-6.94463
control,complex_000382,complex_000400,5,-7.71127
control,complex_000382,complex_000400,6,-8.55106
control,complex_000382,complex_000400,7,-8.42193
control,complex_000382,complex_000400,8,-9.67904
control,complex_000382,complex_000400,9,-6.26033
control,complex_000382,complex_000400,10,-8.85717
control,complex_000382,complex_000400,11,-6.16688
control,complex_000382,complex_000400,12,-9.09514
control,complex_000382,complex_000400,13,-8.20623
control,complex_000382,complex_000400,14,-7.66324
control,complex_000382,complex_000400,15,-9.28736
control,complex_000382,complex_000400,16,-8.07184
control,complex_000382,complex_000400,17,-7.86483
control,complex_000382,complex_000400,18,-9.25986
control,complex_000382,complex_000400,19,-8.03013
control,complex_000376,complex_000148,0,-4.83978
control,complex_000376,complex_000148,1,-7.5773
control,complex_000376,complex_000148,2,-5.83284
control,complex_000376,complex_000148,3,-4.2936
control,complex_000376,complex_000148,4,-5.57321
control,complex_000376,complex_000148,5,-7.28017
control,complex_000376,complex_000148,6,-9.80236
control,complex_000376,complex_000148,7,-7.51832
control,complex_000376,complex_000148,8,-5.03214
control,complex_000376,complex_000148,9,-6.07051
control,complex_000376,complex_000148,10,-8.88545
control,complex_000376,complex_000148,11,-7.24577
control,complex_000376,complex_000148,12,-7.19821
control,complex_000376,complex_000148,13,-5.42386
control,complex_000376,complex_000148,14,-6.88266
control,complex_000376,complex_000148,15,-8.14513
control,complex_000376,complex_000148,16,-8.14125
control,complex_000376,complex_000148,17,-4.92733
control,complex_000376,complex_000148,18,-5.21038
control,complex_000376,complex_000148,19,-5.97749
control,complex_000376,complex_000165,0,-7.26047
control,complex_000376,complex_000165,1,-0.87095
control,complex_000376,complex_000165,2,-7.39355
control,complex_000376,complex_000165,3,-6.50979
control,complex_000376,complex_000165,4,-7.04723
control,complex_000376,complex_000165,5,-6.68556
control,complex_000376,complex_000165,6,-3.42988
control,complex_000376,complex_000165,7,-2.35071
control,complex_000376,complex_000165,8,-6.19151
control,complex_000376,complex_000165,9,-6.28476
control,complex_000376,complex_000165,10,-0.78863
control,complex_000376,complex_000165,11,-7.37086
control,complex_000376,complex_000165,12,-4.25363
control,complex_000376,complex_000165,13,-8.21953
control,complex_000376,complex_000165,14,-3.78986
control,complex_000376,complex_000165,15,-4.06422
control,complex_000376,complex_000165,16,-1.79011
control,complex_000376,complex_000165,17,-7.70604
control,complex_000376,complex_000165,18,-7.70716
control,complex_000376,complex_000165,19,-7.48044
control,complex_000387,complex_000141,0,-8.85644
control,complex_000387,complex_000141,1,-6.24215
control,complex_000387,complex_000141,2,-8.29629
control,complex_000387,complex_000141,3,-7.71981
control,complex_000387,complex_000141,4,-8.07605
control,complex_000387,complex_000141,5,-8.78284
control,complex_000387,complex_000141,6,-5.69409
control,complex_000387,complex_000141,7,-4.69807
control,complex_000387,complex_000141,8,-4.80746
control,complex_000387,complex_000141,9,-8.39289
control,complex_000387,complex_000141,10,-8.98753
control,complex_000387,complex_000141,11,-5.07508
control,complex_000387,complex_000141,12,-8.42839
control,complex_000387,complex_000141,13,-5.91961
control,complex_000387,complex_000141,14,-9.81945
control,complex_000387,complex_000141,15,-7.35898
control,complex_000387,complex_000141,16,-6.64196
control,complex_000387,complex_000141,17,-6.61225
control,complex_000387,complex_000141,18,-8.17155
control,complex_000387,complex_000141,19,-5.0067
control,complex_000387,complex_000223,0,-7.41691
control,complex_000387,complex_000223,1,-5.99714
control,complex_000387,complex_000223,2,-6.80269
control,complex_000387,complex_000223,3,-6.08688
control,complex_000387,complex_000223,4,-6.36404
control,complex_000387,complex_000223,5,-6.61133
control,complex_000387,complex_000223,6,-4.87019
control,complex_000387,complex_000223,7,-4.40494
control,complex_000387,complex_000223,8,-4.55993
control,complex_000387,complex_000223,9,-5.92942
control,complex_000387,complex_000223,10,-7.58781
control,complex_000387,complex_000223,11,-4.25544
control,complex_000387,complex_000223,12,-6.23141
control,complex_000387,complex_000223,13,-4.91756
control,complex_000387,complex_000223,14,-6.98603
control,complex_000387,complex_000223,15,-5.74076
control,complex_000387,complex_000223,16,-5.59373
control,complex_000387,complex_000223,17,-5.4762
control,complex_000387,complex_000223,18,-6.04812
control,complex_000387,complex_000223,19,-4.73542
control,complex_000387,complex_000387,0,-11.4868
control,complex_000387,complex_000387,1,-7.26173
control,complex_000387,complex_000387,2,-10.47261
control,complex_000387,complex_000387,3,-8.51945
control,complex_000387,complex_000387,4,-8.88424
control,complex_000387,complex_000387,5,-9.08318
control,complex_000387,complex_000387,6,-6.54398
control,complex_000387,complex_000387,7,-6.33498
control,complex_000387,complex_000387,8,-5.70879
control,complex_000387,complex_000387,9,-9.33912
control,complex_000387,complex_000387,10,-9.58757
control,complex_000387,complex_000387,11,-6.07603
control,complex_000387,complex_000387,12,-9.76805
control,complex_000387,complex_000387,13,-6.91346
control,complex_000387,complex_000387,14,-10.01922
control,complex_000387,complex_000387,15,-9.03783
control,complex_000387,complex_000387,16,-8.10118
control,complex_000387,complex_000387,17,-7.58136
control,complex_000387,complex_000387,18,-8.46763
control,complex_000387,complex_000387,19,-5.85353
control,complex_000394,complex_000411,0,-7.44376
control,complex_000394,complex_000411,1,-7.6783
control,complex_000394,complex_000411,2,-7.83252
control,complex_000394,complex_000411,3,-7.59137
control,complex_000394,complex_000411,4,-7.95939
control,complex_000394,complex_000411,5,-8.63224
control,complex_000394,complex_000411,6,-6.90182
control,complex_000394,complex_000411,7,-6.89097
control,complex_000394,complex_000411,8,-8.29883
control,complex_000394,complex_000411,9,-10.10258
control,complex_000394,complex_000411,10,-7.85543
control,complex_000394,complex_000411,11,-7.57894
control,complex_000394,complex_000411,12,-7.70791
control,complex_000394,complex_000411,13,-5.51129
control,complex_000394,complex_000411,14,-8.7536
control,complex_000394,complex_000411,15,-8.33785
control,complex_000394,complex_000411,16,-9.16625
control,complex_000394,complex_000411,17,-6.74526
control,complex_000394,complex_000411,18,-8.60212
control,complex_000394,complex_000411,19,-9.50263
control,complex_000387,complex_000456,0,-8.6543
control,complex_000387,complex_000456,1,-6.27309
control,complex_000387,complex_000456,2,-7.65793
control,complex_000387,complex_000456,3,-7.37846
control,complex_000387,complex_000456,4,-8.48968
control,complex_000387,complex_000456,5,-8.92079
control,complex_000387,complex_000456,6,-6.329
control,complex_000387,complex_000456,7,-5.22442
control,complex_000387,complex_000456,8,-4.74674
control,complex_000387,complex_000456,9,-7.78893
control,complex_000387,complex_000456,10,-9.66844
control,complex_000387,complex_000456,11,-5.12793
control,complex_000387,complex_000456,12,-8.06265
control,complex_000387,complex_000456,13,-5.55982
control,complex_000387,complex_000456,14,-7.91062
control,complex_000387,complex_000456,15,-7.32289
control,complex_000387,complex_000456,16,-6.74656
control,complex_000387,complex_000456,17,-7.01866
control,complex_000387,complex_000456,18,-8.28504
control,complex_000387,complex_000456,19,-4.99375
control,complex_000394,complex_000085,0,-7.47688
control,complex_000394,complex_000085,1,-7.2525
control,complex_000394,complex_000085,2,-7.41775
control,complex_000394,complex_000085,3,-7.95889
control,complex_000394,complex_000085,4,-9.30849
control,complex_000394,complex_000085,5,-8.68338
control,complex_000394,complex_000085,6,-6.63274
control,complex_000394,complex_000085,7,-7.46316
control,complex_000394,complex_000085,8,-8.86272
control,complex_000394,complex_000085,9,-9.24813
control,complex_000394,complex_000085,10,-8.16769
control,complex_000394,complex_000085,11,-7.84062
control,complex_000394,complex_000085,12,-7.51871
control,complex_000394,complex_000085,13,-5.14117
control,complex_000394,complex_000085,14,-10.09981
control,complex_000394,complex_000085,15,-8.8624
control,complex_000394,complex_000085,16,-9.76228
control,complex_000394,complex_000085,17,-7.11116
control,complex_000394,complex_000085,18,-9.043
control,complex_000394,complex_000085,19,-7.45711
control,complex_000394,complex_000394,0,-7.80265
control,complex_000394,complex_000394,1,-7.54123
control,complex_000394,complex_000394,2,-8.41653
control,complex_000394,complex_000394,3,-7.86218
control,complex_000394,complex_000394,4,-7.24743
control,complex_000394,complex_000394,5,-8.79405
control,complex_000394,complex_000394,6,-7.47375
control,complex_000394,complex_000394,7,-6.8934
control,complex_000394,complex_000394,8,-9.25532
control,complex_000394,complex_000394,9,-7.36171
control,complex_000394,complex_000394,10,-8.48069
control,complex_000394,complex_000394,11,-8.36812
control,complex_000394,complex_000394,12,-6.96702
control,complex_000394,complex_000394,13,-5.44626
control,complex_000394,complex_000394,14,-10.65931
control,complex_000394,complex_000394,15,-8.51221
control,complex_000394,complex_000394,16,-9.37145
control,complex_000394,complex_000394,17,-6.82251
control,complex_000394,complex_000394,18,-8.73282
control,complex_000394,complex_000394,19,-7.47523
control,complex_000394,complex_000177,0,-7.08236
control,complex_000394,complex_000177,1,-6.80898
control,complex_000394,complex_000177,2,-7.18549
control,complex_000394,complex_000177,3,-7.9924
control,complex_000394,complex_000177,4,-8.39911
control,complex_000394,complex_000177,5,-8.80179
control,complex_000394,complex_000177,6,-7.09719
control,complex_000394,complex_000177,7,-6.7872
control,complex_000394,complex_000177,8,-8.26166
control,complex_000394,complex_000177,9,-9.65374
control,complex_000394,complex_000177,10,-7.62682
control,complex_000394,complex_000177,11,-7.26284
control,complex_000394,complex_000177,12,-7.64271
control,complex_000394,complex_000177,13,-5.81189
control,complex_000394,complex_000177,14,-8.89911
control,complex_000394,complex_000177,15,-8.18198
control,complex_000394,complex_000177,16,-8.95802
control,complex_000394,complex_000177,17,-7.26594
control,complex_000394,complex_000177,18,-9.11437
control,complex_000394,complex_000177,19,-9.53957
control,complex_000411,complex_000411,0,-9.17396
control,complex_000411,complex_000411,1,-5.10352
control,complex_000411,complex_000411,2,-7.33924
control,complex_000411,complex_000411,3,-9.70343
control,complex_000411,complex_000411,4,-6.7873
control,complex_000411,complex_000411,5,-7.06552
control,complex_000411,complex_000411,6,-9.00459
control,complex_000411,complex_000411,7,-7.00318
control,complex_000411,complex_000411,8,-8.04297
control,complex_000411,complex_000411,9,-7.61708
control,complex_000411,complex_000411,10,-5.62001
control,complex_000411,complex_000411,11,-7.88692
control,complex_000411,complex_000411,12,-8.54207
control,complex_000411,complex_000411,13,-7.70006
control,complex_000411,complex_000411,14,-8.95015
control,complex_000411,complex_000411,15,-9.64305
control,complex_000411,complex_000411,16,-7.7675
control,complex_000411,complex_000411,17,-7.63964
control,complex_000411,complex_000411,18,-7.48782
control,complex_000411,complex_000411,19,-9.34937
control,complex_000426,complex_000426,0,-10.12256
control,complex_000426,complex_000426,1,-7.78548
control,complex_000426,complex_000426,2,-6.15614
control,complex_000426,complex_000426,3,-10.62167
control,complex_000426,complex_000426,4,-9.09264
control,complex_000426,complex_000426,5,-5.90084
control,complex_000426,complex_000426,6,-9.69989
control,complex_000426,complex_000426,7,-10.13609
control,complex_000426,complex_000426,8,-8.933
control,complex_000426,complex_000426,9,-8.91719
control,complex_000426,complex_000426,10,-11.25601
control,complex_000426,complex_000426,11,-8.31511
control,complex_000426,complex_000426,12,-5.80363
control,complex_000426,complex_000426,13,-6.28148
control,complex_000426,complex_000426,14,-7.33347
control,complex_000426,complex_000426,15,-9.4004
control,complex_000426,complex_000426,16,-8.28281
control,complex_000426,complex_000426,17,-4.54834
control,complex_000426,complex_000426,18,-5.14475
control,complex_000426,complex_000426,19,-8.79448
control,complex_000426,complex_000400,0,-9.50083
control,complex_000426,complex_000400,1,-8.55484
control,complex_000426,complex_000400,2,-6.9136
control,complex_000426,complex_000400,3,-11.63832
control,complex_000426,complex_000400,4,-8.05821
control,complex_000426,complex_000400,5,-5.45314
control,complex_000426,complex_000400,6,-9.21791
control,complex_000426,complex_000400,7,-8.97915
control,complex_000426,complex_000400,8,-10.02038
control,complex_000426,complex_000400,9,-9.83026
control,complex_000426,complex_000400,10,-10.70456
control,complex_000426,complex_000400,11,-8.41325
control,complex_000426,complex_000400,12,-6.74113
control,complex_000426,complex_000400,13,-6.17713
control,complex_000426,complex_000400,14,-8.68309
control,complex_000426,complex_000400,15,-9.26508
control,complex_000426,complex_000400,16,-9.24862
control,complex_000426,complex_000400,17,-5.53574
control,complex_000426,complex_000400,18,-5.46848
control,complex_000426,complex_000400,19,-9.6025
control,complex_000403,complex_000477,0,-5.53406
control,complex_000403,complex_000477,1,-6.7447
control,complex_000403,complex_000477,2,-4.48919
control,complex_000403,complex_000477,3,-7.39397
control,complex_000403,complex_000477,4,-6.2207
control,complex_000403,complex_000477,5,-6.85192
control,complex_000403,complex_000477,6,-7.88447
control,complex_000403,complex_000477,7,-8.35481
control,complex_000403,complex_000477,8,-5.44119
control,complex_000403,complex_000477,9,-6.97597
control,complex_000403,complex_000477,10,-6.5908
control,complex_000403,complex_000477,11,-7.44139
control,complex_000403,complex_000477,12,-5.59136
control,complex_000403,complex_000477,13,-8.44746
control,complex_000403,complex_000477,14,-6.87572
control,complex_000403,complex_000477,15,-6.28966
control,complex_000403,complex_000477,16,-9.42952
control,complex_000403,complex_000477,17,-5.42082
control,complex_000403,complex_000477,18,-7.02168
control,complex_000403,complex_000477,19,-8.14752
control,complex_000411,complex_000191,0,-7.5108
control,complex_000411,complex_000191,1,-4.12928
control,complex_000411,complex_000191,2,-6.04411
control,complex_000411,complex_000191,3,-6.13607
control,complex_000411,complex_000191,4,-5.30091
control,complex_000411,complex_000191,5,-6.05106
control,complex_000411,complex_000191,6,-6.0678
control,complex_000411,complex_000191,7,-5.55611
control,complex_000411,complex_000191,8,-6.09263
control,complex_000411,complex_000191,9,-5.50426
control,complex_000411,complex_000191,10,-4.65525
control,complex_000411,complex_000191,11,-5.71897
control,complex_000411,complex_000191,12,-6.8913
control,complex_000411,complex_000191,13,-5.59654
control,complex_000411,complex_000191,14,-6.94452
control,complex_000411,complex_000191,15,-6.71275
control,complex_000411,complex_000191,16,-6.04468
control,complex_000411,complex_000191,17,-5.5904
control,complex_000411,complex_000191,18,-5.63925
control,complex_000411,complex_000191,19,-7.04232
control,complex_000403,complex_000403,0,-5.54681
control,complex_000403,complex_000403,1,-7.40594
control,complex_000403,complex_000403,2,-5.07105
control,complex_000403,complex_000403,3,-8.19835
control,complex_000403,complex_000403,4,-6.07137
control,complex_000403,complex_000403,5,-8.92427
control,complex_000403,complex_000403,6,-7.73449
control,complex_000403,complex_000403,7,-9.43153
control,complex_000403,complex_000403,8,-5.48195
control,complex_000403,complex_000403,9,-7.86405
control,complex_000403,complex_000403,10,-7.74339
control,complex_000403,complex_000403,11,-9.06486
control,complex_000403,complex_000403,12,-5.05645
control,complex_000403,complex_000403,13,-9.11398
control,complex_000403,complex_000403,14,-7.2493
control,complex_000403,complex_000403,15,-6.76846
control,complex_000403,complex_000403,16,-10.14151
control,complex_000403,complex_000403,17,-6.02714
control,complex_000403,complex_000403,18,-7.95032
control,complex_000403,complex_000403,19,-10.19735
control,complex_000400,complex_000477,0,-6.38923
control,complex_000400,complex_000477,1,-6.86047
control,complex_000400,complex_000477,2,-7.47075
control,complex_000400,complex_000477,3,-8.60503
control,complex_000400,complex_000477,4,-8.64154
control,complex_000400,complex_000477,5,-6.44077
control,complex_000400,complex_000477,6,-7.57842
control,complex_000400,complex_000477,7,-9.07928
control,complex_000400,complex_000477,8,-10.0543
control,complex_000400,complex_000477,9,-8.36785
control,complex_000400,complex_000477,10,-8.84653
control,complex_000400,complex_000477,11,-7.49405
control,complex_000400,complex_000477,12,-7.40967
control,complex_000400,complex_000477,13,-7.79971
control,complex_000400,complex_000477,14,-7.88288
control,complex_000400,complex_000477,15,-8.67833
control,complex_000400,complex_000477,16,-8.22039
control,complex_000400,complex_000477,17,-7.45191
control,complex_000400,complex_000477,18,-7.68699
control,complex_000400,complex_000477,19,-8.70859
control,complex_000411,complex_000059,0,-9.76145
control,complex_000411,complex_000059,1,-5.25194
control,complex_000411,complex_000059,2,-7.441
control,complex_000411,complex_000059,3,-6.54238
control,complex_000411,complex_000059,4,-6.64746
control,complex_000411,complex_000059,5,-6.8477
control,complex_000411,complex_000059,6,-8.23039
control,complex_000411,complex_000059,7,-7.02726
control,complex_000411,complex_000059,8,-7.62281
control,complex_000411,complex_000059,9,-7.75227
control,complex_000411,complex_000059,10,-5.62176
control,complex_000411,complex_000059,11,-7.24903
control,complex_000411,complex_000059,12,-9.27155
control,complex_000411,complex_000059,13,-8.45041
control,complex_000411,complex_000059,14,-9.19758
control,complex_000411,complex_000059,15,-6.31279
control,complex_000411,complex_000059,16,-7.73979
control,complex_000411,complex_000059,17,-7.56204
control,complex_000411,complex_000059,18,-1.48907
control,complex_000411,complex_000059,19,-9.65147
control,complex_000403,complex_000179,0,-6.63771
control,complex_000403,complex_000179,1,-7.97508
control,complex_000403,complex_000179,2,-5.34142
control,complex_000403,complex_000179,3,-9.02867
control,complex_000403,complex_000179,4,-6.51205
control,complex_000403,complex_000179,5,-9.51541
control,complex_000403,complex_000179,6,-8.79365
control,complex_000403,complex_000179,7,-9.54706
control,complex_000403,complex_000179,8,-5.88853
control,complex_000403,complex_000179,9,-8.61198
control,complex_000403,complex_000179,10,-8.10961
control,complex_000403,complex_000179,11,-9.10038
control,complex_000403,complex_000179,12,-5.53504
control,complex_000403,complex_000179,13,-9.88954
control,complex_000403,complex_000179,14,-8.74858
control,complex_000403,complex_000179,15,-7.85346
control,complex_000403,complex_000179,16,-10.26472
control,complex_000403,complex_000179,17,-6.43509
control,complex_000403,complex_000179,18,-9.18502
control,complex_000403,complex_000179,19,-10.38572
control,complex_000411,complex_000540,0,-8.35874
control,complex_000411,complex_000540,1,-4.67835
control,complex_000411,complex_000540,2,-7.0276
control,complex_000411,complex_000540,3,-8.83409
control,complex_000411,complex_000540,4,-6.37452
control,complex_000411,complex_000540,5,-6.92182
control,complex_000411,complex_000540,6,-8.71092
control,complex_000411,complex_000540,7,-6.52204
control,complex_000411,complex_000540,8,-7.98695
control,complex_000411,complex_000540,9,-7.77359
control,complex_000411,complex_000540,10,-5.25812
control,complex_000411,complex_000540,11,-6.8227
control,complex_000411,complex_000540,12,-8.59944
control,complex_000411,complex_000540,13,-7.82752
control,complex_000411,complex_000540,14,-9.37983
control,complex_000411,complex_000540,15,-9.7839
control,complex_000411,complex_000540,16,-7.49024
control,complex_000411,complex_000540,17,-7.20328
control,complex_000411,complex_000540,18,-8.06186
control,complex_000411,complex_000540,19,-9.60914
control,complex_000426,complex_000140,0,-10.49702
control,complex_000426,complex_000140,1,-8.51101
control,complex_000426,complex_000140,2,-6.86263
control,complex_000426,complex_000140,3,-12.04808
control,complex_000426,complex_000140,4,-6.38894
control,complex_000426,complex_000140,5,-4.9325
control,complex_000426,complex_000140,6,-8.27625
control,complex_000426,complex_000140,7,-10.48509
control,complex_000426,complex_000140,8,-9.30263
control,complex_000426,complex_000140,9,-8.5138
control,complex_000426,complex_000140,10,-7.26575
control,complex_000426,complex_000140,11,-7.57369
control,complex_000426,complex_000140,12,-6.27779
control,complex_000426,complex_000140,13,-5.75712
control,complex_000426,complex_000140,14,-7.55524
control,complex_000426,complex_000140,15,-8.54318
control,complex_000426,complex_000140,16,-8.90167
control,complex_000426,complex_000140,17,-5.28849
control,complex_000426,complex_000140,18,-4.74944
control,complex_000426,complex_000140,19,-8.72463
control,complex_000403,complex_000305,0,-5.88232
control,complex_000403,complex_000305,1,-8.28632
control,complex_000403,complex_000305,2,-4.82653
control,complex_000403,complex_000305,3,-9.84999
control,complex_000403,complex_000305,4,-6.19939
control,complex_000403,complex_000305,5,-9.27559
control,complex_000403,complex_000305,6,-8.93605
control,complex_000403,complex_000305,7,-7.74446
control,complex_000403,complex_000305,8,-5.96412
control,complex_000403,complex_000305,9,-8.89455
control,complex_000403,complex_000305,10,-8.22577
control,complex_000403,complex_000305,11,-8.91652
control,complex_000403,complex_000305,12,-5.20023
control,complex_000403,complex_000305,13,-10.15327
control,complex_000403,complex_000305,14,-8.65333
control,complex_000403,complex_000305,15,-7.17248
control,complex_000403,complex_000305,16,-11.7394
control,complex_000403,complex_000305,17,-6.27819
control,complex_000403,complex_000305,18,-8.86765
control,complex_000403,complex_000305,19,-11.08333
control,complex_000400,complex_000400,0,-9.34752
control,complex_000400,complex_000400,1,-9.35203
control,complex_000400,complex_000400,2,-8.57982
control,complex_000400,complex_000400,3,-12.57218
control,complex_000400,complex_000400,4,-9.67889
control,complex_000400,complex_000400,5,-8.1087
control,complex_000400,complex_000400,6,-9.80481
control,complex_000400,complex_000400,7,-9.87067
control,complex_000400,complex_000400,8,-13.29068
control,complex_000400,complex_000400,9,-9.89373
control,complex_000400,complex_000400,10,-12.69423
control,complex_000400,complex_000400,11,-7.73478
control,complex_000400,complex_000400,12,-8.60594
control,complex_000400,complex_000400,13,-10.34496
control,complex_000400,complex_000400,14,-11.02899
control,complex_000400,complex_000400,15,-9.94499
control,complex_000400,complex_000400,16,-9.62891
control,complex_000400,complex_000400,17,-8.86938
control,complex_000400,complex_000400,18,-9.60113
control,complex_000400,complex_000400,19,-10.74851
control,complex_000426,complex_000506,0,-8.70758
control,complex_000426,complex_000506,1,-5.88764
control,complex_000426,complex_000506,2,-5.3935
control,complex_000426,complex_000506,3,-8.92794
control,complex_000426,complex_000506,4,-6.71628
control,complex_000426,complex_000506,5,-5.943
control,complex_000426,complex_000506,6,-6.32612
control,complex_000426,complex_000506,7,-6.83168
control,complex_000426,complex_000506,8,-6.82187
control,complex_000426,complex_000506,9,-6.11243
control,complex_000426,complex_000506,10,-7.3733
control,complex_000426,complex_000506,11,-5.60112
control,complex_000426,complex_000506,12,-5.17633
control,complex_000426,complex_000506,13,-5.56282
control,complex_000426,complex_000506,14,-5.69558
control,complex_000426,complex_000506,15,-6.63982
control,complex_000426,complex_000506,16,-6.8076
control,complex_000426,complex_000506,17,-5.31391
control,complex_000426,complex_000506,18,-5.68733
control,complex_000426,complex_000506,19,-6.33055
control,complex_000400,complex_000051,0,-7.58173
control,complex_000400,complex_000051,1,-8.2305
control,complex_000400,complex_000051,2,-7.9175
control,complex_000400,complex_000051,3,-8.92926
control,complex_000400,complex_000051,4,-7.44368
control,complex_000400,complex_000051,5,-7.10426
control,complex_000400,complex_000051,6,-7.30248
control,complex_000400,complex_000051,7,5.24175
control,complex_000400,complex_000051,8,0.10231
control,complex_000400,complex_000051,9,-6.77941
control,complex_000400,complex_000051,10,2.71752
control,complex_000400,complex_000051,11,-6.50308
control,complex_000400,complex_000051,12,-6.95335
control,complex_000400,complex_000051,13,-7.93993
control,complex_000400,complex_000051,14,-9.6859
control,complex_000400,complex_000051,15,-8.67451
control,complex_000400,complex_000051,16,-5.05771
control,complex_000400,complex_000051,17,-8.37419
control,complex_000400,complex_000051,18,-7.43975
control,complex_000400,complex_000051,19,-9.41087
control,complex_000456,complex_000540,0,-8.68674
control,complex_000456,complex_000540,1,-7.07968
control,complex_000456,complex_000540,2,-8.08051
control,complex_000456,complex_000540,3,-5.79474
control,complex_000456,complex_000540,4,-9.03121
control,complex_000456,complex_000540,5,-7.58668
control,complex_000456,complex_000540,6,-6.83896
control,complex_000456,complex_000540,7,-4.2672
control,complex_000456,complex_000540,8,-4.89432
control,complex_000456,complex_000540,9,-4.27685
control,complex_000456,complex_000540,10,-8.64532
control,complex_000456,complex_000540,11,-8.37761
control,complex_000456,complex_000540,12,-9.01074
control,complex_000456,complex_000540,13,-7.73968
control,complex_000456,complex_000540,14,-6.67647
control,complex_000456,complex_000540,15,-7.28563
control,complex_000456,complex_000540,16,-5.13733
control,complex_000456,complex_000540,17,-5.07485
control,complex_000456,complex_000540,18,-7.76942
control,complex_000456,complex_000540,19,-7.97848
control,complex_000456,complex_000456,0,-8.49602
control,complex_000456,complex_000456,1,-7.72116
control,complex_000456,complex_000456,2,-6.97363
control,complex_000456,complex_000456,3,-6.42935
control,complex_000456,complex_000456,4,-8.63517
control,complex_000456,complex_000456,5,-8.51579
control,complex_000456,complex_000456,6,-6.60366
control,complex_000456,complex_000456,7,-4.52839
control,complex_000456,complex_000456,8,-5.55297
control,complex_000456,complex_000456,9,-4.30565
control,complex_000456,complex_000456,10,-7.56169
control,complex_000456,complex_000456,11,-8.22733
control,complex_000456,complex_000456,12,-8.83649
control,complex_000456,complex_000456,13,-7.8438
control,complex_000456,complex_000456,14,-6.34125
control,complex_000456,complex_000456,15,-7.44901
control,complex_000456,complex_000456,16,-5.08004
control,complex_000456,complex_000456,17,-5.71362
control,complex_000456,complex_000456,18,-7.79832
control,complex_000456,complex_000456,19,-7.87293
control,complex_000472,complex_000472,0,-8.82027
control,complex_000472,complex_000472,1,-6.35297
control,complex_000472,complex_000472,2,-6.33687
control,complex_000472,complex_000472,3,-9.38635
control,complex_000472,complex_000472,4,-5.66071
control,complex_000472,complex_000472,5,-10.64375
control,complex_000472,complex_000472,6,-7.11814
control,complex_000472,complex_000472,7,-8.79079
control,complex_000472,complex_000472,8,-5.15104
control,complex_000472,complex_000472,9,-4.91319
control,complex_000472,complex_000472,10,-6.87654
control,complex_000472,complex_000472,11,-8.5559
control,complex_000472,complex_000472,12,-7.82716
control,complex_000472,complex_000472,13,-6.40891
control,complex_000472,complex_000472,14,-10.09003
control,complex_000472,complex_000472,15,-8.0777
control,complex_000472,complex_000472,16,-9.87904
control,complex_000472,complex_000472,17,-9.08956
control,complex_000472,complex_000472,18,-9.73987
control,complex_000472,complex_000472,19,-11.52656
control,complex_000472,complex_000059,0,-8.75494
control,complex_000472,complex_000059,1,-6.09322
control,complex_000472,complex_000059,2,-6.28761
control,complex_000472,complex_000059,3,-9.05057
control,complex_000472,complex_000059,4,-5.95691
control,complex_000472,complex_000059,5,-8.03794
control,complex_000472,complex_000059,6,-6.35792
control,complex_000472,complex_000059,7,-9.08341
control,complex_000472,complex_000059,8,-4.45261
control,complex_000472,complex_000059,9,-5.45558
control,complex_000472,complex_000059,10,-7.18891
control,complex_000472,complex_000059,11,-8.07046
control,complex_000472,complex_000059,12,-7.95044
control,complex_000472,complex_000059,13,-6.13657
control,complex_000472,complex_000059,14,-9.13789
control,complex_000472,complex_000059,15,-7.48978
control,complex_000472,complex_000059,16,-7.98068
control,complex_000472,complex_000059,17,-9.11972
control,complex_000472,complex_000059,18,-7.45868
control,complex_000472,complex_000059,19,-9.79412
control,complex_000472,complex_000069,0,-7.41138
control,complex_000472,complex_000069,1,-6.0383
control,complex_000472,complex_000069,2,-6.24077
control,complex_000472,complex_000069,3,-9.26079
control,complex_000472,complex_000069,4,-5.2772
control,complex_000472,complex_000069,5,-10.11792
control,complex_000472,complex_000069,6,-6.89254
control,complex_000472,complex_000069,7,-7.9853
control,complex_000472,complex_000069,8,-4.80076
control,complex_000472,complex_000069,9,-4.56116
control,complex_000472,complex_000069,10,-7.04116
control,complex_000472,complex_000069,11,-8.30192
control,complex_000472,complex_000069,12,-7.85933
control,complex_000472,complex_000069,13,-6.17408
control,complex_000472,complex_000069,14,-9.28822
control,complex_000472,complex_000069,15,-8.31357
control,complex_000472,complex_000069,16,-9.62524
control,complex_000472,complex_000069,17,-8.77239
control,complex_000472,complex_000069,18,-8.95768
control,complex_000472,complex_000069,19,-10.06951
control,complex_000456,complex_000063,0,-8.26064
control,complex_000456,complex_000063,1,-7.0993
control,complex_000456,complex_000063,2,-7.4072
control,complex_000456,complex_000063,3,-5.89268
control,complex_000456,complex_000063,4,-9.37537
control,complex_000456,complex_000063,5,-7.57208
control,complex_000456,complex_000063,6,-7.42242
control,complex_000456,complex_000063,7,-4.64887
control,complex_000456,complex_000063,8,-4.86256
control,complex_000456,complex_000063,9,-4.192
control,complex_000456,complex_000063,10,-8.57621
control,complex_000456,complex_000063,11,-7.57863
control,complex_000456,complex_000063,12,-8.15549
control,complex_000456,complex_000063,13,-6.86588
control,complex_000456,complex_000063,14,-6.53799
control,complex_000456,complex_000063,15,-7.31897
control,complex_000456,complex_000063,16,-5.21324
control,complex_000456,complex_000063,17,-4.98038
control,complex_000456,complex_000063,18,-7.5029
control,complex_000456,complex_000063,19,-7.39228
control,complex_000400,complex_000394,0,-7.3882
control,complex_000400,complex_000394,1,-7.95364
control,complex_000400,complex_000394,2,-7.69763
control,complex_000400,complex_000394,3,-8.54293
control,complex_000400,complex_000394,4,-9.14444
control,complex_000400,complex_000394,5,-7.86417
control,complex_000400,complex_000394,6,-7.62355
control,complex_000400,complex_000394,7,-7.71765
control,complex_000400,complex_000394,8,-8.64988
control,complex_000400,complex_000394,9,-8.38677
control,complex_000400,complex_000394,10,-6.71738
control,complex_000400,complex_000394,11,-7.32457
control,complex_000400,complex_000394,12,-8.07345
control,complex_000400,complex_000394,13,-7.80701
control,complex_000400,complex_000394,14,-9.63372
control,complex_000400,complex_000394,15,-8.93026
control,complex_000400,complex_000394,16,-6.8254
control,complex_000400,complex_000394,17,-8.5921
control,complex_000400,complex_000394,18,-7.79152
control,complex_000400,complex_000394,19,-9.32225
control,complex_000472,complex_000535,0,-7.86548
control,complex_000472,complex_000535,1,-6.20381
control,complex_000472,complex_000535,2,-6.72414
control,complex_000472,complex_000535,3,-7.41654
control,complex_000472,complex_000535,4,-5.22043
control,complex_000472,complex_000535,5,-8.67349
control,complex_000472,complex_000535,6,-5.59431
control,complex_000472,complex_000535,7,-7.25317
control,complex_000472,complex_000535,8,-4.8604
control,complex_000472,complex_000535,9,-4.96075
control,complex_000472,complex_000535,10,-6.88559
control,complex_000472,complex_000535,11,-7.80917
control,complex_000472,complex_000535,12,-7.59549
control,complex_000472,complex_000535,13,-5.90245
control,complex_000472,complex_000535,14,-8.15083
control,complex_000472,complex_000535,15,-7.24065
control,complex_000472,complex_000535,16,-8.32058
control,complex_000472,complex_000535,17,-9.4188
control,complex_000472,complex_000535,18,-7.65291
control,complex_000472,complex_000535,19,-9.79671
control,complex_000456,complex_000112,0,-6.29698
control,complex_000456,complex_000112,1,-6.6701
control,complex_000456,complex_000112,2,-6.75601
control,complex_000456,complex_000112,3,-5.03106
control,complex_000456,complex_000112,4,-8.2309
control,complex_000456,complex_000112,5,-6.35322
control,complex_000456,complex_000112,6,-6.17343
control,complex_000456,complex_000112,7,-5.18734
control,complex_000456,complex_000112,8,-5.0867
control,complex_000456,complex_000112,9,-4.17824
control,complex_000456,complex_000112,10,-7.58501
control,complex_000456,complex_000112,11,-6.55503
control,complex_000456,complex_000112,12,-7.74932
control,complex_000456,complex_000112,13,-7.24985
control,complex_000456,complex_000112,14,-6.15681
control,complex_000456,complex_000112,15,-6.95124
control,complex_000456,complex_000112,16,-4.79312
control,complex_000456,complex_000112,17,-4.92941
control,complex_000456,complex_000112,18,-7.6119
control,complex_000456,complex_000112,19,-7.9152
control,complex_000506,complex_000140,0,-5.55545
control,complex_000506,complex_000140,1,-7.33752
control,complex_000506,complex_000140,2,-4.73602
control,complex_000506,complex_000140,3,-4.94267
control,complex_000506,complex_000140,4,-6.38821
control,complex_000506,complex_000140,5,-6.71455
control,complex_000506,complex_000140,6,-6.56883
control,complex_000506,complex_000140,7,-5.06651
control,complex_000506,complex_000140,8,-6.65016
control,complex_000506,complex_000140,9,-8.953
control,complex_000506,complex_000140,10,-7.43819
control,complex_000506,complex_000140,11,-6.39967
control,complex_000506,complex_000140,12,-9.05332
control,complex_000506,complex_000140,13,-5.63841
control,complex_000506,complex_000140,14,-7.45303
control,complex_000506,complex_000140,15,-4.44559
control,complex_000506,complex_000140,16,-9.1412
control,complex_000506,complex_000140,17,-4.59166
control,complex_000506,complex_000140,18,-6.28291
control,complex_000506,complex_000140,19,-5.20808
control,complex_000506,complex_000506,0,-6.65966
control,complex_000506,complex_000506,1,-5.71144
control,complex_000506,complex_000506,2,-6.25194
control,complex_000506,complex_000506,3,-4.85941
control,complex_000506,complex_000506,4,-6.11975
control,complex_000506,complex_000506,5,-5.242
control,complex_000506,complex_000506,6,-5.86639
control,complex_000506,complex_000506,7,-5.81937
control,complex_000506,complex_000506,8,-6.26701
control,complex_000506,complex_000506,9,-6.98894
control,complex_000506,complex_000506,10,-6.73599
control,complex_000506,complex_000506,11,-5.90924
control,complex_000506,complex_000506,12,-7.18596
control,complex_000506,complex_000506,13,-6.70437
control,complex_000506,complex_000506,14,-7.19375
control,complex_000506,complex_000506,15,-6.13021
control,complex_000506,complex_000506,16,-6.2245
control,complex_000506,complex_000506,17,-5.86234
control,complex_000506,complex_000506,18,-6.28748
control,complex_000506,complex_000506,19,-6.18557
control,complex_000506,complex_000400,0,-5.89789
control,complex_000506,complex_000400,1,-7.88663
control,complex_000506,complex_000400,2,-5.17413
control,complex_000506,complex_000400,3,-5.5094
control,complex_000506,complex_000400,4,-5.97398
control,complex_000506,complex_000400,5,-7.60801
control,complex_000506,complex_000400,6,-7.40906
control,complex_000506,complex_000400,7,-5.59331
control,complex_000506,complex_000400,8,-6.98568
control,complex_000506,complex_000400,9,-10.18085
control,complex_000506,complex_000400,10,-7.17394
control,complex_000506,complex_000400,11,-6.36852
control,complex_000506,complex_000400,12,-9.07818
control,complex_000506,complex_000400,13,-6.19284
control,complex_000506,complex_000400,14,-7.5894
control,complex_000506,complex_000400,15,-5.01582
control,complex_000506,complex_000400,16,-8.8833
control,complex_000506,complex_000400,17,-5.25916
control,complex_000506,complex_000400,18,-6.75526
control,complex_000506,complex_000400,19,-6.15864
control,complex_000506,complex_000535,0,-6.23955
control,complex_000506,complex_000535,1,-6.784
control,complex_000506,complex_000535,2,-5.65116
control,complex_000506,complex_000535,3,-5.82196
control,complex_000506,complex_000535,4,-6.42117
control,complex_000506,complex_000535,5,-6.59929
control,complex_000506,complex_000535,6,-6.64965
control,complex_000506,complex_000535,7,-5.59422
control,complex_000506,complex_000535,8,-6.83177
control,complex_000506,complex_000535,9,-8.36655
control,complex_000506,complex_000535,10,-7.21253
control,complex_000506,complex_000535,11,-6.41422
control,complex_000506,complex_000535,12,-9.19021
control,complex_000506,complex_000535,13,-5.88575
control,complex_000506,complex_000535,14,-7.45811
control,complex_000506,complex_000535,15,-5.30036
control,complex_000506,complex_000535,16,-8.72534
control,complex_000506,complex_000535,17,-5.43879
control,complex_000506,complex_000535,18,-6.55977
control,complex_000506,complex_000535,19,-6.30393
control,complex_000473,complex_000473,0,-5.84307
control,complex_000473,complex_000473,1,-5.92881
control,complex_000473,complex_000473,2,-6.74539
control,complex_000473,complex_000473,3,-6.51633
control,complex_000473,complex_000473,4,-5.85264
control,complex_000473,complex_000473,5,-6.98758
control,complex_000473,complex_000473,6,-7.209
control,complex_000473,complex_000473,7,-8.68124
control,complex_000473,complex_000473,8,-6.0728
control,complex_000473,complex_000473,9,-5.5264
control,complex_000473,complex_000473,10,-7.42303
control,complex_000473,complex_000473,11,-7.5977
control,complex_000473,complex_000473,12,-6.69267
control,complex_000473,complex_000473,13,-7.43467
control,complex_000473,complex_000473,14,-7.38166
control,complex_000473,complex_000473,15,-6.68194
control,complex_000473,complex_000473,16,-7.90786
control,complex_000473,complex_000473,17,-7.64136
control,complex_000473,complex_000473,18,-6.17811
control,complex_000473,complex_000473,19,-6.65411
control,complex_000473,complex_000292,0,-5.37026
control,complex_000473,complex_000292,1,-5.36776
control,complex_000473,complex_000292,2,-6.43061
control,complex_000473,complex_000292,3,-6.84752
control,complex_000473,complex_000292,4,-5.5541
control,complex_000473,complex_000292,5,-6.58955
control,complex_000473,complex_000292,6,-6.51393
control,complex_000473,complex_000292,7,-7.56046
control,complex_000473,complex_000292,8,-6.14916
control,complex_000473,complex_000292,9,-5.99719
control,complex_000473,complex_000292,10,-7.62254
control,complex_000473,complex_000292,11,-7.16261
control,complex_000473,complex_000292,12,-6.42709
control,complex_000473,complex_000292,13,-7.30032
control,complex_000473,complex_000292,14,-8.08892
control,complex_000473,complex_000292,15,-6.16234
control,complex_000473,complex_000292,16,-6.59098
control,complex_000473,complex_000292,17,-7.66773
control,complex_000473,complex_000292,18,-5.28795
control,complex_000473,complex_000292,19,-6.31743
control,complex_000477,complex_000477,0,-6.64648
control,complex_000477,complex_000477,1,-5.12468
control,complex_000477,complex_000477,2,-9.30633
control,complex_000477,complex_000477,3,-7.0873
control,complex_000477,complex_000477,4,-4.35042
control,complex_000477,complex_000477,5,-6.18843
control,complex_000477,complex_000477,6,-5.01551
control,complex_000477,complex_000477,7,-5.26725
control,complex_000477,complex_000477,8,-6.54795
control,complex_000477,complex_000477,9,-7.0768
control,complex_000477,complex_000477,10,-8.12125
control,complex_000477,complex_000477,11,-7.70795
control,complex_000477,complex_000477,12,-7.8596
control,complex_000477,complex_000477,13,-8.35883
control,complex_000477,complex_000477,14,-7.69482
control,complex_000477,complex_000477,15,-5.77017
control,complex_000477,complex_000477,16,-7.76608
control,complex_000477,complex_000477,17,-8.47657
control,complex_000477,complex_000477,18,-7.83608
control,complex_000477,complex_000477,19,-7.81374
control,complex_000473,complex_000191,0,-5.53087
control,complex_000473,complex_000191,1,-5.5654
control,complex_000473,complex_000191,2,-6.55972
control,complex_000473,complex_000191,3,-6.85727
control,complex_000473,complex_000191,4,-5.64273
control,complex_000473,complex_000191,5,-7.10486
control,complex_000473,complex_000191,6,-6.41117
control,complex_000473,complex_000191,7,-7.41819
control,complex_000473,complex_000191,8,-6.26945
control,complex_000473,complex_000191,9,-5.85458
control,complex_000473,complex_000191,10,-7.56441
control,complex_000473,complex_000191,11,-6.63179
control,complex_000473,complex_000191,12,-5.85405
control,complex_000473,complex_000191,13,-7.28684
control,complex_000473,complex_000191,14,-7.11486
control,complex_000473,complex_000191,15,-5.82946
control,complex_000473,complex_000191,16,-6.80054
control,complex_000473,complex_000191,17,-6.63758
control,complex_000473,complex_000191,18,-5.29041
control,complex_000473,complex_000191,19,-5.71025
control,complex_000477,complex_000140,0,-7.97463
control,complex_000477,complex_000140,1,-4.4895
control,complex_000477,complex_000140,2,-10.54643
control,complex_000477,complex_000140,3,-8.53751
control,complex_000477,complex_000140,4,-5.14693
control,complex_000477,complex_000140,5,-7.1545
control,complex_000477,complex_000140,6,-6.1871
control,complex_000477,complex_000140,7,-6.49868
control,complex_000477,complex_000140,8,-7.30566
control,complex_000477,complex_000140,9,-8.17935
control,complex_000477,complex_000140,10,-8.98172
control,complex_000477,complex_000140,11,-8.21305
control,complex_000477,complex_000140,12,-7.5751
control,complex_000477,complex_000140,13,-8.50464
control,complex_000477,complex_000140,14,-8.76416
control,complex_000477,complex_000140,15,-6.96662
control,complex_000477,complex_000140,16,-9.9057
control,complex_000477,complex_000140,17,-9.4369
control,complex_000477,complex_000140,18,-9.43574
control,complex_000477,complex_000140,19,-8.04298
control,complex_000535,complex_000540,0,-7.55303
control,complex_000535,complex_000540,1,-5.57927
control,complex_000535,complex_000540,2,-5.07496
control,complex_000535,complex_000540,3,-4.01616
control,complex_000535,complex_000540,4,-6.4168
control,complex_000535,complex_000540,5,-6.64702
control,complex_000535,complex_000540,6,-10.70814
control,complex_000535,complex_000540,7,-9.69589
control,complex_000535,complex_000540,8,-6.91381
control,complex_000535,complex_000540,9,-4.42349
control,complex_000535,complex_000540,10,-8.27176
control,complex_000535,complex_000540,11,-5.21549
control,complex_000535,complex_000540,12,-8.9322
control,complex_000535,complex_000540,13,-7.47236
control,complex_000535,complex_000540,14,-8.5942
control,complex_000535,complex_000540,15,-7.30101
control,complex_000535,complex_000540,16,-8.29936
control,complex_000535,complex_000540,17,-4.38477
control,complex_000535,complex_000540,18,-8.87809
control,complex_000535,complex_000540,19,-9.98828
control,complex_000477,complex_000376,0,-8.4979
control,complex_000477,complex_000376,1,-4.9609
control,complex_000477,complex_000376,2,-10.90925
control,complex_000477,complex_000376,3,-8.3568
control,complex_000477,complex_000376,4,-6.22323
control,complex_000477,complex_000376,5,-6.67991
control,complex_000477,complex_000376,6,-6.46717
control,complex_000477,complex_000376,7,-5.61225
control,complex_000477,complex_000376,8,-7.34446
control,complex_000477,complex_000376,9,-7.82894
control,complex_000477,complex_000376,10,-8.47479
control,complex_000477,complex_000376,11,-8.55775
control,complex_000477,complex_000376,12,-8.67516
control,complex_000477,complex_000376,13,-9.30482
control,complex_000477,complex_000376,14,-7.9274
control,complex_000477,complex_000376,15,-6.53066
control,complex_000477,complex_000376,16,-9.31777
control,complex_000477,complex_000376,17,-8.8555
control,complex_000477,complex_000376,18,-8.40993
control,complex_000477,complex_000376,19,-8.67557
control,complex_000535,complex_000426,0,-7.53441
control,complex_000535,complex_000426,1,-6.3188
control,complex_000535,complex_000426,2,-5.57537
control,complex_000535,complex_000426,3,-4.6097
control,complex_000535,complex_000426,4,-6.13962
control,complex_000535,complex_000426,5,-6.65841
control,complex_000535,complex_000426,6,-10.33418
control,complex_000535,complex_000426,7,-9.36578
control,complex_000535,complex_000426,8,-7.09539
control,complex_000535,complex_000426,9,-4.94416
control,complex_000535,complex_000426,10,-8.2775
control,complex_000535,complex_000426,11,-5.60084
control,complex_000535,complex_000426,12,-9.04498
control,complex_000535,complex_000426,13,-6.88572
control,complex_000535,complex_000426,14,-8.72764
control,complex_000535,complex_000426,15,-6.74909
control,complex_000535,complex_000426,16,-7.89489
control,complex_000535,complex_000426,17,-5.52338
control,complex_000535,complex_000426,18,-9.90451
control,complex_000535,complex_000426,19,-10.60611
control,complex_000535,complex_000363,0,-9.56826
control,complex_000535,complex_000363,1,-6.97964
control,complex_000535,complex_000363,2,-6.08312
control,complex_000535,complex_000363,3,-4.80197
control,complex_000535,complex_000363,4,-7.13928
control,complex_000535,complex_000363,5,-7.65084
control,complex_000535,complex_000363,6,-3.3663
control,complex_000535,complex_000363,7,-10.40495
control,complex_000535,complex_000363,8,-7.31953
control,complex_000535,complex_000363,9,-5.55367
control,complex_000535,complex_000363,10,-9.54682
control,complex_000535,complex_000363,11,-6.23651
control,complex_000535,complex_000363,12,-10.13268
control,complex_000535,complex_000363,13,-8.53631
control,complex_000535,complex_000363,14,-9.24655
control,complex_000535,complex_000363,15,-8.09314
control,complex_000535,complex_000363,16,-8.7852
control,complex_000535,complex_000363,17,-5.91369
control,complex_000535,complex_000363,18,-7.4978
control,complex_000535,complex_000363,19,-5.72132
control,complex_000477,complex_000141,0,-7.96525
control,complex_000477,complex_000141,1,-4.77714
control,complex_000477,complex_000141,2,-9.80264
control,complex_000477,complex_000141,3,-7.9602
control,complex_000477,complex_000141,4,-5.69763
control,complex_000477,complex_000141,5,-6.24788
control,complex_000477,complex_000141,6,-5.34731
control,complex_000477,complex_000141,7,-4.74781
control,complex_000477,complex_000141,8,-6.7607
control,complex_000477,complex_000141,9,-7.28571
control,complex_000477,complex_000141,10,-7.75828
control,complex_000477,complex_000141,11,-7.24019
control,complex_000477,complex_000141,12,-7.18974
control,complex_000477,complex_000141,13,-8.40105
control,complex_000477,complex_000141,14,-7.26241
control,complex_000477,complex_000141,15,-5.77766
control,complex_000477,complex_000141,16,-8.3164
control,complex_000477,complex_000141,17,-8.97503
control,complex_000477,complex_000141,18,-8.40811
control,complex_000477,complex_000141,19,-7.92788
control,complex_000535,complex_000535,0,-7.32546
control,complex_000535,complex_000535,1,-6.52346
control,complex_000535,complex_000535,2,-6.0279
control,complex_000535,complex_000535,3,-4.50043
control,complex_000535,complex_000535,4,-6.96038
control,complex_000535,complex_000535,5,-7.54098
control,complex_000535,complex_000535,6,-9.23188
control,complex_000535,complex_000535,7,-10.07368
control,complex_000535,complex_000535,8,-7.27622
control,complex_000535,complex_000535,9,-5.17146
control,complex_000535,complex_000535,10,-7.74658
control,complex_000535,complex_000535,11,-6.13541
control,complex_000535,complex_000535,12,-9.57009
control,complex_000535,complex_000535,13,-8.45692
control,complex_000535,complex_000535,14,-8.9603
control,complex_000535,complex_000535,15,-7.64652
control,complex_000535,complex_000535,16,-8.35757
control,complex_000535,complex_000535,17,-5.46943
control,complex_000535,complex_000535,18,-8.71555
control,complex_000535,complex_000535,19,-7.60325
control,complex_000473,complex_000269,0,-6.3386
control,complex_000473,complex_000269,1,-6.17625
control,complex_000473,complex_000269,2,-6.34814
control,complex_000473,complex_000269,3,-6.36183
control,complex_000473,complex_000269,4,-6.30131
control,complex_000473,complex_000269,5,-6.89854
control,complex_000473,complex_000269,6,-6.52188
control,complex_000473,complex_000269,7,-6.59657
control,complex_000473,complex_000269,8,-6.24764
control,complex_000473,complex_000269,9,-5.98206
control,complex_000473,complex_000269,10,-8.56595
control,complex_000473,complex_000269,11,-6.97505
control,complex_000473,complex_000269,12,-6.92216
control,complex_000473,complex_000269,13,-7.14177
control,complex_000473,complex_000269,14,-8.75389
control,complex_000473,complex_000269,15,-6.14765
control,complex_000473,complex_000269,16,-7.48616
control,complex_000473,complex_000269,17,-7.1515
control,complex_000473,complex_000269,18,-6.10989
control,complex_000473,complex_000269,19,-6.47173
control,complex_000540,complex_000540,0,-5.66937
control,complex_000540,complex_000540,1,-10.16012
control,complex_000540,complex_000540,2,-7.74434
control,complex_000540,complex_000540,3,-10.52342
control,complex_000540,complex_000540,4,-7.40296
control,complex_000540,complex_000540,5,-5.39775
control,complex_000540,complex_000540,6,-6.54484
control,complex_000540,complex_000540,7,-6.11865
control,complex_000540,complex_000540,8,-8.93642
control,complex_000540,complex_000540,9,-7.29837
control,complex_000540,complex_000540,10,-8.18283
control,complex_000540,complex_000540,11,-8.12881
control,complex_000540,complex_000540,12,-6.16386
control,complex_000540,complex_000540,13,-8.77527
control,complex_000540,complex_000540,14,-5.91076
control,complex_000540,complex_000540,15,-6.70577
control,complex_000540,complex_000540,16,-7.1052
control,complex_000540,complex_000540,17,-8.84647
control,complex_000540,complex_000540,18,-7.51503
control,complex_000540,complex_000540,19,-7.37303
control,complex_000540,complex_000382,0,-5.95514
control,complex_000540,complex_000382,1,-11.05815
control,complex_000540,complex_000382,2,-9.23151
control,complex_000540,complex_000382,3,-11.85397
control,complex_000540,complex_000382,4,-8.71912
control,complex_000540,complex_000382,5,-5.6843
control,complex_000540,complex_000382,6,-7.13565
control,complex_000540,complex_000382,7,-6.71738
control,complex_000540,complex_000382,8,-9.69225
control,complex_000540,complex_000382,9,-8.21654
control,complex_000540,complex_000382,10,-9.23676
control,complex_000540,complex_000382,11,-8.82581
control,complex_000540,complex_000382,12,-6.86796
control,complex_000540,complex_000382,13,-10.20391
control,complex_000540,complex_000382,14,-6.60767
control,complex_000540,complex_000382,15,-7.48488
control,complex_000540,complex_000382,16,-7.63542
control,complex_000540,complex_000382,17,-10.00872
control,complex_000540,complex_000382,18,-8.69735
control,complex_000540,complex_000382,19,-8.11885
control,complex_000540,complex_000335,0,-4.78694
control,complex_000540,complex_000335,1,-7.80268
control,complex_000540,complex_000335,2,-6.54488
control,complex_000540,complex_000335,3,-8.09263
control,complex_000540,complex_000335,4,-6.29927
control,complex_000540,complex_000335,5,-4.56218
control,complex_000540,complex_000335,6,-5.58264
control,complex_000540,complex_000335,7,-5.47356
control,complex_000540,complex_000335,8,-6.91565
control,complex_000540,complex_000335,9,-6.08823
control,complex_000540,complex_000335,10,-6.47205
control,complex_000540,complex_000335,11,-6.98589
control,complex_000540,complex_000335,12,-4.90551
control,complex_000540,complex_000335,13,-8.06394
control,complex_000540,complex_000335,14,-5.13604
control,complex_000540,complex_000335,15,-5.18227
control,complex_000540,complex_000335,16,-5.98632
control,complex_000540,complex_000335,17,-6.39483
control,complex_000540,complex_000335,18,-6.57711
control,complex_000540,complex_000335,19,-5.7442
control,complex_000540,complex_000177,0,-6.14701
control,complex_000540,complex_000177,1,-8.89468
control,complex_000540,complex_000177,2,-8.68796
control,complex_000540,complex_000177,3,-9.67021
control,complex_000540,complex_000177,4,-7.28899
control,complex_000540,complex_000177,5,-5.33585
control,complex_000540,complex_000177,6,-6.51762
control,complex_000540,complex_000177,7,-5.86375
control,complex_000540,complex_000177,8,-9.1623
control,complex_000540,complex_000177,9,-7.33294
control,complex_000540,complex_000177,10,-8.29295
control,complex_000540,complex_000177,11,-8.15297
control,complex_000540,complex_000177,12,-6.3973
control,complex_000540,complex_000177,13,-8.96734
control,complex_000540,complex_000177,14,-6.05101
control,complex_000540,complex_000177,15,-7.06043
control,complex_000540,complex_000177,16,-6.89059
control,complex_000540,complex_000177,17,-8.72804
control,complex_000540,complex_000177,18,-7.90991
control,complex_000540,complex_000177,19,-7.55467
