arm,pocket,receptor,mol_idx,score
critic_lambda20,complex_000051,complex_000473,0,-6.81261
critic_lambda20,complex_000051,complex_000473,1,-6.32905
critic_lambda20,complex_000051,complex_000473,2,-7.96226
critic_lambda20,complex_000051,complex_000473,3,-5.71223
critic_lambda20,complex_000051,complex_000473,4,-5.63137
critic_lambda20,complex_000051,complex_000473,5,-4.04763
critic_lambda20,complex_000051,complex_000473,6,-5.98774
critic_lambda20,complex_000051,complex_000473,7,-6.24918
critic_lambda20,complex_000051,complex_000473,8,-6.12191
critic_lambda20,complex_000051,complex_000473,9,-5.75762
critic_lambda20,complex_000051,complex_000473,10,-5.85595
critic_lambda20,complex_000051,complex_000473,11,-6.18014
critic_lambda20,complex_000051,complex_000473,12,-7.79698
critic_lambda20,complex_000051,complex_000473,13,-5.96544
critic_lambda20,complex_000051,complex_000473,14,-6.86916
critic_lambda20,complex_000051,complex_000473,15,-6.38036
critic_lambda20,complex_000051,complex_000473,16,-6.15946
critic_lambda20,complex_000051,complex_000473,17,-8.05101
critic_lambda20,complex_000051,complex_000473,18,-7.22387
critic_lambda20,complex_000051,complex_000473,19,-6.57721
critic_lambda20,complex_000001,complex_000266,0,-7.64777
critic_lambda20,complex_000001,complex_000266,1,-8.67737
critic_lambda20,complex_000001,complex_000266,2,-8.22716
critic_lambda20,complex_000001,complex_000266,3,-7.41608
critic_lambda20,complex_000001,complex_000266,4,-8.32496
critic_lambda20,complex_000001,complex_000266,5,-8.89855
critic_lambda20,complex_000001,complex_000266,6,-7.68231
critic_lambda20,complex_000001,complex_000266,7,-7.79943
critic_lambda20,complex_000001,complex_000266,8,-7.98985
critic_lambda20,complex_000001,complex_000266,9,-7.44154
critic_lambda20,complex_000001,complex_000266,10,-9.17362
critic_lambda20,complex_000001,complex_000266,11,-7.40487
critic_lambda20,complex_000001,complex_000266,12,-6.13312
critic_lambda20,complex_000001,complex_000266,13,-7.0249
critic_lambda20,complex_000001,complex_000266,14,-8.13143
critic_lambda20,complex_000001,complex_000266,15,-8.64823
critic_lambda20,complex_000001,complex_000266,16,-8.42777
critic_lambda20,complex_000001,complex_000266,17,-7.88083
critic_lambda20,complex_000001,complex_000266,18,-5.96553
critic_lambda20,complex_000001,complex_000266,19,-7.89171
critic_lambda20,complex_000001,complex_000001,0,-6.55333
critic_lambda20,complex_000001,complex_000001,1,-7.65971
critic_lambda20,complex_000001,complex_000001,2,-7.12757
critic_lambda20,complex_000001,complex_000001,3,-6.71725
critic_lambda20,complex_000001,complex_000001,4,-6.86913
critic_lambda20,complex_000001,complex_000001,5,-8.60423
critic_lambda20,complex_000001,complex_000001,6,-8.54306
critic_lambda20,complex_000001,complex_000001,7,-7.79565
critic_lambda20,complex_000001,complex_000001,8,-8.19425
critic_lambda20,complex_000001,complex_000001,9,-6.89879
critic_lambda20,complex_000001,complex_000001,10,-10.01499
critic_lambda20,complex_000001,complex_000001,11,-7.14446
critic_lambda20,complex_000001,complex_000001,12,-6.07921
critic_lambda20,complex_000001,complex_000001,13,-7.0889
critic_lambda20,complex_000001,complex_000001,14,-7.98821
critic_lambda20,complex_000001,complex_000001,15,-7.44708
critic_lambda20,complex_000001,complex_000001,16,-8.44822
critic_lambda20,complex_000001,complex_000001,17,-7.00073
critic_lambda20,complex_000001,complex_000001,18,-6.00731
critic_lambda20,complex_000001,complex_000001,19,-8.26316
critic_lambda20,complex_000001,complex_000363,0,-7.45211
critic_lambda20,complex_000001,complex_000363,1,-8.09661
critic_lambda20,complex_000001,complex_000363,2,-6.9355
critic_lambda20,complex_000001,complex_000363,3,-8.38857
critic_lambda20,complex_000001,complex_000363,4,-9.05817
critic_lambda20,complex_000001,complex_000363,5,-9.67665
critic_lambda20,complex_000001,complex_000363,6,-8.45772
critic_lambda20,complex_000001,complex_000363,7,-7.07192
critic_lambda20,complex_000001,complex_000363,8,-9.31813
critic_lambda20,complex_000001,complex_000363,9,-7.30757
critic_lambda20,complex_000001,complex_000363,10,-8.65656
critic_lambda20,complex_000001,complex_000363,11,-7.8005
critic_lambda20,complex_000001,complex_000363,12,-6.57279
critic_lambda20,complex_000001,complex_000363,13,-7.57067
critic_lambda20,complex_000001,complex_000363,14,-8.94572
critic_lambda20,complex_000001,complex_000363,15,-8.83452
critic_lambda20,complex_000001,complex_000363,16,-8.83411
critic_lambda20,complex_000001,complex_000363,17,-8.37802
critic_lambda20,complex_000001,complex_000363,18,-6.50137
critic_lambda20,complex_000001,complex_000363,19,-7.69816
critic_lambda20,complex_000051,complex_000266,0,-7.92729
critic_lambda20,complex_000051,complex_000266,1,-7.48246
critic_lambda20,complex_000051,complex_000266,2,-9.9552
critic_lambda20,complex_000051,complex_000266,3,-6.83714
critic_lambda20,complex_000051,complex_000266,4,-7.10255
critic_lambda20,complex_000051,complex_000266,5,-4.4441
critic_lambda20,complex_000051,complex_000266,6,-7.69584
critic_lambda20,complex_000051,complex_000266,7,-6.5532
critic_lambda20,complex_000051,complex_000266,8,-6.61002
critic_lambda20,complex_000051,complex_000266,9,-6.99431
critic_lambda20,complex_000051,complex_000266,10,-7.23228
critic_lambda20,complex_000051,complex_000266,11,-6.68633
critic_lambda20,complex_000051,complex_000266,12,-9.20361
critic_lambda20,complex_000051,complex_000266,13,-7.79416
critic_lambda20,complex_000051,complex_000266,14,-9.63312
critic_lambda20,complex_000051,complex_000266,15,-8.4314
critic_lambda20,complex_000051,complex_000266,16,-6.852
critic_lambda20,complex_000051,complex_000266,17,-8.74101
critic_lambda20,complex_000051,complex_000266,18,-9.26867
critic_lambda20,complex_000051,complex_000266,19,-8.02799
critic_lambda20,complex_000051,complex_000363,0,-9.29373
critic_lambda20,complex_000051,complex_000363,1,-8.29188
critic_lambda20,complex_000051,complex_000363,2,-11.16421
critic_lambda20,complex_000051,complex_000363,3,-7.55483
critic_lambda20,complex_000051,complex_000363,4,-7.57911
critic_lambda20,complex_000051,complex_000363,5,-4.71656
critic_lambda20,complex_000051,complex_000363,6,-8.50471
critic_lambda20,complex_000051,complex_000363,7,-7.43978
critic_lambda20,complex_000051,complex_000363,8,-7.32979
critic_lambda20,complex_000051,complex_000363,9,-7.68634
critic_lambda20,complex_000051,complex_000363,10,-7.36771
critic_lambda20,complex_000051,complex_000363,11,-7.58481
critic_lambda20,complex_000051,complex_000363,12,-8.09447
critic_lambda20,complex_000051,complex_000363,13,-7.18389
critic_lambda20,complex_000051,complex_000363,14,-10.34076
critic_lambda20,complex_000051,complex_000363,15,-8.69643
critic_lambda20,complex_000051,complex_000363,16,-8.55855
critic_lambda20,complex_000051,complex_000363,17,-9.70835
critic_lambda20,complex_000051,complex_000363,18,-10.10907
critic_lambda20,complex_000051,complex_000363,19,-8.47781
critic_lambda20,complex_000001,complex_000411,0,-7.53163
critic_lambda20,complex_000001,complex_000411,1,-7.70247
critic_lambda20,complex_000001,complex_000411,2,-7.64772
critic_lambda20,complex_000001,complex_000411,3,-7.1643
critic_lambda20,complex_000001,complex_000411,4,-8.36515
critic_lambda20,complex_000001,complex_000411,5,-8.62363
critic_lambda20,complex_000001,complex_000411,6,-8.87515
critic_lambda20,complex_000001,complex_000411,7,-8.00954
critic_lambda20,complex_000001,complex_000411,8,-8.54735
critic_lambda20,complex_000001,complex_000411,9,-6.87278
critic_lambda20,complex_000001,complex_000411,10,-9.53425
critic_lambda20,complex_000001,complex_000411,11,-6.75602
critic_lambda20,complex_000001,complex_000411,12,-6.43586
critic_lambda20,complex_000001,complex_000411,13,-7.38373
critic_lambda20,complex_000001,complex_000411,14,-7.64414
critic_lambda20,complex_000001,complex_000411,15,-8.16636
critic_lambda20,complex_000001,complex_000411,16,-8.22756
critic_lambda20,complex_000001,complex_000411,17,-8.27887
critic_lambda20,complex_000001,complex_000411,18,-6.15943
critic_lambda20,complex_000001,complex_000411,19,-7.586
critic_lambda20,complex_000026,complex_000001,0,-6.94575
critic_lambda20,complex_000026,complex_000001,1,-7.99059
critic_lambda20,complex_000026,complex_000001,2,-5.48908
critic_lambda20,complex_000026,complex_000001,3,-6.08681
critic_lambda20,complex_000026,complex_000001,4,-7.43767
critic_lambda20,complex_000026,complex_000001,5,-7.09505
critic_lambda20,complex_000026,complex_000001,6,-5.11354
critic_lambda20,complex_000026,complex_000001,7,-5.88344
critic_lambda20,complex_000026,complex_000001,8,-8.86406
critic_lambda20,complex_000026,complex_000001,9,-7.41136
critic_lambda20,complex_000026,complex_000001,10,-6.58637
critic_lambda20,complex_000026,complex_000001,11,-7.94035
critic_lambda20,complex_000026,complex_000001,12,-6.63515
critic_lambda20,complex_000026,complex_000001,13,-6.41758
critic_lambda20,complex_000026,complex_000001,14,-4.74565
critic_lambda20,complex_000026,complex_000001,15,-6.8174
critic_lambda20,complex_000026,complex_000001,16,-5.55896
critic_lambda20,complex_000026,complex_000001,17,-8.04891
critic_lambda20,complex_000026,complex_000001,18,-7.33414
critic_lambda20,complex_000026,complex_000001,19,-7.15691
critic_lambda20,complex_000026,complex_000051,0,-7.52268
critic_lambda20,complex_000026,complex_000051,1,-8.4105
critic_lambda20,complex_000026,complex_000051,2,-6.37158
critic_lambda20,complex_000026,complex_000051,3,-6.63698
critic_lambda20,complex_000026,complex_000051,4,-7.62972
critic_lambda20,complex_000026,complex_000051,5,-6.92955
critic_lambda20,complex_000026,complex_000051,6,-5.36363
critic_lambda20,complex_000026,complex_000051,7,-7.03072
critic_lambda20,complex_000026,complex_000051,8,-7.63673
critic_lambda20,complex_000026,complex_000051,9,-8.82809
critic_lambda20,complex_000026,complex_000051,10,-7.22249
critic_lambda20,complex_000026,complex_000051,11,-7.63035
critic_lambda20,complex_000026,complex_000051,12,-6.42642
critic_lambda20,complex_000026,complex_000051,13,-7.20494
critic_lambda20,complex_000026,complex_000051,14,-5.20145
critic_lambda20,complex_000026,complex_000051,15,-6.79626
critic_lambda20,complex_000026,complex_000051,16,-5.44095
critic_lambda20,complex_000026,complex_000051,17,-8.62763
critic_lambda20,complex_000026,complex_000051,18,-8.39732
critic_lambda20,complex_000026,complex_000051,19,-7.15322
critic_lambda20,complex_000051,complex_000051,0,-8.36983
critic_lambda20,complex_000051,complex_000051,1,-7.3865
critic_lambda20,complex_000051,complex_000051,2,-8.53975
critic_lambda20,complex_000051,complex_000051,3,-6.60823
critic_lambda20,complex_000051,complex_000051,4,-6.6398
critic_lambda20,complex_000051,complex_000051,5,-3.89046
critic_lambda20,complex_000051,complex_000051,6,-7.45172
critic_lambda20,complex_000051,complex_000051,7,-6.85414
critic_lambda20,complex_000051,complex_000051,8,-6.75722
critic_lambda20,complex_000051,complex_000051,9,-6.85989
critic_lambda20,complex_000051,complex_000051,10,-6.32155
critic_lambda20,complex_000051,complex_000051,11,-6.78954
critic_lambda20,complex_000051,complex_000051,12,-8.61347
critic_lambda20,complex_000051,complex_000051,13,-6.60053
critic_lambda20,complex_000051,complex_000051,14,-9.73356
critic_lambda20,complex_000051,complex_000051,15,-7.7529
critic_lambda20,complex_000051,complex_000051,16,-7.69386
critic_lambda20,complex_000051,complex_000051,17,-8.62732
critic_lambda20,complex_000051,complex_000051,18,-8.58724
critic_lambda20,complex_000051,complex_000051,19,-7.85282
critic_lambda20,complex_000026,complex_000063,0,-6.98753
critic_lambda20,complex_000026,complex_000063,1,-8.40294
critic_lambda20,complex_000026,complex_000063,2,-5.87877
critic_lambda20,complex_000026,complex_000063,3,-6.80349
critic_lambda20,complex_000026,complex_000063,4,-8.37388
critic_lambda20,complex_000026,complex_000063,5,-7.01811
critic_lambda20,complex_000026,complex_000063,6,-5.16314
critic_lambda20,complex_000026,complex_000063,7,-6.1871
critic_lambda20,complex_000026,complex_000063,8,-9.14799
critic_lambda20,complex_000026,complex_000063,9,-7.48674
critic_lambda20,complex_000026,complex_000063,10,-7.41163
critic_lambda20,complex_000026,complex_000063,11,-7.77035
critic_lambda20,complex_000026,complex_000063,12,-7.11755
critic_lambda20,complex_000026,complex_000063,13,-6.25186
critic_lambda20,complex_000026,complex_000063,14,-5.04787
critic_lambda20,complex_000026,complex_000063,15,-7.65538
critic_lambda20,complex_000026,complex_000063,16,-5.46388
critic_lambda20,complex_000026,complex_000063,17,-7.93855
critic_lambda20,complex_000026,complex_000063,18,-8.33842
critic_lambda20,complex_000026,complex_000063,19,-7.49621
critic_lambda20,complex_000026,complex_000026,0,-7.49655
critic_lambda20,complex_000026,complex_000026,1,-8.56374
critic_lambda20,complex_000026,complex_000026,2,-6.3415
critic_lambda20,complex_000026,complex_000026,3,-6.66397
critic_lambda20,complex_000026,complex_000026,4,-7.537
critic_lambda20,complex_000026,complex_000026,5,-7.39364
critic_lambda20,complex_000026,complex_000026,6,-5.61077
critic_lambda20,complex_000026,complex_000026,7,-7.04701
critic_lambda20,complex_000026,complex_000026,8,-9.56061
critic_lambda20,complex_000026,complex_000026,9,-8.27241
critic_lambda20,complex_000026,complex_000026,10,-7.70297
critic_lambda20,complex_000026,complex_000026,11,-9.67824
critic_lambda20,complex_000026,complex_000026,12,-7.42211
critic_lambda20,complex_000026,complex_000026,13,-7.35212
critic_lambda20,complex_000026,complex_000026,14,-5.39009
critic_lambda20,complex_000026,complex_000026,15,-8.20853
critic_lambda20,complex_000026,complex_000026,16,-5.92256
critic_lambda20,complex_000026,complex_000026,17,-8.12589
critic_lambda20,complex_000026,complex_000026,18,-8.36729
critic_lambda20,complex_000026,complex_000026,19,-7.28063
critic_lambda20,complex_000059,complex_000363,0,-8.01611
critic_lambda20,complex_000059,complex_000363,1,-9.0564
critic_lambda20,complex_000059,complex_000363,2,-9.5875
critic_lambda20,complex_000059,complex_000363,3,-10.14025
critic_lambda20,complex_000059,complex_000363,4,-9.66488
critic_lambda20,complex_000059,complex_000363,5,-8.9454
critic_lambda20,complex_000059,complex_000363,6,-6.94453
critic_lambda20,complex_000059,complex_000363,7,-6.58664
critic_lambda20,complex_000059,complex_000363,8,-8.48914
critic_lambda20,complex_000059,complex_000363,9,-8.07586
critic_lambda20,complex_000059,complex_000363,10,-8.25732
critic_lambda20,complex_000059,complex_000363,11,-8.88533
critic_lambda20,complex_000059,complex_000363,12,-7.55186
critic_lambda20,complex_000059,complex_000363,13,-9.49941
critic_lambda20,complex_000059,complex_000363,14,-10.32544
critic_lambda20,complex_000059,complex_000363,15,-8.49488
critic_lambda20,complex_000059,complex_000363,16,-7.6513
critic_lambda20,complex_000059,complex_000363,17,-7.0712
critic_lambda20,complex_000059,complex_000363,18,-6.78784
critic_lambda20,complex_000059,complex_000363,19,-8.89285
critic_lambda20,complex_000059,complex_000292,0,-6.01927
critic_lambda20,complex_000059,complex_000292,1,-6.43407
critic_lambda20,complex_000059,complex_000292,2,-7.4761
critic_lambda20,complex_000059,complex_000292,3,-7.67251
critic_lambda20,complex_000059,complex_000292,4,-7.78568
critic_lambda20,complex_000059,complex_000292,5,-8.39215
critic_lambda20,complex_000059,complex_000292,6,-5.71446
critic_lambda20,complex_000059,complex_000292,7,-5.53076
critic_lambda20,complex_000059,complex_000292,8,-7.20262
critic_lambda20,complex_000059,complex_000292,9,-6.37271
critic_lambda20,complex_000059,complex_000292,10,-6.56384
critic_lambda20,complex_000059,complex_000292,11,-7.11387
critic_lambda20,complex_000059,complex_000292,12,-6.67671
critic_lambda20,complex_000059,complex_000292,13,-6.95014
critic_lambda20,complex_000059,complex_000292,14,-7.12222
critic_lambda20,complex_000059,complex_000292,15,-6.68699
critic_lambda20,complex_000059,complex_000292,16,-6.09677
critic_lambda20,complex_000059,complex_000292,17,-5.76564
critic_lambda20,complex_000059,complex_000292,18,-5.28851
critic_lambda20,complex_000059,complex_000292,19,-6.13536
critic_lambda20,complex_000059,complex_000059,0,-7.02436
critic_lambda20,complex_000059,complex_000059,1,-8.12166
critic_lambda20,complex_000059,complex_000059,2,-9.07481
critic_lambda20,complex_000059,complex_000059,3,-10.951
critic_lambda20,complex_000059,complex_000059,4,-9.31771
critic_lambda20,complex_000059,complex_000059,5,-10.64822
critic_lambda20,complex_000059,complex_000059,6,-6.74339
critic_lambda20,complex_000059,complex_000059,7,-6.7186
critic_lambda20,complex_000059,complex_000059,8,-8.13248
critic_lambda20,complex_000059,complex_000059,9,-7.42573
critic_lambda20,complex_000059,complex_000059,10,-8.15466
critic_lambda20,complex_000059,complex_000059,11,-7.77498
critic_lambda20,complex_000059,complex_000059,12,-7.45905
critic_lambda20,complex_000059,complex_000059,13,-8.92831
critic_lambda20,complex_000059,complex_000059,14,-9.66622
critic_lambda20,complex_000059,complex_000059,15,-8.37515
critic_lambda20,complex_000059,complex_000059,16,-7.73224
critic_lambda20,complex_000059,complex_000059,17,-6.97433
critic_lambda20,complex_000059,complex_000059,18,-6.32475
critic_lambda20,complex_000059,complex_000059,19,-8.23687
critic_lambda20,complex_000059,complex_000382,0,-7.92518
critic_lambda20,complex_000059,complex_000382,1,-8.61236
critic_lambda20,complex_000059,complex_000382,2,-9.00333
critic_lambda20,complex_000059,complex_000382,3,-10.07776
critic_lambda20,complex_000059,complex_000382,4,-10.00228
critic_lambda20,complex_000059,complex_000382,5,-10.96484
critic_lambda20,complex_000059,complex_000382,6,-6.69264
critic_lambda20,complex_000059,complex_000382,7,-5.79736
critic_lambda20,complex_000059,complex_000382,8,-8.51309
critic_lambda20,complex_000059,complex_000382,9,-7.61476
critic_lambda20,complex_000059,complex_000382,10,-8.37394
critic_lambda20,complex_000059,complex_000382,11,-8.51223
critic_lambda20,complex_000059,complex_000382,12,-7.5263
critic_lambda20,complex_000059,complex_000382,13,-9.17557
critic_lambda20,complex_000059,complex_000382,14,-9.97537
critic_lambda20,complex_000059,complex_000382,15,-9.22593
critic_lambda20,complex_000059,complex_000382,16,-8.30474
critic_lambda20,complex_000059,complex_000382,17,-7.13968
critic_lambda20,complex_000059,complex_000382,18,-6.18409
critic_lambda20,complex_000059,complex_000382,19,-8.28235
critic_lambda20,complex_000069,complex_000426,0,-9.58393
critic_lambda20,complex_000069,complex_000426,1,-7.42742
critic_lambda20,complex_000069,complex_000426,2,-9.88416
critic_lambda20,complex_000069,complex_000426,3,-5.93626
critic_lambda20,complex_000069,complex_000426,4,-4.32123
critic_lambda20,complex_000069,complex_000426,5,-5.62591
critic_lambda20,complex_000069,complex_000426,6,-5.72819
critic_lambda20,complex_000069,complex_000426,7,-7.47093
critic_lambda20,complex_000069,complex_000426,8,-7.85032
critic_lambda20,complex_000069,complex_000426,9,-8.15516
critic_lambda20,complex_000069,complex_000426,10,-7.88337
critic_lambda20,complex_000069,complex_000426,11,-5.94678
critic_lambda20,complex_000069,complex_000426,12,-6.89229
critic_lambda20,complex_000069,complex_000426,13,-6.15591
critic_lambda20,complex_000069,complex_000426,14,-7.93156
critic_lambda20,complex_000069,complex_000426,15,-9.11606
critic_lambda20,complex_000069,complex_000426,16,-9.02221
critic_lambda20,complex_000069,complex_000426,17,-4.70009
critic_lambda20,complex_000069,complex_000426,18,-7.31706
critic_lambda20,complex_000069,complex_000426,19,-9.56251
critic_lambda20,complex_000063,complex_000063,0,-7.74886
critic_lambda20,complex_000063,complex_000063,1,-6.13459
critic_lambda20,complex_000063,complex_000063,2,-5.84991
critic_lambda20,complex_000063,complex_000063,3,-5.4898
critic_lambda20,complex_000063,complex_000063,4,-6.88888
critic_lambda20,complex_000063,complex_000063,5,-4.77623
critic_lambda20,complex_000063,complex_000063,6,-6.80861
critic_lambda20,complex_000063,complex_000063,7,-10.35367
critic_lambda20,complex_000063,complex_000063,8,-5.3048
critic_lambda20,complex_000063,complex_000063,9,-4.57812
critic_lambda20,complex_000063,complex_000063,10,-7.66045
critic_lambda20,complex_000063,complex_000063,11,-6.50264
critic_lambda20,complex_000063,complex_000063,12,-7.32056
critic_lambda20,complex_000063,complex_000063,13,-7.69994
critic_lambda20,complex_000063,complex_000063,14,-9.22338
critic_lambda20,complex_000063,complex_000063,15,-4.34303
critic_lambda20,complex_000063,complex_000063,16,-6.71113
critic_lambda20,complex_000063,complex_000063,17,-6.77848
critic_lambda20,complex_000063,complex_000063,18,-6.3611
critic_lambda20,complex_000063,complex_000063,19,-5.90761
critic_lambda20,complex_000069,complex_000069,0,-9.21912
critic_lambda20,complex_000069,complex_000069,1,-9.22173
critic_lambda20,complex_000069,complex_000069,2,-10.06117
critic_lambda20,complex_000069,complex_000069,3,-6.89774
critic_lambda20,complex_000069,complex_000069,4,-5.11966
critic_lambda20,complex_000069,complex_000069,5,-6.15797
critic_lambda20,complex_000069,complex_000069,6,-6.48548
critic_lambda20,complex_000069,complex_000069,7,-7.77036
critic_lambda20,complex_000069,complex_000069,8,-7.56804
critic_lambda20,complex_000069,complex_000069,9,-8.41656
critic_lambda20,complex_000069,complex_000069,10,-8.16477
critic_lambda20,complex_000069,complex_000069,11,-6.59624
critic_lambda20,complex_000069,complex_000069,12,-6.24665
critic_lambda20,complex_000069,complex_000069,13,-6.00508
critic_lambda20,complex_000069,complex_000069,14,-8.22332
critic_lambda20,complex_000069,complex_000069,15,-9.59204
critic_lambda20,complex_000069,complex_000069,16,-8.93438
critic_lambda20,complex_000069,complex_000069,17,-5.16057
critic_lambda20,complex_000069,complex_000069,18,-8.53441
critic_lambda20,complex_000069,complex_000069,19,-10.25619
critic_lambda20,complex_000112,complex_000112,0,-5.18
critic_lambda20,complex_000112,complex_000112,1,-6.33003
critic_lambda20,complex_000112,complex_000112,2,-6.53247
critic_lambda20,complex_000112,complex_000112,3,-6.07312
critic_lambda20,complex_000112,complex_000112,4,-7.39437
critic_lambda20,complex_000112,complex_000112,5,-6.75882
critic_lambda20,complex_000112,complex_000112,6,-9.24038
critic_lambda20,complex_000112,complex_000112,7,-4.73333
critic_lambda20,complex_000112,complex_000112,8,-7.99764
critic_lambda20,complex_000112,complex_000112,9,-9.1251
critic_lambda20,complex_000112,complex_000112,10,-6.77975
critic_lambda20,complex_000112,complex_000112,11,-5.77134
critic_lambda20,complex_000112,complex_000112,12,-5.64722
critic_lambda20,complex_000112,complex_000112,13,-6.38705
critic_lambda20,complex_000112,complex_000112,14,-6.44901
critic_lambda20,complex_000112,complex_000112,15,-7.04396
critic_lambda20,complex_000112,complex_000112,16,-7.29553
critic_lambda20,complex_000112,complex_000112,17,-8.29137
critic_lambda20,complex_000112,complex_000112,18,-7.45274
critic_lambda20,complex_000112,complex_000112,19,-4.76956
critic_lambda20,complex_000069,complex_000292,0,-6.68121
critic_lambda20,complex_000069,complex_000292,1,-6.42171
critic_lambda20,complex_000069,complex_000292,2,-8.02156
critic_lambda20,complex_000069,complex_000292,3,-5.23061
critic_lambda20,complex_000069,complex_000292,4,-3.77111
critic_lambda20,complex_000069,complex_000292,5,-4.82748
critic_lambda20,complex_000069,complex_000292,6,-4.96356
critic_lambda20,complex_000069,complex_000292,7,-6.52092
critic_lambda20,complex_000069,complex_000292,8,-6.42099
critic_lambda20,complex_000069,complex_000292,9,-6.86728
critic_lambda20,complex_000069,complex_000292,10,-6.55824
critic_lambda20,complex_000069,complex_000292,11,-5.09592
critic_lambda20,complex_000069,complex_000292,12,-5.68997
critic_lambda20,complex_000069,complex_000292,13,-5.16242
critic_lambda20,complex_000069,complex_000292,14,-7.01872
critic_lambda20,complex_000069,complex_000292,15,-7.5154
critic_lambda20,complex_000069,complex_000292,16,-6.66253
critic_lambda20,complex_000069,complex_000292,17,-4.6926
critic_lambda20,complex_000069,complex_000292,18,-7.01368
critic_lambda20,complex_000069,complex_000292,19,-8.54263
critic_lambda20,complex_000112,complex_000149,0,-5.93735
critic_lambda20,complex_000112,complex_000149,1,-8.89902
critic_lambda20,complex_000112,complex_000149,2,-6.91333
critic_lambda20,complex_000112,complex_000149,3,-6.44566
critic_lambda20,complex_000112,complex_000149,4,-8.6122
critic_lambda20,complex_000112,complex_000149,5,-8.09937
critic_lambda20,complex_000112,complex_000149,6,-10.03236
critic_lambda20,complex_000112,complex_000149,7,-6.33375
critic_lambda20,complex_000112,complex_000149,8,-8.56884
critic_lambda20,complex_000112,complex_000149,9,-8.221
critic_lambda20,complex_000112,complex_000149,10,-7.44435
critic_lambda20,complex_000112,complex_000149,11,-7.63985
critic_lambda20,complex_000112,complex_000149,12,-5.81217
critic_lambda20,complex_000112,complex_000149,13,-8.46034
critic_lambda20,complex_000112,complex_000149,14,-7.32532
critic_lambda20,complex_000112,complex_000149,15,-7.28435
critic_lambda20,complex_000112,complex_000149,16,-9.41485
critic_lambda20,complex_000112,complex_000149,17,-8.77125
critic_lambda20,complex_000112,complex_000149,18,-8.21562
critic_lambda20,complex_000112,complex_000149,19,-5.85308
critic_lambda20,complex_000069,complex_000026,0,-8.36434
critic_lambda20,complex_000069,complex_000026,1,-7.77305
critic_lambda20,complex_000069,complex_000026,2,-9.56666
critic_lambda20,complex_000069,complex_000026,3,-6.08421
critic_lambda20,complex_000069,complex_000026,4,-4.28646
critic_lambda20,complex_000069,complex_000026,5,-5.92367
critic_lambda20,complex_000069,complex_000026,6,-5.55887
critic_lambda20,complex_000069,complex_000026,7,-7.22152
critic_lambda20,complex_000069,complex_000026,8,-7.8428
critic_lambda20,complex_000069,complex_000026,9,-7.20236
critic_lambda20,complex_000069,complex_000026,10,-7.20209
critic_lambda20,complex_000069,complex_000026,11,-6.10684
critic_lambda20,complex_000069,complex_000026,12,-6.93103
critic_lambda20,complex_000069,complex_000026,13,-6.11836
critic_lambda20,complex_000069,complex_000026,14,-7.80385
critic_lambda20,complex_000069,complex_000026,15,-8.57309
critic_lambda20,complex_000069,complex_000026,16,-8.44791
critic_lambda20,complex_000069,complex_000026,17,-4.8176
critic_lambda20,complex_000069,complex_000026,18,-7.32382
critic_lambda20,complex_000069,complex_000026,19,-9.1967
critic_lambda20,complex_000112,complex_000059,0,-5.3008
critic_lambda20,complex_000112,complex_000059,1,-7.75344
critic_lambda20,complex_000112,complex_000059,2,-6.31945
critic_lambda20,complex_000112,complex_000059,3,-5.73694
critic_lambda20,complex_000112,complex_000059,4,-7.97045
critic_lambda20,complex_000112,complex_000059,5,-7.91124
critic_lambda20,complex_000112,complex_000059,6,-8.99293
critic_lambda20,complex_000112,complex_000059,7,-5.31121
critic_lambda20,complex_000112,complex_000059,8,-7.89025
critic_lambda20,complex_000112,complex_000059,9,-6.514
critic_lambda20,complex_000112,complex_000059,10,-7.60774
critic_lambda20,complex_000112,complex_000059,11,-6.90289
critic_lambda20,complex_000112,complex_000059,12,-5.55691
critic_lambda20,complex_000112,complex_000059,13,-7.44708
critic_lambda20,complex_000112,complex_000059,14,-7.15147
critic_lambda20,complex_000112,complex_000059,15,-6.62231
critic_lambda20,complex_000112,complex_000059,16,-8.44404
critic_lambda20,complex_000112,complex_000059,17,-8.9512
critic_lambda20,complex_000112,complex_000059,18,-2.79428
critic_lambda20,complex_000112,complex_000059,19,-5.10137
critic_lambda20,complex_000063,complex_000376,0,-8.80019
critic_lambda20,complex_000063,complex_000376,1,-6.63538
critic_lambda20,complex_000063,complex_000376,2,-6.21145
critic_lambda20,complex_000063,complex_000376,3,-5.93392
critic_lambda20,complex_000063,complex_000376,4,-7.23058
critic_lambda20,complex_000063,complex_000376,5,-5.31081
critic_lambda20,complex_000063,complex_000376,6,-7.60227
critic_lambda20,complex_000063,complex_000376,7,-10.90984
critic_lambda20,complex_000063,complex_000376,8,-5.74441
critic_lambda20,complex_000063,complex_000376,9,-5.44135
critic_lambda20,complex_000063,complex_000376,10,-8.15448
critic_lambda20,complex_000063,complex_000376,11,-7.1458
critic_lambda20,complex_000063,complex_000376,12,-7.92668
critic_lambda20,complex_000063,complex_000376,13,-8.47748
critic_lambda20,complex_000063,complex_000376,14,-8.70238
critic_lambda20,complex_000063,complex_000376,15,-4.91562
critic_lambda20,complex_000063,complex_000376,16,-7.64954
critic_lambda20,complex_000063,complex_000376,17,-7.61145
critic_lambda20,complex_000063,complex_000376,18,-6.47697
critic_lambda20,complex_000063,complex_000376,19,-6.64543
critic_lambda20,complex_000063,complex_000148,0,-7.85268
critic_lambda20,complex_000063,complex_000148,1,-5.95968
critic_lambda20,complex_000063,complex_000148,2,-5.24365
critic_lambda20,complex_000063,complex_000148,3,-4.8736
critic_lambda20,complex_000063,complex_000148,4,-6.35976
critic_lambda20,complex_000063,complex_000148,5,-4.69169
critic_lambda20,complex_000063,complex_000148,6,-6.47129
critic_lambda20,complex_000063,complex_000148,7,-10.0692
critic_lambda20,complex_000063,complex_000148,8,-4.97615
critic_lambda20,complex_000063,complex_000148,9,-4.21402
critic_lambda20,complex_000063,complex_000148,10,-7.22905
critic_lambda20,complex_000063,complex_000148,11,-6.75822
critic_lambda20,complex_000063,complex_000148,12,-7.42953
critic_lambda20,complex_000063,complex_000148,13,-7.1939
critic_lambda20,complex_000063,complex_000148,14,-8.16656
critic_lambda20,complex_000063,complex_000148,15,-3.95301
critic_lambda20,complex_000063,complex_000148,16,-6.54036
critic_lambda20,complex_000063,complex_000148,17,-6.23012
critic_lambda20,complex_000063,complex_000148,18,-5.82631
critic_lambda20,complex_000063,complex_000148,19,-5.20965
critic_lambda20,complex_000063,complex_000411,0,-8.06943
critic_lambda20,complex_000063,complex_000411,1,-6.93625
critic_lambda20,complex_000063,complex_000411,2,-6.66438
critic_lambda20,complex_000063,complex_000411,3,-5.65053
critic_lambda20,complex_000063,complex_000411,4,-6.6441
critic_lambda20,complex_000063,complex_000411,5,-5.37751
critic_lambda20,complex_000063,complex_000411,6,-7.65171
critic_lambda20,complex_000063,complex_000411,7,-9.84475
critic_lambda20,complex_000063,complex_000411,8,-5.55685
critic_lambda20,complex_000063,complex_000411,9,-5.10786
critic_lambda20,complex_000063,complex_000411,10,-7.78467
critic_lambda20,complex_000063,complex_000411,11,-7.16415
critic_lambda20,complex_000063,complex_000411,12,-7.85759
critic_lambda20,complex_000063,complex_000411,13,-7.23779
critic_lambda20,complex_000063,complex_000411,14,-7.82347
critic_lambda20,complex_000063,complex_000411,15,-4.96157
critic_lambda20,complex_000063,complex_000411,16,-7.62584
critic_lambda20,complex_000063,complex_000411,17,-7.40235
critic_lambda20,complex_000063,complex_000411,18,-6.87716
critic_lambda20,complex_000063,complex_000411,19,-5.95452
critic_lambda20,complex_000112,complex_000269,0,-4.76583
critic_lambda20,complex_000112,complex_000269,1,-6.82781
critic_lambda20,complex_000112,complex_000269,2,-5.60314
critic_lambda20,complex_000112,complex_000269,3,-5.43078
critic_lambda20,complex_000112,complex_000269,4,-8.03863
critic_lambda20,complex_000112,complex_000269,5,-6.22242
critic_lambda20,complex_000112,complex_000269,6,-8.34322
critic_lambda20,complex_000112,complex_000269,7,-4.93482
critic_lambda20,complex_000112,complex_000269,8,-7.23202
critic_lambda20,complex_000112,complex_000269,9,-6.95545
critic_lambda20,complex_000112,complex_000269,10,-6.63686
critic_lambda20,complex_000112,complex_000269,11,-6.28415
critic_lambda20,complex_000112,complex_000269,12,-5.14097
critic_lambda20,complex_000112,complex_000269,13,-6.36331
critic_lambda20,complex_000112,complex_000269,14,-6.09424
critic_lambda20,complex_000112,complex_000269,15,-5.70283
critic_lambda20,complex_000112,complex_000269,16,-8.30079
critic_lambda20,complex_000112,complex_000269,17,-6.86387
critic_lambda20,complex_000112,complex_000269,18,-7.48276
critic_lambda20,complex_000112,complex_000269,19,-4.80614
critic_lambda20,complex_000085,complex_000085,0,-6.27534
critic_lambda20,complex_000085,complex_000085,1,-11.64389
critic_lambda20,complex_000085,complex_000085,2,-7.7571
critic_lambda20,complex_000085,complex_000085,3,-8.49491
critic_lambda20,complex_000085,complex_000085,4,-10.33392
critic_lambda20,complex_000085,complex_000085,5,-9.29917
critic_lambda20,complex_000085,complex_000085,6,-7.21634
critic_lambda20,complex_000085,complex_000085,7,-10.06617
critic_lambda20,complex_000085,complex_000085,8,-7.39832
critic_lambda20,complex_000085,complex_000085,9,-9.65915
critic_lambda20,complex_000085,complex_000085,10,-7.02889
critic_lambda20,complex_000085,complex_000085,11,-9.52834
critic_lambda20,complex_000085,complex_000085,12,-6.88933
critic_lambda20,complex_000085,complex_000085,13,-12.43095
critic_lambda20,complex_000085,complex_000085,14,-6.7967
critic_lambda20,complex_000085,complex_000085,15,-6.68383
critic_lambda20,complex_000085,complex_000085,16,-9.48269
critic_lambda20,complex_000085,complex_000085,17,-7.41249
critic_lambda20,complex_000085,complex_000085,18,-11.14665
critic_lambda20,complex_000085,complex_000085,19,-10.39867
critic_lambda20,complex_000085,complex_000059,0,-6.06726
critic_lambda20,complex_000085,complex_000059,1,-7.40484
critic_lambda20,complex_000085,complex_000059,2,-7.34076
critic_lambda20,complex_000085,complex_000059,3,-8.86454
critic_lambda20,complex_000085,complex_000059,4,-10.17879
critic_lambda20,complex_000085,complex_000059,5,-6.91558
critic_lambda20,complex_000085,complex_000059,6,-7.53248
critic_lambda20,complex_000085,complex_000059,7,-8.25834
critic_lambda20,complex_000085,complex_000059,8,-7.65847
critic_lambda20,complex_000085,complex_000059,9,-8.23407
critic_lambda20,complex_000085,complex_000059,10,-5.84244
critic_lambda20,complex_000085,complex_000059,11,-5.76368
critic_lambda20,complex_000085,complex_000059,12,-6.74639
critic_lambda20,complex_000085,complex_000059,13,-4.49677
critic_lambda20,complex_000085,complex_000059,14,-6.41665
critic_lambda20,complex_000085,complex_000059,15,-5.85329
critic_lambda20,complex_000085,complex_000059,16,-9.0063
critic_lambda20,complex_000085,complex_000059,17,-7.05398
critic_lambda20,complex_000085,complex_000059,18,-11.00146
critic_lambda20,complex_000085,complex_000059,19,-5.50802
critic_lambda20,complex_000117,complex_000117,0,-6.85877
critic_lambda20,complex_000117,complex_000117,1,-7.59335
critic_lambda20,complex_000117,complex_000117,2,-5.6595
critic_lambda20,complex_000117,complex_000117,3,-6.71353
critic_lambda20,complex_000117,complex_000117,4,-7.43025
critic_lambda20,complex_000117,complex_000117,5,-5.51534
critic_lambda20,complex_000117,complex_000117,6,-6.84414
critic_lambda20,complex_000117,complex_000117,7,-7.44859
critic_lambda20,complex_000117,complex_000117,8,-6.43991
critic_lambda20,complex_000117,complex_000117,9,-9.20019
critic_lambda20,complex_000117,complex_000117,10,-5.35175
critic_lambda20,complex_000117,complex_000117,11,-6.60388
critic_lambda20,complex_000117,complex_000117,12,-8.4964
critic_lambda20,complex_000117,complex_000117,13,-4.90758
critic_lambda20,complex_000117,complex_000117,14,-4.95025
critic_lambda20,complex_000117,complex_000117,15,-5.43814
critic_lambda20,complex_000117,complex_000117,16,-6.5204
critic_lambda20,complex_000117,complex_000117,17,-5.60275
critic_lambda20,complex_000117,complex_000117,18,-8.22013
critic_lambda20,complex_000117,complex_000117,19,-6.25305
critic_lambda20,complex_000117,complex_000026,0,-7.1781
critic_lambda20,complex_000117,complex_000026,1,-6.53361
critic_lambda20,complex_000117,complex_000026,2,-4.73699
critic_lambda20,complex_000117,complex_000026,3,-6.54488
critic_lambda20,complex_000117,complex_000026,4,-6.78664
critic_lambda20,complex_000117,complex_000026,5,-5.56122
critic_lambda20,complex_000117,complex_000026,6,-7.3923
critic_lambda20,complex_000117,complex_000026,7,-6.10824
critic_lambda20,complex_000117,complex_000026,8,-5.84912
critic_lambda20,complex_000117,complex_000026,9,-8.84582
critic_lambda20,complex_000117,complex_000026,10,-4.83213
critic_lambda20,complex_000117,complex_000026,11,-5.95117
critic_lambda20,complex_000117,complex_000026,12,-7.87373
critic_lambda20,complex_000117,complex_000026,13,-4.75511
critic_lambda20,complex_000117,complex_000026,14,-5.08527
critic_lambda20,complex_000117,complex_000026,15,-5.02901
critic_lambda20,complex_000117,complex_000026,16,-6.02021
critic_lambda20,complex_000117,complex_000026,17,-5.47039
critic_lambda20,complex_000117,complex_000026,18,-7.74554
critic_lambda20,complex_000117,complex_000026,19,-5.68799
critic_lambda20,complex_000117,complex_000001,0,-6.42899
critic_lambda20,complex_000117,complex_000001,1,-5.78745
critic_lambda20,complex_000117,complex_000001,2,-4.68373
critic_lambda20,complex_000117,complex_000001,3,-7.0533
critic_lambda20,complex_000117,complex_000001,4,-6.24685
critic_lambda20,complex_000117,complex_000001,5,-5.4792
critic_lambda20,complex_000117,complex_000001,6,-6.72994
critic_lambda20,complex_000117,complex_000001,7,-6.47155
critic_lambda20,complex_000117,complex_000001,8,-5.40155
critic_lambda20,complex_000117,complex_000001,9,-7.60584
critic_lambda20,complex_000117,complex_000001,10,-5.57848
critic_lambda20,complex_000117,complex_000001,11,-5.18945
critic_lambda20,complex_000117,complex_000001,12,-7.36675
critic_lambda20,complex_000117,complex_000001,13,-4.74172
critic_lambda20,complex_000117,complex_000001,14,-4.72876
critic_lambda20,complex_000117,complex_000001,15,-4.80904
critic_lambda20,complex_000117,complex_000001,16,-6.31923
critic_lambda20,complex_000117,complex_000001,17,-5.23108
critic_lambda20,complex_000117,complex_000001,18,-8.18632
critic_lambda20,complex_000117,complex_000001,19,-5.6668
critic_lambda20,complex_000085,complex_000411,0,-6.68901
critic_lambda20,complex_000085,complex_000411,1,-9.80806
critic_lambda20,complex_000085,complex_000411,2,-6.96308
critic_lambda20,complex_000085,complex_000411,3,-9.13458
critic_lambda20,complex_000085,complex_000411,4,-9.95725
critic_lambda20,complex_000085,complex_000411,5,-8.44768
critic_lambda20,complex_000085,complex_000411,6,-6.64471
critic_lambda20,complex_000085,complex_000411,7,-9.2275
critic_lambda20,complex_000085,complex_000411,8,-7.23655
critic_lambda20,complex_000085,complex_000411,9,-8.94821
critic_lambda20,complex_000085,complex_000411,10,-6.63549
critic_lambda20,complex_000085,complex_000411,11,-9.09739
critic_lambda20,complex_000085,complex_000411,12,-6.8809
critic_lambda20,complex_000085,complex_000411,13,-9.7651
critic_lambda20,complex_000085,complex_000411,14,-6.70864
critic_lambda20,complex_000085,complex_000411,15,-6.05749
critic_lambda20,complex_000085,complex_000411,16,-9.07123
critic_lambda20,complex_000085,complex_000411,17,-6.82174
critic_lambda20,complex_000085,complex_000411,18,-9.96835
critic_lambda20,complex_000085,complex_000411,19,-8.71818
critic_lambda20,complex_000117,complex_000179,0,-6.91221
critic_lambda20,complex_000117,complex_000179,1,-7.28306
critic_lambda20,complex_000117,complex_000179,2,-5.43165
critic_lambda20,complex_000117,complex_000179,3,-8.2303
critic_lambda20,complex_000117,complex_000179,4,-7.40454
critic_lambda20,complex_000117,complex_000179,5,-5.62785
critic_lambda20,complex_000117,complex_000179,6,-8.01277
critic_lambda20,complex_000117,complex_000179,7,-6.88536
critic_lambda20,complex_000117,complex_000179,8,-6.45922
critic_lambda20,complex_000117,complex_000179,9,-10.30058
critic_lambda20,complex_000117,complex_000179,10,-5.19229
critic_lambda20,complex_000117,complex_000179,11,-6.23863
critic_lambda20,complex_000117,complex_000179,12,-9.03302
critic_lambda20,complex_000117,complex_000179,13,-4.82381
critic_lambda20,complex_000117,complex_000179,14,-4.89201
critic_lambda20,complex_000117,complex_000179,15,-5.63456
critic_lambda20,complex_000117,complex_000179,16,-7.29431
critic_lambda20,complex_000117,complex_000179,17,-5.8414
critic_lambda20,complex_000117,complex_000179,18,-8.579
critic_lambda20,complex_000117,complex_000179,19,-5.97165
critic_lambda20,complex_000085,complex_000117,0,-5.66959
critic_lambda20,complex_000085,complex_000117,1,-9.69669
critic_lambda20,complex_000085,complex_000117,2,-6.75067
critic_lambda20,complex_000085,complex_000117,3,-8.143
critic_lambda20,complex_000085,complex_000117,4,-8.60797
critic_lambda20,complex_000085,complex_000117,5,-7.84416
critic_lambda20,complex_000085,complex_000117,6,-7.35397
critic_lambda20,complex_000085,complex_000117,7,-7.51357
critic_lambda20,complex_000085,complex_000117,8,-7.55498
critic_lambda20,complex_000085,complex_000117,9,-6.78447
critic_lambda20,complex_000085,complex_000117,10,-7.04651
critic_lambda20,complex_000085,complex_000117,11,-6.64878
critic_lambda20,complex_000085,complex_000117,12,-7.02691
critic_lambda20,complex_000085,complex_000117,13,-7.65492
critic_lambda20,complex_000085,complex_000117,14,-7.21147
critic_lambda20,complex_000085,complex_000117,15,-6.72571
critic_lambda20,complex_000085,complex_000117,16,-8.15687
critic_lambda20,complex_000085,complex_000117,17,-6.25103
critic_lambda20,complex_000085,complex_000117,18,-9.60105
critic_lambda20,complex_000085,complex_000117,19,-7.14752
critic_lambda20,complex_000140,complex_000374,0,-8.61831
critic_lambda20,complex_000140,complex_000374,1,-8.44114
critic_lambda20,complex_000140,complex_000374,2,-5.71198
critic_lambda20,complex_000140,complex_000374,3,-5.08185
critic_lambda20,complex_000140,complex_000374,4,-5.61607
critic_lambda20,complex_000140,complex_000374,5,-7.69066
critic_lambda20,complex_000140,complex_000374,6,-5.33173
critic_lambda20,complex_000140,complex_000374,7,-6.34125
critic_lambda20,complex_000140,complex_000374,8,-8.79012
critic_lambda20,complex_000140,complex_000374,9,-8.93452
critic_lambda20,complex_000140,complex_000374,10,-8.87119
critic_lambda20,complex_000140,complex_000374,11,-5.93304
critic_lambda20,complex_000140,complex_000374,12,-7.6417
critic_lambda20,complex_000140,complex_000374,13,-7.2355
critic_lambda20,complex_000140,complex_000374,14,-5.23427
critic_lambda20,complex_000140,complex_000374,15,-9.17455
critic_lambda20,complex_000140,complex_000374,16,-7.84988
critic_lambda20,complex_000140,complex_000374,17,-8.4651
critic_lambda20,complex_000140,complex_000374,18,-8.14195
critic_lambda20,complex_000140,complex_000374,19,-9.24234
critic_lambda20,complex_000145,complex_000145,0,-5.70434
critic_lambda20,complex_000145,complex_000145,1,-5.71807
critic_lambda20,complex_000145,complex_000145,2,-7.86887
critic_lambda20,complex_000145,complex_000145,3,-4.03676
critic_lambda20,complex_000145,complex_000145,4,-6.31689
critic_lambda20,complex_000145,complex_000145,5,-4.63821
critic_lambda20,complex_000145,complex_000145,6,-4.05355
critic_lambda20,complex_000145,complex_000145,7,-4.1065
critic_lambda20,complex_000145,complex_000145,8,-4.4359
critic_lambda20,complex_000145,complex_000145,9,-5.37044
critic_lambda20,complex_000145,complex_000145,10,-4.19716
critic_lambda20,complex_000145,complex_000145,11,-5.30953
critic_lambda20,complex_000145,complex_000145,12,-3.59558
critic_lambda20,complex_000145,complex_000145,13,-5.59471
critic_lambda20,complex_000145,complex_000145,14,-4.27972
critic_lambda20,complex_000145,complex_000145,15,-3.90665
critic_lambda20,complex_000145,complex_000145,16,-4.48931
critic_lambda20,complex_000145,complex_000145,17,-5.65569
critic_lambda20,complex_000145,complex_000145,18,-7.15751
critic_lambda20,complex_000145,complex_000145,19,-5.03048
critic_lambda20,complex_000140,complex_000140,0,-8.3864
critic_lambda20,complex_000140,complex_000140,1,-8.66153
critic_lambda20,complex_000140,complex_000140,2,-5.93057
critic_lambda20,complex_000140,complex_000140,3,-5.13229
critic_lambda20,complex_000140,complex_000140,4,-5.36292
critic_lambda20,complex_000140,complex_000140,5,-8.44826
critic_lambda20,complex_000140,complex_000140,6,-5.01991
critic_lambda20,complex_000140,complex_000140,7,-6.41229
critic_lambda20,complex_000140,complex_000140,8,-8.78639
critic_lambda20,complex_000140,complex_000140,9,-8.27573
critic_lambda20,complex_000140,complex_000140,10,-9.71795
critic_lambda20,complex_000140,complex_000140,11,-5.88055
critic_lambda20,complex_000140,complex_000140,12,-7.96399
critic_lambda20,complex_000140,complex_000140,13,-6.99418
critic_lambda20,complex_000140,complex_000140,14,-5.45478
critic_lambda20,complex_000140,complex_000140,15,-9.81953
critic_lambda20,complex_000140,complex_000140,16,-7.60154
critic_lambda20,complex_000140,complex_000140,17,-9.08251
critic_lambda20,complex_000140,complex_000140,18,-8.29396
critic_lambda20,complex_000140,complex_000140,19,-9.26995
critic_lambda20,complex_000140,complex_000540,0,-7.87799
critic_lambda20,complex_000140,complex_000540,1,-7.93002
critic_lambda20,complex_000140,complex_000540,2,-5.08828
critic_lambda20,complex_000140,complex_000540,3,-5.05077
critic_lambda20,complex_000140,complex_000540,4,-5.17029
critic_lambda20,complex_000140,complex_000540,5,-6.77273
critic_lambda20,complex_000140,complex_000540,6,-4.99775
critic_lambda20,complex_000140,complex_000540,7,-6.29897
critic_lambda20,complex_000140,complex_000540,8,-7.73895
critic_lambda20,complex_000140,complex_000540,9,-7.84452
critic_lambda20,complex_000140,complex_000540,10,-8.52222
critic_lambda20,complex_000140,complex_000540,11,-5.35356
critic_lambda20,complex_000140,complex_000540,12,-6.93077
critic_lambda20,complex_000140,complex_000540,13,-6.56105
critic_lambda20,complex_000140,complex_000540,14,-5.09721
critic_lambda20,complex_000140,complex_000540,15,-8.61293
critic_lambda20,complex_000140,complex_000540,16,-7.78477
critic_lambda20,complex_000140,complex_000540,17,-8.17604
critic_lambda20,complex_000140,complex_000540,18,-7.32043
critic_lambda20,complex_000140,complex_000540,19,-8.36176
critic_lambda20,complex_000145,complex_000506,0,-5.98678
critic_lambda20,complex_000145,complex_000506,1,-5.8386
critic_lambda20,complex_000145,complex_000506,2,-9.38645
critic_lambda20,complex_000145,complex_000506,3,-5.70864
critic_lambda20,complex_000145,complex_000506,4,-5.74064
critic_lambda20,complex_000145,complex_000506,5,-5.20374
critic_lambda20,complex_000145,complex_000506,6,-5.14852
critic_lambda20,complex_000145,complex_000506,7,-5.65444
critic_lambda20,complex_000145,complex_000506,8,-5.88761
critic_lambda20,complex_000145,complex_000506,9,-4.87214
critic_lambda20,complex_000145,complex_000506,10,-6.44354
critic_lambda20,complex_000145,complex_000506,11,-4.88927
critic_lambda20,complex_000145,complex_000506,12,-3.47932
critic_lambda20,complex_000145,complex_000506,13,-5.52882
critic_lambda20,complex_000145,complex_000506,14,-5.34107
critic_lambda20,complex_000145,complex_000506,15,-4.9301
critic_lambda20,complex_000145,complex_000506,16,-5.30054
critic_lambda20,complex_000145,complex_000506,17,-5.31581
critic_lambda20,complex_000145,complex_000506,18,-7.58419
critic_lambda20,complex_000145,complex_000506,19,-5.82763
critic_lambda20,complex_000145,complex_000177,0,-7.38263
critic_lambda20,complex_000145,complex_000177,1,-7.66669
critic_lambda20,complex_000145,complex_000177,2,-6.18802
critic_lambda20,complex_000145,complex_000177,3,-5.52104
critic_lambda20,complex_000145,complex_000177,4,-6.67819
critic_lambda20,complex_000145,complex_000177,5,-6.54297
critic_lambda20,complex_000145,complex_000177,6,-5.14109
critic_lambda20,complex_000145,complex_000177,7,-5.78896
critic_lambda20,complex_000145,complex_000177,8,-5.9846
critic_lambda20,complex_000145,complex_000177,9,-6.90072
critic_lambda20,complex_000145,complex_000177,10,-6.10123
critic_lambda20,complex_000145,complex_000177,11,-6.80842
critic_lambda20,complex_000145,complex_000177,12,-5.06248
critic_lambda20,complex_000145,complex_000177,13,-6.07817
critic_lambda20,complex_000145,complex_000177,14,-6.05805
critic_lambda20,complex_000145,complex_000177,15,-5.14835
critic_lambda20,complex_000145,complex_000177,16,-6.26463
critic_lambda20,complex_000145,complex_000177,17,-6.55639
critic_lambda20,complex_000145,complex_000177,18,-8.62691
critic_lambda20,complex_000145,complex_000177,19,-6.9371
critic_lambda20,complex_000145,complex_000382,0,-7.72992
critic_lambda20,complex_000145,complex_000382,1,-7.87618
critic_lambda20,complex_000145,complex_000382,2,-8.60322
critic_lambda20,complex_000145,complex_000382,3,-5.40294
critic_lambda20,complex_000145,complex_000382,4,-9.01271
critic_lambda20,complex_000145,complex_000382,5,-6.89392
critic_lambda20,complex_000145,complex_000382,6,-5.65437
critic_lambda20,complex_000145,complex_000382,7,-5.63368
critic_lambda20,complex_000145,complex_000382,8,-6.39243
critic_lambda20,complex_000145,complex_000382,9,-7.88361
critic_lambda20,complex_000145,complex_000382,10,-5.94291
critic_lambda20,complex_000145,complex_000382,11,-8.1657
critic_lambda20,complex_000145,complex_000382,12,-4.66929
critic_lambda20,complex_000145,complex_000382,13,-7.99869
critic_lambda20,complex_000145,complex_000382,14,-5.94142
critic_lambda20,complex_000145,complex_000382,15,-5.41304
critic_lambda20,complex_000145,complex_000382,16,-6.00821
critic_lambda20,complex_000145,complex_000382,17,-8.23395
critic_lambda20,complex_000145,complex_000382,18,-11.03735
critic_lambda20,complex_000145,complex_000382,19,-8.23188
critic_lambda20,complex_000141,complex_000179,0,-8.85968
critic_lambda20,complex_000141,complex_000179,1,-8.1119
critic_lambda20,complex_000141,complex_000179,2,-7.49359
critic_lambda20,complex_000141,complex_000179,3,-5.72121
critic_lambda20,complex_000141,complex_000179,4,-9.10305
critic_lambda20,complex_000141,complex_000179,5,-7.19106
critic_lambda20,complex_000141,complex_000179,6,-7.41813
critic_lambda20,complex_000141,complex_000179,7,-7.98929
critic_lambda20,complex_000141,complex_000179,8,-5.90618
critic_lambda20,complex_000141,complex_000179,9,-9.66386
critic_lambda20,complex_000141,complex_000179,10,-8.57889
critic_lambda20,complex_000141,complex_000179,11,-7.71903
critic_lambda20,complex_000141,complex_000179,12,-6.94259
critic_lambda20,complex_000141,complex_000179,13,-7.3185
critic_lambda20,complex_000141,complex_000179,14,-6.6658
critic_lambda20,complex_000141,complex_000179,15,-9.23831
critic_lambda20,complex_000141,complex_000179,16,-9.19639
critic_lambda20,complex_000141,complex_000179,17,-7.71017
critic_lambda20,complex_000141,complex_000179,18,-9.661
critic_lambda20,complex_000141,complex_000179,19,-8.07526
critic_lambda20,complex_000141,complex_000141,0,-8.00728
critic_lambda20,complex_000141,complex_000141,1,-7.09595
critic_lambda20,complex_000141,complex_000141,2,-7.47777
critic_lambda20,complex_000141,complex_000141,3,-5.47112
critic_lambda20,complex_000141,complex_000141,4,-8.5684
critic_lambda20,complex_000141,complex_000141,5,-6.21758
critic_lambda20,complex_000141,complex_000141,6,-6.94886
critic_lambda20,complex_000141,complex_000141,7,-6.60781
critic_lambda20,complex_000141,complex_000141,8,-5.35728
critic_lambda20,complex_000141,complex_000141,9,-8.57512
critic_lambda20,complex_000141,complex_000141,10,-7.37146
critic_lambda20,complex_000141,complex_000141,11,-6.89329
critic_lambda20,complex_000141,complex_000141,12,-6.21976
critic_lambda20,complex_000141,complex_000141,13,-6.58277
critic_lambda20,complex_000141,complex_000141,14,-6.60909
critic_lambda20,complex_000141,complex_000141,15,-7.63612
critic_lambda20,complex_000141,complex_000141,16,-8.22844
critic_lambda20,complex_000141,complex_000141,17,-6.40085
critic_lambda20,complex_000141,complex_000141,18,-7.0991
critic_lambda20,complex_000141,complex_000141,19,-6.99236
critic_lambda20,complex_000141,complex_000223,0,-6.68142
critic_lambda20,complex_000141,complex_000223,1,-5.93261
critic_lambda20,complex_000141,complex_000223,2,-5.68679
critic_lambda20,complex_000141,complex_000223,3,-5.02711
critic_lambda20,complex_000141,complex_000223,4,-6.96225
critic_lambda20,complex_000141,complex_000223,5,-5.46761
critic_lambda20,complex_000141,complex_000223,6,-5.4139
critic_lambda20,complex_000141,complex_000223,7,-5.83673
critic_lambda20,complex_000141,complex_000223,8,-4.89963
critic_lambda20,complex_000141,complex_000223,9,-6.47118
critic_lambda20,complex_000141,complex_000223,10,-5.63032
critic_lambda20,complex_000141,complex_000223,11,-6.22406
critic_lambda20,complex_000141,complex_000223,12,-4.99456
critic_lambda20,complex_000141,complex_000223,13,-4.8617
critic_lambda20,complex_000141,complex_000223,14,-4.59499
critic_lambda20,complex_000141,complex_000223,15,-5.51882
critic_lambda20,complex_000141,complex_000223,16,-6.2837
critic_lambda20,complex_000141,complex_000223,17,-5.12296
critic_lambda20,complex_000141,complex_000223,18,-5.69886
critic_lambda20,complex_000141,complex_000223,19,-5.25749
critic_lambda20,complex_000140,complex_000269,0,-6.51311
critic_lambda20,complex_000140,complex_000269,1,-6.80427
critic_lambda20,complex_000140,complex_000269,2,-5.43913
critic_lambda20,complex_000140,complex_000269,3,-5.71822
critic_lambda20,complex_000140,complex_000269,4,-5.22184
critic_lambda20,complex_000140,complex_000269,5,-6.42881
critic_lambda20,complex_000140,complex_000269,6,-4.78541
critic_lambda20,complex_000140,complex_000269,7,-5.85119
critic_lambda20,complex_000140,complex_000269,8,-6.58721
critic_lambda20,complex_000140,complex_000269,9,-7.063
critic_lambda20,complex_000140,complex_000269,10,-7.47142
critic_lambda20,complex_000140,complex_000269,11,-5.11789
critic_lambda20,complex_000140,complex_000269,12,-6.3601
critic_lambda20,complex_000140,complex_000269,13,-6.10447
critic_lambda20,complex_000140,complex_000269,14,-4.8258
critic_lambda20,complex_000140,complex_000269,15,-6.69893
critic_lambda20,complex_000140,complex_000269,16,-6.80167
critic_lambda20,complex_000140,complex_000269,17,-6.22216
critic_lambda20,complex_000140,complex_000269,18,-6.39632
critic_lambda20,complex_000140,complex_000269,19,-7.07689
critic_lambda20,complex_000141,complex_000394,0,-7.35684
critic_lambda20,complex_000141,complex_000394,1,-7.61064
critic_lambda20,complex_000141,complex_000394,2,-6.84195
critic_lambda20,complex_000141,complex_000394,3,-5.46557
critic_lambda20,complex_000141,complex_000394,4,-7.26306
critic_lambda20,complex_000141,complex_000394,5,-6.99467
critic_lambda20,complex_000141,complex_000394,6,-6.70824
critic_lambda20,complex_000141,complex_000394,7,-7.23993
critic_lambda20,complex_000141,complex_000394,8,-5.28761
critic_lambda20,complex_000141,complex_000394,9,-8.73976
critic_lambda20,complex_000141,complex_000394,10,-7.00141
critic_lambda20,complex_000141,complex_000394,11,-7.34837
critic_lambda20,complex_000141,complex_000394,12,-6.33308
critic_lambda20,complex_000141,complex_000394,13,-6.08855
critic_lambda20,complex_000141,complex_000394,14,-6.4413
critic_lambda20,complex_000141,complex_000394,15,-7.26769
critic_lambda20,complex_000141,complex_000394,16,-6.77002
critic_lambda20,complex_000141,complex_000394,17,-6.38581
critic_lambda20,complex_000141,complex_000394,18,-9.07833
critic_lambda20,complex_000141,complex_000394,19,-7.32526
critic_lambda20,complex_000148,complex_000148,0,-7.46712
critic_lambda20,complex_000148,complex_000148,1,-7.37682
critic_lambda20,complex_000148,complex_000148,2,-7.61444
critic_lambda20,complex_000148,complex_000148,3,-7.06531
critic_lambda20,complex_000148,complex_000148,4,-9.65921
critic_lambda20,complex_000148,complex_000148,5,-6.10621
critic_lambda20,complex_000148,complex_000148,6,-7.99329
critic_lambda20,complex_000148,complex_000148,7,-8.24937
critic_lambda20,complex_000148,complex_000148,8,-5.54978
critic_lambda20,complex_000148,complex_000148,9,-6.05836
critic_lambda20,complex_000148,complex_000148,10,-4.92836
critic_lambda20,complex_000148,complex_000148,11,-7.27287
critic_lambda20,complex_000148,complex_000148,12,-6.08416
critic_lambda20,complex_000148,complex_000148,13,-5.29369
critic_lambda20,complex_000148,complex_000148,14,-6.05997
critic_lambda20,complex_000148,complex_000148,15,-8.57999
critic_lambda20,complex_000148,complex_000148,16,-6.26005
critic_lambda20,complex_000148,complex_000148,17,-6.08392
critic_lambda20,complex_000148,complex_000148,18,-7.75358
critic_lambda20,complex_000148,complex_000148,19,-8.53975
critic_lambda20,complex_000149,complex_000069,0,-6.07311
critic_lambda20,complex_000149,complex_000069,1,-8.7156
critic_lambda20,complex_000149,complex_000069,2,-8.65086
critic_lambda20,complex_000149,complex_000069,3,-9.05965
critic_lambda20,complex_000149,complex_000069,4,-8.55192
critic_lambda20,complex_000149,complex_000069,5,-8.84359
critic_lambda20,complex_000149,complex_000069,6,-6.10642
critic_lambda20,complex_000149,complex_000069,7,-6.86461
critic_lambda20,complex_000149,complex_000069,8,-7.2834
critic_lambda20,complex_000149,complex_000069,9,-7.28683
critic_lambda20,complex_000149,complex_000069,10,-7.03665
critic_lambda20,complex_000149,complex_000069,11,-9.41079
critic_lambda20,complex_000149,complex_000069,12,-8.43956
critic_lambda20,complex_000149,complex_000069,13,-8.69857
critic_lambda20,complex_000149,complex_000069,14,-5.23736
critic_lambda20,complex_000149,complex_000069,15,-5.85781
critic_lambda20,complex_000149,complex_000069,16,-8.01565
critic_lambda20,complex_000149,complex_000069,17,-7.29308
critic_lambda20,complex_000149,complex_000069,18,-10.1578
critic_lambda20,complex_000149,complex_000069,19,-7.81251
critic_lambda20,complex_000148,complex_000387,0,-8.39229
critic_lambda20,complex_000148,complex_000387,1,-8.24684
critic_lambda20,complex_000148,complex_000387,2,-7.93377
critic_lambda20,complex_000148,complex_000387,3,-7.43692
critic_lambda20,complex_000148,complex_000387,4,-8.86643
critic_lambda20,complex_000148,complex_000387,5,-7.61461
critic_lambda20,complex_000148,complex_000387,6,-8.697
critic_lambda20,complex_000148,complex_000387,7,-8.15738
critic_lambda20,complex_000148,complex_000387,8,-7.21253
critic_lambda20,complex_000148,complex_000387,9,-6.91481
critic_lambda20,complex_000148,complex_000387,10,-5.84174
critic_lambda20,complex_000148,complex_000387,11,-6.38541
critic_lambda20,complex_000148,complex_000387,12,-7.36651
critic_lambda20,complex_000148,complex_000387,13,-6.98739
critic_lambda20,complex_000148,complex_000387,14,-6.86013
critic_lambda20,complex_000148,complex_000387,15,-9.63776
critic_lambda20,complex_000148,complex_000387,16,-8.32341
critic_lambda20,complex_000148,complex_000387,17,-7.67362
critic_lambda20,complex_000148,complex_000387,18,-9.47904
critic_lambda20,complex_000148,complex_000387,19,-7.25524
critic_lambda20,complex_000148,complex_000376,0,-9.39715
critic_lambda20,complex_000148,complex_000376,1,-7.61523
critic_lambda20,complex_000148,complex_000376,2,-8.42328
critic_lambda20,complex_000148,complex_000376,3,-7.65313
critic_lambda20,complex_000148,complex_000376,4,-10.28282
critic_lambda20,complex_000148,complex_000376,5,-7.44866
critic_lambda20,complex_000148,complex_000376,6,-9.23507
critic_lambda20,complex_000148,complex_000376,7,-8.48486
critic_lambda20,complex_000148,complex_000376,8,-6.81879
critic_lambda20,complex_000148,complex_000376,9,-6.25684
critic_lambda20,complex_000148,complex_000376,10,-5.42316
critic_lambda20,complex_000148,complex_000376,11,-8.60274
critic_lambda20,complex_000148,complex_000376,12,-6.89201
critic_lambda20,complex_000148,complex_000376,13,-6.45304
critic_lambda20,complex_000148,complex_000376,14,-6.5076
critic_lambda20,complex_000148,complex_000376,15,-9.88693
critic_lambda20,complex_000148,complex_000376,16,-6.72606
critic_lambda20,complex_000148,complex_000376,17,-7.00718
critic_lambda20,complex_000148,complex_000376,18,-9.24367
critic_lambda20,complex_000148,complex_000376,19,-9.0029
critic_lambda20,complex_000148,complex_000411,0,-9.57129
critic_lambda20,complex_000148,complex_000411,1,-8.66765
critic_lambda20,complex_000148,complex_000411,2,-8.50932
critic_lambda20,complex_000148,complex_000411,3,-7.91829
critic_lambda20,complex_000148,complex_000411,4,-9.94157
critic_lambda20,complex_000148,complex_000411,5,-6.38265
critic_lambda20,complex_000148,complex_000411,6,-9.03885
critic_lambda20,complex_000148,complex_000411,7,-8.21182
critic_lambda20,complex_000148,complex_000411,8,-6.63028
critic_lambda20,complex_000148,complex_000411,9,-6.65029
critic_lambda20,complex_000148,complex_000411,10,-5.59833
critic_lambda20,complex_000148,complex_000411,11,-7.22216
critic_lambda20,complex_000148,complex_000411,12,-6.6961
critic_lambda20,complex_000148,complex_000411,13,-6.18219
critic_lambda20,complex_000148,complex_000411,14,-6.25902
critic_lambda20,complex_000148,complex_000411,15,-9.76005
critic_lambda20,complex_000148,complex_000411,16,-6.82827
critic_lambda20,complex_000148,complex_000411,17,-7.58176
critic_lambda20,complex_000148,complex_000411,18,-8.35729
critic_lambda20,complex_000148,complex_000411,19,-8.75883
critic_lambda20,complex_000149,complex_000149,0,-7.38184
critic_lambda20,complex_000149,complex_000149,1,-8.80651
critic_lambda20,complex_000149,complex_000149,2,-9.5663
critic_lambda20,complex_000149,complex_000149,3,-8.44728
critic_lambda20,complex_000149,complex_000149,4,-10.85224
critic_lambda20,complex_000149,complex_000149,5,-9.49778
critic_lambda20,complex_000149,complex_000149,6,-7.27156
critic_lambda20,complex_000149,complex_000149,7,-7.1186
critic_lambda20,complex_000149,complex_000149,8,-8.34216
critic_lambda20,complex_000149,complex_000149,9,-6.56849
critic_lambda20,complex_000149,complex_000149,10,-7.44413
critic_lambda20,complex_000149,complex_000149,11,-6.73934
critic_lambda20,complex_000149,complex_000149,12,-6.60952
critic_lambda20,complex_000149,complex_000149,13,-7.5256
critic_lambda20,complex_000149,complex_000149,14,-6.81474
critic_lambda20,complex_000149,complex_000149,15,-6.47585
critic_lambda20,complex_000149,complex_000149,16,-8.28715
critic_lambda20,complex_000149,complex_000149,17,-8.90861
critic_lambda20,complex_000149,complex_000149,18,-10.83669
critic_lambda20,complex_000149,complex_000149,19,-8.80118
critic_lambda20,complex_000149,complex_000305,0,-5.518
critic_lambda20,complex_000149,complex_000305,1,-9.80491
critic_lambda20,complex_000149,complex_000305,2,-9.69455
critic_lambda20,complex_000149,complex_000305,3,-7.78767
critic_lambda20,complex_000149,complex_000305,4,-8.32387
critic_lambda20,complex_000149,complex_000305,5,-9.77858
critic_lambda20,complex_000149,complex_000305,6,-6.02297
critic_lambda20,complex_000149,complex_000305,7,-6.51662
critic_lambda20,complex_000149,complex_000305,8,-7.89265
critic_lambda20,complex_000149,complex_000305,9,-7.2332
critic_lambda20,complex_000149,complex_000305,10,-7.71761
critic_lambda20,complex_000149,complex_000305,11,-5.98636
critic_lambda20,complex_000149,complex_000305,12,-6.82034
critic_lambda20,complex_000149,complex_000305,13,-8.69118
critic_lambda20,complex_000149,complex_000305,14,-4.99997
critic_lambda20,complex_000149,complex_000305,15,-5.71717
critic_lambda20,complex_000149,complex_000305,16,-8.24459
critic_lambda20,complex_000149,complex_000305,17,-7.55353
critic_lambda20,complex_000149,complex_000305,18,-9.25189
critic_lambda20,complex_000149,complex_000305,19,-8.45628
critic_lambda20,complex_000149,complex_000394,0,-5.7457
critic_lambda20,complex_000149,complex_000394,1,-7.54946
critic_lambda20,complex_000149,complex_000394,2,-8.99841
critic_lambda20,complex_000149,complex_000394,3,-7.77575
critic_lambda20,complex_000149,complex_000394,4,-7.71752
critic_lambda20,complex_000149,complex_000394,5,-9.55411
critic_lambda20,complex_000149,complex_000394,6,-6.35139
critic_lambda20,complex_000149,complex_000394,7,-6.21805
critic_lambda20,complex_000149,complex_000394,8,-6.42088
critic_lambda20,complex_000149,complex_000394,9,-6.40032
critic_lambda20,complex_000149,complex_000394,10,-6.54495
critic_lambda20,complex_000149,complex_000394,11,-6.32003
critic_lambda20,complex_000149,complex_000394,12,-6.12935
critic_lambda20,complex_000149,complex_000394,13,-7.91794
critic_lambda20,complex_000149,complex_000394,14,-5.07581
critic_lambda20,complex_000149,complex_000394,15,-5.54918
critic_lambda20,complex_000149,complex_000394,16,-6.95126
critic_lambda20,complex_000149,complex_000394,17,-7.64349
critic_lambda20,complex_000149,complex_000394,18,-9.09431
critic_lambda20,complex_000149,complex_000394,19,-7.21423
critic_lambda20,complex_000165,complex_000193,0,-5.07391
critic_lambda20,complex_000165,complex_000193,1,-5.56793
critic_lambda20,complex_000165,complex_000193,2,-5.90475
critic_lambda20,complex_000165,complex_000193,3,-7.01427
critic_lambda20,complex_000165,complex_000193,4,-5.88725
critic_lambda20,complex_000165,complex_000193,5,-7.54056
critic_lambda20,complex_000165,complex_000193,6,-5.82747
critic_lambda20,complex_000165,complex_000193,7,-6.70633
critic_lambda20,complex_000165,complex_000193,8,-5.80784
critic_lambda20,complex_000165,complex_000193,9,-7.60246
critic_lambda20,complex_000165,complex_000193,10,-4.62716
critic_lambda20,complex_000165,complex_000193,11,-6.47576
critic_lambda20,complex_000165,complex_000193,12,-6.04118
critic_lambda20,complex_000165,complex_000193,13,-7.09173
critic_lambda20,complex_000165,complex_000193,14,-5.37488
critic_lambda20,complex_000165,complex_000193,15,-6.75
critic_lambda20,complex_000165,complex_000193,16,-8.56823
critic_lambda20,complex_000165,complex_000193,17,-7.00675
critic_lambda20,complex_000165,complex_000193,18,-7.32428
critic_lambda20,complex_000165,complex_000193,19,-5.71538
critic_lambda20,complex_000170,complex_000456,0,-7.62288
critic_lambda20,complex_000170,complex_000456,1,-6.46587
critic_lambda20,complex_000170,complex_000456,2,-6.63262
critic_lambda20,complex_000170,complex_000456,3,-8.70493
critic_lambda20,complex_000170,complex_000456,4,-7.1376
critic_lambda20,complex_000170,complex_000456,5,-8.56524
critic_lambda20,complex_000170,complex_000456,6,-5.80021
critic_lambda20,complex_000170,complex_000456,7,-4.81678
critic_lambda20,complex_000170,complex_000456,8,-7.08441
critic_lambda20,complex_000170,complex_000456,9,-6.3679
critic_lambda20,complex_000170,complex_000456,10,-8.66714
critic_lambda20,complex_000170,complex_000456,11,-5.42871
critic_lambda20,complex_000170,complex_000456,12,-8.93984
critic_lambda20,complex_000170,complex_000456,13,-6.34587
critic_lambda20,complex_000170,complex_000456,14,-8.46201
critic_lambda20,complex_000170,complex_000456,15,-8.4102
critic_lambda20,complex_000170,complex_000456,16,-8.03189
critic_lambda20,complex_000170,complex_000456,17,-6.98342
critic_lambda20,complex_000170,complex_000456,18,-7.78009
critic_lambda20,complex_000170,complex_000456,19,-7.90289
critic_lambda20,complex_000165,complex_000165,0,-7.97469
critic_lambda20,complex_000165,complex_000165,1,-7.22367
critic_lambda20,complex_000165,complex_000165,2,-8.4377
critic_lambda20,complex_000165,complex_000165,3,-2.8675
critic_lambda20,complex_000165,complex_000165,4,-7.88603
critic_lambda20,complex_000165,complex_000165,5,-8.5679
critic_lambda20,complex_000165,complex_000165,6,-7.45377
critic_lambda20,complex_000165,complex_000165,7,-2.52364
critic_lambda20,complex_000165,complex_000165,8,3.23561
critic_lambda20,complex_000165,complex_000165,9,-3.51224
critic_lambda20,complex_000165,complex_000165,10,-5.98999
critic_lambda20,complex_000165,complex_000165,11,-5.46817
critic_lambda20,complex_000165,complex_000165,12,-5.28409
critic_lambda20,complex_000165,complex_000165,13,-4.64256
critic_lambda20,complex_000165,complex_000165,14,-7.61611
critic_lambda20,complex_000165,complex_000165,15,29.97461
critic_lambda20,complex_000165,complex_000165,16,-0.48399
critic_lambda20,complex_000165,complex_000165,17,-8.5245
critic_lambda20,complex_000165,complex_000165,18,-8.54305
critic_lambda20,complex_000165,complex_000165,19,-10.85735
critic_lambda20,complex_000177,complex_000177,0,-7.60146
critic_lambda20,complex_000177,complex_000177,1,-5.29243
critic_lambda20,complex_000177,complex_000177,2,-6.41819
critic_lambda20,complex_000177,complex_000177,3,-6.81322
critic_lambda20,complex_000177,complex_000177,4,-7.03376
critic_lambda20,complex_000177,complex_000177,5,-8.04702
critic_lambda20,complex_000177,complex_000177,6,-7.54434
critic_lambda20,complex_000177,complex_000177,7,-8.35574
critic_lambda20,complex_000177,complex_000177,8,-6.69017
critic_lambda20,complex_000177,complex_000177,9,-8.25724
critic_lambda20,complex_000177,complex_000177,10,-7.91976
critic_lambda20,complex_000177,complex_000177,11,-6.13817
critic_lambda20,complex_000177,complex_000177,12,-5.47022
critic_lambda20,complex_000177,complex_000177,13,-7.97834
critic_lambda20,complex_000177,complex_000177,14,-6.02925
critic_lambda20,complex_000177,complex_000177,15,-5.80218
critic_lambda20,complex_000177,complex_000177,16,-7.63273
critic_lambda20,complex_000177,complex_000177,17,-6.95492
critic_lambda20,complex_000177,complex_000177,18,-6.87906
critic_lambda20,complex_000177,complex_000177,19,-7.90261
critic_lambda20,complex_000170,complex_000170,0,-1.30636
critic_lambda20,complex_000170,complex_000170,1,-9.25783
critic_lambda20,complex_000170,complex_000170,2,-9.74655
critic_lambda20,complex_000170,complex_000170,3,-10.99879
critic_lambda20,complex_000170,complex_000170,4,-9.12261
critic_lambda20,complex_000170,complex_000170,5,-9.75096
critic_lambda20,complex_000170,complex_000170,6,-7.21046
critic_lambda20,complex_000170,complex_000170,7,-5.98049
critic_lambda20,complex_000170,complex_000170,8,-8.45038
critic_lambda20,complex_000170,complex_000170,9,-8.25658
critic_lambda20,complex_000170,complex_000170,10,-5.51832
critic_lambda20,complex_000170,complex_000170,11,-6.63694
critic_lambda20,complex_000170,complex_000170,12,-14.5573
critic_lambda20,complex_000170,complex_000170,13,-5.2078
critic_lambda20,complex_000170,complex_000170,14,-10.36448
critic_lambda20,complex_000170,complex_000170,15,-7.28698
critic_lambda20,complex_000170,complex_000170,16,-7.12258
critic_lambda20,complex_000170,complex_000170,17,-9.10558
critic_lambda20,complex_000170,complex_000170,18,-7.64956
critic_lambda20,complex_000170,complex_000170,19,-10.26385
critic_lambda20,complex_000170,complex_000059,0,-9.15047
critic_lambda20,complex_000170,complex_000059,1,-6.79798
critic_lambda20,complex_000170,complex_000059,2,-7.76378
critic_lambda20,complex_000170,complex_000059,3,-8.45051
critic_lambda20,complex_000170,complex_000059,4,-8.01574
critic_lambda20,complex_000170,complex_000059,5,-10.34731
critic_lambda20,complex_000170,complex_000059,6,-6.1807
critic_lambda20,complex_000170,complex_000059,7,-5.26945
critic_lambda20,complex_000170,complex_000059,8,-8.1284
critic_lambda20,complex_000170,complex_000059,9,-8.22102
critic_lambda20,complex_000170,complex_000059,10,-9.94396
critic_lambda20,complex_000170,complex_000059,11,-6.14746
critic_lambda20,complex_000170,complex_000059,12,-10.04521
critic_lambda20,complex_000170,complex_000059,13,-7.56753
critic_lambda20,complex_000170,complex_000059,14,-8.99963
critic_lambda20,complex_000170,complex_000059,15,-8.85883
critic_lambda20,complex_000170,complex_000059,16,-7.79279
critic_lambda20,complex_000170,complex_000059,17,-7.99256
critic_lambda20,complex_000170,complex_000059,18,-8.63373
critic_lambda20,complex_000170,complex_000059,19,-9.63265
critic_lambda20,complex_000170,complex_000506,0,-6.23279
critic_lambda20,complex_000170,complex_000506,1,-5.56584
critic_lambda20,complex_000170,complex_000506,2,-5.79527
critic_lambda20,complex_000170,complex_000506,3,-7.65431
critic_lambda20,complex_000170,complex_000506,4,-5.97832
critic_lambda20,complex_000170,complex_000506,5,-8.59925
critic_lambda20,complex_000170,complex_000506,6,-5.24917
critic_lambda20,complex_000170,complex_000506,7,-5.09518
critic_lambda20,complex_000170,complex_000506,8,-6.05778
critic_lambda20,complex_000170,complex_000506,9,-5.18366
critic_lambda20,complex_000170,complex_000506,10,-7.03706
critic_lambda20,complex_000170,complex_000506,11,-5.92274
critic_lambda20,complex_000170,complex_000506,12,-7.77807
critic_lambda20,complex_000170,complex_000506,13,-6.22251
critic_lambda20,complex_000170,complex_000506,14,-6.9776
critic_lambda20,complex_000170,complex_000506,15,-6.78535
critic_lambda20,complex_000170,complex_000506,16,-6.10261
critic_lambda20,complex_000170,complex_000506,17,-6.37089
critic_lambda20,complex_000170,complex_000506,18,-6.79231
critic_lambda20,complex_000170,complex_000506,19,-7.41284
critic_lambda20,complex_000177,complex_000141,0,-7.15973
critic_lambda20,complex_000177,complex_000141,1,-5.19143
critic_lambda20,complex_000177,complex_000141,2,-5.81911
critic_lambda20,complex_000177,complex_000141,3,-6.30893
critic_lambda20,complex_000177,complex_000141,4,-6.38921
critic_lambda20,complex_000177,complex_000141,5,-8.49475
critic_lambda20,complex_000177,complex_000141,6,-6.7716
critic_lambda20,complex_000177,complex_000141,7,-7.40618
critic_lambda20,complex_000177,complex_000141,8,-6.39339
critic_lambda20,complex_000177,complex_000141,9,-6.81934
critic_lambda20,complex_000177,complex_000141,10,-7.19209
critic_lambda20,complex_000177,complex_000141,11,-5.72719
critic_lambda20,complex_000177,complex_000141,12,-4.99055
critic_lambda20,complex_000177,complex_000141,13,-8.18155
critic_lambda20,complex_000177,complex_000141,14,-5.60314
critic_lambda20,complex_000177,complex_000141,15,-6.03818
critic_lambda20,complex_000177,complex_000141,16,-8.65616
critic_lambda20,complex_000177,complex_000141,17,-7.72994
critic_lambda20,complex_000177,complex_000141,18,-8.30259
critic_lambda20,complex_000177,complex_000141,19,-7.59761
critic_lambda20,complex_000177,complex_000374,0,-7.25905
critic_lambda20,complex_000177,complex_000374,1,-4.36379
critic_lambda20,complex_000177,complex_000374,2,-7.69446
critic_lambda20,complex_000177,complex_000374,3,-7.00328
critic_lambda20,complex_000177,complex_000374,4,-7.86979
critic_lambda20,complex_000177,complex_000374,5,-8.78587
critic_lambda20,complex_000177,complex_000374,6,-8.02491
critic_lambda20,complex_000177,complex_000374,7,-8.50091
critic_lambda20,complex_000177,complex_000374,8,-7.08354
critic_lambda20,complex_000177,complex_000374,9,-8.76976
critic_lambda20,complex_000177,complex_000374,10,-8.47537
critic_lambda20,complex_000177,complex_000374,11,-5.94537
critic_lambda20,complex_000177,complex_000374,12,-4.87143
critic_lambda20,complex_000177,complex_000374,13,-10.18644
critic_lambda20,complex_000177,complex_000374,14,-6.50225
critic_lambda20,complex_000177,complex_000374,15,-5.21108
critic_lambda20,complex_000177,complex_000374,16,-8.78896
critic_lambda20,complex_000177,complex_000374,17,-8.5812
critic_lambda20,complex_000177,complex_000374,18,-10.24469
critic_lambda20,complex_000177,complex_000374,19,-7.55807
critic_lambda20,complex_000165,complex_000149,0,-7.08581
critic_lambda20,complex_000165,complex_000149,1,-6.60808
critic_lambda20,complex_000165,complex_000149,2,-7.72855
critic_lambda20,complex_000165,complex_000149,3,-7.89833
critic_lambda20,complex_000165,complex_000149,4,-7.80395
critic_lambda20,complex_000165,complex_000149,5,-9.96045
critic_lambda20,complex_000165,complex_000149,6,-6.70088
critic_lambda20,complex_000165,complex_000149,7,-7.65161
critic_lambda20,complex_000165,complex_000149,8,-6.1785
critic_lambda20,complex_000165,complex_000149,9,-8.75058
critic_lambda20,complex_000165,complex_000149,10,-5.45119
critic_lambda20,complex_000165,complex_000149,11,-7.21782
critic_lambda20,complex_000165,complex_000149,12,-8.64705
critic_lambda20,complex_000165,complex_000149,13,-8.1176
critic_lambda20,complex_000165,complex_000149,14,-7.98975
critic_lambda20,complex_000165,complex_000149,15,-6.82936
critic_lambda20,complex_000165,complex_000149,16,-10.18123
critic_lambda20,complex_000165,complex_000149,17,-9.05506
critic_lambda20,complex_000165,complex_000149,18,-8.97952
critic_lambda20,complex_000165,complex_000149,19,-9.33367
critic_lambda20,complex_000177,complex_000305,0,-7.48317
critic_lambda20,complex_000177,complex_000305,1,-4.44469
critic_lambda20,complex_000177,complex_000305,2,-7.35577
critic_lambda20,complex_000177,complex_000305,3,-7.21117
critic_lambda20,complex_000177,complex_000305,4,-8.28935
critic_lambda20,complex_000177,complex_000305,5,-9.16418
critic_lambda20,complex_000177,complex_000305,6,-8.77822
critic_lambda20,complex_000177,complex_000305,7,-8.85877
critic_lambda20,complex_000177,complex_000305,8,-6.77128
critic_lambda20,complex_000177,complex_000305,9,-9.23251
critic_lambda20,complex_000177,complex_000305,10,-8.89241
critic_lambda20,complex_000177,complex_000305,11,-6.27026
critic_lambda20,complex_000177,complex_000305,12,-4.90968
critic_lambda20,complex_000177,complex_000305,13,-10.59386
critic_lambda20,complex_000177,complex_000305,14,-7.01852
critic_lambda20,complex_000177,complex_000305,15,-5.66175
critic_lambda20,complex_000177,complex_000305,16,-8.50751
critic_lambda20,complex_000177,complex_000305,17,-8.74961
critic_lambda20,complex_000177,complex_000305,18,-8.34979
critic_lambda20,complex_000177,complex_000305,19,-8.73864
critic_lambda20,complex_000179,complex_000266,0,-9.34027
critic_lambda20,complex_000179,complex_000266,1,-7.3203
critic_lambda20,complex_000179,complex_000266,2,-7.49502
critic_lambda20,complex_000179,complex_000266,3,-6.31013
critic_lambda20,complex_000179,complex_000266,4,-6.70689
critic_lambda20,complex_000179,complex_000266,5,-6.59352
critic_lambda20,complex_000179,complex_000266,6,-6.98895
critic_lambda20,complex_000179,complex_000266,7,-7.99323
critic_lambda20,complex_000179,complex_000266,8,-8.23259
critic_lambda20,complex_000179,complex_000266,9,-5.79556
critic_lambda20,complex_000179,complex_000266,10,-7.35951
critic_lambda20,complex_000179,complex_000266,11,-9.63541
critic_lambda20,complex_000179,complex_000266,12,-6.06405
critic_lambda20,complex_000179,complex_000266,13,-9.34584
critic_lambda20,complex_000179,complex_000266,14,-8.36177
critic_lambda20,complex_000179,complex_000266,15,-8.53568
critic_lambda20,complex_000179,complex_000266,16,-6.52805
critic_lambda20,complex_000179,complex_000266,17,-8.54276
critic_lambda20,complex_000179,complex_000266,18,-6.82094
critic_lambda20,complex_000179,complex_000266,19,-6.04907
critic_lambda20,complex_000165,complex_000177,0,-6.29896
critic_lambda20,complex_000165,complex_000177,1,-5.7031
critic_lambda20,complex_000165,complex_000177,2,-6.66709
critic_lambda20,complex_000165,complex_000177,3,-7.63982
critic_lambda20,complex_000165,complex_000177,4,-5.8843
critic_lambda20,complex_000165,complex_000177,5,-8.71598
critic_lambda20,complex_000165,complex_000177,6,-5.49889
critic_lambda20,complex_000165,complex_000177,7,-8.16257
critic_lambda20,complex_000165,complex_000177,8,-7.8409
critic_lambda20,complex_000165,complex_000177,9,-7.88388
critic_lambda20,complex_000165,complex_000177,10,-5.02182
critic_lambda20,complex_000165,complex_000177,11,-6.87536
critic_lambda20,complex_000165,complex_000177,12,-7.04738
critic_lambda20,complex_000165,complex_000177,13,-7.24616
critic_lambda20,complex_000165,complex_000177,14,-6.33758
critic_lambda20,complex_000165,complex_000177,15,-8.782
critic_lambda20,complex_000165,complex_000177,16,-8.70131
critic_lambda20,complex_000165,complex_000177,17,-7.37435
critic_lambda20,complex_000165,complex_000177,18,-6.8745
critic_lambda20,complex_000165,complex_000177,19,-6.39848
critic_lambda20,complex_000179,complex_000179,0,-9.25557
critic_lambda20,complex_000179,complex_000179,1,-7.68157
critic_lambda20,complex_000179,complex_000179,2,-7.9677
critic_lambda20,complex_000179,complex_000179,3,-6.25891
critic_lambda20,complex_000179,complex_000179,4,-8.51209
critic_lambda20,complex_000179,complex_000179,5,-6.21029
critic_lambda20,complex_000179,complex_000179,6,-7.15169
critic_lambda20,complex_000179,complex_000179,7,-9.49514
critic_lambda20,complex_000179,complex_000179,8,-8.93825
critic_lambda20,complex_000179,complex_000179,9,-7.93892
critic_lambda20,complex_000179,complex_000179,10,-9.06286
critic_lambda20,complex_000179,complex_000179,11,-12.32815
critic_lambda20,complex_000179,complex_000179,12,-6.1932
critic_lambda20,complex_000179,complex_000179,13,-9.99686
critic_lambda20,complex_000179,complex_000179,14,-9.9291
critic_lambda20,complex_000179,complex_000179,15,-9.74094
critic_lambda20,complex_000179,complex_000179,16,-6.97122
critic_lambda20,complex_000179,complex_000179,17,-9.492
critic_lambda20,complex_000179,complex_000179,18,-7.1066
critic_lambda20,complex_000179,complex_000179,19,-5.95403
critic_lambda20,complex_000191,complex_000145,0,-4.29627
critic_lambda20,complex_000191,complex_000145,1,-3.21646
critic_lambda20,complex_000191,complex_000145,2,-6.87251
critic_lambda20,complex_000191,complex_000145,3,-6.83494
critic_lambda20,complex_000191,complex_000145,4,-3.35303
critic_lambda20,complex_000191,complex_000145,5,-5.17197
critic_lambda20,complex_000191,complex_000145,6,-2.91944
critic_lambda20,complex_000191,complex_000145,7,-3.46744
critic_lambda20,complex_000191,complex_000145,8,-4.54418
critic_lambda20,complex_000191,complex_000145,9,-6.30366
critic_lambda20,complex_000191,complex_000145,10,-5.98618
critic_lambda20,complex_000191,complex_000145,11,-5.63261
critic_lambda20,complex_000191,complex_000145,12,-4.70807
critic_lambda20,complex_000191,complex_000145,13,-4.97482
critic_lambda20,complex_000191,complex_000145,14,-6.30724
critic_lambda20,complex_000191,complex_000145,15,-6.55616
critic_lambda20,complex_000191,complex_000145,16,-4.7676
critic_lambda20,complex_000191,complex_000145,17,-5.33282
critic_lambda20,complex_000191,complex_000145,18,-4.73187
critic_lambda20,complex_000191,complex_000145,19,-5.92928
critic_lambda20,complex_000191,complex_000191,0,-4.83096
critic_lambda20,complex_000191,complex_000191,1,-3.43675
critic_lambda20,complex_000191,complex_000191,2,-5.27787
critic_lambda20,complex_000191,complex_000191,3,-6.67896
critic_lambda20,complex_000191,complex_000191,4,-3.8807
critic_lambda20,complex_000191,complex_000191,5,-4.94325
critic_lambda20,complex_000191,complex_000191,6,-3.21552
critic_lambda20,complex_000191,complex_000191,7,-3.60484
critic_lambda20,complex_000191,complex_000191,8,-4.40829
critic_lambda20,complex_000191,complex_000191,9,-6.09106
critic_lambda20,complex_000191,complex_000191,10,-6.61121
critic_lambda20,complex_000191,complex_000191,11,-6.233
critic_lambda20,complex_000191,complex_000191,12,-5.04584
critic_lambda20,complex_000191,complex_000191,13,-5.84485
critic_lambda20,complex_000191,complex_000191,14,-7.70794
critic_lambda20,complex_000191,complex_000191,15,-7.26921
critic_lambda20,complex_000191,complex_000191,16,-4.56194
critic_lambda20,complex_000191,complex_000191,17,-5.73389
critic_lambda20,complex_000191,complex_000191,18,-4.76495
critic_lambda20,complex_000191,complex_000191,19,-5.27656
critic_lambda20,complex_000193,complex_000335,0,-4.89059
critic_lambda20,complex_000193,complex_000335,1,-7.23327
critic_lambda20,complex_000193,complex_000335,2,-6.00167
critic_lambda20,complex_000193,complex_000335,3,-4.36053
critic_lambda20,complex_000193,complex_000335,4,-4.72974
critic_lambda20,complex_000193,complex_000335,5,-6.01057
critic_lambda20,complex_000193,complex_000335,6,-5.52835
critic_lambda20,complex_000193,complex_000335,7,-5.19051
critic_lambda20,complex_000193,complex_000335,8,-5.5569
critic_lambda20,complex_000193,complex_000335,9,-5.2803
critic_lambda20,complex_000193,complex_000335,10,-4.85222
critic_lambda20,complex_000193,complex_000335,11,-5.16709
critic_lambda20,complex_000193,complex_000335,12,-4.63883
critic_lambda20,complex_000193,complex_000335,13,-4.66467
critic_lambda20,complex_000193,complex_000335,14,-4.2862
critic_lambda20,complex_000193,complex_000335,15,-4.88854
critic_lambda20,complex_000193,complex_000335,16,-6.32485
critic_lambda20,complex_000193,complex_000335,17,-6.95514
critic_lambda20,complex_000193,complex_000335,18,-4.64424
critic_lambda20,complex_000193,complex_000335,19,-6.40219
critic_lambda20,complex_000193,complex_000059,0,-6.3079
critic_lambda20,complex_000193,complex_000059,1,-8.76388
critic_lambda20,complex_000193,complex_000059,2,-7.87267
critic_lambda20,complex_000193,complex_000059,3,-4.40329
critic_lambda20,complex_000193,complex_000059,4,-5.81079
critic_lambda20,complex_000193,complex_000059,5,-8.2651
critic_lambda20,complex_000193,complex_000059,6,-6.62771
critic_lambda20,complex_000193,complex_000059,7,-6.06946
critic_lambda20,complex_000193,complex_000059,8,-7.0773
critic_lambda20,complex_000193,complex_000059,9,-6.35265
critic_lambda20,complex_000193,complex_000059,10,-5.81988
critic_lambda20,complex_000193,complex_000059,11,-6.58317
critic_lambda20,complex_000193,complex_000059,12,-5.52448
critic_lambda20,complex_000193,complex_000059,13,-6.10544
critic_lambda20,complex_000193,complex_000059,14,-5.32999
critic_lambda20,complex_000193,complex_000059,15,-5.68791
critic_lambda20,complex_000193,complex_000059,16,-7.87566
critic_lambda20,complex_000193,complex_000059,17,-8.4271
critic_lambda20,complex_000193,complex_000059,18,-5.84597
critic_lambda20,complex_000193,complex_000059,19,-8.59916
critic_lambda20,complex_000193,complex_000193,0,-5.66195
critic_lambda20,complex_000193,complex_000193,1,-8.59579
critic_lambda20,complex_000193,complex_000193,2,-7.29318
critic_lambda20,complex_000193,complex_000193,3,-4.07399
critic_lambda20,complex_000193,complex_000193,4,-5.569
critic_lambda20,complex_000193,complex_000193,5,-7.3631
critic_lambda20,complex_000193,complex_000193,6,-6.47404
critic_lambda20,complex_000193,complex_000193,7,-5.85097
critic_lambda20,complex_000193,complex_000193,8,-6.36895
critic_lambda20,complex_000193,complex_000193,9,-6.16324
critic_lambda20,complex_000193,complex_000193,10,-5.87075
critic_lambda20,complex_000193,complex_000193,11,-5.95198
critic_lambda20,complex_000193,complex_000193,12,-5.53844
critic_lambda20,complex_000193,complex_000193,13,-5.85517
critic_lambda20,complex_000193,complex_000193,14,-4.53494
critic_lambda20,complex_000193,complex_000193,15,-5.17626
critic_lambda20,complex_000193,complex_000193,16,-7.99428
critic_lambda20,complex_000193,complex_000193,17,-7.33448
critic_lambda20,complex_000193,complex_000193,18,-5.50121
critic_lambda20,complex_000193,complex_000193,19,-7.39897
critic_lambda20,complex_000179,complex_000305,0,-9.36758
critic_lambda20,complex_000179,complex_000305,1,-8.43582
critic_lambda20,complex_000179,complex_000305,2,-8.64314
critic_lambda20,complex_000179,complex_000305,3,-6.60748
critic_lambda20,complex_000179,complex_000305,4,-9.12032
critic_lambda20,complex_000179,complex_000305,5,-6.39795
critic_lambda20,complex_000179,complex_000305,6,-7.28375
critic_lambda20,complex_000179,complex_000305,7,-9.27078
critic_lambda20,complex_000179,complex_000305,8,-8.57172
critic_lambda20,complex_000179,complex_000305,9,-7.05784
critic_lambda20,complex_000179,complex_000305,10,-8.85707
critic_lambda20,complex_000179,complex_000305,11,-7.48424
critic_lambda20,complex_000179,complex_000305,12,-6.54568
critic_lambda20,complex_000179,complex_000305,13,-8.72146
critic_lambda20,complex_000179,complex_000305,14,-7.8945
critic_lambda20,complex_000179,complex_000305,15,-8.02692
critic_lambda20,complex_000179,complex_000305,16,-6.70965
critic_lambda20,complex_000179,complex_000305,17,-9.62774
critic_lambda20,complex_000179,complex_000305,18,-6.93545
critic_lambda20,complex_000179,complex_000305,19,-6.29026
critic_lambda20,complex_000191,complex_000472,0,-5.71211
critic_lambda20,complex_000191,complex_000472,1,-4.53883
critic_lambda20,complex_000191,complex_000472,2,-9.56516
critic_lambda20,complex_000191,complex_000472,3,-10.75609
critic_lambda20,complex_000191,complex_000472,4,-4.86603
critic_lambda20,complex_000191,complex_000472,5,-7.18013
critic_lambda20,complex_000191,complex_000472,6,-4.09391
critic_lambda20,complex_000191,complex_000472,7,-4.80697
critic_lambda20,complex_000191,complex_000472,8,-7.4021
critic_lambda20,complex_000191,complex_000472,9,-8.92357
critic_lambda20,complex_000191,complex_000472,10,-8.92237
critic_lambda20,complex_000191,complex_000472,11,-7.86585
critic_lambda20,complex_000191,complex_000472,12,-6.97062
critic_lambda20,complex_000191,complex_000472,13,-7.14582
critic_lambda20,complex_000191,complex_000472,14,-9.45912
critic_lambda20,complex_000191,complex_000472,15,-9.48002
critic_lambda20,complex_000191,complex_000472,16,-6.03956
critic_lambda20,complex_000191,complex_000472,17,-7.65062
critic_lambda20,complex_000191,complex_000472,18,-6.68656
critic_lambda20,complex_000191,complex_000472,19,-8.46399
critic_lambda20,complex_000193,complex_000051,0,-5.78028
critic_lambda20,complex_000193,complex_000051,1,-8.36528
critic_lambda20,complex_000193,complex_000051,2,-7.37748
critic_lambda20,complex_000193,complex_000051,3,-4.09965
critic_lambda20,complex_000193,complex_000051,4,-5.32437
critic_lambda20,complex_000193,complex_000051,5,-7.67008
critic_lambda20,complex_000193,complex_000051,6,-6.20963
critic_lambda20,complex_000193,complex_000051,7,-5.21894
critic_lambda20,complex_000193,complex_000051,8,-6.6972
critic_lambda20,complex_000193,complex_000051,9,-6.30685
critic_lambda20,complex_000193,complex_000051,10,-5.85533
critic_lambda20,complex_000193,complex_000051,11,-6.02854
critic_lambda20,complex_000193,complex_000051,12,-4.86624
critic_lambda20,complex_000193,complex_000051,13,-5.43295
critic_lambda20,complex_000193,complex_000051,14,-5.02145
critic_lambda20,complex_000193,complex_000051,15,-5.43601
critic_lambda20,complex_000193,complex_000051,16,-7.79017
critic_lambda20,complex_000193,complex_000051,17,-7.97823
critic_lambda20,complex_000193,complex_000051,18,-5.16046
critic_lambda20,complex_000193,complex_000051,19,-7.65341
critic_lambda20,complex_000191,complex_000149,0,-5.53726
critic_lambda20,complex_000191,complex_000149,1,-4.48254
critic_lambda20,complex_000191,complex_000149,2,-9.4604
critic_lambda20,complex_000191,complex_000149,3,-9.30374
critic_lambda20,complex_000191,complex_000149,4,-4.54386
critic_lambda20,complex_000191,complex_000149,5,-7.38644
critic_lambda20,complex_000191,complex_000149,6,-4.13997
critic_lambda20,complex_000191,complex_000149,7,-4.46567
critic_lambda20,complex_000191,complex_000149,8,-6.43136
critic_lambda20,complex_000191,complex_000149,9,-7.91759
critic_lambda20,complex_000191,complex_000149,10,-8.36878
critic_lambda20,complex_000191,complex_000149,11,-7.84518
critic_lambda20,complex_000191,complex_000149,12,-6.53976
critic_lambda20,complex_000191,complex_000149,13,-7.00839
critic_lambda20,complex_000191,complex_000149,14,-8.25698
critic_lambda20,complex_000191,complex_000149,15,-8.79223
critic_lambda20,complex_000191,complex_000149,16,-6.90995
critic_lambda20,complex_000191,complex_000149,17,-8.14655
critic_lambda20,complex_000191,complex_000149,18,-7.09027
critic_lambda20,complex_000191,complex_000149,19,-7.8426
critic_lambda20,complex_000223,complex_000149,0,-7.4471
critic_lambda20,complex_000223,complex_000149,1,-8.99767
critic_lambda20,complex_000223,complex_000149,2,-7.64839
critic_lambda20,complex_000223,complex_000149,3,-9.57003
critic_lambda20,complex_000223,complex_000149,4,-9.39222
critic_lambda20,complex_000223,complex_000149,5,-7.66708
critic_lambda20,complex_000223,complex_000149,6,-8.46131
critic_lambda20,complex_000223,complex_000149,7,-7.75149
critic_lambda20,complex_000223,complex_000149,8,-6.45801
critic_lambda20,complex_000223,complex_000149,9,-7.0981
critic_lambda20,complex_000223,complex_000149,10,-5.35944
critic_lambda20,complex_000223,complex_000149,11,-7.52268
critic_lambda20,complex_000223,complex_000149,12,-8.70227
critic_lambda20,complex_000223,complex_000149,13,-7.26968
critic_lambda20,complex_000223,complex_000149,14,-7.44225
critic_lambda20,complex_000223,complex_000149,15,-9.08021
critic_lambda20,complex_000223,complex_000149,16,-6.39919
critic_lambda20,complex_000223,complex_000149,17,-4.70545
critic_lambda20,complex_000223,complex_000149,18,-8.33439
critic_lambda20,complex_000223,complex_000149,19,-4.7456
critic_lambda20,complex_000223,complex_000403,0,-8.11235
critic_lambda20,complex_000223,complex_000403,1,-7.45745
critic_lambda20,complex_000223,complex_000403,2,-8.239
critic_lambda20,complex_000223,complex_000403,3,-9.28457
critic_lambda20,complex_000223,complex_000403,4,-9.88215
critic_lambda20,complex_000223,complex_000403,5,-7.74617
critic_lambda20,complex_000223,complex_000403,6,-7.93725
critic_lambda20,complex_000223,complex_000403,7,-8.26174
critic_lambda20,complex_000223,complex_000403,8,-6.68887
critic_lambda20,complex_000223,complex_000403,9,-6.99671
critic_lambda20,complex_000223,complex_000403,10,-5.66858
critic_lambda20,complex_000223,complex_000403,11,-8.90278
critic_lambda20,complex_000223,complex_000403,12,-9.0955
critic_lambda20,complex_000223,complex_000403,13,-6.92044
critic_lambda20,complex_000223,complex_000403,14,-6.49499
critic_lambda20,complex_000223,complex_000403,15,-8.94428
critic_lambda20,complex_000223,complex_000403,16,-6.10156
critic_lambda20,complex_000223,complex_000403,17,-4.9943
critic_lambda20,complex_000223,complex_000403,18,-7.72287
critic_lambda20,complex_000223,complex_000403,19,-4.1226
critic_lambda20,complex_000179,complex_000165,0,-3.88809
critic_lambda20,complex_000179,complex_000165,1,-4.04392
critic_lambda20,complex_000179,complex_000165,2,-4.3302
critic_lambda20,complex_000179,complex_000165,3,-6.68909
critic_lambda20,complex_000179,complex_000165,4,-6.83229
critic_lambda20,complex_000179,complex_000165,5,-6.7943
critic_lambda20,complex_000179,complex_000165,6,-7.60771
critic_lambda20,complex_000179,complex_000165,7,-4.65861
critic_lambda20,complex_000179,complex_000165,8,-2.61452
critic_lambda20,complex_000179,complex_000165,9,-5.30455
critic_lambda20,complex_000179,complex_000165,10,-4.23861
critic_lambda20,complex_000179,complex_000165,11,15.56228
critic_lambda20,complex_000179,complex_000165,12,-6.61644
critic_lambda20,complex_000179,complex_000165,13,3.98186
critic_lambda20,complex_000179,complex_000165,14,-1.38638
critic_lambda20,complex_000179,complex_000165,15,-0.05246
critic_lambda20,complex_000179,complex_000165,16,-7.40024
critic_lambda20,complex_000179,complex_000165,17,-1.83124
critic_lambda20,complex_000179,complex_000165,18,-4.66286
critic_lambda20,complex_000179,complex_000165,19,-6.02801
critic_lambda20,complex_000223,complex_000223,0,-6.65851
critic_lambda20,complex_000223,complex_000223,1,-5.55704
critic_lambda20,complex_000223,complex_000223,2,-5.69491
critic_lambda20,complex_000223,complex_000223,3,-6.69642
critic_lambda20,complex_000223,complex_000223,4,-7.08303
critic_lambda20,complex_000223,complex_000223,5,-6.19616
critic_lambda20,complex_000223,complex_000223,6,-5.88527
critic_lambda20,complex_000223,complex_000223,7,-6.1549
critic_lambda20,complex_000223,complex_000223,8,-5.32409
critic_lambda20,complex_000223,complex_000223,9,-5.37276
critic_lambda20,complex_000223,complex_000223,10,-3.61323
critic_lambda20,complex_000223,complex_000223,11,-6.70979
critic_lambda20,complex_000223,complex_000223,12,-6.4309
critic_lambda20,complex_000223,complex_000223,13,-5.34642
critic_lambda20,complex_000223,complex_000223,14,-5.18181
critic_lambda20,complex_000223,complex_000223,15,-5.87919
critic_lambda20,complex_000223,complex_000223,16,-4.92593
critic_lambda20,complex_000223,complex_000223,17,-3.70738
critic_lambda20,complex_000223,complex_000223,18,-6.5555
critic_lambda20,complex_000223,complex_000223,19,-3.41259
critic_lambda20,complex_000223,complex_000177,0,-7.46352
critic_lambda20,complex_000223,complex_000177,1,-6.99784
critic_lambda20,complex_000223,complex_000177,2,-7.89245
critic_lambda20,complex_000223,complex_000177,3,-9.33488
critic_lambda20,complex_000223,complex_000177,4,-9.29956
critic_lambda20,complex_000223,complex_000177,5,-7.21327
critic_lambda20,complex_000223,complex_000177,6,-7.65871
critic_lambda20,complex_000223,complex_000177,7,-7.0286
critic_lambda20,complex_000223,complex_000177,8,-6.7952
critic_lambda20,complex_000223,complex_000177,9,-7.59502
critic_lambda20,complex_000223,complex_000177,10,-5.1941
critic_lambda20,complex_000223,complex_000177,11,-7.19665
critic_lambda20,complex_000223,complex_000177,12,-7.65141
critic_lambda20,complex_000223,complex_000177,13,-6.25771
critic_lambda20,complex_000223,complex_000177,14,-6.28004
critic_lambda20,complex_000223,complex_000177,15,-9.62259
critic_lambda20,complex_000223,complex_000177,16,-5.98631
critic_lambda20,complex_000223,complex_000177,17,-4.76584
critic_lambda20,complex_000223,complex_000177,18,-7.08439
critic_lambda20,complex_000223,complex_000177,19,-4.15656
critic_lambda20,complex_000266,complex_000456,0,-6.88724
critic_lambda20,complex_000266,complex_000456,1,-6.6649
critic_lambda20,complex_000266,complex_000456,2,-6.90124
critic_lambda20,complex_000266,complex_000456,3,-5.93769
critic_lambda20,complex_000266,complex_000456,4,-6.99457
critic_lambda20,complex_000266,complex_000456,5,-8.59203
critic_lambda20,complex_000266,complex_000456,6,-7.81975
critic_lambda20,complex_000266,complex_000456,7,-4.11472
critic_lambda20,complex_000266,complex_000456,8,-8.75199
critic_lambda20,complex_000266,complex_000456,9,-6.45068
critic_lambda20,complex_000266,complex_000456,10,-7.7923
critic_lambda20,complex_000266,complex_000456,11,-6.89045
critic_lambda20,complex_000266,complex_000456,12,-6.98614
critic_lambda20,complex_000266,complex_000456,13,-7.59556
critic_lambda20,complex_000266,complex_000456,14,-5.50752
critic_lambda20,complex_000266,complex_000456,15,-7.4649
critic_lambda20,complex_000266,complex_000456,16,-4.10918
critic_lambda20,complex_000266,complex_000456,17,-6.55692
critic_lambda20,complex_000266,complex_000456,18,-7.61907
critic_lambda20,complex_000266,complex_000456,19,-5.84547
critic_lambda20,complex_000266,complex_000266,0,-6.82786
critic_lambda20,complex_000266,complex_000266,1,-7.58769
critic_lambda20,complex_000266,complex_000266,2,-7.59725
critic_lambda20,complex_000266,complex_000266,3,-5.63811
critic_lambda20,complex_000266,complex_000266,4,-8.4557
critic_lambda20,complex_000266,complex_000266,5,-9.49135
critic_lambda20,complex_000266,complex_000266,6,-8.27022
critic_lambda20,complex_000266,complex_000266,7,-3.86625
critic_lambda20,complex_000266,complex_000266,8,-9.50161
critic_lambda20,complex_000266,complex_000266,9,-7.59239
critic_lambda20,complex_000266,complex_000266,10,-8.57811
critic_lambda20,complex_000266,complex_000266,11,-7.0717
critic_lambda20,complex_000266,complex_000266,12,-7.11817
critic_lambda20,complex_000266,complex_000266,13,-8.11068
critic_lambda20,complex_000266,complex_000266,14,-6.26677
critic_lambda20,complex_000266,complex_000266,15,-8.2647
critic_lambda20,complex_000266,complex_000266,16,-4.33071
critic_lambda20,complex_000266,complex_000266,17,-7.51735
critic_lambda20,complex_000266,complex_000266,18,-7.92436
critic_lambda20,complex_000266,complex_000266,19,-6.78586
critic_lambda20,complex_000266,complex_000085,0,-6.94121
critic_lambda20,complex_000266,complex_000085,1,-7.58446
critic_lambda20,complex_000266,complex_000085,2,-6.95394
critic_lambda20,complex_000266,complex_000085,3,-6.18432
critic_lambda20,complex_000266,complex_000085,4,-7.60984
critic_lambda20,complex_000266,complex_000085,5,-9.33603
critic_lambda20,complex_000266,complex_000085,6,-8.86669
critic_lambda20,complex_000266,complex_000085,7,-3.57422
critic_lambda20,complex_000266,complex_000085,8,-9.04564
critic_lambda20,complex_000266,complex_000085,9,-7.20194
critic_lambda20,complex_000266,complex_000085,10,-9.38076
critic_lambda20,complex_000266,complex_000085,11,-7.45699
critic_lambda20,complex_000266,complex_000085,12,-7.41937
critic_lambda20,complex_000266,complex_000085,13,-9.03018
critic_lambda20,complex_000266,complex_000085,14,-6.11774
critic_lambda20,complex_000266,complex_000085,15,-9.37749
critic_lambda20,complex_000266,complex_000085,16,-4.35089
critic_lambda20,complex_000266,complex_000085,17,-8.06574
critic_lambda20,complex_000266,complex_000085,18,-7.99275
critic_lambda20,complex_000266,complex_000085,19,-6.18767
critic_lambda20,complex_000266,complex_000292,0,-6.44758
critic_lambda20,complex_000266,complex_000292,1,-6.77331
critic_lambda20,complex_000266,complex_000292,2,-6.20895
critic_lambda20,complex_000266,complex_000292,3,-5.45074
critic_lambda20,complex_000266,complex_000292,4,-6.8114
critic_lambda20,complex_000266,complex_000292,5,-7.52648
critic_lambda20,complex_000266,complex_000292,6,-6.36495
critic_lambda20,complex_000266,complex_000292,7,-3.89281
critic_lambda20,complex_000266,complex_000292,8,-8.71637
critic_lambda20,complex_000266,complex_000292,9,-5.86913
critic_lambda20,complex_000266,complex_000292,10,-7.86284
critic_lambda20,complex_000266,complex_000292,11,-6.85481
critic_lambda20,complex_000266,complex_000292,12,-6.03572
critic_lambda20,complex_000266,complex_000292,13,-7.18709
critic_lambda20,complex_000266,complex_000292,14,-5.04982
critic_lambda20,complex_000266,complex_000292,15,-7.46568
critic_lambda20,complex_000266,complex_000292,16,-3.77161
critic_lambda20,complex_000266,complex_000292,17,-6.22829
critic_lambda20,complex_000266,complex_000292,18,-6.42914
critic_lambda20,complex_000266,complex_000292,19,-5.70817
critic_lambda20,complex_000292,complex_000540,0,-10.05252
critic_lambda20,complex_000292,complex_000540,1,-6.01944
critic_lambda20,complex_000292,complex_000540,2,-8.18957
critic_lambda20,complex_000292,complex_000540,3,-5.03337
critic_lambda20,complex_000292,complex_000540,4,-7.52989
critic_lambda20,complex_000292,complex_000540,5,-6.50688
critic_lambda20,complex_000292,complex_000540,6,-8.43166
critic_lambda20,complex_000292,complex_000540,7,-8.45241
critic_lambda20,complex_000292,complex_000540,8,-3.92521
critic_lambda20,complex_000292,complex_000540,9,-6.67682
critic_lambda20,complex_000292,complex_000540,10,-8.33256
critic_lambda20,complex_000292,complex_000540,11,-8.62918
critic_lambda20,complex_000292,complex_000540,12,-4.54798
critic_lambda20,complex_000292,complex_000540,13,-4.72658
critic_lambda20,complex_000292,complex_000540,14,-7.96303
critic_lambda20,complex_000292,complex_000540,15,-6.60858
critic_lambda20,complex_000292,complex_000540,16,-4.99318
critic_lambda20,complex_000292,complex_000540,17,-5.39141
critic_lambda20,complex_000292,complex_000540,18,-6.65744
critic_lambda20,complex_000292,complex_000540,19,-6.4068
critic_lambda20,complex_000292,complex_000177,0,-9.87725
critic_lambda20,complex_000292,complex_000177,1,-6.66755
critic_lambda20,complex_000292,complex_000177,2,-7.20031
critic_lambda20,complex_000292,complex_000177,3,-5.23939
critic_lambda20,complex_000292,complex_000177,4,-7.08112
critic_lambda20,complex_000292,complex_000177,5,-6.75218
critic_lambda20,complex_000292,complex_000177,6,-9.01283
critic_lambda20,complex_000292,complex_000177,7,-7.52504
critic_lambda20,complex_000292,complex_000177,8,-4.39037
critic_lambda20,complex_000292,complex_000177,9,-6.3088
critic_lambda20,complex_000292,complex_000177,10,-8.69243
critic_lambda20,complex_000292,complex_000177,11,-9.20901
critic_lambda20,complex_000292,complex_000177,12,-5.30129
critic_lambda20,complex_000292,complex_000177,13,-6.05928
critic_lambda20,complex_000292,complex_000177,14,-8.28951
critic_lambda20,complex_000292,complex_000177,15,-6.84954
critic_lambda20,complex_000292,complex_000177,16,-5.68153
critic_lambda20,complex_000292,complex_000177,17,-4.95786
critic_lambda20,complex_000292,complex_000177,18,-6.43874
critic_lambda20,complex_000292,complex_000177,19,-6.33779
critic_lambda20,complex_000292,complex_000292,0,-8.25617
critic_lambda20,complex_000292,complex_000292,1,-5.53784
critic_lambda20,complex_000292,complex_000292,2,-6.63764
critic_lambda20,complex_000292,complex_000292,3,-4.89042
critic_lambda20,complex_000292,complex_000292,4,-6.49411
critic_lambda20,complex_000292,complex_000292,5,-6.15745
critic_lambda20,complex_000292,complex_000292,6,-6.78201
critic_lambda20,complex_000292,complex_000292,7,-7.31477
critic_lambda20,complex_000292,complex_000292,8,-3.96032
critic_lambda20,complex_000292,complex_000292,9,-6.17278
critic_lambda20,complex_000292,complex_000292,10,-7.63718
critic_lambda20,complex_000292,complex_000292,11,-7.7138
critic_lambda20,complex_000292,complex_000292,12,-4.09226
critic_lambda20,complex_000292,complex_000292,13,-5.11274
critic_lambda20,complex_000292,complex_000292,14,-6.94719
critic_lambda20,complex_000292,complex_000292,15,-5.30963
critic_lambda20,complex_000292,complex_000292,16,-4.27304
critic_lambda20,complex_000292,complex_000292,17,-5.09251
critic_lambda20,complex_000292,complex_000292,18,-5.51225
critic_lambda20,complex_000292,complex_000292,19,-5.4003
critic_lambda20,complex_000269,complex_000382,0,-7.83615
critic_lambda20,complex_000269,complex_000382,1,-7.54771
critic_lambda20,complex_000269,complex_000382,2,-7.48659
critic_lambda20,complex_000269,complex_000382,3,-9.2422
critic_lambda20,complex_000269,complex_000382,4,-7.14589
critic_lambda20,complex_000269,complex_000382,5,-9.64534
critic_lambda20,complex_000269,complex_000382,6,-6.71129
critic_lambda20,complex_000269,complex_000382,7,-8.50454
critic_lambda20,complex_000269,complex_000382,8,-8.38893
critic_lambda20,complex_000269,complex_000382,9,-9.90601
critic_lambda20,complex_000269,complex_000382,10,-10.78108
critic_lambda20,complex_000269,complex_000382,11,-11.494
critic_lambda20,complex_000269,complex_000382,12,-6.65509
critic_lambda20,complex_000269,complex_000382,13,-10.60895
critic_lambda20,complex_000269,complex_000382,14,-8.84929
critic_lambda20,complex_000269,complex_000382,15,-9.65595
critic_lambda20,complex_000269,complex_000382,16,-10.58929
critic_lambda20,complex_000269,complex_000382,17,-6.20532
critic_lambda20,complex_000269,complex_000382,18,-8.10824
critic_lambda20,complex_000269,complex_000382,19,-6.23416
critic_lambda20,complex_000292,complex_000269,0,-7.14812
critic_lambda20,complex_000292,complex_000269,1,-5.62073
critic_lambda20,complex_000292,complex_000269,2,-6.85822
critic_lambda20,complex_000292,complex_000269,3,-4.976
critic_lambda20,complex_000292,complex_000269,4,-7.44659
critic_lambda20,complex_000292,complex_000269,5,-6.53379
critic_lambda20,complex_000292,complex_000269,6,-7.56674
critic_lambda20,complex_000292,complex_000269,7,-8.03484
critic_lambda20,complex_000292,complex_000269,8,-4.38504
critic_lambda20,complex_000292,complex_000269,9,-6.28925
critic_lambda20,complex_000292,complex_000269,10,-6.82426
critic_lambda20,complex_000292,complex_000269,11,-7.39403
critic_lambda20,complex_000292,complex_000269,12,-4.96817
critic_lambda20,complex_000292,complex_000269,13,-5.51749
critic_lambda20,complex_000292,complex_000269,14,-6.64798
critic_lambda20,complex_000292,complex_000269,15,-5.55568
critic_lambda20,complex_000292,complex_000269,16,-5.49995
critic_lambda20,complex_000292,complex_000269,17,-5.40816
critic_lambda20,complex_000292,complex_000269,18,-6.39641
critic_lambda20,complex_000292,complex_000269,19,-5.78389
critic_lambda20,complex_000269,complex_000400,0,-7.77827
critic_lambda20,complex_000269,complex_000400,1,-7.89055
critic_lambda20,complex_000269,complex_000400,2,-7.81334
critic_lambda20,complex_000269,complex_000400,3,-10.09517
critic_lambda20,complex_000269,complex_000400,4,-7.33357
critic_lambda20,complex_000269,complex_000400,5,-9.69018
critic_lambda20,complex_000269,complex_000400,6,-6.99606
critic_lambda20,complex_000269,complex_000400,7,-8.18018
critic_lambda20,complex_000269,complex_000400,8,-8.75884
critic_lambda20,complex_000269,complex_000400,9,-10.20505
critic_lambda20,complex_000269,complex_000400,10,-11.24934
critic_lambda20,complex_000269,complex_000400,11,-12.28741
critic_lambda20,complex_000269,complex_000400,12,-7.04809
critic_lambda20,complex_000269,complex_000400,13,-10.88046
critic_lambda20,complex_000269,complex_000400,14,-9.26462
critic_lambda20,complex_000269,complex_000400,15,-10.43065
critic_lambda20,complex_000269,complex_000400,16,-11.40533
critic_lambda20,complex_000269,complex_000400,17,-6.60242
critic_lambda20,complex_000269,complex_000400,18,-8.6552
critic_lambda20,complex_000269,complex_000400,19,-6.60592
critic_lambda20,complex_000236,complex_000059,0,-9.83758
critic_lambda20,complex_000236,complex_000059,1,-6.76451
critic_lambda20,complex_000236,complex_000059,2,-4.05961
critic_lambda20,complex_000236,complex_000059,3,-7.38661
critic_lambda20,complex_000236,complex_000059,4,-3.04019
critic_lambda20,complex_000236,complex_000059,5,-7.61666
critic_lambda20,complex_000236,complex_000059,6,-9.00684
critic_lambda20,complex_000236,complex_000059,7,-7.78234
critic_lambda20,complex_000236,complex_000059,8,-9.8209
critic_lambda20,complex_000236,complex_000059,9,-9.72941
critic_lambda20,complex_000236,complex_000059,10,-7.93405
critic_lambda20,complex_000236,complex_000059,11,-7.48634
critic_lambda20,complex_000236,complex_000059,12,-6.61479
critic_lambda20,complex_000236,complex_000059,13,-7.79053
critic_lambda20,complex_000236,complex_000059,14,-8.27403
critic_lambda20,complex_000236,complex_000059,15,-8.42411
critic_lambda20,complex_000236,complex_000059,16,-6.82396
critic_lambda20,complex_000236,complex_000059,17,-7.22597
critic_lambda20,complex_000236,complex_000059,18,-7.77537
critic_lambda20,complex_000236,complex_000059,19,-9.8898
critic_lambda20,complex_000269,complex_000140,0,-7.84745
critic_lambda20,complex_000269,complex_000140,1,-7.33624
critic_lambda20,complex_000269,complex_000140,2,-7.22899
critic_lambda20,complex_000269,complex_000140,3,-9.34088
critic_lambda20,complex_000269,complex_000140,4,-8.22035
critic_lambda20,complex_000269,complex_000140,5,-9.613
critic_lambda20,complex_000269,complex_000140,6,-6.68336
critic_lambda20,complex_000269,complex_000140,7,-7.47273
critic_lambda20,complex_000269,complex_000140,8,-7.521
critic_lambda20,complex_000269,complex_000140,9,-9.06082
critic_lambda20,complex_000269,complex_000140,10,-10.33834
critic_lambda20,complex_000269,complex_000140,11,-10.35818
critic_lambda20,complex_000269,complex_000140,12,-6.18794
critic_lambda20,complex_000269,complex_000140,13,-10.20256
critic_lambda20,complex_000269,complex_000140,14,-8.52663
critic_lambda20,complex_000269,complex_000140,15,-10.09815
critic_lambda20,complex_000269,complex_000140,16,-11.41626
critic_lambda20,complex_000269,complex_000140,17,-6.26061
critic_lambda20,complex_000269,complex_000140,18,-7.73601
critic_lambda20,complex_000269,complex_000140,19,-5.92429
critic_lambda20,complex_000269,complex_000269,0,-7.26098
critic_lambda20,complex_000269,complex_000269,1,-6.35451
critic_lambda20,complex_000269,complex_000269,2,-5.92372
critic_lambda20,complex_000269,complex_000269,3,-7.95189
critic_lambda20,complex_000269,complex_000269,4,-5.46222
critic_lambda20,complex_000269,complex_000269,5,-6.94283
critic_lambda20,complex_000269,complex_000269,6,-6.34269
critic_lambda20,complex_000269,complex_000269,7,-5.62988
critic_lambda20,complex_000269,complex_000269,8,-7.88442
critic_lambda20,complex_000269,complex_000269,9,-6.62769
critic_lambda20,complex_000269,complex_000269,10,-7.83068
critic_lambda20,complex_000269,complex_000269,11,-7.09632
critic_lambda20,complex_000269,complex_000269,12,-6.28901
critic_lambda20,complex_000269,complex_000269,13,-7.34184
critic_lambda20,complex_000269,complex_000269,14,-6.47693
critic_lambda20,complex_000269,complex_000269,15,-7.31774
critic_lambda20,complex_000269,complex_000269,16,-8.17426
critic_lambda20,complex_000269,complex_000269,17,-6.02586
critic_lambda20,complex_000269,complex_000269,18,-6.58278
critic_lambda20,complex_000269,complex_000269,19,-5.40771
critic_lambda20,complex_000236,complex_000426,0,-9.33487
critic_lambda20,complex_000236,complex_000426,1,-6.4398
critic_lambda20,complex_000236,complex_000426,2,-8.70631
critic_lambda20,complex_000236,complex_000426,3,-6.02159
critic_lambda20,complex_000236,complex_000426,4,-8.74362
critic_lambda20,complex_000236,complex_000426,5,-6.80777
critic_lambda20,complex_000236,complex_000426,6,-8.43173
critic_lambda20,complex_000236,complex_000426,7,-7.39359
critic_lambda20,complex_000236,complex_000426,8,-9.70187
critic_lambda20,complex_000236,complex_000426,9,-9.33063
critic_lambda20,complex_000236,complex_000426,10,-7.34929
critic_lambda20,complex_000236,complex_000426,11,-7.28614
critic_lambda20,complex_000236,complex_000426,12,-5.35394
critic_lambda20,complex_000236,complex_000426,13,-7.7534
critic_lambda20,complex_000236,complex_000426,14,-7.61966
critic_lambda20,complex_000236,complex_000426,15,-8.6421
critic_lambda20,complex_000236,complex_000426,16,-6.69905
critic_lambda20,complex_000236,complex_000426,17,-7.7158
critic_lambda20,complex_000236,complex_000426,18,-7.50466
critic_lambda20,complex_000236,complex_000426,19,-9.06709
critic_lambda20,complex_000236,complex_000236,0,-8.72028
critic_lambda20,complex_000236,complex_000236,1,-6.59637
critic_lambda20,complex_000236,complex_000236,2,-7.88139
critic_lambda20,complex_000236,complex_000236,3,-6.68939
critic_lambda20,complex_000236,complex_000236,4,-10.08397
critic_lambda20,complex_000236,complex_000236,5,-6.02325
critic_lambda20,complex_000236,complex_000236,6,-8.27996
critic_lambda20,complex_000236,complex_000236,7,-8.39814
critic_lambda20,complex_000236,complex_000236,8,-9.22596
critic_lambda20,complex_000236,complex_000236,9,-9.17664
critic_lambda20,complex_000236,complex_000236,10,-7.88238
critic_lambda20,complex_000236,complex_000236,11,-6.99448
critic_lambda20,complex_000236,complex_000236,12,-6.04132
critic_lambda20,complex_000236,complex_000236,13,-7.66388
critic_lambda20,complex_000236,complex_000236,14,-7.50212
critic_lambda20,complex_000236,complex_000236,15,-8.09794
critic_lambda20,complex_000236,complex_000236,16,-6.99761
critic_lambda20,complex_000236,complex_000236,17,-7.99565
critic_lambda20,complex_000236,complex_000236,18,-8.13988
critic_lambda20,complex_000236,complex_000236,19,-9.59414
critic_lambda20,complex_000305,complex_000059,0,-8.32118
critic_lambda20,complex_000305,complex_000059,1,-6.60228
critic_lambda20,complex_000305,complex_000059,2,-6.94293
critic_lambda20,complex_000305,complex_000059,3,-8.63935
critic_lambda20,complex_000305,complex_000059,4,-8.29772
critic_lambda20,complex_000305,complex_000059,5,-6.01911
critic_lambda20,complex_000305,complex_000059,6,-5.00712
critic_lambda20,complex_000305,complex_000059,7,-6.39387
critic_lambda20,complex_000305,complex_000059,8,-6.4999
critic_lambda20,complex_000305,complex_000059,9,-5.56551
critic_lambda20,complex_000305,complex_000059,10,-8.79607
critic_lambda20,complex_000305,complex_000059,11,-10.10159
critic_lambda20,complex_000305,complex_000059,12,-8.63534
critic_lambda20,complex_000305,complex_000059,13,-8.95057
critic_lambda20,complex_000305,complex_000059,14,-9.56194
critic_lambda20,complex_000305,complex_000059,15,-8.55266
critic_lambda20,complex_000305,complex_000059,16,-5.36796
critic_lambda20,complex_000305,complex_000059,17,-8.04853
critic_lambda20,complex_000305,complex_000059,18,-7.70859
critic_lambda20,complex_000305,complex_000059,19,-8.12915
critic_lambda20,complex_000305,complex_000292,0,-6.34331
critic_lambda20,complex_000305,complex_000292,1,-6.89212
critic_lambda20,complex_000305,complex_000292,2,-5.2646
critic_lambda20,complex_000305,complex_000292,3,-6.1929
critic_lambda20,complex_000305,complex_000292,4,-6.92733
critic_lambda20,complex_000305,complex_000292,5,-4.84534
critic_lambda20,complex_000305,complex_000292,6,-4.19748
critic_lambda20,complex_000305,complex_000292,7,-5.04487
critic_lambda20,complex_000305,complex_000292,8,-5.10697
critic_lambda20,complex_000305,complex_000292,9,-4.79253
critic_lambda20,complex_000305,complex_000292,10,-6.98404
critic_lambda20,complex_000305,complex_000292,11,-7.08685
critic_lambda20,complex_000305,complex_000292,12,-7.20152
critic_lambda20,complex_000305,complex_000292,13,-7.41925
critic_lambda20,complex_000305,complex_000292,14,-8.54535
critic_lambda20,complex_000305,complex_000292,15,-6.69207
critic_lambda20,complex_000305,complex_000292,16,-4.58
critic_lambda20,complex_000305,complex_000292,17,-5.83272
critic_lambda20,complex_000305,complex_000292,18,-6.14261
critic_lambda20,complex_000305,complex_000292,19,-6.49306
critic_lambda20,complex_000305,complex_000363,0,-9.69201
critic_lambda20,complex_000305,complex_000363,1,-8.47054
critic_lambda20,complex_000305,complex_000363,2,-7.39984
critic_lambda20,complex_000305,complex_000363,3,-8.30817
critic_lambda20,complex_000305,complex_000363,4,-7.85018
critic_lambda20,complex_000305,complex_000363,5,-6.2848
critic_lambda20,complex_000305,complex_000363,6,-5.3188
critic_lambda20,complex_000305,complex_000363,7,-6.29966
critic_lambda20,complex_000305,complex_000363,8,-6.94205
critic_lambda20,complex_000305,complex_000363,9,-6.12731
critic_lambda20,complex_000305,complex_000363,10,-9.16914
critic_lambda20,complex_000305,complex_000363,11,-8.97459
critic_lambda20,complex_000305,complex_000363,12,-10.261
critic_lambda20,complex_000305,complex_000363,13,-9.57791
critic_lambda20,complex_000305,complex_000363,14,-9.45982
critic_lambda20,complex_000305,complex_000363,15,-9.31403
critic_lambda20,complex_000305,complex_000363,16,-5.74533
critic_lambda20,complex_000305,complex_000363,17,-8.53652
critic_lambda20,complex_000305,complex_000363,18,-7.26154
critic_lambda20,complex_000305,complex_000363,19,-9.18545
critic_lambda20,complex_000236,complex_000051,0,-8.14783
critic_lambda20,complex_000236,complex_000051,1,-6.47695
critic_lambda20,complex_000236,complex_000051,2,-4.53381
critic_lambda20,complex_000236,complex_000051,3,-6.7661
critic_lambda20,complex_000236,complex_000051,4,1.15114
critic_lambda20,complex_000236,complex_000051,5,-6.69923
critic_lambda20,complex_000236,complex_000051,6,-9.28139
critic_lambda20,complex_000236,complex_000051,7,-6.95215
critic_lambda20,complex_000236,complex_000051,8,-8.05301
critic_lambda20,complex_000236,complex_000051,9,-7.59679
critic_lambda20,complex_000236,complex_000051,10,-6.94966
critic_lambda20,complex_000236,complex_000051,11,-7.68067
critic_lambda20,complex_000236,complex_000051,12,-5.58941
critic_lambda20,complex_000236,complex_000051,13,-6.15758
critic_lambda20,complex_000236,complex_000051,14,-7.17342
critic_lambda20,complex_000236,complex_000051,15,-7.82703
critic_lambda20,complex_000236,complex_000051,16,-6.49922
critic_lambda20,complex_000236,complex_000051,17,-7.78949
critic_lambda20,complex_000236,complex_000051,18,-6.90204
critic_lambda20,complex_000236,complex_000051,19,-10.16159
critic_lambda20,complex_000305,complex_000305,0,-8.58801
critic_lambda20,complex_000305,complex_000305,1,-8.72314
critic_lambda20,complex_000305,complex_000305,2,-7.64506
critic_lambda20,complex_000305,complex_000305,3,-8.48067
critic_lambda20,complex_000305,complex_000305,4,-8.38773
critic_lambda20,complex_000305,complex_000305,5,-6.35706
critic_lambda20,complex_000305,complex_000305,6,-5.16091
critic_lambda20,complex_000305,complex_000305,7,-6.66481
critic_lambda20,complex_000305,complex_000305,8,-7.28968
critic_lambda20,complex_000305,complex_000305,9,-5.41977
critic_lambda20,complex_000305,complex_000305,10,-8.65974
critic_lambda20,complex_000305,complex_000305,11,-10.73265
critic_lambda20,complex_000305,complex_000305,12,-10.16014
critic_lambda20,complex_000305,complex_000305,13,-9.79001
critic_lambda20,complex_000305,complex_000305,14,-10.68944
critic_lambda20,complex_000305,complex_000305,15,-9.29166
critic_lambda20,complex_000305,complex_000305,16,-6.19041
critic_lambda20,complex_000305,complex_000305,17,-8.11562
critic_lambda20,complex_000305,complex_000305,18,-7.44119
critic_lambda20,complex_000305,complex_000305,19,-8.36723
critic_lambda20,complex_000335,complex_000335,0,-5.39624
critic_lambda20,complex_000335,complex_000335,1,-7.19844
critic_lambda20,complex_000335,complex_000335,2,-5.00852
critic_lambda20,complex_000335,complex_000335,3,-5.47624
critic_lambda20,complex_000335,complex_000335,4,-5.07474
critic_lambda20,complex_000335,complex_000335,5,-4.72893
critic_lambda20,complex_000335,complex_000335,6,-5.92918
critic_lambda20,complex_000335,complex_000335,7,-4.02646
critic_lambda20,complex_000335,complex_000335,8,-4.60292
critic_lambda20,complex_000335,complex_000335,9,-6.86496
critic_lambda20,complex_000335,complex_000335,10,-4.85927
critic_lambda20,complex_000335,complex_000335,11,-6.82166
critic_lambda20,complex_000335,complex_000335,12,-3.7597
critic_lambda20,complex_000335,complex_000335,13,-5.85817
critic_lambda20,complex_000335,complex_000335,14,-5.79214
critic_lambda20,complex_000335,complex_000335,15,-7.92055
critic_lambda20,complex_000335,complex_000335,16,-6.11698
critic_lambda20,complex_000335,complex_000335,17,-5.07988
critic_lambda20,complex_000335,complex_000335,18,-6.5851
critic_lambda20,complex_000335,complex_000335,19,-5.59531
critic_lambda20,complex_000335,complex_000473,0,-5.70789
critic_lambda20,complex_000335,complex_000473,1,-7.01222
critic_lambda20,complex_000335,complex_000473,2,-5.84253
critic_lambda20,complex_000335,complex_000473,3,-5.50697
critic_lambda20,complex_000335,complex_000473,4,-4.95983
critic_lambda20,complex_000335,complex_000473,5,-4.67975
critic_lambda20,complex_000335,complex_000473,6,-5.50369
critic_lambda20,complex_000335,complex_000473,7,-4.65211
critic_lambda20,complex_000335,complex_000473,8,-5.02051
critic_lambda20,complex_000335,complex_000473,9,-6.48578
critic_lambda20,complex_000335,complex_000473,10,-4.90394
critic_lambda20,complex_000335,complex_000473,11,-6.42797
critic_lambda20,complex_000335,complex_000473,12,-4.32411
critic_lambda20,complex_000335,complex_000473,13,-5.87855
critic_lambda20,complex_000335,complex_000473,14,-5.65568
critic_lambda20,complex_000335,complex_000473,15,-7.47267
critic_lambda20,complex_000335,complex_000473,16,-5.57458
critic_lambda20,complex_000335,complex_000473,17,-5.18443
critic_lambda20,complex_000335,complex_000473,18,-6.67347
critic_lambda20,complex_000335,complex_000473,19,-5.29591
critic_lambda20,complex_000374,complex_000374,0,-6.88598
critic_lambda20,complex_000374,complex_000374,1,-7.46869
critic_lambda20,complex_000374,complex_000374,2,-7.82361
critic_lambda20,complex_000374,complex_000374,3,-11.09739
critic_lambda20,complex_000374,complex_000374,4,-11.27162
critic_lambda20,complex_000374,complex_000374,5,-6.63906
critic_lambda20,complex_000374,complex_000374,6,-8.86882
critic_lambda20,complex_000374,complex_000374,7,-8.79844
critic_lambda20,complex_000374,complex_000374,8,-7.56955
critic_lambda20,complex_000374,complex_000374,9,-5.92922
critic_lambda20,complex_000374,complex_000374,10,-6.52321
critic_lambda20,complex_000374,complex_000374,11,-5.54747
critic_lambda20,complex_000374,complex_000374,12,-6.69
critic_lambda20,complex_000374,complex_000374,13,-5.07489
critic_lambda20,complex_000374,complex_000374,14,-7.88427
critic_lambda20,complex_000374,complex_000374,15,-9.50047
critic_lambda20,complex_000374,complex_000374,16,-5.4107
critic_lambda20,complex_000374,complex_000374,17,-7.67894
critic_lambda20,complex_000374,complex_000374,18,-10.53245
critic_lambda20,complex_000374,complex_000374,19,-8.73128
critic_lambda20,complex_000374,complex_000223,0,-5.14344
critic_lambda20,complex_000374,complex_000223,1,-4.38078
critic_lambda20,complex_000374,complex_000223,2,-5.12107
critic_lambda20,complex_000374,complex_000223,3,-6.40753
critic_lambda20,complex_000374,complex_000223,4,-6.76835
critic_lambda20,complex_000374,complex_000223,5,-4.87773
critic_lambda20,complex_000374,complex_000223,6,-6.27372
critic_lambda20,complex_000374,complex_000223,7,-5.69361
critic_lambda20,complex_000374,complex_000223,8,-4.93342
critic_lambda20,complex_000374,complex_000223,9,-4.74954
critic_lambda20,complex_000374,complex_000223,10,-4.48791
critic_lambda20,complex_000374,complex_000223,11,-4.72473
critic_lambda20,complex_000374,complex_000223,12,-5.29656
critic_lambda20,complex_000374,complex_000223,13,-4.18015
critic_lambda20,complex_000374,complex_000223,14,-5.58379
critic_lambda20,complex_000374,complex_000223,15,-6.0401
critic_lambda20,complex_000374,complex_000223,16,-4.03605
critic_lambda20,complex_000374,complex_000223,17,-5.40148
critic_lambda20,complex_000374,complex_000223,18,-6.13369
critic_lambda20,complex_000374,complex_000223,19,-6.57191
critic_lambda20,complex_000374,complex_000335,0,-5.17793
critic_lambda20,complex_000374,complex_000335,1,-5.29735
critic_lambda20,complex_000374,complex_000335,2,-5.89616
critic_lambda20,complex_000374,complex_000335,3,-7.13593
critic_lambda20,complex_000374,complex_000335,4,-8.32229
critic_lambda20,complex_000374,complex_000335,5,-5.60745
critic_lambda20,complex_000374,complex_000335,6,-7.55461
critic_lambda20,complex_000374,complex_000335,7,-7.17471
critic_lambda20,complex_000374,complex_000335,8,-5.7782
critic_lambda20,complex_000374,complex_000335,9,-5.02503
critic_lambda20,complex_000374,complex_000335,10,-5.27858
critic_lambda20,complex_000374,complex_000335,11,-5.27622
critic_lambda20,complex_000374,complex_000335,12,-5.45457
critic_lambda20,complex_000374,complex_000335,13,-4.49594
critic_lambda20,complex_000374,complex_000335,14,-7.18829
critic_lambda20,complex_000374,complex_000335,15,-6.42587
critic_lambda20,complex_000374,complex_000335,16,-4.63511
critic_lambda20,complex_000374,complex_000335,17,-5.74244
critic_lambda20,complex_000374,complex_000335,18,-7.31114
critic_lambda20,complex_000374,complex_000335,19,-6.50971
critic_lambda20,complex_000363,complex_000363,0,-8.83904
critic_lambda20,complex_000363,complex_000363,1,-9.06763
critic_lambda20,complex_000363,complex_000363,2,-9.8826
critic_lambda20,complex_000363,complex_000363,3,-9.2005
critic_lambda20,complex_000363,complex_000363,4,-9.86578
critic_lambda20,complex_000363,complex_000363,5,-8.89246
critic_lambda20,complex_000363,complex_000363,6,-9.96006
critic_lambda20,complex_000363,complex_000363,7,-11.93497
critic_lambda20,complex_000363,complex_000363,8,-6.86918
critic_lambda20,complex_000363,complex_000363,9,-9.94186
critic_lambda20,complex_000363,complex_000363,10,-7.89621
critic_lambda20,complex_000363,complex_000363,11,-7.89906
critic_lambda20,complex_000363,complex_000363,12,-11.26265
critic_lambda20,complex_000363,complex_000363,13,-10.08902
critic_lambda20,complex_000363,complex_000363,14,-8.29801
critic_lambda20,complex_000363,complex_000363,15,-6.62932
critic_lambda20,complex_000363,complex_000363,16,-10.36811
critic_lambda20,complex_000363,complex_000363,17,-6.77557
critic_lambda20,complex_000363,complex_000363,18,-9.81682
critic_lambda20,complex_000363,complex_000363,19,-8.51037
critic_lambda20,complex_000335,complex_000376,0,-6.50518
critic_lambda20,complex_000335,complex_000376,1,-9.66322
critic_lambda20,complex_000335,complex_000376,2,-7.47482
critic_lambda20,complex_000335,complex_000376,3,-6.47346
critic_lambda20,complex_000335,complex_000376,4,-6.36365
critic_lambda20,complex_000335,complex_000376,5,-5.46069
critic_lambda20,complex_000335,complex_000376,6,-7.8919
critic_lambda20,complex_000335,complex_000376,7,-4.69555
critic_lambda20,complex_000335,complex_000376,8,-5.71611
critic_lambda20,complex_000335,complex_000376,9,-8.73345
critic_lambda20,complex_000335,complex_000376,10,-5.27101
critic_lambda20,complex_000335,complex_000376,11,-8.00058
critic_lambda20,complex_000335,complex_000376,12,-4.7708
critic_lambda20,complex_000335,complex_000376,13,-7.86164
critic_lambda20,complex_000335,complex_000376,14,-6.31534
critic_lambda20,complex_000335,complex_000376,15,-10.16365
critic_lambda20,complex_000335,complex_000376,16,-7.00623
critic_lambda20,complex_000335,complex_000376,17,-5.43091
critic_lambda20,complex_000335,complex_000376,18,-7.75907
critic_lambda20,complex_000335,complex_000376,19,-6.92257
critic_lambda20,complex_000363,complex_000170,0,-9.80917
critic_lambda20,complex_000363,complex_000170,1,-8.44447
critic_lambda20,complex_000363,complex_000170,2,-5.69823
critic_lambda20,complex_000363,complex_000170,3,-6.45575
critic_lambda20,complex_000363,complex_000170,4,-7.83765
critic_lambda20,complex_000363,complex_000170,5,-9.24483
critic_lambda20,complex_000363,complex_000170,6,-11.26273
critic_lambda20,complex_000363,complex_000170,7,-6.09848
critic_lambda20,complex_000363,complex_000170,8,-7.9299
critic_lambda20,complex_000363,complex_000170,9,-9.4329
critic_lambda20,complex_000363,complex_000170,10,-8.20428
critic_lambda20,complex_000363,complex_000170,11,-8.93523
critic_lambda20,complex_000363,complex_000170,12,-8.11621
critic_lambda20,complex_000363,complex_000170,13,-6.34721
critic_lambda20,complex_000363,complex_000170,14,-8.29604
critic_lambda20,complex_000363,complex_000170,15,-7.15413
critic_lambda20,complex_000363,complex_000170,16,-7.67413
critic_lambda20,complex_000363,complex_000170,17,-7.59171
critic_lambda20,complex_000363,complex_000170,18,-7.65419
critic_lambda20,complex_000363,complex_000170,19,-8.81468
critic_lambda20,complex_000335,complex_000456,0,-6.03251
critic_lambda20,complex_000335,complex_000456,1,-8.53963
critic_lambda20,complex_000335,complex_000456,2,-5.67415
critic_lambda20,complex_000335,complex_000456,3,-6.10395
critic_lambda20,complex_000335,complex_000456,4,-5.59724
critic_lambda20,complex_000335,complex_000456,5,-5.29027
critic_lambda20,complex_000335,complex_000456,6,-7.09513
critic_lambda20,complex_000335,complex_000456,7,-4.66076
critic_lambda20,complex_000335,complex_000456,8,-5.59238
critic_lambda20,complex_000335,complex_000456,9,-7.02794
critic_lambda20,complex_000335,complex_000456,10,-5.26885
critic_lambda20,complex_000335,complex_000456,11,-7.44605
critic_lambda20,complex_000335,complex_000456,12,-4.44541
critic_lambda20,complex_000335,complex_000456,13,-6.63973
critic_lambda20,complex_000335,complex_000456,14,-6.36784
critic_lambda20,complex_000335,complex_000456,15,-8.97225
critic_lambda20,complex_000335,complex_000456,16,-6.28918
critic_lambda20,complex_000335,complex_000456,17,-5.38383
critic_lambda20,complex_000335,complex_000456,18,-7.22291
critic_lambda20,complex_000335,complex_000456,19,-6.8573
critic_lambda20,complex_000374,complex_000400,0,-7.21354
critic_lambda20,complex_000374,complex_000400,1,-7.59482
critic_lambda20,complex_000374,complex_000400,2,-8.00065
critic_lambda20,complex_000374,complex_000400,3,-9.75739
critic_lambda20,complex_000374,complex_000400,4,-10.00768
critic_lambda20,complex_000374,complex_000400,5,-6.99869
critic_lambda20,complex_000374,complex_000400,6,-10.0399
critic_lambda20,complex_000374,complex_000400,7,-9.75882
critic_lambda20,complex_000374,complex_000400,8,-7.45419
critic_lambda20,complex_000374,complex_000400,9,-6.40038
critic_lambda20,complex_000374,complex_000400,10,-6.96068
critic_lambda20,complex_000374,complex_000400,11,-5.91268
critic_lambda20,complex_000374,complex_000400,12,-6.81436
critic_lambda20,complex_000374,complex_000400,13,-5.74309
critic_lambda20,complex_000374,complex_000400,14,-8.26628
critic_lambda20,complex_000374,complex_000400,15,-9.02232
critic_lambda20,complex_000374,complex_000400,16,-5.94541
critic_lambda20,complex_000374,complex_000400,17,-7.68161
critic_lambda20,complex_000374,complex_000400,18,-9.82412
critic_lambda20,complex_000374,complex_000400,19,-8.98273
critic_lambda20,complex_000363,complex_000473,0,-6.30294
critic_lambda20,complex_000363,complex_000473,1,-6.69248
critic_lambda20,complex_000363,complex_000473,2,-6.57157
critic_lambda20,complex_000363,complex_000473,3,-6.91833
critic_lambda20,complex_000363,complex_000473,4,-6.94793
critic_lambda20,complex_000363,complex_000473,5,-6.17053
critic_lambda20,complex_000363,complex_000473,6,-6.93021
critic_lambda20,complex_000363,complex_000473,7,-7.93053
critic_lambda20,complex_000363,complex_000473,8,-5.7959
critic_lambda20,complex_000363,complex_000473,9,-7.12545
critic_lambda20,complex_000363,complex_000473,10,-6.39241
critic_lambda20,complex_000363,complex_000473,11,-6.12439
critic_lambda20,complex_000363,complex_000473,12,-7.1828
critic_lambda20,complex_000363,complex_000473,13,-7.03719
critic_lambda20,complex_000363,complex_000473,14,-6.68018
critic_lambda20,complex_000363,complex_000473,15,-5.27721
critic_lambda20,complex_000363,complex_000473,16,-7.95626
critic_lambda20,complex_000363,complex_000473,17,-5.14389
critic_lambda20,complex_000363,complex_000473,18,-7.01409
critic_lambda20,complex_000363,complex_000473,19,-6.21041
critic_lambda20,complex_000363,complex_000051,0,-7.73847
critic_lambda20,complex_000363,complex_000051,1,-8.00227
critic_lambda20,complex_000363,complex_000051,2,-8.11897
critic_lambda20,complex_000363,complex_000051,3,-7.89911
critic_lambda20,complex_000363,complex_000051,4,-9.00047
critic_lambda20,complex_000363,complex_000051,5,-7.57332
critic_lambda20,complex_000363,complex_000051,6,-9.51845
critic_lambda20,complex_000363,complex_000051,7,-9.62309
critic_lambda20,complex_000363,complex_000051,8,-6.26135
critic_lambda20,complex_000363,complex_000051,9,-8.51473
critic_lambda20,complex_000363,complex_000051,10,-6.60861
critic_lambda20,complex_000363,complex_000051,11,-6.58836
critic_lambda20,complex_000363,complex_000051,12,-9.66283
critic_lambda20,complex_000363,complex_000051,13,-8.54933
critic_lambda20,complex_000363,complex_000051,14,-7.47237
critic_lambda20,complex_000363,complex_000051,15,-6.02276
critic_lambda20,complex_000363,complex_000051,16,-8.6801
critic_lambda20,complex_000363,complex_000051,17,-5.68567
critic_lambda20,complex_000363,complex_000051,18,-8.13899
critic_lambda20,complex_000363,complex_000051,19,-7.81134
critic_lambda20,complex_000382,complex_000382,0,-6.09262
critic_lambda20,complex_000382,complex_000382,1,-10.19964
critic_lambda20,complex_000382,complex_000382,2,-12.42817
critic_lambda20,complex_000382,complex_000382,3,-7.14883
critic_lambda20,complex_000382,complex_000382,4,-13.81782
critic_lambda20,complex_000382,complex_000382,5,-8.20405
critic_lambda20,complex_000382,complex_000382,6,-7.74494
critic_lambda20,complex_000382,complex_000382,7,-9.1448
critic_lambda20,complex_000382,complex_000382,8,-9.74088
critic_lambda20,complex_000382,complex_000382,9,-6.68103
critic_lambda20,complex_000382,complex_000382,10,-8.91735
critic_lambda20,complex_000382,complex_000382,11,-8.90072
critic_lambda20,complex_000382,complex_000382,12,-11.51333
critic_lambda20,complex_000382,complex_000382,13,-11.4231
critic_lambda20,complex_000382,complex_000382,14,-8.56238
critic_lambda20,complex_000382,complex_000382,15,-6.53555
critic_lambda20,complex_000382,complex_000382,16,-8.95382
critic_lambda20,complex_000382,complex_000382,17,-8.06202
critic_lambda20,complex_000382,complex_000382,18,-7.59451
critic_lambda20,complex_000382,complex_000382,19,-6.63594
critic_lambda20,complex_000382,complex_000506,0,-5.00174
critic_lambda20,complex_000382,complex_000506,1,-6.98308
critic_lambda20,complex_000382,complex_000506,2,-7.77409
critic_lambda20,complex_000382,complex_000506,3,-5.74662
critic_lambda20,complex_000382,complex_000506,4,-7.93494
critic_lambda20,complex_000382,complex_000506,5,-6.4401
critic_lambda20,complex_000382,complex_000506,6,-5.32634
critic_lambda20,complex_000382,complex_000506,7,-6.26078
critic_lambda20,complex_000382,complex_000506,8,-6.91901
critic_lambda20,complex_000382,complex_000506,9,-4.73328
critic_lambda20,complex_000382,complex_000506,10,-5.60697
critic_lambda20,complex_000382,complex_000506,11,-6.66901
critic_lambda20,complex_000382,complex_000506,12,-6.42784
critic_lambda20,complex_000382,complex_000506,13,-7.07622
critic_lambda20,complex_000382,complex_000506,14,-6.54437
critic_lambda20,complex_000382,complex_000506,15,-4.95051
critic_lambda20,complex_000382,complex_000506,16,-6.03406
critic_lambda20,complex_000382,complex_000506,17,-5.32337
critic_lambda20,complex_000382,complex_000506,18,-5.84743
critic_lambda20,complex_000382,complex_000506,19,-6.04985
critic_lambda20,complex_000376,complex_000193,0,-4.67415
critic_lambda20,complex_000376,complex_000193,1,-6.34587
critic_lambda20,complex_000376,complex_000193,2,-7.48813
critic_lambda20,complex_000376,complex_000193,3,-7.21078
critic_lambda20,complex_000376,complex_000193,4,-5.71216
critic_lambda20,complex_000376,complex_000193,5,-6.2746
critic_lambda20,complex_000376,complex_000193,6,-7.33294
critic_lambda20,complex_000376,complex_000193,7,-7.86695
critic_lambda20,complex_000376,complex_000193,8,-4.92294
critic_lambda20,complex_000376,complex_000193,9,-5.93705
critic_lambda20,complex_000376,complex_000193,10,-6.50784
critic_lambda20,complex_000376,complex_000193,11,-7.154
critic_lambda20,complex_000376,complex_000193,12,-7.26844
critic_lambda20,complex_000376,complex_000193,13,-6.63759
critic_lambda20,complex_000376,complex_000193,14,-6.0959
critic_lambda20,complex_000376,complex_000193,15,-6.50704
critic_lambda20,complex_000376,complex_000193,16,-6.20035
critic_lambda20,complex_000376,complex_000193,17,-7.53958
critic_lambda20,complex_000376,complex_000193,18,-7.28756
critic_lambda20,complex_000376,complex_000193,19,-7.13406
critic_lambda20,complex_000387,complex_000387,0,-6.92761
critic_lambda20,complex_000387,complex_000387,1,-6.26691
critic_lambda20,complex_000387,complex_000387,2,-8.36835
critic_lambda20,complex_000387,complex_000387,3,-10.9649
critic_lambda20,complex_000387,complex_000387,4,-9.17487
critic_lambda20,complex_000387,complex_000387,5,-9.85572
critic_lambda20,complex_000387,complex_000387,6,-8.98588
critic_lambda20,complex_000387,complex_000387,7,-7.17941
critic_lambda20,complex_000387,complex_000387,8,-7.72405
critic_lambda20,complex_000387,complex_000387,9,-9.73709
critic_lambda20,complex_000387,complex_000387,10,-9.0992
critic_lambda20,complex_000387,complex_000387,11,-7.05493
critic_lambda20,complex_000387,complex_000387,12,-9.43131
critic_lambda20,complex_000387,complex_000387,13,-6.89309
critic_lambda20,complex_000387,complex_000387,14,-9.76128
critic_lambda20,complex_000387,complex_000387,15,-8.13497
critic_lambda20,complex_000387,complex_000387,16,-7.94329
critic_lambda20,complex_000387,complex_000387,17,-8.69929
critic_lambda20,complex_000387,complex_000387,18,-9.69511
critic_lambda20,complex_000387,complex_000387,19,-7.8
critic_lambda20,complex_000382,complex_000179,0,-6.45891
critic_lambda20,complex_000382,complex_000179,1,-9.97401
critic_lambda20,complex_000382,complex_000179,2,-11.99266
critic_lambda20,complex_000382,complex_000179,3,-7.26306
critic_lambda20,complex_000382,complex_000179,4,-11.785
critic_lambda20,complex_000382,complex_000179,5,-8.21652
critic_lambda20,complex_000382,complex_000179,6,-7.56647
critic_lambda20,complex_000382,complex_000179,7,-8.79319
critic_lambda20,complex_000382,complex_000179,8,-8.68822
critic_lambda20,complex_000382,complex_000179,9,-6.4436
critic_lambda20,complex_000382,complex_000179,10,-8.86858
critic_lambda20,complex_000382,complex_000179,11,-8.88884
critic_lambda20,complex_000382,complex_000179,12,-9.95197
critic_lambda20,complex_000382,complex_000179,13,-9.46012
critic_lambda20,complex_000382,complex_000179,14,-8.00762
critic_lambda20,complex_000382,complex_000179,15,-6.25066
critic_lambda20,complex_000382,complex_000179,16,-9.07137
critic_lambda20,complex_000382,complex_000179,17,-8.22779
critic_lambda20,complex_000382,complex_000179,18,-7.20854
critic_lambda20,complex_000382,complex_000179,19,-6.21114
critic_lambda20,complex_000376,complex_000376,0,-5.40691
critic_lambda20,complex_000376,complex_000376,1,-7.97708
critic_lambda20,complex_000376,complex_000376,2,-9.56517
critic_lambda20,complex_000376,complex_000376,3,-7.73219
critic_lambda20,complex_000376,complex_000376,4,-5.60781
critic_lambda20,complex_000376,complex_000376,5,-6.82782
critic_lambda20,complex_000376,complex_000376,6,-8.03068
critic_lambda20,complex_000376,complex_000376,7,-10.4641
critic_lambda20,complex_000376,complex_000376,8,-6.7289
critic_lambda20,complex_000376,complex_000376,9,-6.36889
critic_lambda20,complex_000376,complex_000376,10,-7.69585
critic_lambda20,complex_000376,complex_000376,11,-9.42336
critic_lambda20,complex_000376,complex_000376,12,-9.59298
critic_lambda20,complex_000376,complex_000376,13,-7.54464
critic_lambda20,complex_000376,complex_000376,14,-5.81707
critic_lambda20,complex_000376,complex_000376,15,-8.80614
critic_lambda20,complex_000376,complex_000376,16,-6.46206
critic_lambda20,complex_000376,complex_000376,17,-9.09459
critic_lambda20,complex_000376,complex_000376,18,-9.41733
critic_lambda20,complex_000376,complex_000376,19,-9.22164
critic_lambda20,complex_000387,complex_000540,0,-5.71393
critic_lambda20,complex_000387,complex_000540,1,-5.54785
critic_lambda20,complex_000387,complex_000540,2,-6.89212
critic_lambda20,complex_000387,complex_000540,3,-8.87514
critic_lambda20,complex_000387,complex_000540,4,-8.1996
critic_lambda20,complex_000387,complex_000540,5,-8.4687
critic_lambda20,complex_000387,complex_000540,6,-8.37075
critic_lambda20,complex_000387,complex_000540,7,-6.55734
critic_lambda20,complex_000387,complex_000540,8,-6.985
critic_lambda20,complex_000387,complex_000540,9,-7.92863
critic_lambda20,complex_000387,complex_000540,10,-7.42067
critic_lambda20,complex_000387,complex_000540,11,-6.0566
critic_lambda20,complex_000387,complex_000540,12,-7.65493
critic_lambda20,complex_000387,complex_000540,13,-5.90984
critic_lambda20,complex_000387,complex_000540,14,-10.42211
critic_lambda20,complex_000387,complex_000540,15,-6.80512
critic_lambda20,complex_000387,complex_000540,16,-6.39066
critic_lambda20,complex_000387,complex_000540,17,-7.34751
critic_lambda20,complex_000387,complex_000540,18,-8.46557
critic_lambda20,complex_000387,complex_000540,19,-6.61751
critic_lambda20,complex_000376,complex_000191,0,-4.06962
critic_lambda20,complex_000376,complex_000191,1,-5.99338
critic_lambda20,complex_000376,complex_000191,2,-7.12829
critic_lambda20,complex_000376,complex_000191,3,-6.77689
critic_lambda20,complex_000376,complex_000191,4,-4.79204
critic_lambda20,complex_000376,complex_000191,5,-5.55481
critic_lambda20,complex_000376,complex_000191,6,-6.68985
critic_lambda20,complex_000376,complex_000191,7,-7.13408
critic_lambda20,complex_000376,complex_000191,8,-4.99253
critic_lambda20,complex_000376,complex_000191,9,-5.60434
critic_lambda20,complex_000376,complex_000191,10,-5.15161
critic_lambda20,complex_000376,complex_000191,11,-7.3408
critic_lambda20,complex_000376,complex_000191,12,-6.96772
critic_lambda20,complex_000376,complex_000191,13,-5.25471
critic_lambda20,complex_000376,complex_000191,14,-5.21993
critic_lambda20,complex_000376,complex_000191,15,-7.00458
critic_lambda20,complex_000376,complex_000191,16,-5.60985
critic_lambda20,complex_000376,complex_000191,17,-6.12869
critic_lambda20,complex_000376,complex_000191,18,-6.37359
critic_lambda20,complex_000376,complex_000191,19,-6.48842
critic_lambda20,complex_000387,complex_000506,0,-5.48315
critic_lambda20,complex_000387,complex_000506,1,-5.35188
critic_lambda20,complex_000387,complex_000506,2,-6.08399
critic_lambda20,complex_000387,complex_000506,3,-7.74674
critic_lambda20,complex_000387,complex_000506,4,-7.77018
critic_lambda20,complex_000387,complex_000506,5,-7.00223
critic_lambda20,complex_000387,complex_000506,6,-6.67636
critic_lambda20,complex_000387,complex_000506,7,-5.16719
critic_lambda20,complex_000387,complex_000506,8,-6.97891
critic_lambda20,complex_000387,complex_000506,9,-6.44002
critic_lambda20,complex_000387,complex_000506,10,-6.85527
critic_lambda20,complex_000387,complex_000506,11,-4.69207
critic_lambda20,complex_000387,complex_000506,12,-6.41919
critic_lambda20,complex_000387,complex_000506,13,-5.79629
critic_lambda20,complex_000387,complex_000506,14,-6.71484
critic_lambda20,complex_000387,complex_000506,15,-7.39564
critic_lambda20,complex_000387,complex_000506,16,-5.2417
critic_lambda20,complex_000387,complex_000506,17,-6.13245
critic_lambda20,complex_000387,complex_000506,18,-7.8923
critic_lambda20,complex_000387,complex_000506,19,-5.7822
critic_lambda20,complex_000382,complex_000051,0,-5.98959
critic_lambda20,complex_000382,complex_000051,1,-8.90138
critic_lambda20,complex_000382,complex_000051,2,-6.42477
critic_lambda20,complex_000382,complex_000051,3,-6.64104
critic_lambda20,complex_000382,complex_000051,4,-9.75705
critic_lambda20,complex_000382,complex_000051,5,-7.85435
critic_lambda20,complex_000382,complex_000051,6,-6.66139
critic_lambda20,complex_000382,complex_000051,7,-7.53509
critic_lambda20,complex_000382,complex_000051,8,-8.45255
critic_lambda20,complex_000382,complex_000051,9,-6.16623
critic_lambda20,complex_000382,complex_000051,10,-8.38693
critic_lambda20,complex_000382,complex_000051,11,-7.43237
critic_lambda20,complex_000382,complex_000051,12,-9.94234
critic_lambda20,complex_000382,complex_000051,13,-10.00078
critic_lambda20,complex_000382,complex_000051,14,-7.25792
critic_lambda20,complex_000382,complex_000051,15,-6.07913
critic_lambda20,complex_000382,complex_000051,16,-8.06138
critic_lambda20,complex_000382,complex_000051,17,-7.45788
critic_lambda20,complex_000382,complex_000051,18,-6.65207
critic_lambda20,complex_000382,complex_000051,19,-5.94281
critic_lambda20,complex_000387,complex_000305,0,-5.82786
critic_lambda20,complex_000387,complex_000305,1,-6.18407
critic_lambda20,complex_000387,complex_000305,2,-7.75912
critic_lambda20,complex_000387,complex_000305,3,-10.25258
critic_lambda20,complex_000387,complex_000305,4,-9.359
critic_lambda20,complex_000387,complex_000305,5,-9.15977
critic_lambda20,complex_000387,complex_000305,6,-9.7918
critic_lambda20,complex_000387,complex_000305,7,-7.57161
critic_lambda20,complex_000387,complex_000305,8,-7.20368
critic_lambda20,complex_000387,complex_000305,9,-7.75278
critic_lambda20,complex_000387,complex_000305,10,-8.4915
critic_lambda20,complex_000387,complex_000305,11,-7.22962
critic_lambda20,complex_000387,complex_000305,12,-9.09643
critic_lambda20,complex_000387,complex_000305,13,-7.1553
critic_lambda20,complex_000387,complex_000305,14,-7.00295
critic_lambda20,complex_000387,complex_000305,15,-8.72112
critic_lambda20,complex_000387,complex_000305,16,-7.56723
critic_lambda20,complex_000387,complex_000305,17,-8.12107
critic_lambda20,complex_000387,complex_000305,18,-9.24384
critic_lambda20,complex_000387,complex_000305,19,-7.72617
critic_lambda20,complex_000376,complex_000535,0,-5.38351
critic_lambda20,complex_000376,complex_000535,1,-7.34466
critic_lambda20,complex_000376,complex_000535,2,-7.90495
critic_lambda20,complex_000376,complex_000535,3,-8.3989
critic_lambda20,complex_000376,complex_000535,4,-6.17354
critic_lambda20,complex_000376,complex_000535,5,-6.35225
critic_lambda20,complex_000376,complex_000535,6,-6.78535
critic_lambda20,complex_000376,complex_000535,7,-8.54176
critic_lambda20,complex_000376,complex_000535,8,-6.57763
critic_lambda20,complex_000376,complex_000535,9,-6.14492
critic_lambda20,complex_000376,complex_000535,10,-6.24346
critic_lambda20,complex_000376,complex_000535,11,-8.15586
critic_lambda20,complex_000376,complex_000535,12,-8.1609
critic_lambda20,complex_000376,complex_000535,13,-6.95107
critic_lambda20,complex_000376,complex_000535,14,-6.31099
critic_lambda20,complex_000376,complex_000535,15,-6.99886
critic_lambda20,complex_000376,complex_000535,16,-5.83908
critic_lambda20,complex_000376,complex_000535,17,-9.76312
critic_lambda20,complex_000376,complex_000535,18,-7.61417
critic_lambda20,complex_000376,complex_000535,19,-6.7492
critic_lambda20,complex_000394,complex_000179,0,-10.41368
critic_lambda20,complex_000394,complex_000179,1,-11.1626
critic_lambda20,complex_000394,complex_000179,2,-6.38816
critic_lambda20,complex_000394,complex_000179,3,-8.21675
critic_lambda20,complex_000394,complex_000179,4,-9.63334
critic_lambda20,complex_000394,complex_000179,5,-9.78321
critic_lambda20,complex_000394,complex_000179,6,-8.76067
critic_lambda20,complex_000394,complex_000179,7,-11.09056
critic_lambda20,complex_000394,complex_000179,8,-8.48256
critic_lambda20,complex_000394,complex_000179,9,-6.33938
critic_lambda20,complex_000394,complex_000179,10,-8.24544
critic_lambda20,complex_000394,complex_000179,11,-6.07251
critic_lambda20,complex_000394,complex_000179,12,-5.61073
critic_lambda20,complex_000394,complex_000179,13,-8.84907
critic_lambda20,complex_000394,complex_000179,14,-5.26995
critic_lambda20,complex_000394,complex_000179,15,-8.32414
critic_lambda20,complex_000394,complex_000179,16,-8.16972
critic_lambda20,complex_000394,complex_000179,17,-5.55506
critic_lambda20,complex_000394,complex_000179,18,-8.44535
critic_lambda20,complex_000394,complex_000179,19,-7.77725
critic_lambda20,complex_000394,complex_000411,0,-9.09423
critic_lambda20,complex_000394,complex_000411,1,-8.95691
critic_lambda20,complex_000394,complex_000411,2,-6.52825
critic_lambda20,complex_000394,complex_000411,3,-7.4264
critic_lambda20,complex_000394,complex_000411,4,-8.70546
critic_lambda20,complex_000394,complex_000411,5,-8.75325
critic_lambda20,complex_000394,complex_000411,6,-8.31523
critic_lambda20,complex_000394,complex_000411,7,-9.80243
critic_lambda20,complex_000394,complex_000411,8,-7.71358
critic_lambda20,complex_000394,complex_000411,9,-6.15249
critic_lambda20,complex_000394,complex_000411,10,-7.84588
critic_lambda20,complex_000394,complex_000411,11,-6.14777
critic_lambda20,complex_000394,complex_000411,12,-5.3375
critic_lambda20,complex_000394,complex_000411,13,-7.86842
critic_lambda20,complex_000394,complex_000411,14,-5.31065
critic_lambda20,complex_000394,complex_000411,15,-7.34742
critic_lambda20,complex_000394,complex_000411,16,-6.98953
critic_lambda20,complex_000394,complex_000411,17,-5.62774
critic_lambda20,complex_000394,complex_000411,18,-8.64126
critic_lambda20,complex_000394,complex_000411,19,-7.86489
critic_lambda20,complex_000403,complex_000145,0,-4.26032
critic_lambda20,complex_000403,complex_000145,1,-4.77781
critic_lambda20,complex_000403,complex_000145,2,-4.02605
critic_lambda20,complex_000403,complex_000145,3,-4.05137
critic_lambda20,complex_000403,complex_000145,4,-6.1124
critic_lambda20,complex_000403,complex_000145,5,-6.22966
critic_lambda20,complex_000403,complex_000145,6,-3.97289
critic_lambda20,complex_000403,complex_000145,7,-3.69948
critic_lambda20,complex_000403,complex_000145,8,-5.54402
critic_lambda20,complex_000403,complex_000145,9,-5.09583
critic_lambda20,complex_000403,complex_000145,10,-4.72672
critic_lambda20,complex_000403,complex_000145,11,-4.04925
critic_lambda20,complex_000403,complex_000145,12,-5.82686
critic_lambda20,complex_000403,complex_000145,13,-6.70169
critic_lambda20,complex_000403,complex_000145,14,-4.92606
critic_lambda20,complex_000403,complex_000145,15,-5.50374
critic_lambda20,complex_000403,complex_000145,16,-4.39994
critic_lambda20,complex_000403,complex_000145,17,-6.78004
critic_lambda20,complex_000403,complex_000145,18,-5.8693
critic_lambda20,complex_000403,complex_000145,19,-6.81383
critic_lambda20,complex_000394,complex_000387,0,-10.17835
critic_lambda20,complex_000394,complex_000387,1,-10.15979
critic_lambda20,complex_000394,complex_000387,2,-7.25818
critic_lambda20,complex_000394,complex_000387,3,-8.21362
critic_lambda20,complex_000394,complex_000387,4,-10.05587
critic_lambda20,complex_000394,complex_000387,5,-9.8185
critic_lambda20,complex_000394,complex_000387,6,-8.11719
critic_lambda20,complex_000394,complex_000387,7,-10.76321
critic_lambda20,complex_000394,complex_000387,8,-8.3439
critic_lambda20,complex_000394,complex_000387,9,-6.63992
critic_lambda20,complex_000394,complex_000387,10,-7.18064
critic_lambda20,complex_000394,complex_000387,11,-6.65703
critic_lambda20,complex_000394,complex_000387,12,-6.05955
critic_lambda20,complex_000394,complex_000387,13,-8.25859
critic_lambda20,complex_000394,complex_000387,14,-6.03816
critic_lambda20,complex_000394,complex_000387,15,-8.63696
critic_lambda20,complex_000394,complex_000387,16,-8.25181
critic_lambda20,complex_000394,complex_000387,17,-6.38114
critic_lambda20,complex_000394,complex_000387,18,-8.07089
critic_lambda20,complex_000394,complex_000387,19,-8.39982
critic_lambda20,complex_000403,complex_000403,0,-5.81565
critic_lambda20,complex_000403,complex_000403,1,-6.20067
critic_lambda20,complex_000403,complex_000403,2,-5.28348
critic_lambda20,complex_000403,complex_000403,3,-5.32277
critic_lambda20,complex_000403,complex_000403,4,-8.17141
critic_lambda20,complex_000403,complex_000403,5,-8.24569
critic_lambda20,complex_000403,complex_000403,6,-5.21806
critic_lambda20,complex_000403,complex_000403,7,-5.01052
critic_lambda20,complex_000403,complex_000403,8,-7.01126
critic_lambda20,complex_000403,complex_000403,9,-7.02249
critic_lambda20,complex_000403,complex_000403,10,-6.38146
critic_lambda20,complex_000403,complex_000403,11,-5.60988
critic_lambda20,complex_000403,complex_000403,12,-7.16642
critic_lambda20,complex_000403,complex_000403,13,-8.13514
critic_lambda20,complex_000403,complex_000403,14,-6.33473
critic_lambda20,complex_000403,complex_000403,15,-7.72789
critic_lambda20,complex_000403,complex_000403,16,-5.71532
critic_lambda20,complex_000403,complex_000403,17,-8.772
critic_lambda20,complex_000403,complex_000403,18,-7.43462
critic_lambda20,complex_000403,complex_000403,19,-9.24291
critic_lambda20,complex_000403,complex_000382,0,-5.58696
critic_lambda20,complex_000403,complex_000382,1,-6.44177
critic_lambda20,complex_000403,complex_000382,2,-5.773
critic_lambda20,complex_000403,complex_000382,3,-5.65593
critic_lambda20,complex_000403,complex_000382,4,-8.41327
critic_lambda20,complex_000403,complex_000382,5,-8.52555
critic_lambda20,complex_000403,complex_000382,6,-5.76888
critic_lambda20,complex_000403,complex_000382,7,-5.23582
critic_lambda20,complex_000403,complex_000382,8,-7.66075
critic_lambda20,complex_000403,complex_000382,9,-7.00645
critic_lambda20,complex_000403,complex_000382,10,-6.96421
critic_lambda20,complex_000403,complex_000382,11,-5.86141
critic_lambda20,complex_000403,complex_000382,12,-7.86517
critic_lambda20,complex_000403,complex_000382,13,-9.75539
critic_lambda20,complex_000403,complex_000382,14,-6.53703
critic_lambda20,complex_000403,complex_000382,15,-8.65047
critic_lambda20,complex_000403,complex_000382,16,-6.65702
critic_lambda20,complex_000403,complex_000382,17,-11.02085
critic_lambda20,complex_000403,complex_000382,18,-8.10488
critic_lambda20,complex_000403,complex_000382,19,-11.11387
critic_lambda20,complex_000394,complex_000394,0,-9.76066
critic_lambda20,complex_000394,complex_000394,1,-9.11099
critic_lambda20,complex_000394,complex_000394,2,-6.56624
critic_lambda20,complex_000394,complex_000394,3,-7.20861
critic_lambda20,complex_000394,complex_000394,4,-9.31401
critic_lambda20,complex_000394,complex_000394,5,-8.18511
critic_lambda20,complex_000394,complex_000394,6,-7.6922
critic_lambda20,complex_000394,complex_000394,7,-10.09804
critic_lambda20,complex_000394,complex_000394,8,-9.15173
critic_lambda20,complex_000394,complex_000394,9,-6.34501
critic_lambda20,complex_000394,complex_000394,10,-7.767
critic_lambda20,complex_000394,complex_000394,11,-5.82869
critic_lambda20,complex_000394,complex_000394,12,-5.27604
critic_lambda20,complex_000394,complex_000394,13,-8.41637
critic_lambda20,complex_000394,complex_000394,14,-4.93077
critic_lambda20,complex_000394,complex_000394,15,-8.18542
critic_lambda20,complex_000394,complex_000394,16,-6.93489
critic_lambda20,complex_000394,complex_000394,17,-5.39741
critic_lambda20,complex_000394,complex_000394,18,-7.78626
critic_lambda20,complex_000394,complex_000394,19,-7.62946
critic_lambda20,complex_000403,complex_000394,0,-5.26004
critic_lambda20,complex_000403,complex_000394,1,-6.50966
critic_lambda20,complex_000403,complex_000394,2,-5.06665
critic_lambda20,complex_000403,complex_000394,3,-5.24974
critic_lambda20,complex_000403,complex_000394,4,-7.66733
critic_lambda20,complex_000403,complex_000394,5,-7.94262
critic_lambda20,complex_000403,complex_000394,6,-5.38895
critic_lambda20,complex_000403,complex_000394,7,-4.86665
critic_lambda20,complex_000403,complex_000394,8,-7.14745
critic_lambda20,complex_000403,complex_000394,9,-6.80675
critic_lambda20,complex_000403,complex_000394,10,-6.10488
critic_lambda20,complex_000403,complex_000394,11,-5.32422
critic_lambda20,complex_000403,complex_000394,12,-6.88319
critic_lambda20,complex_000403,complex_000394,13,-6.84631
critic_lambda20,complex_000403,complex_000394,14,-6.54908
critic_lambda20,complex_000403,complex_000394,15,-6.88665
critic_lambda20,complex_000403,complex_000394,16,-5.72879
critic_lambda20,complex_000403,complex_000394,17,-10.08248
critic_lambda20,complex_000403,complex_000394,18,-6.55793
critic_lambda20,complex_000403,complex_000394,19,-8.91306
critic_lambda20,complex_000411,complex_000411,0,-8.13764
critic_lambda20,complex_000411,complex_000411,1,-8.23422
critic_lambda20,complex_000411,complex_000411,2,-7.29194
critic_lambda20,complex_000411,complex_000411,3,-7.84934
critic_lambda20,complex_000411,complex_000411,4,-8.10897
critic_lambda20,complex_000411,complex_000411,5,-8.65882
critic_lambda20,complex_000411,complex_000411,6,-6.89198
critic_lambda20,complex_000411,complex_000411,7,-7.39303
critic_lambda20,complex_000411,complex_000411,8,-4.57782
critic_lambda20,complex_000411,complex_000411,9,-8.83628
critic_lambda20,complex_000411,complex_000411,10,-6.43006
critic_lambda20,complex_000411,complex_000411,11,-7.19849
critic_lambda20,complex_000411,complex_000411,12,-4.88917
critic_lambda20,complex_000411,complex_000411,13,-6.65546
critic_lambda20,complex_000411,complex_000411,14,-7.69841
critic_lambda20,complex_000411,complex_000411,15,-7.56036
critic_lambda20,complex_000411,complex_000411,16,-5.20381
critic_lambda20,complex_000411,complex_000411,17,-6.26594
critic_lambda20,complex_000411,complex_000411,18,-4.31231
critic_lambda20,complex_000411,complex_000411,19,-5.25946
critic_lambda20,complex_000411,complex_000063,0,-8.84882
critic_lambda20,complex_000411,complex_000063,1,-7.88001
critic_lambda20,complex_000411,complex_000063,2,-6.90518
critic_lambda20,complex_000411,complex_000063,3,-6.53875
critic_lambda20,complex_000411,complex_000063,4,-6.90201
critic_lambda20,complex_000411,complex_000063,5,-7.98413
critic_lambda20,complex_000411,complex_000063,6,-6.39161
critic_lambda20,complex_000411,complex_000063,7,-7.11552
critic_lambda20,complex_000411,complex_000063,8,-4.23122
critic_lambda20,complex_000411,complex_000063,9,-7.63577
critic_lambda20,complex_000411,complex_000063,10,-5.85937
critic_lambda20,complex_000411,complex_000063,11,-6.61589
critic_lambda20,complex_000411,complex_000063,12,-4.81857
critic_lambda20,complex_000411,complex_000063,13,-7.34391
critic_lambda20,complex_000411,complex_000063,14,-7.31535
critic_lambda20,complex_000411,complex_000063,15,-7.29246
critic_lambda20,complex_000411,complex_000063,16,-4.7899
critic_lambda20,complex_000411,complex_000063,17,-6.01157
critic_lambda20,complex_000411,complex_000063,18,-3.80939
critic_lambda20,complex_000411,complex_000063,19,-5.37604
critic_lambda20,complex_000411,complex_000112,0,-7.03117
critic_lambda20,complex_000411,complex_000112,1,-8.10183
critic_lambda20,complex_000411,complex_000112,2,-6.41651
critic_lambda20,complex_000411,complex_000112,3,-6.64887
critic_lambda20,complex_000411,complex_000112,4,-7.62164
critic_lambda20,complex_000411,complex_000112,5,-7.26148
critic_lambda20,complex_000411,complex_000112,6,-5.80524
critic_lambda20,complex_000411,complex_000112,7,-6.37896
critic_lambda20,complex_000411,complex_000112,8,-3.98789
critic_lambda20,complex_000411,complex_000112,9,-6.79116
critic_lambda20,complex_000411,complex_000112,10,-5.54409
critic_lambda20,complex_000411,complex_000112,11,-6.08598
critic_lambda20,complex_000411,complex_000112,12,-5.24187
critic_lambda20,complex_000411,complex_000112,13,-6.06304
critic_lambda20,complex_000411,complex_000112,14,-7.89866
critic_lambda20,complex_000411,complex_000112,15,-5.44814
critic_lambda20,complex_000411,complex_000112,16,-5.33381
critic_lambda20,complex_000411,complex_000112,17,-5.35209
critic_lambda20,complex_000411,complex_000112,18,-3.97
critic_lambda20,complex_000411,complex_000112,19,-5.50182
critic_lambda20,complex_000426,complex_000426,0,-7.94624
critic_lambda20,complex_000426,complex_000426,1,-5.18714
critic_lambda20,complex_000426,complex_000426,2,-7.81818
critic_lambda20,complex_000426,complex_000426,3,-5.85486
critic_lambda20,complex_000426,complex_000426,4,-7.78188
critic_lambda20,complex_000426,complex_000426,5,-5.53444
critic_lambda20,complex_000426,complex_000426,6,-9.22209
critic_lambda20,complex_000426,complex_000426,7,-6.13474
critic_lambda20,complex_000426,complex_000426,8,-8.60856
critic_lambda20,complex_000426,complex_000426,9,-4.96424
critic_lambda20,complex_000426,complex_000426,10,-7.27787
critic_lambda20,complex_000426,complex_000426,11,-7.97654
critic_lambda20,complex_000426,complex_000426,12,-8.01586
critic_lambda20,complex_000426,complex_000426,13,-9.01962
critic_lambda20,complex_000426,complex_000426,14,-7.74786
critic_lambda20,complex_000426,complex_000426,15,-7.24169
critic_lambda20,complex_000426,complex_000426,16,-7.99076
critic_lambda20,complex_000426,complex_000426,17,-5.6778
critic_lambda20,complex_000426,complex_000426,18,-8.87342
critic_lambda20,complex_000426,complex_000426,19,-8.26397
critic_lambda20,complex_000411,complex_000473,0,-7.25149
critic_lambda20,complex_000411,complex_000473,1,-6.80696
critic_lambda20,complex_000411,complex_000473,2,-6.61814
critic_lambda20,complex_000411,complex_000473,3,-6.41429
critic_lambda20,complex_000411,complex_000473,4,-6.51096
critic_lambda20,complex_000411,complex_000473,5,-6.837
critic_lambda20,complex_000411,complex_000473,6,-6.55297
critic_lambda20,complex_000411,complex_000473,7,-6.06201
critic_lambda20,complex_000411,complex_000473,8,-3.88076
critic_lambda20,complex_000411,complex_000473,9,-7.38466
critic_lambda20,complex_000411,complex_000473,10,-5.65345
critic_lambda20,complex_000411,complex_000473,11,-6.40313
critic_lambda20,complex_000411,complex_000473,12,-4.26498
critic_lambda20,complex_000411,complex_000473,13,-6.07887
critic_lambda20,complex_000411,complex_000473,14,-5.7769
critic_lambda20,complex_000411,complex_000473,15,-6.90189
critic_lambda20,complex_000411,complex_000473,16,-4.53771
critic_lambda20,complex_000411,complex_000473,17,-5.35062
critic_lambda20,complex_000411,complex_000473,18,-3.58981
critic_lambda20,complex_000411,complex_000473,19,-4.84276
critic_lambda20,complex_000400,complex_000236,0,-8.1229
critic_lambda20,complex_000400,complex_000236,1,-8.82916
critic_lambda20,complex_000400,complex_000236,2,-9.28724
critic_lambda20,complex_000400,complex_000236,3,-10.24106
critic_lambda20,complex_000400,complex_000236,4,-8.45836
critic_lambda20,complex_000400,complex_000236,5,-9.06792
critic_lambda20,complex_000400,complex_000236,6,-8.23927
critic_lambda20,complex_000400,complex_000236,7,-8.00388
critic_lambda20,complex_000400,complex_000236,8,-6.97369
critic_lambda20,complex_000400,complex_000236,9,-9.67212
critic_lambda20,complex_000400,complex_000236,10,-6.69262
critic_lambda20,complex_000400,complex_000236,11,-9.15026
critic_lambda20,complex_000400,complex_000236,12,-8.17683
critic_lambda20,complex_000400,complex_000236,13,-8.03281
critic_lambda20,complex_000400,complex_000236,14,-9.86441
critic_lambda20,complex_000400,complex_000236,15,-9.17671
critic_lambda20,complex_000400,complex_000236,16,-10.31656
critic_lambda20,complex_000400,complex_000236,17,-8.59076
critic_lambda20,complex_000400,complex_000236,18,-10.14364
critic_lambda20,complex_000400,complex_000236,19,-8.46283
critic_lambda20,complex_000400,complex_000400,0,-8.01975
critic_lambda20,complex_000400,complex_000400,1,-10.70243
critic_lambda20,complex_000400,complex_000400,2,-10.90757
critic_lambda20,complex_000400,complex_000400,3,-9.61906
critic_lambda20,complex_000400,complex_000400,4,-8.75116
critic_lambda20,complex_000400,complex_000400,5,-10.04203
critic_lambda20,complex_000400,complex_000400,6,-9.18847
critic_lambda20,complex_000400,complex_000400,7,-9.76271
critic_lambda20,complex_000400,complex_000400,8,-6.81432
critic_lambda20,complex_000400,complex_000400,9,-11.2588
critic_lambda20,complex_000400,complex_000400,10,-8.20943
critic_lambda20,complex_000400,complex_000400,11,-11.14377
critic_lambda20,complex_000400,complex_000400,12,-7.14674
critic_lambda20,complex_000400,complex_000400,13,-8.68585
critic_lambda20,complex_000400,complex_000400,14,-10.07162
critic_lambda20,complex_000400,complex_000400,15,-9.77619
critic_lambda20,complex_000400,complex_000400,16,-11.35077
critic_lambda20,complex_000400,complex_000400,17,-11.21799
critic_lambda20,complex_000400,complex_000400,18,-10.23809
critic_lambda20,complex_000400,complex_000400,19,-8.83226
critic_lambda20,complex_000426,complex_000477,0,-8.24939
critic_lambda20,complex_000426,complex_000477,1,-4.624
critic_lambda20,complex_000426,complex_000477,2,-6.67962
critic_lambda20,complex_000426,complex_000477,3,-5.38721
critic_lambda20,complex_000426,complex_000477,4,-6.17437
critic_lambda20,complex_000426,complex_000477,5,-5.22677
critic_lambda20,complex_000426,complex_000477,6,-8.6947
critic_lambda20,complex_000426,complex_000477,7,-5.5851
critic_lambda20,complex_000426,complex_000477,8,-8.4562
critic_lambda20,complex_000426,complex_000477,9,-5.63139
critic_lambda20,complex_000426,complex_000477,10,-6.73003
critic_lambda20,complex_000426,complex_000477,11,-7.40859
critic_lambda20,complex_000426,complex_000477,12,-6.54303
critic_lambda20,complex_000426,complex_000477,13,-8.14844
critic_lambda20,complex_000426,complex_000477,14,-6.95934
critic_lambda20,complex_000426,complex_000477,15,-6.36194
critic_lambda20,complex_000426,complex_000477,16,-7.13463
critic_lambda20,complex_000426,complex_000477,17,-6.32042
critic_lambda20,complex_000426,complex_000477,18,-8.67882
critic_lambda20,complex_000426,complex_000477,19,-7.72502
critic_lambda20,complex_000400,complex_000403,0,-7.83132
critic_lambda20,complex_000400,complex_000403,1,-8.97007
critic_lambda20,complex_000400,complex_000403,2,-8.13549
critic_lambda20,complex_000400,complex_000403,3,-9.71981
critic_lambda20,complex_000400,complex_000403,4,-7.58712
critic_lambda20,complex_000400,complex_000403,5,-9.32359
critic_lambda20,complex_000400,complex_000403,6,-8.04553
critic_lambda20,complex_000400,complex_000403,7,-8.03159
critic_lambda20,complex_000400,complex_000403,8,-6.32162
critic_lambda20,complex_000400,complex_000403,9,-7.95598
critic_lambda20,complex_000400,complex_000403,10,-7.15019
critic_lambda20,complex_000400,complex_000403,11,-9.81416
critic_lambda20,complex_000400,complex_000403,12,-7.33548
critic_lambda20,complex_000400,complex_000403,13,-8.60124
critic_lambda20,complex_000400,complex_000403,14,-8.57287
critic_lambda20,complex_000400,complex_000403,15,-9.27692
critic_lambda20,complex_000400,complex_000403,16,-9.37029
critic_lambda20,complex_000400,complex_000403,17,-8.63639
critic_lambda20,complex_000400,complex_000403,18,-11.07333
critic_lambda20,complex_000400,complex_000403,19,-8.37602
critic_lambda20,complex_000426,complex_000473,0,-7.11398
critic_lambda20,complex_000426,complex_000473,1,-4.79164
critic_lambda20,complex_000426,complex_000473,2,-6.71301
critic_lambda20,complex_000426,complex_000473,3,-5.09411
critic_lambda20,complex_000426,complex_000473,4,-6.44767
critic_lambda20,complex_000426,complex_000473,5,-5.03767
critic_lambda20,complex_000426,complex_000473,6,-8.48557
critic_lambda20,complex_000426,complex_000473,7,-5.57057
critic_lambda20,complex_000426,complex_000473,8,-7.58027
critic_lambda20,complex_000426,complex_000473,9,-4.96867
critic_lambda20,complex_000426,complex_000473,10,-6.4819
critic_lambda20,complex_000426,complex_000473,11,-6.57365
critic_lambda20,complex_000426,complex_000473,12,-6.79673
critic_lambda20,complex_000426,complex_000473,13,-8.02661
critic_lambda20,complex_000426,complex_000473,14,-6.22502
critic_lambda20,complex_000426,complex_000473,15,-6.46616
critic_lambda20,complex_000426,complex_000473,16,-7.43198
critic_lambda20,complex_000426,complex_000473,17,-5.62744
critic_lambda20,complex_000426,complex_000473,18,-7.59992
critic_lambda20,complex_000426,complex_000473,19,-6.77835
critic_lambda20,complex_000400,complex_000140,0,-8.05822
critic_lambda20,complex_000400,complex_000140,1,-9.89663
critic_lambda20,complex_000400,complex_000140,2,-9.59279
critic_lambda20,complex_000400,complex_000140,3,-8.51258
critic_lambda20,complex_000400,complex_000140,4,-8.09614
critic_lambda20,complex_000400,complex_000140,5,-10.79381
critic_lambda20,complex_000400,complex_000140,6,-9.30996
critic_lambda20,complex_000400,complex_000140,7,-8.3525
critic_lambda20,complex_000400,complex_000140,8,-6.41938
critic_lambda20,complex_000400,complex_000140,9,-9.22724
critic_lambda20,complex_000400,complex_000140,10,-7.53987
critic_lambda20,complex_000400,complex_000140,11,-10.63829
critic_lambda20,complex_000400,complex_000140,12,-9.12442
critic_lambda20,complex_000400,complex_000140,13,-9.19449
critic_lambda20,complex_000400,complex_000140,14,-9.34062
critic_lambda20,complex_000400,complex_000140,15,-9.22344
critic_lambda20,complex_000400,complex_000140,16,-9.87864
critic_lambda20,complex_000400,complex_000140,17,-10.92335
critic_lambda20,complex_000400,complex_000140,18,-12.3258
critic_lambda20,complex_000400,complex_000140,19,-9.23491
critic_lambda20,complex_000426,complex_000374,0,-8.85249
critic_lambda20,complex_000426,complex_000374,1,-5.35777
critic_lambda20,complex_000426,complex_000374,2,-8.38241
critic_lambda20,complex_000426,complex_000374,3,-5.25003
critic_lambda20,complex_000426,complex_000374,4,-8.26325
critic_lambda20,complex_000426,complex_000374,5,-6.41799
critic_lambda20,complex_000426,complex_000374,6,-10.73832
critic_lambda20,complex_000426,complex_000374,7,-6.36853
critic_lambda20,complex_000426,complex_000374,8,-9.03501
critic_lambda20,complex_000426,complex_000374,9,-5.42287
critic_lambda20,complex_000426,complex_000374,10,-8.25393
critic_lambda20,complex_000426,complex_000374,11,-8.27751
critic_lambda20,complex_000426,complex_000374,12,-7.99945
critic_lambda20,complex_000426,complex_000374,13,-9.05814
critic_lambda20,complex_000426,complex_000374,14,-7.33819
critic_lambda20,complex_000426,complex_000374,15,-7.64221
critic_lambda20,complex_000426,complex_000374,16,-6.36253
critic_lambda20,complex_000426,complex_000374,17,-5.42813
critic_lambda20,complex_000426,complex_000374,18,-10.52231
critic_lambda20,complex_000426,complex_000374,19,-8.58663
critic_lambda20,complex_000456,complex_000069,0,-6.0885
critic_lambda20,complex_000456,complex_000069,1,-6.38034
critic_lambda20,complex_000456,complex_000069,2,-9.0312
critic_lambda20,complex_000456,complex_000069,3,-5.76293
critic_lambda20,complex_000456,complex_000069,4,-10.12368
critic_lambda20,complex_000456,complex_000069,5,-7.34554
critic_lambda20,complex_000456,complex_000069,6,-7.90827
critic_lambda20,complex_000456,complex_000069,7,-7.82241
critic_lambda20,complex_000456,complex_000069,8,-7.39812
critic_lambda20,complex_000456,complex_000069,9,-8.18334
critic_lambda20,complex_000456,complex_000069,10,-7.20274
critic_lambda20,complex_000456,complex_000069,11,-7.37655
critic_lambda20,complex_000456,complex_000069,12,-6.06212
critic_lambda20,complex_000456,complex_000069,13,-9.88796
critic_lambda20,complex_000456,complex_000069,14,-7.0934
critic_lambda20,complex_000456,complex_000069,15,-8.37515
critic_lambda20,complex_000456,complex_000069,16,-9.19253
critic_lambda20,complex_000456,complex_000069,17,-8.01235
critic_lambda20,complex_000456,complex_000069,18,-9.42786
critic_lambda20,complex_000456,complex_000069,19,-8.68235
critic_lambda20,complex_000456,complex_000456,0,-5.61439
critic_lambda20,complex_000456,complex_000456,1,-7.06724
critic_lambda20,complex_000456,complex_000456,2,-8.62446
critic_lambda20,complex_000456,complex_000456,3,-5.85235
critic_lambda20,complex_000456,complex_000456,4,-9.93227
critic_lambda20,complex_000456,complex_000456,5,-6.83696
critic_lambda20,complex_000456,complex_000456,6,-7.18389
critic_lambda20,complex_000456,complex_000456,7,-6.60708
critic_lambda20,complex_000456,complex_000456,8,-8.17781
critic_lambda20,complex_000456,complex_000456,9,-7.56012
critic_lambda20,complex_000456,complex_000456,10,-6.17716
critic_lambda20,complex_000456,complex_000456,11,-7.31966
critic_lambda20,complex_000456,complex_000456,12,-5.80052
critic_lambda20,complex_000456,complex_000456,13,-9.18374
critic_lambda20,complex_000456,complex_000456,14,-6.21826
critic_lambda20,complex_000456,complex_000456,15,-7.39825
critic_lambda20,complex_000456,complex_000456,16,-8.79822
critic_lambda20,complex_000456,complex_000456,17,-7.85719
critic_lambda20,complex_000456,complex_000456,18,-8.53495
critic_lambda20,complex_000456,complex_000456,19,-8.32607
critic_lambda20,complex_000456,complex_000472,0,-5.76846
critic_lambda20,complex_000456,complex_000472,1,-6.44735
critic_lambda20,complex_000456,complex_000472,2,-9.86623
critic_lambda20,complex_000456,complex_000472,3,-6.03322
critic_lambda20,complex_000456,complex_000472,4,-9.44933
critic_lambda20,complex_000456,complex_000472,5,-7.45483
critic_lambda20,complex_000456,complex_000472,6,-7.90754
critic_lambda20,complex_000456,complex_000472,7,-8.19945
critic_lambda20,complex_000456,complex_000472,8,-8.25819
critic_lambda20,complex_000456,complex_000472,9,-8.21336
critic_lambda20,complex_000456,complex_000472,10,-7.26618
critic_lambda20,complex_000456,complex_000472,11,-7.96101
critic_lambda20,complex_000456,complex_000472,12,-6.34263
critic_lambda20,complex_000456,complex_000472,13,-11.23249
critic_lambda20,complex_000456,complex_000472,14,-7.80742
critic_lambda20,complex_000456,complex_000472,15,-8.3957
critic_lambda20,complex_000456,complex_000472,16,-9.94484
critic_lambda20,complex_000456,complex_000472,17,-8.41123
critic_lambda20,complex_000456,complex_000472,18,-9.74253
critic_lambda20,complex_000456,complex_000472,19,-8.77918
critic_lambda20,complex_000456,complex_000001,0,-5.01828
critic_lambda20,complex_000456,complex_000001,1,-5.44758
critic_lambda20,complex_000456,complex_000001,2,-8.35928
critic_lambda20,complex_000456,complex_000001,3,-5.38707
critic_lambda20,complex_000456,complex_000001,4,-9.52368
critic_lambda20,complex_000456,complex_000001,5,-6.99548
critic_lambda20,complex_000456,complex_000001,6,-6.9125
critic_lambda20,complex_000456,complex_000001,7,-7.37165
critic_lambda20,complex_000456,complex_000001,8,-6.69555
critic_lambda20,complex_000456,complex_000001,9,-7.3401
critic_lambda20,complex_000456,complex_000001,10,-6.33308
critic_lambda20,complex_000456,complex_000001,11,-7.86627
critic_lambda20,complex_000456,complex_000001,12,-5.59818
critic_lambda20,complex_000456,complex_000001,13,-8.99946
critic_lambda20,complex_000456,complex_000001,14,-6.24664
critic_lambda20,complex_000456,complex_000001,15,-7.71052
critic_lambda20,complex_000456,complex_000001,16,-8.20447
critic_lambda20,complex_000456,complex_000001,17,-7.13808
critic_lambda20,complex_000456,complex_000001,18,-8.0106
critic_lambda20,complex_000456,complex_000001,19,-8.64941
critic_lambda20,complex_000472,complex_000170,0,-8.63339
critic_lambda20,complex_000472,complex_000170,1,-5.24785
critic_lambda20,complex_000472,complex_000170,2,-0.35312
critic_lambda20,complex_000472,complex_000170,3,2.57439
critic_lambda20,complex_000472,complex_000170,4,-7.37373
critic_lambda20,complex_000472,complex_000170,5,-7.69057
critic_lambda20,complex_000472,complex_000170,6,-7.07091
critic_lambda20,complex_000472,complex_000170,7,-5.96755
critic_lambda20,complex_000472,complex_000170,8,-6.54411
critic_lambda20,complex_000472,complex_000170,9,-9.63426
critic_lambda20,complex_000472,complex_000170,10,-6.88459
critic_lambda20,complex_000472,complex_000170,11,-10.52839
critic_lambda20,complex_000472,complex_000170,12,7.93457
critic_lambda20,complex_000472,complex_000170,13,-7.63176
critic_lambda20,complex_000472,complex_000170,14,-7.63833
critic_lambda20,complex_000472,complex_000170,15,-9.33944
critic_lambda20,complex_000472,complex_000170,16,-6.56699
critic_lambda20,complex_000472,complex_000170,17,-6.666
critic_lambda20,complex_000472,complex_000170,18,-9.96485
critic_lambda20,complex_000472,complex_000170,19,-6.75397
critic_lambda20,complex_000472,complex_000472,0,-8.66512
critic_lambda20,complex_000472,complex_000472,1,-4.93697
critic_lambda20,complex_000472,complex_000472,2,-12.98664
critic_lambda20,complex_000472,complex_000472,3,-10.90434
critic_lambda20,complex_000472,complex_000472,4,-8.28828
critic_lambda20,complex_000472,complex_000472,5,-8.79405
critic_lambda20,complex_000472,complex_000472,6,-6.55789
critic_lambda20,complex_000472,complex_000472,7,-5.44411
critic_lambda20,complex_000472,complex_000472,8,-5.26154
critic_lambda20,complex_000472,complex_000472,9,-8.17104
critic_lambda20,complex_000472,complex_000472,10,-8.09886
critic_lambda20,complex_000472,complex_000472,11,-9.14756
critic_lambda20,complex_000472,complex_000472,12,-11.54155
critic_lambda20,complex_000472,complex_000472,13,-8.38771
critic_lambda20,complex_000472,complex_000472,14,-8.32261
critic_lambda20,complex_000472,complex_000472,15,-10.09748
critic_lambda20,complex_000472,complex_000472,16,-5.87586
critic_lambda20,complex_000472,complex_000472,17,-12.13598
critic_lambda20,complex_000472,complex_000472,18,-9.48438
critic_lambda20,complex_000472,complex_000472,19,-6.29249
critic_lambda20,complex_000477,complex_000477,0,-4.49164
critic_lambda20,complex_000477,complex_000477,1,-5.36228
critic_lambda20,complex_000477,complex_000477,2,-3.84105
critic_lambda20,complex_000477,complex_000477,3,-8.18639
critic_lambda20,complex_000477,complex_000477,4,-8.1827
critic_lambda20,complex_000477,complex_000477,5,-7.43045
critic_lambda20,complex_000477,complex_000477,6,-6.65395
critic_lambda20,complex_000477,complex_000477,7,-5.51601
critic_lambda20,complex_000477,complex_000477,8,-5.86833
critic_lambda20,complex_000477,complex_000477,9,-7.16048
critic_lambda20,complex_000477,complex_000477,10,-8.53581
critic_lambda20,complex_000477,complex_000477,11,-6.23983
critic_lambda20,complex_000477,complex_000477,12,-7.50382
critic_lambda20,complex_000477,complex_000477,13,-5.05594
critic_lambda20,complex_000477,complex_000477,14,-7.08647
critic_lambda20,complex_000477,complex_000477,15,-4.87732
critic_lambda20,complex_000477,complex_000477,16,-8.40792
critic_lambda20,complex_000477,complex_000477,17,-6.09528
critic_lambda20,complex_000477,complex_000477,18,-5.82607
critic_lambda20,complex_000477,complex_000477,19,-6.47691
critic_lambda20,complex_000473,complex_000473,0,-6.9894
critic_lambda20,complex_000473,complex_000473,1,-7.02088
critic_lambda20,complex_000473,complex_000473,2,-6.95044
critic_lambda20,complex_000473,complex_000473,3,-5.71709
critic_lambda20,complex_000473,complex_000473,4,-4.34955
critic_lambda20,complex_000473,complex_000473,5,-6.76804
critic_lambda20,complex_000473,complex_000473,6,-5.11161
critic_lambda20,complex_000473,complex_000473,7,-5.95736
critic_lambda20,complex_000473,complex_000473,8,-3.93673
critic_lambda20,complex_000473,complex_000473,9,-4.4666
critic_lambda20,complex_000473,complex_000473,10,-6.57859
critic_lambda20,complex_000473,complex_000473,11,-5.3489
critic_lambda20,complex_000473,complex_000473,12,-6.54646
critic_lambda20,complex_000473,complex_000473,13,-6.17965
critic_lambda20,complex_000473,complex_000473,14,-7.42147
critic_lambda20,complex_000473,complex_000473,15,-7.31384
critic_lambda20,complex_000473,complex_000473,16,-6.17412
critic_lambda20,complex_000473,complex_000473,17,-5.21851
critic_lambda20,complex_000473,complex_000473,18,-7.3495
critic_lambda20,complex_000473,complex_000473,19,-6.96607
critic_lambda20,complex_000477,complex_000140,0,-4.69007
critic_lambda20,complex_000477,complex_000140,1,-5.96373
critic_lambda20,complex_000477,complex_000140,2,-3.58174
critic_lambda20,complex_000477,complex_000140,3,-9.56359
critic_lambda20,complex_000477,complex_000140,4,-8.27352
critic_lambda20,complex_000477,complex_000140,5,-7.99719
critic_lambda20,complex_000477,complex_000140,6,-8.00318
critic_lambda20,complex_000477,complex_000140,7,-6.38917
critic_lambda20,complex_000477,complex_000140,8,-6.21693
critic_lambda20,complex_000477,complex_000140,9,-8.51108
critic_lambda20,complex_000477,complex_000140,10,-9.11411
critic_lambda20,complex_000477,complex_000140,11,-6.38959
critic_lambda20,complex_000477,complex_000140,12,-9.31679
critic_lambda20,complex_000477,complex_000140,13,-5.46956
critic_lambda20,complex_000477,complex_000140,14,-8.72866
critic_lambda20,complex_000477,complex_000140,15,-4.42545
critic_lambda20,complex_000477,complex_000140,16,-8.557
critic_lambda20,complex_000477,complex_000140,17,-7.12854
critic_lambda20,complex_000477,complex_000140,18,-6.50175
critic_lambda20,complex_000477,complex_000140,19,-8.01557
critic_lambda20,complex_000473,complex_000477,0,-6.95961
critic_lambda20,complex_000473,complex_000477,1,-7.034
critic_lambda20,complex_000473,complex_000477,2,-7.85952
critic_lambda20,complex_000473,complex_000477,3,-5.73759
critic_lambda20,complex_000473,complex_000477,4,-5.12751
critic_lambda20,complex_000473,complex_000477,5,-6.61141
critic_lambda20,complex_000473,complex_000477,6,-5.43413
critic_lambda20,complex_000473,complex_000477,7,-6.61401
critic_lambda20,complex_000473,complex_000477,8,-4.14658
critic_lambda20,complex_000473,complex_000477,9,-5.61148
critic_lambda20,complex_000473,complex_000477,10,-7.22331
critic_lambda20,complex_000473,complex_000477,11,-5.65804
critic_lambda20,complex_000473,complex_000477,12,-6.94286
critic_lambda20,complex_000473,complex_000477,13,-6.40553
critic_lambda20,complex_000473,complex_000477,14,-8.67518
critic_lambda20,complex_000473,complex_000477,15,-6.94199
critic_lambda20,complex_000473,complex_000477,16,-5.8344
critic_lambda20,complex_000473,complex_000477,17,-5.59205
critic_lambda20,complex_000473,complex_000477,18,-7.87094
critic_lambda20,complex_000473,complex_000477,19,-7.43201
critic_lambda20,complex_000473,complex_000472,0,-8.02386
critic_lambda20,complex_000473,complex_000472,1,-8.89396
critic_lambda20,complex_000473,complex_000472,2,-10.06656
critic_lambda20,complex_000473,complex_000472,3,-6.47303
critic_lambda20,complex_000473,complex_000472,4,-5.7787
critic_lambda20,complex_000473,complex_000472,5,-8.25003
critic_lambda20,complex_000473,complex_000472,6,-6.41154
critic_lambda20,complex_000473,complex_000472,7,-7.50622
critic_lambda20,complex_000473,complex_000472,8,-4.75857
critic_lambda20,complex_000473,complex_000472,9,-5.41276
critic_lambda20,complex_000473,complex_000472,10,-8.56521
critic_lambda20,complex_000473,complex_000472,11,-6.3176
critic_lambda20,complex_000473,complex_000472,12,-8.44634
critic_lambda20,complex_000473,complex_000472,13,-7.21597
critic_lambda20,complex_000473,complex_000472,14,-9.74179
critic_lambda20,complex_000473,complex_000472,15,-8.57929
critic_lambda20,complex_000473,complex_000472,16,-7.66181
critic_lambda20,complex_000473,complex_000472,17,-6.40261
critic_lambda20,complex_000473,complex_000472,18,-9.83237
critic_lambda20,complex_000473,complex_000472,19,-9.37773
critic_lambda20,complex_000477,complex_000223,0,-4.63878
critic_lambda20,complex_000477,complex_000223,1,-4.14427
critic_lambda20,complex_000477,complex_000223,2,-3.49373
critic_lambda20,complex_000477,complex_000223,3,-6.6642
critic_lambda20,complex_000477,complex_000223,4,-5.70984
critic_lambda20,complex_000477,complex_000223,5,-5.68398
critic_lambda20,complex_000477,complex_000223,6,-5.29534
critic_lambda20,complex_000477,complex_000223,7,-4.8734
critic_lambda20,complex_000477,complex_000223,8,-4.73244
critic_lambda20,complex_000477,complex_000223,9,-5.84043
critic_lambda20,complex_000477,complex_000223,10,-5.79457
critic_lambda20,complex_000477,complex_000223,11,-4.86144
critic_lambda20,complex_000477,complex_000223,12,-5.62319
critic_lambda20,complex_000477,complex_000223,13,-4.16776
critic_lambda20,complex_000477,complex_000223,14,-5.87725
critic_lambda20,complex_000477,complex_000223,15,-4.18562
critic_lambda20,complex_000477,complex_000223,16,-5.68749
critic_lambda20,complex_000477,complex_000223,17,-5.45858
critic_lambda20,complex_000477,complex_000223,18,-5.59598
critic_lambda20,complex_000477,complex_000223,19,-5.6598
critic_lambda20,complex_000472,complex_000506,0,-6.26704
critic_lambda20,complex_000472,complex_000506,1,-5.0526
critic_lambda20,complex_000472,complex_000506,2,-7.44576
critic_lambda20,complex_000472,complex_000506,3,-7.09643
critic_lambda20,complex_000472,complex_000506,4,-4.91244
critic_lambda20,complex_000472,complex_000506,5,-6.96765
critic_lambda20,complex_000472,complex_000506,6,-4.71193
critic_lambda20,complex_000472,complex_000506,7,-4.89524
critic_lambda20,complex_000472,complex_000506,8,-4.92018
critic_lambda20,complex_000472,complex_000506,9,-6.6377
critic_lambda20,complex_000472,complex_000506,10,-6.41426
critic_lambda20,complex_000472,complex_000506,11,-6.81803
critic_lambda20,complex_000472,complex_000506,12,-7.53502
critic_lambda20,complex_000472,complex_000506,13,-5.79943
critic_lambda20,complex_000472,complex_000506,14,-5.85551
critic_lambda20,complex_000472,complex_000506,15,-6.7228
critic_lambda20,complex_000472,complex_000506,16,-5.04727
critic_lambda20,complex_000472,complex_000506,17,-7.19371
critic_lambda20,complex_000472,complex_000506,18,-7.0028
critic_lambda20,complex_000472,complex_000506,19,-6.8794
critic_lambda20,complex_000472,complex_000400,0,-8.48035
critic_lambda20,complex_000472,complex_000400,1,-5.29968
critic_lambda20,complex_000472,complex_000400,2,-12.37841
critic_lambda20,complex_000472,complex_000400,3,-10.91248
critic_lambda20,complex_000472,complex_000400,4,-7.78684
critic_lambda20,complex_000472,complex_000400,5,-9.54919
critic_lambda20,complex_000472,complex_000400,6,-7.02963
critic_lambda20,complex_000472,complex_000400,7,-5.968
critic_lambda20,complex_000472,complex_000400,8,-5.40193
critic_lambda20,complex_000472,complex_000400,9,-8.44794
critic_lambda20,complex_000472,complex_000400,10,-8.59826
critic_lambda20,complex_000472,complex_000400,11,-9.23538
critic_lambda20,complex_000472,complex_000400,12,-10.18944
critic_lambda20,complex_000472,complex_000400,13,-9.09156
critic_lambda20,complex_000472,complex_000400,14,-7.74576
critic_lambda20,complex_000472,complex_000400,15,-9.52005
critic_lambda20,complex_000472,complex_000400,16,-5.78554
critic_lambda20,complex_000472,complex_000400,17,-12.23334
critic_lambda20,complex_000472,complex_000400,18,-9.81146
critic_lambda20,complex_000472,complex_000400,19,-6.33457
critic_lambda20,complex_000473,complex_000170,0,-7.56778
critic_lambda20,complex_000473,complex_000170,1,-9.04947
critic_lambda20,complex_000473,complex_000170,2,-5.46756
critic_lambda20,complex_000473,complex_000170,3,-7.03225
critic_lambda20,complex_000473,complex_000170,4,-5.93822
critic_lambda20,complex_000473,complex_000170,5,-9.2764
critic_lambda20,complex_000473,complex_000170,6,-5.94861
critic_lambda20,complex_000473,complex_000170,7,-7.75677
critic_lambda20,complex_000473,complex_000170,8,-5.20704
critic_lambda20,complex_000473,complex_000170,9,-5.33926
critic_lambda20,complex_000473,complex_000170,10,-8.16427
critic_lambda20,complex_000473,complex_000170,11,-7.02149
critic_lambda20,complex_000473,complex_000170,12,-9.11543
critic_lambda20,complex_000473,complex_000170,13,-8.40877
critic_lambda20,complex_000473,complex_000170,14,-6.24011
critic_lambda20,complex_000473,complex_000170,15,-8.95349
critic_lambda20,complex_000473,complex_000170,16,-8.18924
critic_lambda20,complex_000473,complex_000170,17,-7.00425
critic_lambda20,complex_000473,complex_000170,18,0.34873
critic_lambda20,complex_000473,complex_000170,19,-3.25917
critic_lambda20,complex_000477,complex_000165,0,-6.5698
critic_lambda20,complex_000477,complex_000165,1,-5.64421
critic_lambda20,complex_000477,complex_000165,2,-4.71688
critic_lambda20,complex_000477,complex_000165,3,-4.73898
critic_lambda20,complex_000477,complex_000165,4,-8.00021
critic_lambda20,complex_000477,complex_000165,5,-3.56361
critic_lambda20,complex_000477,complex_000165,6,-6.33983
critic_lambda20,complex_000477,complex_000165,7,-6.52471
critic_lambda20,complex_000477,complex_000165,8,-7.45895
critic_lambda20,complex_000477,complex_000165,9,-5.03659
critic_lambda20,complex_000477,complex_000165,10,-6.56142
critic_lambda20,complex_000477,complex_000165,11,-7.04112
critic_lambda20,complex_000477,complex_000165,12,-4.52005
critic_lambda20,complex_000477,complex_000165,13,-6.3243
critic_lambda20,complex_000477,complex_000165,14,-6.62376
critic_lambda20,complex_000477,complex_000165,15,-6.94588
critic_lambda20,complex_000477,complex_000165,16,-6.27749
critic_lambda20,complex_000477,complex_000165,17,-5.14073
critic_lambda20,complex_000477,complex_000165,18,-7.14666
critic_lambda20,complex_000477,complex_000165,19,-5.72786
critic_lambda20,complex_000506,complex_000069,0,-8.42025
critic_lambda20,complex_000506,complex_000069,1,-7.77837
critic_lambda20,complex_000506,complex_000069,2,-7.14174
critic_lambda20,complex_000506,complex_000069,3,-8.72342
critic_lambda20,complex_000506,complex_000069,4,-8.74935
critic_lambda20,complex_000506,complex_000069,5,-5.42323
critic_lambda20,complex_000506,complex_000069,6,-6.95318
critic_lambda20,complex_000506,complex_000069,7,-6.91916
critic_lambda20,complex_000506,complex_000069,8,-4.93946
critic_lambda20,complex_000506,complex_000069,9,-9.46203
critic_lambda20,complex_000506,complex_000069,10,-6.03268
critic_lambda20,complex_000506,complex_000069,11,-6.17036
critic_lambda20,complex_000506,complex_000069,12,-6.79149
critic_lambda20,complex_000506,complex_000069,13,-8.76342
critic_lambda20,complex_000506,complex_000069,14,-5.59274
critic_lambda20,complex_000506,complex_000069,15,-5.01919
critic_lambda20,complex_000506,complex_000069,16,-8.45478
critic_lambda20,complex_000506,complex_000069,17,-5.25071
critic_lambda20,complex_000506,complex_000069,18,-7.6784
critic_lambda20,complex_000506,complex_000069,19,-6.51479
critic_lambda20,complex_000506,complex_000506,0,-6.66298
critic_lambda20,complex_000506,complex_000506,1,-5.34361
critic_lambda20,complex_000506,complex_000506,2,-7.20247
critic_lambda20,complex_000506,complex_000506,3,-5.98451
critic_lambda20,complex_000506,complex_000506,4,-6.52749
critic_lambda20,complex_000506,complex_000506,5,-4.01286
critic_lambda20,complex_000506,complex_000506,6,-5.821
critic_lambda20,complex_000506,complex_000506,7,-5.33675
critic_lambda20,complex_000506,complex_000506,8,-5.99168
critic_lambda20,complex_000506,complex_000506,9,-7.89003
critic_lambda20,complex_000506,complex_000506,10,-5.90571
critic_lambda20,complex_000506,complex_000506,11,-5.38669
critic_lambda20,complex_000506,complex_000506,12,-7.48737
critic_lambda20,complex_000506,complex_000506,13,-7.97969
critic_lambda20,complex_000506,complex_000506,14,-4.8381
critic_lambda20,complex_000506,complex_000506,15,-5.87481
critic_lambda20,complex_000506,complex_000506,16,-8.71953
critic_lambda20,complex_000506,complex_000506,17,-5.90491
critic_lambda20,complex_000506,complex_000506,18,-5.95521
critic_lambda20,complex_000506,complex_000506,19,-6.09957
critic_lambda20,complex_000506,complex_000473,0,-6.52122
critic_lambda20,complex_000506,complex_000473,1,-6.78945
critic_lambda20,complex_000506,complex_000473,2,-5.86853
critic_lambda20,complex_000506,complex_000473,3,-6.69292
critic_lambda20,complex_000506,complex_000473,4,-6.96869
critic_lambda20,complex_000506,complex_000473,5,-4.53671
critic_lambda20,complex_000506,complex_000473,6,-5.94408
critic_lambda20,complex_000506,complex_000473,7,-5.63517
critic_lambda20,complex_000506,complex_000473,8,-4.76233
critic_lambda20,complex_000506,complex_000473,9,-7.69701
critic_lambda20,complex_000506,complex_000473,10,-4.87489
critic_lambda20,complex_000506,complex_000473,11,-5.17432
critic_lambda20,complex_000506,complex_000473,12,-5.61818
critic_lambda20,complex_000506,complex_000473,13,-7.67678
critic_lambda20,complex_000506,complex_000473,14,-4.83764
critic_lambda20,complex_000506,complex_000473,15,-4.20905
critic_lambda20,complex_000506,complex_000473,16,-6.3408
critic_lambda20,complex_000506,complex_000473,17,-4.36425
critic_lambda20,complex_000506,complex_000473,18,-6.4866
critic_lambda20,complex_000506,complex_000473,19,-5.22884
critic_lambda20,complex_000506,complex_000394,0,-7.60688
critic_lambda20,complex_000506,complex_000394,1,-6.70585
critic_lambda20,complex_000506,complex_000394,2,-7.12696
critic_lambda20,complex_000506,complex_000394,3,-7.59997
critic_lambda20,complex_000506,complex_000394,4,-5.96944
critic_lambda20,complex_000506,complex_000394,5,-5.32276
critic_lambda20,complex_000506,complex_000394,6,-6.62941
critic_lambda20,complex_000506,complex_000394,7,-6.55741
critic_lambda20,complex_000506,complex_000394,8,-5.09982
critic_lambda20,complex_000506,complex_000394,9,-7.52033
critic_lambda20,complex_000506,complex_000394,10,-6.13173
critic_lambda20,complex_000506,complex_000394,11,-5.94603
critic_lambda20,complex_000506,complex_000394,12,-6.98774
critic_lambda20,complex_000506,complex_000394,13,-7.68379
critic_lambda20,complex_000506,complex_000394,14,-5.71704
critic_lambda20,complex_000506,complex_000394,15,-5.39972
critic_lambda20,complex_000506,complex_000394,16,-7.57667
critic_lambda20,complex_000506,complex_000394,17,-5.04431
critic_lambda20,complex_000506,complex_000394,18,-7.11667
critic_lambda20,complex_000506,complex_000394,19,-6.32978
critic_lambda20,complex_000535,complex_000179,0,-5.50243
critic_lambda20,complex_000535,complex_000179,1,-8.33701
critic_lambda20,complex_000535,complex_000179,2,-8.25665
critic_lambda20,complex_000535,complex_000179,3,-9.25091
critic_lambda20,complex_000535,complex_000179,4,-9.19802
critic_lambda20,complex_000535,complex_000179,5,-7.85541
critic_lambda20,complex_000535,complex_000179,6,-9.127
critic_lambda20,complex_000535,complex_000179,7,-5.96295
critic_lambda20,complex_000535,complex_000179,8,-8.0648
critic_lambda20,complex_000535,complex_000179,9,-7.64943
critic_lambda20,complex_000535,complex_000179,10,-10.30232
critic_lambda20,complex_000535,complex_000179,11,-5.15912
critic_lambda20,complex_000535,complex_000179,12,-7.88243
critic_lambda20,complex_000535,complex_000179,13,-6.23561
critic_lambda20,complex_000535,complex_000179,14,-8.12789
critic_lambda20,complex_000535,complex_000179,15,-8.29352
critic_lambda20,complex_000535,complex_000179,16,-9.3852
critic_lambda20,complex_000535,complex_000179,17,-7.96561
critic_lambda20,complex_000535,complex_000179,18,-7.80221
critic_lambda20,complex_000535,complex_000179,19,-8.56195
critic_lambda20,complex_000535,complex_000535,0,-5.5497
critic_lambda20,complex_000535,complex_000535,1,-8.24335
critic_lambda20,complex_000535,complex_000535,2,-6.4686
critic_lambda20,complex_000535,complex_000535,3,-6.94211
critic_lambda20,complex_000535,complex_000535,4,-8.3336
critic_lambda20,complex_000535,complex_000535,5,-7.90709
critic_lambda20,complex_000535,complex_000535,6,-7.80262
critic_lambda20,complex_000535,complex_000535,7,-6.9378
critic_lambda20,complex_000535,complex_000535,8,-7.45541
critic_lambda20,complex_000535,complex_000535,9,-7.93713
critic_lambda20,complex_000535,complex_000535,10,-9.24801
critic_lambda20,complex_000535,complex_000535,11,-5.29908
critic_lambda20,complex_000535,complex_000535,12,-8.22154
critic_lambda20,complex_000535,complex_000535,13,-6.99444
critic_lambda20,complex_000535,complex_000535,14,-7.51082
critic_lambda20,complex_000535,complex_000535,15,-8.05806
critic_lambda20,complex_000535,complex_000535,16,-7.52642
critic_lambda20,complex_000535,complex_000535,17,-7.32312
critic_lambda20,complex_000535,complex_000535,18,-7.12106
critic_lambda20,complex_000535,complex_000535,19,-8.50063
critic_lambda20,complex_000535,complex_000374,0,-4.53613
critic_lambda20,complex_000535,complex_000374,1,-7.94472
critic_lambda20,complex_000535,complex_000374,2,-7.30546
critic_lambda20,complex_000535,complex_000374,3,-8.0813
critic_lambda20,complex_000535,complex_000374,4,-8.62553
critic_lambda20,complex_000535,complex_000374,5,-7.50741
critic_lambda20,complex_000535,complex_000374,6,-9.64718
critic_lambda20,complex_000535,complex_000374,7,-5.80231
critic_lambda20,complex_000535,complex_000374,8,-8.01633
critic_lambda20,complex_000535,complex_000374,9,-8.10344
critic_lambda20,complex_000535,complex_000374,10,-7.66964
critic_lambda20,complex_000535,complex_000374,11,-4.39337
critic_lambda20,complex_000535,complex_000374,12,-8.16091
critic_lambda20,complex_000535,complex_000374,13,-6.22748
critic_lambda20,complex_000535,complex_000374,14,-8.06012
critic_lambda20,complex_000535,complex_000374,15,-9.11097
critic_lambda20,complex_000535,complex_000374,16,-6.89273
critic_lambda20,complex_000535,complex_000374,17,-7.9489
critic_lambda20,complex_000535,complex_000374,18,-7.2237
critic_lambda20,complex_000535,complex_000374,19,-8.64786
critic_lambda20,complex_000535,complex_000266,0,-5.13037
critic_lambda20,complex_000535,complex_000266,1,-7.73696
critic_lambda20,complex_000535,complex_000266,2,-6.77801
critic_lambda20,complex_000535,complex_000266,3,-8.706
critic_lambda20,complex_000535,complex_000266,4,-8.07305
critic_lambda20,complex_000535,complex_000266,5,-8.07763
critic_lambda20,complex_000535,complex_000266,6,-7.84063
critic_lambda20,complex_000535,complex_000266,7,-5.52116
critic_lambda20,complex_000535,complex_000266,8,-7.58099
critic_lambda20,complex_000535,complex_000266,9,-7.81573
critic_lambda20,complex_000535,complex_000266,10,-7.9885
critic_lambda20,complex_000535,complex_000266,11,-4.2448
critic_lambda20,complex_000535,complex_000266,12,-7.04989
critic_lambda20,complex_000535,complex_000266,13,-5.65811
critic_lambda20,complex_000535,complex_000266,14,-7.5706
critic_lambda20,complex_000535,complex_000266,15,-8.03478
critic_lambda20,complex_000535,complex_000266,16,-7.60395
critic_lambda20,complex_000535,complex_000266,17,-7.13562
critic_lambda20,complex_000535,complex_000266,18,-7.51393
critic_lambda20,complex_000535,complex_000266,19,-7.34255
critic_lambda20,complex_000540,complex_000472,0,-8.94004
critic_lambda20,complex_000540,complex_000472,1,-8.69943
critic_lambda20,complex_000540,complex_000472,2,-7.17722
critic_lambda20,complex_000540,complex_000472,3,-9.45945
critic_lambda20,complex_000540,complex_000472,4,-8.37917
critic_lambda20,complex_000540,complex_000472,5,-6.66243
critic_lambda20,complex_000540,complex_000472,6,-6.3521
critic_lambda20,complex_000540,complex_000472,7,-8.62749
critic_lambda20,complex_000540,complex_000472,8,-6.46037
critic_lambda20,complex_000540,complex_000472,9,-10.2158
critic_lambda20,complex_000540,complex_000472,10,-9.597
critic_lambda20,complex_000540,complex_000472,11,-7.27661
critic_lambda20,complex_000540,complex_000472,12,-8.51088
critic_lambda20,complex_000540,complex_000472,13,-8.67211
critic_lambda20,complex_000540,complex_000472,14,-7.45852
critic_lambda20,complex_000540,complex_000472,15,-11.03073
critic_lambda20,complex_000540,complex_000472,16,-6.33454
critic_lambda20,complex_000540,complex_000472,17,-8.40732
critic_lambda20,complex_000540,complex_000472,18,-9.40059
critic_lambda20,complex_000540,complex_000472,19,-8.48491
critic_lambda20,complex_000540,complex_000540,0,-8.09901
critic_lambda20,complex_000540,complex_000540,1,-7.76072
critic_lambda20,complex_000540,complex_000540,2,-5.9975
critic_lambda20,complex_000540,complex_000540,3,-9.68294
critic_lambda20,complex_000540,complex_000540,4,-7.72543
critic_lambda20,complex_000540,complex_000540,5,-6.06211
critic_lambda20,complex_000540,complex_000540,6,-5.38605
critic_lambda20,complex_000540,complex_000540,7,-8.52672
critic_lambda20,complex_000540,complex_000540,8,-5.86027
critic_lambda20,complex_000540,complex_000540,9,-8.68784
critic_lambda20,complex_000540,complex_000540,10,-8.85111
critic_lambda20,complex_000540,complex_000540,11,-6.60688
critic_lambda20,complex_000540,complex_000540,12,-7.65668
critic_lambda20,complex_000540,complex_000540,13,-8.06861
critic_lambda20,complex_000540,complex_000540,14,-7.14535
critic_lambda20,complex_000540,complex_000540,15,-9.44693
critic_lambda20,complex_000540,complex_000540,16,-5.63069
critic_lambda20,complex_000540,complex_000540,17,-7.98246
critic_lambda20,complex_000540,complex_000540,18,-8.79226
critic_lambda20,complex_000540,complex_000540,19,-8.44748
critic_lambda20,complex_000540,complex_000376,0,-8.15673
critic_lambda20,complex_000540,complex_000376,1,-8.92724
critic_lambda20,complex_000540,complex_000376,2,-6.28366
critic_lambda20,complex_000540,complex_000376,3,-9.78397
critic_lambda20,complex_000540,complex_000376,4,-8.18664
critic_lambda20,complex_000540,complex_000376,5,-6.71798
critic_lambda20,complex_000540,complex_000376,6,-6.27656
critic_lambda20,complex_000540,complex_000376,7,-8.77591
critic_lambda20,complex_000540,complex_000376,8,-6.3675
critic_lambda20,complex_000540,complex_000376,9,-8.81693
critic_lambda20,complex_000540,complex_000376,10,-9.32841
critic_lambda20,complex_000540,complex_000376,11,-7.0832
critic_lambda20,complex_000540,complex_000376,12,-8.24573
critic_lambda20,complex_000540,complex_000376,13,-8.31282
critic_lambda20,complex_000540,complex_000376,14,-7.65416
critic_lambda20,complex_000540,complex_000376,15,-11.55722
critic_lambda20,complex_000540,complex_000376,16,-5.92725
critic_lambda20,complex_000540,complex_000376,17,-8.30419
critic_lambda20,complex_000540,complex_000376,18,-8.20915
critic_lambda20,complex_000540,complex_000376,19,-8.93562
critic_lambda20,complex_000540,complex_000026,0,-7.26151
critic_lambda20,complex_000540,complex_000026,1,-8.12377
critic_lambda20,complex_000540,complex_000026,2,-6.18752
critic_lambda20,complex_000540,complex_000026,3,-7.83897
critic_lambda20,complex_000540,complex_000026,4,-7.70252
critic_lambda20,complex_000540,complex_000026,5,-6.47287
critic_lambda20,complex_000540,complex_000026,6,-6.06269
critic_lambda20,complex_000540,complex_000026,7,-7.67502
critic_lambda20,complex_000540,complex_000026,8,-5.95335
critic_lambda20,complex_000540,complex_000026,9,-8.5285
critic_lambda20,complex_000540,complex_000026,10,-8.57572
critic_lambda20,complex_000540,complex_000026,11,-6.95966
critic_lambda20,complex_000540,complex_000026,12,-7.65744
critic_lambda20,complex_000540,complex_000026,13,-7.19599
critic_lambda20,complex_000540,complex_000026,14,-7.11852
critic_lambda20,complex_000540,complex_000026,15,-10.10069
critic_lambda20,complex_000540,complex_000026,16,-5.89908
critic_lambda20,complex_000540,complex_000026,17,-7.99178
critic_lambda20,complex_000540,complex_000026,18,-7.6618
critic_lambda20,complex_000540,complex_000026,19,-8.03508
control_r0,complex_000051,complex_000473,0,-6.36689
control_r0,complex_000051,complex_000473,1,-5.55969
control_r0,complex_000051,complex_000473,2,-6.05946
control_r0,complex_000051,complex_000473,3,-6.28471
control_r0,complex_000051,complex_000473,4,-6.13665
control_r0,complex_000051,complex_000473,5,-8.33526
control_r0,complex_000051,complex_000473,6,-6.14993
control_r0,complex_000051,complex_000473,7,-5.85481
control_r0,complex_000051,complex_000473,8,-7.67315
control_r0,complex_000051,complex_000473,9,-5.82925
control_r0,complex_000051,complex_000473,10,-9.04798
control_r0,complex_000051,complex_000473,11,-6.42226
control_r0,complex_000051,complex_000473,12,-5.69349
control_r0,complex_000051,complex_000473,13,-6.53002
control_r0,complex_000051,complex_000473,14,-5.35021
control_r0,complex_000051,complex_000473,15,-8.46755
control_r0,complex_000051,complex_000473,16,-7.40518
control_r0,complex_000051,complex_000473,17,-7.12424
control_r0,complex_000051,complex_000473,18,-5.12206
control_r0,complex_000051,complex_000473,19,-6.41599
control_r0,complex_000051,complex_000363,0,-9.38976
control_r0,complex_000051,complex_000363,1,-6.81886
control_r0,complex_000051,complex_000363,2,-7.44144
control_r0,complex_000051,complex_000363,3,-9.89564
control_r0,complex_000051,complex_000363,4,-7.26353
control_r0,complex_000051,complex_000363,5,-9.87188
control_r0,complex_000051,complex_000363,6,-7.6791
control_r0,complex_000051,complex_000363,7,-7.38239
control_r0,complex_000051,complex_000363,8,-9.93058
control_r0,complex_000051,complex_000363,9,-7.52468
control_r0,complex_000051,complex_000363,10,-10.24422
control_r0,complex_000051,complex_000363,11,-8.18949
control_r0,complex_000051,complex_000363,12,-7.39752
control_r0,complex_000051,complex_000363,13,-8.65844
control_r0,complex_000051,complex_000363,14,-6.76714
control_r0,complex_000051,complex_000363,15,-10.68054
control_r0,complex_000051,complex_000363,16,-9.50091
control_r0,complex_000051,complex_000363,17,-10.4123
control_r0,complex_000051,complex_000363,18,-6.07318
control_r0,complex_000051,complex_000363,19,-8.56614
control_r0,complex_000051,complex_000266,0,-7.86963
control_r0,complex_000051,complex_000266,1,-6.07101
control_r0,complex_000051,complex_000266,2,-7.54144
control_r0,complex_000051,complex_000266,3,-7.77251
control_r0,complex_000051,complex_000266,4,-6.78218
control_r0,complex_000051,complex_000266,5,-10.84857
control_r0,complex_000051,complex_000266,6,-6.95955
control_r0,complex_000051,complex_000266,7,-6.3041
control_r0,complex_000051,complex_000266,8,-9.14036
control_r0,complex_000051,complex_000266,9,-6.20293
control_r0,complex_000051,complex_000266,10,-10.466
control_r0,complex_000051,complex_000266,11,-8.36223
control_r0,complex_000051,complex_000266,12,-7.09381
control_r0,complex_000051,complex_000266,13,-6.94861
control_r0,complex_000051,complex_000266,14,-5.99309
control_r0,complex_000051,complex_000266,15,-10.23102
control_r0,complex_000051,complex_000266,16,-9.18565
control_r0,complex_000051,complex_000266,17,-9.70438
control_r0,complex_000051,complex_000266,18,-5.34355
control_r0,complex_000051,complex_000266,19,-7.25773
control_r0,complex_000051,complex_000051,0,-7.81205
control_r0,complex_000051,complex_000051,1,-5.94988
control_r0,complex_000051,complex_000051,2,-6.41402
control_r0,complex_000051,complex_000051,3,-8.21579
control_r0,complex_000051,complex_000051,4,-6.35621
control_r0,complex_000051,complex_000051,5,-8.58847
control_r0,complex_000051,complex_000051,6,-7.02059
control_r0,complex_000051,complex_000051,7,-6.48191
control_r0,complex_000051,complex_000051,8,-9.62839
control_r0,complex_000051,complex_000051,9,-6.75124
control_r0,complex_000051,complex_000051,10,-10.46637
control_r0,complex_000051,complex_000051,11,-7.40468
control_r0,complex_000051,complex_000051,12,-6.62585
control_r0,complex_000051,complex_000051,13,-7.4841
control_r0,complex_000051,complex_000051,14,-5.33871
control_r0,complex_000051,complex_000051,15,-9.92359
control_r0,complex_000051,complex_000051,16,-8.45548
control_r0,complex_000051,complex_000051,17,-9.21284
control_r0,complex_000051,complex_000051,18,-5.35356
control_r0,complex_000051,complex_000051,19,-7.74565
control_r0,complex_000026,complex_000063,0,-7.68187
control_r0,complex_000026,complex_000063,1,-7.66982
control_r0,complex_000026,complex_000063,2,-7.73817
control_r0,complex_000026,complex_000063,3,-8.25958
control_r0,complex_000026,complex_000063,4,-7.3419
control_r0,complex_000026,complex_000063,5,-7.26045
control_r0,complex_000026,complex_000063,6,-8.81052
control_r0,complex_000026,complex_000063,7,-7.23261
control_r0,complex_000026,complex_000063,8,-7.60285
control_r0,complex_000026,complex_000063,9,-6.79383
control_r0,complex_000026,complex_000063,10,-5.9298
control_r0,complex_000026,complex_000063,11,-7.35574
control_r0,complex_000026,complex_000063,12,-7.68376
control_r0,complex_000026,complex_000063,13,-8.78146
control_r0,complex_000026,complex_000063,14,-7.94822
control_r0,complex_000026,complex_000063,15,-5.17647
control_r0,complex_000026,complex_000063,16,-9.49223
control_r0,complex_000026,complex_000063,17,-8.53928
control_r0,complex_000026,complex_000063,18,-7.39203
control_r0,complex_000026,complex_000063,19,-4.8492
control_r0,complex_000026,complex_000001,0,-8.04645
control_r0,complex_000026,complex_000001,1,-6.65082
control_r0,complex_000026,complex_000001,2,-7.97482
control_r0,complex_000026,complex_000001,3,-8.25261
control_r0,complex_000026,complex_000001,4,-7.79103
control_r0,complex_000026,complex_000001,5,-6.33386
control_r0,complex_000026,complex_000001,6,-8.00386
control_r0,complex_000026,complex_000001,7,-7.79938
control_r0,complex_000026,complex_000001,8,-7.71862
control_r0,complex_000026,complex_000001,9,-6.19896
control_r0,complex_000026,complex_000001,10,-5.99281
control_r0,complex_000026,complex_000001,11,-6.78525
control_r0,complex_000026,complex_000001,12,-7.09146
control_r0,complex_000026,complex_000001,13,-8.70927
control_r0,complex_000026,complex_000001,14,-7.86607
control_r0,complex_000026,complex_000001,15,-5.53018
control_r0,complex_000026,complex_000001,16,-10.07488
control_r0,complex_000026,complex_000001,17,-7.96064
control_r0,complex_000026,complex_000001,18,-7.84089
control_r0,complex_000026,complex_000001,19,-4.99625
control_r0,complex_000026,complex_000026,0,-7.42465
control_r0,complex_000026,complex_000026,1,-8.24696
control_r0,complex_000026,complex_000026,2,-7.89986
control_r0,complex_000026,complex_000026,3,-9.33415
control_r0,complex_000026,complex_000026,4,-7.34457
control_r0,complex_000026,complex_000026,5,-7.68814
control_r0,complex_000026,complex_000026,6,-7.78532
control_r0,complex_000026,complex_000026,7,-9.15819
control_r0,complex_000026,complex_000026,8,-8.48022
control_r0,complex_000026,complex_000026,9,-6.75871
control_r0,complex_000026,complex_000026,10,-6.53302
control_r0,complex_000026,complex_000026,11,-6.6463
control_r0,complex_000026,complex_000026,12,-6.65831
control_r0,complex_000026,complex_000026,13,-8.14673
control_r0,complex_000026,complex_000026,14,-8.28576
control_r0,complex_000026,complex_000026,15,-5.79394
control_r0,complex_000026,complex_000026,16,-8.73757
control_r0,complex_000026,complex_000026,17,-8.17926
control_r0,complex_000026,complex_000026,18,-7.19792
control_r0,complex_000026,complex_000026,19,-4.98294
control_r0,complex_000001,complex_000363,0,-8.41866
control_r0,complex_000001,complex_000363,1,-6.86734
control_r0,complex_000001,complex_000363,2,-7.18166
control_r0,complex_000001,complex_000363,3,-9.15105
control_r0,complex_000001,complex_000363,4,-9.4073
control_r0,complex_000001,complex_000363,5,-6.74362
control_r0,complex_000001,complex_000363,6,-7.72406
control_r0,complex_000001,complex_000363,7,4.74698
control_r0,complex_000001,complex_000363,8,-8.24587
control_r0,complex_000001,complex_000363,9,-7.37552
control_r0,complex_000001,complex_000363,10,-9.41603
control_r0,complex_000001,complex_000363,11,-3.38296
control_r0,complex_000001,complex_000363,12,-8.39164
control_r0,complex_000001,complex_000363,13,-7.55035
control_r0,complex_000001,complex_000363,14,-9.0672
control_r0,complex_000001,complex_000363,15,-9.34491
control_r0,complex_000001,complex_000363,16,-9.15926
control_r0,complex_000001,complex_000363,17,-6.65555
control_r0,complex_000001,complex_000363,18,-9.75828
control_r0,complex_000001,complex_000363,19,-7.11988
control_r0,complex_000001,complex_000001,0,-8.71626
control_r0,complex_000001,complex_000001,1,-9.34539
control_r0,complex_000001,complex_000001,2,-7.2696
control_r0,complex_000001,complex_000001,3,-7.82504
control_r0,complex_000001,complex_000001,4,-8.24428
control_r0,complex_000001,complex_000001,5,-6.15571
control_r0,complex_000001,complex_000001,6,-9.17436
control_r0,complex_000001,complex_000001,7,-7.90974
control_r0,complex_000001,complex_000001,8,-6.47101
control_r0,complex_000001,complex_000001,9,-7.29479
control_r0,complex_000001,complex_000001,10,-8.80181
control_r0,complex_000001,complex_000001,11,-8.93045
control_r0,complex_000001,complex_000001,12,-7.51305
control_r0,complex_000001,complex_000001,13,-6.95066
control_r0,complex_000001,complex_000001,14,-8.20921
control_r0,complex_000001,complex_000001,15,-7.60806
control_r0,complex_000001,complex_000001,16,-7.57266
control_r0,complex_000001,complex_000001,17,-6.74973
control_r0,complex_000001,complex_000001,18,-8.37313
control_r0,complex_000001,complex_000001,19,-7.07152
control_r0,complex_000001,complex_000266,0,-8.23226
control_r0,complex_000001,complex_000266,1,-8.12479
control_r0,complex_000001,complex_000266,2,-9.74688
control_r0,complex_000001,complex_000266,3,-7.75133
control_r0,complex_000001,complex_000266,4,-8.68036
control_r0,complex_000001,complex_000266,5,-6.20852
control_r0,complex_000001,complex_000266,6,-9.60473
control_r0,complex_000001,complex_000266,7,-9.30505
control_r0,complex_000001,complex_000266,8,-6.82469
control_r0,complex_000001,complex_000266,9,-6.53869
control_r0,complex_000001,complex_000266,10,-8.90792
control_r0,complex_000001,complex_000266,11,-8.29465
control_r0,complex_000001,complex_000266,12,-7.79608
control_r0,complex_000001,complex_000266,13,-7.02445
control_r0,complex_000001,complex_000266,14,-9.51628
control_r0,complex_000001,complex_000266,15,-7.73954
control_r0,complex_000001,complex_000266,16,-8.96853
control_r0,complex_000001,complex_000266,17,-8.40258
control_r0,complex_000001,complex_000266,18,-8.55743
control_r0,complex_000001,complex_000266,19,-8.06055
control_r0,complex_000026,complex_000051,0,-7.79913
control_r0,complex_000026,complex_000051,1,-5.9507
control_r0,complex_000026,complex_000051,2,-7.14626
control_r0,complex_000026,complex_000051,3,-8.87836
control_r0,complex_000026,complex_000051,4,-6.77208
control_r0,complex_000026,complex_000051,5,-7.98951
control_r0,complex_000026,complex_000051,6,-7.47175
control_r0,complex_000026,complex_000051,7,-8.00984
control_r0,complex_000026,complex_000051,8,-7.68446
control_r0,complex_000026,complex_000051,9,-6.53373
control_r0,complex_000026,complex_000051,10,-6.65327
control_r0,complex_000026,complex_000051,11,-7.61208
control_r0,complex_000026,complex_000051,12,-6.49715
control_r0,complex_000026,complex_000051,13,-8.27472
control_r0,complex_000026,complex_000051,14,-8.13384
control_r0,complex_000026,complex_000051,15,-5.58219
control_r0,complex_000026,complex_000051,16,-7.73025
control_r0,complex_000026,complex_000051,17,-8.73824
control_r0,complex_000026,complex_000051,18,-7.61169
control_r0,complex_000026,complex_000051,19,-4.78453
control_r0,complex_000059,complex_000059,0,-9.7561
control_r0,complex_000059,complex_000059,1,-7.82234
control_r0,complex_000059,complex_000059,2,-9.91339
control_r0,complex_000059,complex_000059,3,-8.67211
control_r0,complex_000059,complex_000059,4,-8.08804
control_r0,complex_000059,complex_000059,5,-10.78429
control_r0,complex_000059,complex_000059,6,-5.96732
control_r0,complex_000059,complex_000059,7,-9.06036
control_r0,complex_000059,complex_000059,8,-6.94782
control_r0,complex_000059,complex_000059,9,-5.91021
control_r0,complex_000059,complex_000059,10,-8.54359
control_r0,complex_000059,complex_000059,11,-8.96354
control_r0,complex_000059,complex_000059,12,-9.06587
control_r0,complex_000059,complex_000059,13,-8.03036
control_r0,complex_000059,complex_000059,14,-8.4879
control_r0,complex_000059,complex_000059,15,-7.60722
control_r0,complex_000059,complex_000059,16,-7.85551
control_r0,complex_000059,complex_000059,17,-7.49596
control_r0,complex_000059,complex_000059,18,-8.57678
control_r0,complex_000059,complex_000059,19,-8.45432
control_r0,complex_000001,complex_000411,0,-8.19873
control_r0,complex_000001,complex_000411,1,-8.56422
control_r0,complex_000001,complex_000411,2,-8.03639
control_r0,complex_000001,complex_000411,3,-8.20089
control_r0,complex_000001,complex_000411,4,-8.79296
control_r0,complex_000001,complex_000411,5,-6.28147
control_r0,complex_000001,complex_000411,6,-10.25606
control_r0,complex_000001,complex_000411,7,-9.13057
control_r0,complex_000001,complex_000411,8,-7.37283
control_r0,complex_000001,complex_000411,9,-7.08595
control_r0,complex_000001,complex_000411,10,-8.91936
control_r0,complex_000001,complex_000411,11,-9.06431
control_r0,complex_000001,complex_000411,12,-7.50953
control_r0,complex_000001,complex_000411,13,-6.34532
control_r0,complex_000001,complex_000411,14,-9.13639
control_r0,complex_000001,complex_000411,15,-8.17483
control_r0,complex_000001,complex_000411,16,-8.05825
control_r0,complex_000001,complex_000411,17,-7.70593
control_r0,complex_000001,complex_000411,18,-8.689
control_r0,complex_000001,complex_000411,19,-7.14068
control_r0,complex_000059,complex_000292,0,-7.37173
control_r0,complex_000059,complex_000292,1,-6.33116
control_r0,complex_000059,complex_000292,2,-8.19559
control_r0,complex_000059,complex_000292,3,-7.44737
control_r0,complex_000059,complex_000292,4,-6.3304
control_r0,complex_000059,complex_000292,5,-7.75037
control_r0,complex_000059,complex_000292,6,-4.95687
control_r0,complex_000059,complex_000292,7,-7.19403
control_r0,complex_000059,complex_000292,8,-5.80734
control_r0,complex_000059,complex_000292,9,-4.84175
control_r0,complex_000059,complex_000292,10,-6.25449
control_r0,complex_000059,complex_000292,11,-6.97373
control_r0,complex_000059,complex_000292,12,-6.43915
control_r0,complex_000059,complex_000292,13,-6.11838
control_r0,complex_000059,complex_000292,14,-6.33523
control_r0,complex_000059,complex_000292,15,-6.11569
control_r0,complex_000059,complex_000292,16,-6.10185
control_r0,complex_000059,complex_000292,17,-6.09104
control_r0,complex_000059,complex_000292,18,-6.25955
control_r0,complex_000059,complex_000292,19,-6.99643
control_r0,complex_000059,complex_000363,0,-8.72347
control_r0,complex_000059,complex_000363,1,-8.04979
control_r0,complex_000059,complex_000363,2,-10.49744
control_r0,complex_000059,complex_000363,3,-8.58825
control_r0,complex_000059,complex_000363,4,-8.04336
control_r0,complex_000059,complex_000363,5,-9.44557
control_r0,complex_000059,complex_000363,6,-6.63605
control_r0,complex_000059,complex_000363,7,-10.12352
control_r0,complex_000059,complex_000363,8,-7.26321
control_r0,complex_000059,complex_000363,9,-5.99572
control_r0,complex_000059,complex_000363,10,-8.55959
control_r0,complex_000059,complex_000363,11,-9.07667
control_r0,complex_000059,complex_000363,12,-8.9336
control_r0,complex_000059,complex_000363,13,-8.43488
control_r0,complex_000059,complex_000363,14,-8.40704
control_r0,complex_000059,complex_000363,15,-8.40307
control_r0,complex_000059,complex_000363,16,-8.31611
control_r0,complex_000059,complex_000363,17,-7.51796
control_r0,complex_000059,complex_000363,18,-8.88418
control_r0,complex_000059,complex_000363,19,-8.10193
control_r0,complex_000059,complex_000382,0,-10.13217
control_r0,complex_000059,complex_000382,1,-7.22476
control_r0,complex_000059,complex_000382,2,-10.96442
control_r0,complex_000059,complex_000382,3,-8.94227
control_r0,complex_000059,complex_000382,4,-7.88853
control_r0,complex_000059,complex_000382,5,-9.95135
control_r0,complex_000059,complex_000382,6,-6.55333
control_r0,complex_000059,complex_000382,7,-9.05346
control_r0,complex_000059,complex_000382,8,-6.67114
control_r0,complex_000059,complex_000382,9,-5.83956
control_r0,complex_000059,complex_000382,10,-8.27723
control_r0,complex_000059,complex_000382,11,-8.63778
control_r0,complex_000059,complex_000382,12,-8.74965
control_r0,complex_000059,complex_000382,13,-8.46113
control_r0,complex_000059,complex_000382,14,-8.79039
control_r0,complex_000059,complex_000382,15,-8.13994
control_r0,complex_000059,complex_000382,16,-7.98054
control_r0,complex_000059,complex_000382,17,-7.65189
control_r0,complex_000059,complex_000382,18,-9.34923
control_r0,complex_000059,complex_000382,19,-8.75737
control_r0,complex_000069,complex_000426,0,-9.06135
control_r0,complex_000069,complex_000426,1,-6.14338
control_r0,complex_000069,complex_000426,2,-5.60875
control_r0,complex_000069,complex_000426,3,-9.01233
control_r0,complex_000069,complex_000426,4,-7.39572
control_r0,complex_000069,complex_000426,5,-5.15328
control_r0,complex_000069,complex_000426,6,-6.88423
control_r0,complex_000069,complex_000426,7,-8.74786
control_r0,complex_000069,complex_000426,8,-6.72092
control_r0,complex_000069,complex_000426,9,-8.57883
control_r0,complex_000069,complex_000426,10,-6.82946
control_r0,complex_000069,complex_000426,11,-7.14836
control_r0,complex_000069,complex_000426,12,-6.8847
control_r0,complex_000069,complex_000426,13,-8.43052
control_r0,complex_000069,complex_000426,14,-5.83405
control_r0,complex_000069,complex_000426,15,-6.59241
control_r0,complex_000069,complex_000426,16,-6.7419
control_r0,complex_000069,complex_000426,17,-6.94441
control_r0,complex_000069,complex_000426,18,-4.42769
control_r0,complex_000069,complex_000426,19,-8.43181
control_r0,complex_000069,complex_000292,0,-6.96873
control_r0,complex_000069,complex_000292,1,-5.34934
control_r0,complex_000069,complex_000292,2,-4.9972
control_r0,complex_000069,complex_000292,3,-7.55232
control_r0,complex_000069,complex_000292,4,-6.25198
control_r0,complex_000069,complex_000292,5,-5.14856
control_r0,complex_000069,complex_000292,6,-5.76989
control_r0,complex_000069,complex_000292,7,-7.66979
control_r0,complex_000069,complex_000292,8,-5.7597
control_r0,complex_000069,complex_000292,9,-7.78813
control_r0,complex_000069,complex_000292,10,-5.47234
control_r0,complex_000069,complex_000292,11,-6.23997
control_r0,complex_000069,complex_000292,12,-5.49918
control_r0,complex_000069,complex_000292,13,-7.72755
control_r0,complex_000069,complex_000292,14,-5.25795
control_r0,complex_000069,complex_000292,15,-6.46763
control_r0,complex_000069,complex_000292,16,-5.64788
control_r0,complex_000069,complex_000292,17,-5.34381
control_r0,complex_000069,complex_000292,18,-3.72426
control_r0,complex_000069,complex_000292,19,-6.63336
control_r0,complex_000063,complex_000063,0,-8.45237
control_r0,complex_000063,complex_000063,1,-9.62858
control_r0,complex_000063,complex_000063,2,-8.37471
control_r0,complex_000063,complex_000063,3,-5.24574
control_r0,complex_000063,complex_000063,4,-5.76409
control_r0,complex_000063,complex_000063,5,-8.235
control_r0,complex_000063,complex_000063,6,-7.00669
control_r0,complex_000063,complex_000063,7,-7.31734
control_r0,complex_000063,complex_000063,8,-7.1188
control_r0,complex_000063,complex_000063,9,-6.77197
control_r0,complex_000063,complex_000063,10,-7.32014
control_r0,complex_000063,complex_000063,11,-6.67913
control_r0,complex_000063,complex_000063,12,-6.93775
control_r0,complex_000063,complex_000063,13,-4.17628
control_r0,complex_000063,complex_000063,14,-8.11022
control_r0,complex_000063,complex_000063,15,-4.85471
control_r0,complex_000063,complex_000063,16,-7.81474
control_r0,complex_000063,complex_000063,17,-8.00178
control_r0,complex_000063,complex_000063,18,-3.8998
control_r0,complex_000063,complex_000063,19,-7.54851
control_r0,complex_000069,complex_000069,0,-9.94005
control_r0,complex_000069,complex_000069,1,-6.81879
control_r0,complex_000069,complex_000069,2,-6.65427
control_r0,complex_000069,complex_000069,3,-9.80959
control_r0,complex_000069,complex_000069,4,-8.08578
control_r0,complex_000069,complex_000069,5,-5.58336
control_r0,complex_000069,complex_000069,6,-6.91507
control_r0,complex_000069,complex_000069,7,-9.4042
control_r0,complex_000069,complex_000069,8,-7.54111
control_r0,complex_000069,complex_000069,9,-9.12482
control_r0,complex_000069,complex_000069,10,-7.08776
control_r0,complex_000069,complex_000069,11,-7.1327
control_r0,complex_000069,complex_000069,12,-7.23321
control_r0,complex_000069,complex_000069,13,-9.64738
control_r0,complex_000069,complex_000069,14,-6.60086
control_r0,complex_000069,complex_000069,15,-7.88386
control_r0,complex_000069,complex_000069,16,-6.56995
control_r0,complex_000069,complex_000069,17,-7.14487
control_r0,complex_000069,complex_000069,18,-3.82978
control_r0,complex_000069,complex_000069,19,-8.78576
control_r0,complex_000063,complex_000411,0,-8.14603
control_r0,complex_000063,complex_000411,1,-11.28927
control_r0,complex_000063,complex_000411,2,-8.43849
control_r0,complex_000063,complex_000411,3,-5.691
control_r0,complex_000063,complex_000411,4,-6.11859
control_r0,complex_000063,complex_000411,5,-9.18964
control_r0,complex_000063,complex_000411,6,-7.8829
control_r0,complex_000063,complex_000411,7,-7.72022
control_r0,complex_000063,complex_000411,8,-8.20785
control_r0,complex_000063,complex_000411,9,-7.54337
control_r0,complex_000063,complex_000411,10,-7.58406
control_r0,complex_000063,complex_000411,11,-7.25373
control_r0,complex_000063,complex_000411,12,-7.00525
control_r0,complex_000063,complex_000411,13,-4.80577
control_r0,complex_000063,complex_000411,14,-8.3662
control_r0,complex_000063,complex_000411,15,-5.03383
control_r0,complex_000063,complex_000411,16,-7.98247
control_r0,complex_000063,complex_000411,17,-8.84552
control_r0,complex_000063,complex_000411,18,-4.10603
control_r0,complex_000063,complex_000411,19,-8.00711
control_r0,complex_000063,complex_000376,0,-8.76805
control_r0,complex_000063,complex_000376,1,-10.75431
control_r0,complex_000063,complex_000376,2,-9.06866
control_r0,complex_000063,complex_000376,3,-6.08189
control_r0,complex_000063,complex_000376,4,-6.19074
control_r0,complex_000063,complex_000376,5,-8.81754
control_r0,complex_000063,complex_000376,6,-7.85216
control_r0,complex_000063,complex_000376,7,-8.32353
control_r0,complex_000063,complex_000376,8,-8.63174
control_r0,complex_000063,complex_000376,9,-7.64706
control_r0,complex_000063,complex_000376,10,-8.49011
control_r0,complex_000063,complex_000376,11,-7.60515
control_r0,complex_000063,complex_000376,12,-7.13764
control_r0,complex_000063,complex_000376,13,-4.53003
control_r0,complex_000063,complex_000376,14,-8.66615
control_r0,complex_000063,complex_000376,15,-5.04351
control_r0,complex_000063,complex_000376,16,-8.4194
control_r0,complex_000063,complex_000376,17,-8.2508
control_r0,complex_000063,complex_000376,18,-4.24978
control_r0,complex_000063,complex_000376,19,-8.39485
control_r0,complex_000069,complex_000026,0,-8.64267
control_r0,complex_000069,complex_000026,1,-5.61587
control_r0,complex_000069,complex_000026,2,-6.74882
control_r0,complex_000069,complex_000026,3,-8.81666
control_r0,complex_000069,complex_000026,4,-7.67007
control_r0,complex_000069,complex_000026,5,-5.71014
control_r0,complex_000069,complex_000026,6,-6.83135
control_r0,complex_000069,complex_000026,7,-8.73545
control_r0,complex_000069,complex_000026,8,-6.71781
control_r0,complex_000069,complex_000026,9,-8.24684
control_r0,complex_000069,complex_000026,10,-6.40575
control_r0,complex_000069,complex_000026,11,-6.57472
control_r0,complex_000069,complex_000026,12,-6.31871
control_r0,complex_000069,complex_000026,13,-8.63097
control_r0,complex_000069,complex_000026,14,-6.20876
control_r0,complex_000069,complex_000026,15,-6.23465
control_r0,complex_000069,complex_000026,16,-6.43307
control_r0,complex_000069,complex_000026,17,-7.07631
control_r0,complex_000069,complex_000026,18,-4.52625
control_r0,complex_000069,complex_000026,19,-7.90765
control_r0,complex_000063,complex_000148,0,-7.61074
control_r0,complex_000063,complex_000148,1,-9.28667
control_r0,complex_000063,complex_000148,2,-7.9401
control_r0,complex_000063,complex_000148,3,-5.30541
control_r0,complex_000063,complex_000148,4,-5.42321
control_r0,complex_000063,complex_000148,5,-9.75665
control_r0,complex_000063,complex_000148,6,-6.85975
control_r0,complex_000063,complex_000148,7,-7.61696
control_r0,complex_000063,complex_000148,8,-7.61655
control_r0,complex_000063,complex_000148,9,-6.15263
control_r0,complex_000063,complex_000148,10,-7.14124
control_r0,complex_000063,complex_000148,11,-6.30314
control_r0,complex_000063,complex_000148,12,-6.27751
control_r0,complex_000063,complex_000148,13,-4.0895
control_r0,complex_000063,complex_000148,14,-7.89508
control_r0,complex_000063,complex_000148,15,-4.28073
control_r0,complex_000063,complex_000148,16,-6.9638
control_r0,complex_000063,complex_000148,17,-8.1187
control_r0,complex_000063,complex_000148,18,-3.86561
control_r0,complex_000063,complex_000148,19,-6.83795
control_r0,complex_000117,complex_000117,0,-8.84489
control_r0,complex_000117,complex_000117,1,-6.87292
control_r0,complex_000117,complex_000117,2,-7.2012
control_r0,complex_000117,complex_000117,3,-7.56753
control_r0,complex_000117,complex_000117,4,-6.37267
control_r0,complex_000117,complex_000117,5,-5.84702
control_r0,complex_000117,complex_000117,6,-9.01279
control_r0,complex_000117,complex_000117,7,-5.02639
control_r0,complex_000117,complex_000117,8,-7.16857
control_r0,complex_000117,complex_000117,9,-6.69223
control_r0,complex_000117,complex_000117,10,-8.36851
control_r0,complex_000117,complex_000117,11,-6.70344
control_r0,complex_000117,complex_000117,12,-7.96399
control_r0,complex_000117,complex_000117,13,-8.98662
control_r0,complex_000117,complex_000117,14,-5.89544
control_r0,complex_000117,complex_000117,15,-7.66897
control_r0,complex_000117,complex_000117,16,-7.77636
control_r0,complex_000117,complex_000117,17,-8.4609
control_r0,complex_000117,complex_000117,18,-10.01082
control_r0,complex_000117,complex_000117,19,-11.48766
control_r0,complex_000117,complex_000026,0,-8.10329
control_r0,complex_000117,complex_000026,1,-5.97336
control_r0,complex_000117,complex_000026,2,-6.81328
control_r0,complex_000117,complex_000026,3,-8.03082
control_r0,complex_000117,complex_000026,4,-5.96721
control_r0,complex_000117,complex_000026,5,-7.8917
control_r0,complex_000117,complex_000026,6,-7.3581
control_r0,complex_000117,complex_000026,7,-4.98635
control_r0,complex_000117,complex_000026,8,-6.72268
control_r0,complex_000117,complex_000026,9,-5.93136
control_r0,complex_000117,complex_000026,10,-10.23203
control_r0,complex_000117,complex_000026,11,-6.1358
control_r0,complex_000117,complex_000026,12,-8.93097
control_r0,complex_000117,complex_000026,13,-8.84157
control_r0,complex_000117,complex_000026,14,-5.37802
control_r0,complex_000117,complex_000026,15,-7.37383
control_r0,complex_000117,complex_000026,16,-7.17272
control_r0,complex_000117,complex_000026,17,-7.81832
control_r0,complex_000117,complex_000026,18,-8.56764
control_r0,complex_000117,complex_000026,19,-10.02416
control_r0,complex_000117,complex_000001,0,-8.29426
control_r0,complex_000117,complex_000001,1,-6.32448
control_r0,complex_000117,complex_000001,2,-7.07069
control_r0,complex_000117,complex_000001,3,-7.75715
control_r0,complex_000117,complex_000001,4,-6.14182
control_r0,complex_000117,complex_000001,5,-7.13489
control_r0,complex_000117,complex_000001,6,-8.09064
control_r0,complex_000117,complex_000001,7,-4.25174
control_r0,complex_000117,complex_000001,8,-6.50951
control_r0,complex_000117,complex_000001,9,-7.04365
control_r0,complex_000117,complex_000001,10,-10.20508
control_r0,complex_000117,complex_000001,11,-6.21026
control_r0,complex_000117,complex_000001,12,-8.05196
control_r0,complex_000117,complex_000001,13,-8.70338
control_r0,complex_000117,complex_000001,14,-5.71164
control_r0,complex_000117,complex_000001,15,-7.45316
control_r0,complex_000117,complex_000001,16,-7.13723
control_r0,complex_000117,complex_000001,17,-8.03938
control_r0,complex_000117,complex_000001,18,-7.67419
control_r0,complex_000117,complex_000001,19,-10.74233
control_r0,complex_000117,complex_000179,0,-8.51516
control_r0,complex_000117,complex_000179,1,-6.60452
control_r0,complex_000117,complex_000179,2,-7.567
control_r0,complex_000117,complex_000179,3,-9.4809
control_r0,complex_000117,complex_000179,4,-6.43639
control_r0,complex_000117,complex_000179,5,-8.84205
control_r0,complex_000117,complex_000179,6,-9.64673
control_r0,complex_000117,complex_000179,7,-4.76219
control_r0,complex_000117,complex_000179,8,-6.65635
control_r0,complex_000117,complex_000179,9,-6.09634
control_r0,complex_000117,complex_000179,10,-12.60406
control_r0,complex_000117,complex_000179,11,-6.29807
control_r0,complex_000117,complex_000179,12,-10.99626
control_r0,complex_000117,complex_000179,13,-9.05312
control_r0,complex_000117,complex_000179,14,-5.49771
control_r0,complex_000117,complex_000179,15,-8.4936
control_r0,complex_000117,complex_000179,16,-7.62211
control_r0,complex_000117,complex_000179,17,-9.68184
control_r0,complex_000117,complex_000179,18,-10.38927
control_r0,complex_000117,complex_000179,19,-11.97874
control_r0,complex_000112,complex_000112,0,-5.66841
control_r0,complex_000112,complex_000112,1,-6.72172
control_r0,complex_000112,complex_000112,2,-7.48284
control_r0,complex_000112,complex_000112,3,-7.12181
control_r0,complex_000112,complex_000112,4,-4.93904
control_r0,complex_000112,complex_000112,5,-6.62275
control_r0,complex_000112,complex_000112,6,-11.1327
control_r0,complex_000112,complex_000112,7,-6.61836
control_r0,complex_000112,complex_000112,8,-7.23065
control_r0,complex_000112,complex_000112,9,-7.3093
control_r0,complex_000112,complex_000112,10,-9.18012
control_r0,complex_000112,complex_000112,11,-9.26928
control_r0,complex_000112,complex_000112,12,-6.18374
control_r0,complex_000112,complex_000112,13,-6.53717
control_r0,complex_000112,complex_000112,14,-8.77461
control_r0,complex_000112,complex_000112,15,-6.11663
control_r0,complex_000112,complex_000112,16,-6.89601
control_r0,complex_000112,complex_000112,17,-7.31687
control_r0,complex_000112,complex_000112,18,-7.30436
control_r0,complex_000112,complex_000112,19,-7.0723
control_r0,complex_000112,complex_000149,0,-6.66061
control_r0,complex_000112,complex_000149,1,-8.31496
control_r0,complex_000112,complex_000149,2,-7.85586
control_r0,complex_000112,complex_000149,3,-7.44184
control_r0,complex_000112,complex_000149,4,-7.49666
control_r0,complex_000112,complex_000149,5,-6.39422
control_r0,complex_000112,complex_000149,6,-10.56254
control_r0,complex_000112,complex_000149,7,-7.93503
control_r0,complex_000112,complex_000149,8,-8.59449
control_r0,complex_000112,complex_000149,9,-8.44519
control_r0,complex_000112,complex_000149,10,-9.41726
control_r0,complex_000112,complex_000149,11,-9.10733
control_r0,complex_000112,complex_000149,12,-7.4504
control_r0,complex_000112,complex_000149,13,-6.54073
control_r0,complex_000112,complex_000149,14,-9.31236
control_r0,complex_000112,complex_000149,15,-7.10773
control_r0,complex_000112,complex_000149,16,-8.68797
control_r0,complex_000112,complex_000149,17,-7.92613
control_r0,complex_000112,complex_000149,18,-9.35365
control_r0,complex_000112,complex_000149,19,-8.50281
control_r0,complex_000085,complex_000411,0,-7.87517
control_r0,complex_000085,complex_000411,1,-8.474
control_r0,complex_000085,complex_000411,2,-10.85421
control_r0,complex_000085,complex_000411,3,-8.22937
control_r0,complex_000085,complex_000411,4,-9.54088
control_r0,complex_000085,complex_000411,5,-8.75983
control_r0,complex_000085,complex_000411,6,-8.60991
control_r0,complex_000085,complex_000411,7,-10.7848
control_r0,complex_000085,complex_000411,8,-9.92523
control_r0,complex_000085,complex_000411,9,-9.52909
control_r0,complex_000085,complex_000411,10,-7.70878
control_r0,complex_000085,complex_000411,11,-8.79479
control_r0,complex_000085,complex_000411,12,-8.80985
control_r0,complex_000085,complex_000411,13,-7.66683
control_r0,complex_000085,complex_000411,14,-8.76807
control_r0,complex_000085,complex_000411,15,-10.90962
control_r0,complex_000085,complex_000411,16,-9.94329
control_r0,complex_000085,complex_000411,17,-6.6727
control_r0,complex_000085,complex_000411,18,-8.24888
control_r0,complex_000085,complex_000411,19,-7.99326
control_r0,complex_000112,complex_000059,0,-6.13377
control_r0,complex_000112,complex_000059,1,-8.54369
control_r0,complex_000112,complex_000059,2,-7.58109
control_r0,complex_000112,complex_000059,3,-7.51271
control_r0,complex_000112,complex_000059,4,-6.56398
control_r0,complex_000112,complex_000059,5,-6.45552
control_r0,complex_000112,complex_000059,6,-7.29064
control_r0,complex_000112,complex_000059,7,-7.71272
control_r0,complex_000112,complex_000059,8,-6.84891
control_r0,complex_000112,complex_000059,9,-8.42114
control_r0,complex_000112,complex_000059,10,-8.48547
control_r0,complex_000112,complex_000059,11,-7.56376
control_r0,complex_000112,complex_000059,12,-6.38055
control_r0,complex_000112,complex_000059,13,-7.63573
control_r0,complex_000112,complex_000059,14,-8.60258
control_r0,complex_000112,complex_000059,15,-6.0528
control_r0,complex_000112,complex_000059,16,-10.23591
control_r0,complex_000112,complex_000059,17,-7.58698
control_r0,complex_000112,complex_000059,18,-6.60463
control_r0,complex_000112,complex_000059,19,-7.61523
control_r0,complex_000085,complex_000059,0,-7.52993
control_r0,complex_000085,complex_000059,1,-8.4561
control_r0,complex_000085,complex_000059,2,-4.15466
control_r0,complex_000085,complex_000059,3,-5.96638
control_r0,complex_000085,complex_000059,4,-5.75039
control_r0,complex_000085,complex_000059,5,-9.24889
control_r0,complex_000085,complex_000059,6,-7.76075
control_r0,complex_000085,complex_000059,7,-9.67664
control_r0,complex_000085,complex_000059,8,-9.39885
control_r0,complex_000085,complex_000059,9,-9.36493
control_r0,complex_000085,complex_000059,10,-8.26719
control_r0,complex_000085,complex_000059,11,-7.72803
control_r0,complex_000085,complex_000059,12,-5.78352
control_r0,complex_000085,complex_000059,13,-7.22068
control_r0,complex_000085,complex_000059,14,-7.9471
control_r0,complex_000085,complex_000059,15,-5.07859
control_r0,complex_000085,complex_000059,16,-4.11249
control_r0,complex_000085,complex_000059,17,-6.52908
control_r0,complex_000085,complex_000059,18,-7.1403
control_r0,complex_000085,complex_000059,19,-6.87567
control_r0,complex_000085,complex_000085,0,-8.06468
control_r0,complex_000085,complex_000085,1,-9.72864
control_r0,complex_000085,complex_000085,2,-12.53283
control_r0,complex_000085,complex_000085,3,-10.164
control_r0,complex_000085,complex_000085,4,-8.24093
control_r0,complex_000085,complex_000085,5,-9.68538
control_r0,complex_000085,complex_000085,6,-8.96088
control_r0,complex_000085,complex_000085,7,-11.46544
control_r0,complex_000085,complex_000085,8,-10.70608
control_r0,complex_000085,complex_000085,9,-9.72869
control_r0,complex_000085,complex_000085,10,-7.6604
control_r0,complex_000085,complex_000085,11,-10.24973
control_r0,complex_000085,complex_000085,12,-9.52476
control_r0,complex_000085,complex_000085,13,-7.34678
control_r0,complex_000085,complex_000085,14,-10.40899
control_r0,complex_000085,complex_000085,15,-10.55734
control_r0,complex_000085,complex_000085,16,-12.14572
control_r0,complex_000085,complex_000085,17,-7.63196
control_r0,complex_000085,complex_000085,18,-7.8461
control_r0,complex_000085,complex_000085,19,-10.13675
control_r0,complex_000112,complex_000269,0,-5.84579
control_r0,complex_000112,complex_000269,1,-7.1442
control_r0,complex_000112,complex_000269,2,-6.21242
control_r0,complex_000112,complex_000269,3,-7.54192
control_r0,complex_000112,complex_000269,4,-7.22995
control_r0,complex_000112,complex_000269,5,-5.25043
control_r0,complex_000112,complex_000269,6,-7.61746
control_r0,complex_000112,complex_000269,7,-6.26624
control_r0,complex_000112,complex_000269,8,-6.52701
control_r0,complex_000112,complex_000269,9,-6.07043
control_r0,complex_000112,complex_000269,10,-7.63277
control_r0,complex_000112,complex_000269,11,-7.55961
control_r0,complex_000112,complex_000269,12,-6.17698
control_r0,complex_000112,complex_000269,13,-6.15825
control_r0,complex_000112,complex_000269,14,-7.60661
control_r0,complex_000112,complex_000269,15,-5.56735
control_r0,complex_000112,complex_000269,16,-7.06481
control_r0,complex_000112,complex_000269,17,-5.73273
control_r0,complex_000112,complex_000269,18,-7.35961
control_r0,complex_000112,complex_000269,19,-6.6722
control_r0,complex_000140,complex_000140,0,-9.21269
control_r0,complex_000140,complex_000140,1,-7.14126
control_r0,complex_000140,complex_000140,2,-8.08341
control_r0,complex_000140,complex_000140,3,-8.70836
control_r0,complex_000140,complex_000140,4,-10.91931
control_r0,complex_000140,complex_000140,5,-7.67055
control_r0,complex_000140,complex_000140,6,-8.7183
control_r0,complex_000140,complex_000140,7,-8.96334
control_r0,complex_000140,complex_000140,8,-11.25568
control_r0,complex_000140,complex_000140,9,-8.56452
control_r0,complex_000140,complex_000140,10,-8.79073
control_r0,complex_000140,complex_000140,11,-11.29361
control_r0,complex_000140,complex_000140,12,-8.50261
control_r0,complex_000140,complex_000140,13,-6.77216
control_r0,complex_000140,complex_000140,14,-8.10365
control_r0,complex_000140,complex_000140,15,-8.78206
control_r0,complex_000140,complex_000140,16,-9.41364
control_r0,complex_000140,complex_000140,17,-7.80897
control_r0,complex_000140,complex_000140,18,-4.82549
control_r0,complex_000140,complex_000140,19,-7.77807
control_r0,complex_000140,complex_000540,0,-8.91802
control_r0,complex_000140,complex_000540,1,-6.40746
control_r0,complex_000140,complex_000540,2,-7.63634
control_r0,complex_000140,complex_000540,3,-7.7678
control_r0,complex_000140,complex_000540,4,-9.23522
control_r0,complex_000140,complex_000540,5,-6.92147
control_r0,complex_000140,complex_000540,6,-7.91203
control_r0,complex_000140,complex_000540,7,-7.5343
control_r0,complex_000140,complex_000540,8,-9.62162
control_r0,complex_000140,complex_000540,9,-7.58116
control_r0,complex_000140,complex_000540,10,-7.05799
control_r0,complex_000140,complex_000540,11,-9.86121
control_r0,complex_000140,complex_000540,12,-7.70926
control_r0,complex_000140,complex_000540,13,-6.48879
control_r0,complex_000140,complex_000540,14,-7.62473
control_r0,complex_000140,complex_000540,15,-8.16103
control_r0,complex_000140,complex_000540,16,-8.1318
control_r0,complex_000140,complex_000540,17,-8.18503
control_r0,complex_000140,complex_000540,18,-4.37241
control_r0,complex_000140,complex_000540,19,-7.65807
control_r0,complex_000085,complex_000117,0,-5.56008
control_r0,complex_000085,complex_000117,1,-7.41161
control_r0,complex_000085,complex_000117,2,-7.18202
control_r0,complex_000085,complex_000117,3,-5.0639
control_r0,complex_000085,complex_000117,4,-6.14281
control_r0,complex_000085,complex_000117,5,-6.40727
control_r0,complex_000085,complex_000117,6,-7.58522
control_r0,complex_000085,complex_000117,7,-8.6099
control_r0,complex_000085,complex_000117,8,-8.34564
control_r0,complex_000085,complex_000117,9,-8.21455
control_r0,complex_000085,complex_000117,10,-7.06169
control_r0,complex_000085,complex_000117,11,-7.37355
control_r0,complex_000085,complex_000117,12,-7.53874
control_r0,complex_000085,complex_000117,13,-7.50958
control_r0,complex_000085,complex_000117,14,-7.76184
control_r0,complex_000085,complex_000117,15,-6.71717
control_r0,complex_000085,complex_000117,16,-6.39781
control_r0,complex_000085,complex_000117,17,-7.08836
control_r0,complex_000085,complex_000117,18,-6.9521
control_r0,complex_000085,complex_000117,19,-7.08055
control_r0,complex_000140,complex_000374,0,-9.13631
control_r0,complex_000140,complex_000374,1,-6.76849
control_r0,complex_000140,complex_000374,2,-7.9685
control_r0,complex_000140,complex_000374,3,-7.54021
control_r0,complex_000140,complex_000374,4,-10.39053
control_r0,complex_000140,complex_000374,5,-8.1929
control_r0,complex_000140,complex_000374,6,-9.16292
control_r0,complex_000140,complex_000374,7,-6.19345
control_r0,complex_000140,complex_000374,8,-10.39426
control_r0,complex_000140,complex_000374,9,-9.157
control_r0,complex_000140,complex_000374,10,-7.86502
control_r0,complex_000140,complex_000374,11,-7.78925
control_r0,complex_000140,complex_000374,12,-8.44485
control_r0,complex_000140,complex_000374,13,-6.50279
control_r0,complex_000140,complex_000374,14,-8.17849
control_r0,complex_000140,complex_000374,15,-8.26578
control_r0,complex_000140,complex_000374,16,-8.41522
control_r0,complex_000140,complex_000374,17,-6.84434
control_r0,complex_000140,complex_000374,18,-4.3599
control_r0,complex_000140,complex_000374,19,-7.59834
control_r0,complex_000148,complex_000411,0,-6.72043
control_r0,complex_000148,complex_000411,1,-5.6137
control_r0,complex_000148,complex_000411,2,-8.12437
control_r0,complex_000148,complex_000411,3,-5.91633
control_r0,complex_000148,complex_000411,4,-7.24308
control_r0,complex_000148,complex_000411,5,-9.36502
control_r0,complex_000148,complex_000411,6,-8.42876
control_r0,complex_000148,complex_000411,7,-4.6994
control_r0,complex_000148,complex_000411,8,-6.48675
control_r0,complex_000148,complex_000411,9,-8.14898
control_r0,complex_000148,complex_000411,10,-6.81854
control_r0,complex_000148,complex_000411,11,-8.25073
control_r0,complex_000148,complex_000411,12,-7.95419
control_r0,complex_000148,complex_000411,13,-7.94368
control_r0,complex_000148,complex_000411,14,-8.31185
control_r0,complex_000148,complex_000411,15,-6.49697
control_r0,complex_000148,complex_000411,16,-8.03055
control_r0,complex_000148,complex_000411,17,-8.67349
control_r0,complex_000148,complex_000411,18,-8.06667
control_r0,complex_000148,complex_000411,19,-8.03139
control_r0,complex_000148,complex_000148,0,-5.83936
control_r0,complex_000148,complex_000148,1,-4.57082
control_r0,complex_000148,complex_000148,2,-7.79552
control_r0,complex_000148,complex_000148,3,-4.92746
control_r0,complex_000148,complex_000148,4,-7.72765
control_r0,complex_000148,complex_000148,5,-7.53746
control_r0,complex_000148,complex_000148,6,-7.42354
control_r0,complex_000148,complex_000148,7,-4.0964
control_r0,complex_000148,complex_000148,8,-5.94696
control_r0,complex_000148,complex_000148,9,-7.82144
control_r0,complex_000148,complex_000148,10,-6.28702
control_r0,complex_000148,complex_000148,11,-7.0069
control_r0,complex_000148,complex_000148,12,-6.80456
control_r0,complex_000148,complex_000148,13,-7.32433
control_r0,complex_000148,complex_000148,14,-7.85595
control_r0,complex_000148,complex_000148,15,-5.85324
control_r0,complex_000148,complex_000148,16,-7.16799
control_r0,complex_000148,complex_000148,17,-8.70761
control_r0,complex_000148,complex_000148,18,-7.85452
control_r0,complex_000148,complex_000148,19,-7.10744
control_r0,complex_000141,complex_000179,0,-7.12416
control_r0,complex_000141,complex_000179,1,-8.9882
control_r0,complex_000141,complex_000179,2,-7.12618
control_r0,complex_000141,complex_000179,3,-9.45397
control_r0,complex_000141,complex_000179,4,-10.12513
control_r0,complex_000141,complex_000179,5,-7.78012
control_r0,complex_000141,complex_000179,6,-7.68936
control_r0,complex_000141,complex_000179,7,-9.32577
control_r0,complex_000141,complex_000179,8,-8.63778
control_r0,complex_000141,complex_000179,9,-6.85818
control_r0,complex_000141,complex_000179,10,-7.927
control_r0,complex_000141,complex_000179,11,-8.1222
control_r0,complex_000141,complex_000179,12,-5.42024
control_r0,complex_000141,complex_000179,13,-6.23867
control_r0,complex_000141,complex_000179,14,-8.62466
control_r0,complex_000141,complex_000179,15,-9.93422
control_r0,complex_000141,complex_000179,16,-6.898
control_r0,complex_000141,complex_000179,17,-7.76916
control_r0,complex_000141,complex_000179,18,-6.04288
control_r0,complex_000141,complex_000179,19,-9.14369
control_r0,complex_000140,complex_000269,0,-6.79778
control_r0,complex_000140,complex_000269,1,-5.5952
control_r0,complex_000140,complex_000269,2,-6.42854
control_r0,complex_000140,complex_000269,3,-6.49356
control_r0,complex_000140,complex_000269,4,-7.8285
control_r0,complex_000140,complex_000269,5,-6.41801
control_r0,complex_000140,complex_000269,6,-6.46053
control_r0,complex_000140,complex_000269,7,-6.19562
control_r0,complex_000140,complex_000269,8,-7.88679
control_r0,complex_000140,complex_000269,9,-6.60681
control_r0,complex_000140,complex_000269,10,-5.94932
control_r0,complex_000140,complex_000269,11,-7.86177
control_r0,complex_000140,complex_000269,12,-6.66796
control_r0,complex_000140,complex_000269,13,-5.73836
control_r0,complex_000140,complex_000269,14,-5.62834
control_r0,complex_000140,complex_000269,15,-8.91147
control_r0,complex_000140,complex_000269,16,-7.35323
control_r0,complex_000140,complex_000269,17,-7.37286
control_r0,complex_000140,complex_000269,18,-4.75377
control_r0,complex_000140,complex_000269,19,-6.27397
control_r0,complex_000145,complex_000145,0,-6.55666
control_r0,complex_000145,complex_000145,1,-4.31399
control_r0,complex_000145,complex_000145,2,-4.50085
control_r0,complex_000145,complex_000145,3,-5.01642
control_r0,complex_000145,complex_000145,4,-4.75075
control_r0,complex_000145,complex_000145,5,-7.8746
control_r0,complex_000145,complex_000145,6,-4.30905
control_r0,complex_000145,complex_000145,7,-4.51038
control_r0,complex_000145,complex_000145,8,-6.02361
control_r0,complex_000145,complex_000145,9,-5.88193
control_r0,complex_000145,complex_000145,10,-6.58543
control_r0,complex_000145,complex_000145,11,-6.1149
control_r0,complex_000145,complex_000145,12,-4.43847
control_r0,complex_000145,complex_000145,13,-7.22402
control_r0,complex_000145,complex_000145,14,-5.88506
control_r0,complex_000145,complex_000145,15,-5.48525
control_r0,complex_000145,complex_000145,16,-5.57149
control_r0,complex_000145,complex_000145,17,-5.4625
control_r0,complex_000145,complex_000145,18,-5.98169
control_r0,complex_000145,complex_000145,19,-6.67426
control_r0,complex_000141,complex_000223,0,-5.93979
control_r0,complex_000141,complex_000223,1,-5.96273
control_r0,complex_000141,complex_000223,2,-6.02911
control_r0,complex_000141,complex_000223,3,-5.97624
control_r0,complex_000141,complex_000223,4,-6.90382
control_r0,complex_000141,complex_000223,5,-4.81971
control_r0,complex_000141,complex_000223,6,-4.86789
control_r0,complex_000141,complex_000223,7,-6.86215
control_r0,complex_000141,complex_000223,8,-5.69988
control_r0,complex_000141,complex_000223,9,-5.24435
control_r0,complex_000141,complex_000223,10,-5.99374
control_r0,complex_000141,complex_000223,11,-5.77439
control_r0,complex_000141,complex_000223,12,-4.41746
control_r0,complex_000141,complex_000223,13,-4.53924
control_r0,complex_000141,complex_000223,14,-5.6393
control_r0,complex_000141,complex_000223,15,-6.47951
control_r0,complex_000141,complex_000223,16,-5.19412
control_r0,complex_000141,complex_000223,17,-6.02711
control_r0,complex_000141,complex_000223,18,-5.18058
control_r0,complex_000141,complex_000223,19,-6.10098
control_r0,complex_000148,complex_000376,0,-6.5519
control_r0,complex_000148,complex_000376,1,-5.11198
control_r0,complex_000148,complex_000376,2,-8.59545
control_r0,complex_000148,complex_000376,3,-6.21506
control_r0,complex_000148,complex_000376,4,-7.19604
control_r0,complex_000148,complex_000376,5,-8.34688
control_r0,complex_000148,complex_000376,6,-8.44777
control_r0,complex_000148,complex_000376,7,-4.31133
control_r0,complex_000148,complex_000376,8,-6.99073
control_r0,complex_000148,complex_000376,9,-8.69241
control_r0,complex_000148,complex_000376,10,-7.27929
control_r0,complex_000148,complex_000376,11,-7.41156
control_r0,complex_000148,complex_000376,12,-7.46826
control_r0,complex_000148,complex_000376,13,-8.146
control_r0,complex_000148,complex_000376,14,-8.37838
control_r0,complex_000148,complex_000376,15,-6.78024
control_r0,complex_000148,complex_000376,16,-8.32661
control_r0,complex_000148,complex_000376,17,-9.23997
control_r0,complex_000148,complex_000376,18,-8.89523
control_r0,complex_000148,complex_000376,19,-7.12345
control_r0,complex_000141,complex_000141,0,-6.45344
control_r0,complex_000141,complex_000141,1,-7.85819
control_r0,complex_000141,complex_000141,2,-7.51136
control_r0,complex_000141,complex_000141,3,-8.28637
control_r0,complex_000141,complex_000141,4,-8.82123
control_r0,complex_000141,complex_000141,5,-7.58974
control_r0,complex_000141,complex_000141,6,-6.60493
control_r0,complex_000141,complex_000141,7,-8.62527
control_r0,complex_000141,complex_000141,8,-8.12901
control_r0,complex_000141,complex_000141,9,-6.48531
control_r0,complex_000141,complex_000141,10,-7.4916
control_r0,complex_000141,complex_000141,11,-7.34816
control_r0,complex_000141,complex_000141,12,-5.23846
control_r0,complex_000141,complex_000141,13,-5.86245
control_r0,complex_000141,complex_000141,14,-6.54779
control_r0,complex_000141,complex_000141,15,-7.76814
control_r0,complex_000141,complex_000141,16,-6.53078
control_r0,complex_000141,complex_000141,17,-7.20859
control_r0,complex_000141,complex_000141,18,-5.57483
control_r0,complex_000141,complex_000141,19,-7.87468
control_r0,complex_000148,complex_000387,0,-7.06228
control_r0,complex_000148,complex_000387,1,-6.17395
control_r0,complex_000148,complex_000387,2,-9.91854
control_r0,complex_000148,complex_000387,3,-6.95231
control_r0,complex_000148,complex_000387,4,-4.72953
control_r0,complex_000148,complex_000387,5,-9.05665
control_r0,complex_000148,complex_000387,6,-8.19532
control_r0,complex_000148,complex_000387,7,-4.89669
control_r0,complex_000148,complex_000387,8,-7.27555
control_r0,complex_000148,complex_000387,9,-8.56838
control_r0,complex_000148,complex_000387,10,-7.47726
control_r0,complex_000148,complex_000387,11,-8.40284
control_r0,complex_000148,complex_000387,12,-7.72815
control_r0,complex_000148,complex_000387,13,-8.18652
control_r0,complex_000148,complex_000387,14,-9.71177
control_r0,complex_000148,complex_000387,15,-7.52643
control_r0,complex_000148,complex_000387,16,-8.81845
control_r0,complex_000148,complex_000387,17,-8.46955
control_r0,complex_000148,complex_000387,18,-8.93735
control_r0,complex_000148,complex_000387,19,-8.03033
control_r0,complex_000145,complex_000506,0,-6.41969
control_r0,complex_000145,complex_000506,1,-5.51765
control_r0,complex_000145,complex_000506,2,-5.7805
control_r0,complex_000145,complex_000506,3,-6.56113
control_r0,complex_000145,complex_000506,4,-5.835
control_r0,complex_000145,complex_000506,5,-8.72817
control_r0,complex_000145,complex_000506,6,-4.84179
control_r0,complex_000145,complex_000506,7,-6.04618
control_r0,complex_000145,complex_000506,8,-6.79196
control_r0,complex_000145,complex_000506,9,-6.54195
control_r0,complex_000145,complex_000506,10,-7.52531
control_r0,complex_000145,complex_000506,11,-5.92808
control_r0,complex_000145,complex_000506,12,-6.4446
control_r0,complex_000145,complex_000506,13,-7.53309
control_r0,complex_000145,complex_000506,14,-7.18264
control_r0,complex_000145,complex_000506,15,-7.19379
control_r0,complex_000145,complex_000506,16,-5.98444
control_r0,complex_000145,complex_000506,17,-6.10059
control_r0,complex_000145,complex_000506,18,-5.4901
control_r0,complex_000145,complex_000506,19,-6.82492
control_r0,complex_000145,complex_000177,0,-9.01341
control_r0,complex_000145,complex_000177,1,-6.40588
control_r0,complex_000145,complex_000177,2,-5.94949
control_r0,complex_000145,complex_000177,3,-6.37687
control_r0,complex_000145,complex_000177,4,-6.20184
control_r0,complex_000145,complex_000177,5,-9.6286
control_r0,complex_000145,complex_000177,6,-6.10195
control_r0,complex_000145,complex_000177,7,-6.52055
control_r0,complex_000145,complex_000177,8,-7.78522
control_r0,complex_000145,complex_000177,9,-6.72164
control_r0,complex_000145,complex_000177,10,-9.16656
control_r0,complex_000145,complex_000177,11,-8.43937
control_r0,complex_000145,complex_000177,12,-6.53739
control_r0,complex_000145,complex_000177,13,-8.76575
control_r0,complex_000145,complex_000177,14,-8.82275
control_r0,complex_000145,complex_000177,15,-8.77586
control_r0,complex_000145,complex_000177,16,-7.10454
control_r0,complex_000145,complex_000177,17,-7.66217
control_r0,complex_000145,complex_000177,18,-7.54148
control_r0,complex_000145,complex_000177,19,-9.44631
control_r0,complex_000145,complex_000382,0,-7.71668
control_r0,complex_000145,complex_000382,1,-6.07505
control_r0,complex_000145,complex_000382,2,-6.20987
control_r0,complex_000145,complex_000382,3,-6.91714
control_r0,complex_000145,complex_000382,4,-6.49154
control_r0,complex_000145,complex_000382,5,-11.69929
control_r0,complex_000145,complex_000382,6,-6.21179
control_r0,complex_000145,complex_000382,7,-6.90141
control_r0,complex_000145,complex_000382,8,-9.5069
control_r0,complex_000145,complex_000382,9,-8.03143
control_r0,complex_000145,complex_000382,10,-9.36581
control_r0,complex_000145,complex_000382,11,-9.54889
control_r0,complex_000145,complex_000382,12,-6.5908
control_r0,complex_000145,complex_000382,13,-8.86086
control_r0,complex_000145,complex_000382,14,-9.13549
control_r0,complex_000145,complex_000382,15,-8.17714
control_r0,complex_000145,complex_000382,16,-8.2477
control_r0,complex_000145,complex_000382,17,-8.61216
control_r0,complex_000145,complex_000382,18,-9.07993
control_r0,complex_000145,complex_000382,19,-9.64241
control_r0,complex_000141,complex_000394,0,-7.57061
control_r0,complex_000141,complex_000394,1,-7.15735
control_r0,complex_000141,complex_000394,2,-7.44259
control_r0,complex_000141,complex_000394,3,-7.9896
control_r0,complex_000141,complex_000394,4,-8.55057
control_r0,complex_000141,complex_000394,5,-6.83405
control_r0,complex_000141,complex_000394,6,-7.09161
control_r0,complex_000141,complex_000394,7,-9.16223
control_r0,complex_000141,complex_000394,8,-7.92498
control_r0,complex_000141,complex_000394,9,-6.22166
control_r0,complex_000141,complex_000394,10,-7.81472
control_r0,complex_000141,complex_000394,11,-7.24919
control_r0,complex_000141,complex_000394,12,-5.03867
control_r0,complex_000141,complex_000394,13,-5.92659
control_r0,complex_000141,complex_000394,14,-8.34786
control_r0,complex_000141,complex_000394,15,-7.78942
control_r0,complex_000141,complex_000394,16,-6.49021
control_r0,complex_000141,complex_000394,17,-7.2229
control_r0,complex_000141,complex_000394,18,-5.54837
control_r0,complex_000141,complex_000394,19,-7.54651
control_r0,complex_000149,complex_000069,0,-7.93394
control_r0,complex_000149,complex_000069,1,-5.39795
control_r0,complex_000149,complex_000069,2,-9.34233
control_r0,complex_000149,complex_000069,3,-7.40664
control_r0,complex_000149,complex_000069,4,-8.05666
control_r0,complex_000149,complex_000069,5,-9.45475
control_r0,complex_000149,complex_000069,6,-8.45269
control_r0,complex_000149,complex_000069,7,-6.94144
control_r0,complex_000149,complex_000069,8,-9.67349
control_r0,complex_000149,complex_000069,9,-4.7409
control_r0,complex_000149,complex_000069,10,-6.178
control_r0,complex_000149,complex_000069,11,-6.2074
control_r0,complex_000149,complex_000069,12,-7.9318
control_r0,complex_000149,complex_000069,13,-8.5766
control_r0,complex_000149,complex_000069,14,-6.31703
control_r0,complex_000149,complex_000069,15,-7.24078
control_r0,complex_000149,complex_000069,16,-5.51566
control_r0,complex_000149,complex_000069,17,-6.88887
control_r0,complex_000149,complex_000069,18,-7.76703
control_r0,complex_000149,complex_000069,19,-7.08794
control_r0,complex_000149,complex_000149,0,-7.35113
control_r0,complex_000149,complex_000149,1,-6.16417
control_r0,complex_000149,complex_000149,2,-10.27204
control_r0,complex_000149,complex_000149,3,-7.25379
control_r0,complex_000149,complex_000149,4,-8.09232
control_r0,complex_000149,complex_000149,5,-6.58579
control_r0,complex_000149,complex_000149,6,-8.55122
control_r0,complex_000149,complex_000149,7,-7.91709
control_r0,complex_000149,complex_000149,8,-9.65743
control_r0,complex_000149,complex_000149,9,-5.33143
control_r0,complex_000149,complex_000149,10,-7.653
control_r0,complex_000149,complex_000149,11,-6.70597
control_r0,complex_000149,complex_000149,12,-7.5172
control_r0,complex_000149,complex_000149,13,-8.17931
control_r0,complex_000149,complex_000149,14,-6.91156
control_r0,complex_000149,complex_000149,15,-8.39171
control_r0,complex_000149,complex_000149,16,-6.66364
control_r0,complex_000149,complex_000149,17,-7.8468
control_r0,complex_000149,complex_000149,18,-9.15932
control_r0,complex_000149,complex_000149,19,-8.33957
control_r0,complex_000149,complex_000305,0,-7.38842
control_r0,complex_000149,complex_000305,1,-5.09311
control_r0,complex_000149,complex_000305,2,-9.63367
control_r0,complex_000149,complex_000305,3,-8.1262
control_r0,complex_000149,complex_000305,4,-7.91949
control_r0,complex_000149,complex_000305,5,-1.21839
control_r0,complex_000149,complex_000305,6,-8.57647
control_r0,complex_000149,complex_000305,7,-6.60875
control_r0,complex_000149,complex_000305,8,-10.51489
control_r0,complex_000149,complex_000305,9,-4.57572
control_r0,complex_000149,complex_000305,10,-6.54405
control_r0,complex_000149,complex_000305,11,-6.71598
control_r0,complex_000149,complex_000305,12,-8.74948
control_r0,complex_000149,complex_000305,13,-8.65805
control_r0,complex_000149,complex_000305,14,-6.88776
control_r0,complex_000149,complex_000305,15,-7.08537
control_r0,complex_000149,complex_000305,16,-5.86164
control_r0,complex_000149,complex_000305,17,-6.83572
control_r0,complex_000149,complex_000305,18,-8.47931
control_r0,complex_000149,complex_000305,19,-7.90541
control_r0,complex_000165,complex_000193,0,-6.32235
control_r0,complex_000165,complex_000193,1,-7.5609
control_r0,complex_000165,complex_000193,2,-7.57443
control_r0,complex_000165,complex_000193,3,-7.60391
control_r0,complex_000165,complex_000193,4,-5.67553
control_r0,complex_000165,complex_000193,5,-6.38538
control_r0,complex_000165,complex_000193,6,-5.76266
control_r0,complex_000165,complex_000193,7,-7.73913
control_r0,complex_000165,complex_000193,8,-5.35092
control_r0,complex_000165,complex_000193,9,-8.38797
control_r0,complex_000165,complex_000193,10,-6.00016
control_r0,complex_000165,complex_000193,11,-5.85189
control_r0,complex_000165,complex_000193,12,-5.51268
control_r0,complex_000165,complex_000193,13,-6.08836
control_r0,complex_000165,complex_000193,14,-8.39686
control_r0,complex_000165,complex_000193,15,-5.98563
control_r0,complex_000165,complex_000193,16,-8.03676
control_r0,complex_000165,complex_000193,17,-6.87028
control_r0,complex_000165,complex_000193,18,-6.6233
control_r0,complex_000165,complex_000193,19,-5.65097
control_r0,complex_000165,complex_000177,0,-6.81931
control_r0,complex_000165,complex_000177,1,-10.18823
control_r0,complex_000165,complex_000177,2,-7.67794
control_r0,complex_000165,complex_000177,3,-7.77054
control_r0,complex_000165,complex_000177,4,-6.33416
control_r0,complex_000165,complex_000177,5,-7.43545
control_r0,complex_000165,complex_000177,6,-5.57873
control_r0,complex_000165,complex_000177,7,-8.67451
control_r0,complex_000165,complex_000177,8,-5.19457
control_r0,complex_000165,complex_000177,9,-7.64209
control_r0,complex_000165,complex_000177,10,-7.01248
control_r0,complex_000165,complex_000177,11,-6.67531
control_r0,complex_000165,complex_000177,12,-7.00019
control_r0,complex_000165,complex_000177,13,-6.15049
control_r0,complex_000165,complex_000177,14,-8.61419
control_r0,complex_000165,complex_000177,15,-6.2645
control_r0,complex_000165,complex_000177,16,-7.52268
control_r0,complex_000165,complex_000177,17,-7.25988
control_r0,complex_000165,complex_000177,18,-6.6339
control_r0,complex_000165,complex_000177,19,-6.51096
control_r0,complex_000165,complex_000149,0,-8.58427
control_r0,complex_000165,complex_000149,1,-8.14392
control_r0,complex_000165,complex_000149,2,-7.96114
control_r0,complex_000165,complex_000149,3,-8.4759
control_r0,complex_000165,complex_000149,4,-6.75241
control_r0,complex_000165,complex_000149,5,-8.34773
control_r0,complex_000165,complex_000149,6,-6.69386
control_r0,complex_000165,complex_000149,7,-8.85073
control_r0,complex_000165,complex_000149,8,-6.34863
control_r0,complex_000165,complex_000149,9,-8.97609
control_r0,complex_000165,complex_000149,10,-7.65826
control_r0,complex_000165,complex_000149,11,-8.44907
control_r0,complex_000165,complex_000149,12,-7.23795
control_r0,complex_000165,complex_000149,13,-7.19653
control_r0,complex_000165,complex_000149,14,-9.77736
control_r0,complex_000165,complex_000149,15,-7.02057
control_r0,complex_000165,complex_000149,16,-8.98828
control_r0,complex_000165,complex_000149,17,-7.93201
control_r0,complex_000165,complex_000149,18,-8.56864
control_r0,complex_000165,complex_000149,19,-8.02005
control_r0,complex_000165,complex_000165,0,-9.40308
control_r0,complex_000165,complex_000165,1,11.94964
control_r0,complex_000165,complex_000165,2,-3.39206
control_r0,complex_000165,complex_000165,3,-1.39312
control_r0,complex_000165,complex_000165,4,-3.31549
control_r0,complex_000165,complex_000165,5,-7.80737
control_r0,complex_000165,complex_000165,6,-7.20047
control_r0,complex_000165,complex_000165,7,-5.23025
control_r0,complex_000165,complex_000165,8,-6.65748
control_r0,complex_000165,complex_000165,9,-7.00126
control_r0,complex_000165,complex_000165,10,0.69235
control_r0,complex_000165,complex_000165,11,-8.64953
control_r0,complex_000165,complex_000165,12,-1.16333
control_r0,complex_000165,complex_000165,13,-8.02573
control_r0,complex_000165,complex_000165,14,-7.04861
control_r0,complex_000165,complex_000165,15,-7.74713
control_r0,complex_000165,complex_000165,16,-9.06726
control_r0,complex_000165,complex_000165,17,-10.30054
control_r0,complex_000165,complex_000165,18,-8.33158
control_r0,complex_000165,complex_000165,19,-10.09477
control_r0,complex_000170,complex_000059,0,-8.36973
control_r0,complex_000170,complex_000059,1,-7.04978
control_r0,complex_000170,complex_000059,2,-8.97165
control_r0,complex_000170,complex_000059,3,-7.21083
control_r0,complex_000170,complex_000059,4,-8.81212
control_r0,complex_000170,complex_000059,5,-5.04064
control_r0,complex_000170,complex_000059,6,-7.6587
control_r0,complex_000170,complex_000059,7,-7.46847
control_r0,complex_000170,complex_000059,8,-8.26342
control_r0,complex_000170,complex_000059,9,-4.66933
control_r0,complex_000170,complex_000059,10,-9.41868
control_r0,complex_000170,complex_000059,11,-6.15783
control_r0,complex_000170,complex_000059,12,-8.56113
control_r0,complex_000170,complex_000059,13,-6.04632
control_r0,complex_000170,complex_000059,14,-6.37834
control_r0,complex_000170,complex_000059,15,-9.16969
control_r0,complex_000170,complex_000059,16,-8.98463
control_r0,complex_000170,complex_000059,17,-7.93657
control_r0,complex_000170,complex_000059,18,-6.20778
control_r0,complex_000170,complex_000059,19,-6.93678
control_r0,complex_000177,complex_000141,0,-7.79957
control_r0,complex_000177,complex_000141,1,-7.82339
control_r0,complex_000177,complex_000141,2,-8.2404
control_r0,complex_000177,complex_000141,3,-7.28947
control_r0,complex_000177,complex_000141,4,-8.67305
control_r0,complex_000177,complex_000141,5,-7.72112
control_r0,complex_000177,complex_000141,6,-6.92628
control_r0,complex_000177,complex_000141,7,-4.76998
control_r0,complex_000177,complex_000141,8,-6.33067
control_r0,complex_000177,complex_000141,9,-8.17984
control_r0,complex_000177,complex_000141,10,-3.74561
control_r0,complex_000177,complex_000141,11,-5.43543
control_r0,complex_000177,complex_000141,12,-7.52158
control_r0,complex_000177,complex_000141,13,-7.06554
control_r0,complex_000177,complex_000141,14,-6.36919
control_r0,complex_000177,complex_000141,15,-7.22046
control_r0,complex_000177,complex_000141,16,-6.90217
control_r0,complex_000177,complex_000141,17,-8.12056
control_r0,complex_000177,complex_000141,18,-7.22863
control_r0,complex_000177,complex_000141,19,-6.19739
control_r0,complex_000177,complex_000177,0,-8.84319
control_r0,complex_000177,complex_000177,1,-8.71851
control_r0,complex_000177,complex_000177,2,-8.67675
control_r0,complex_000177,complex_000177,3,-7.52399
control_r0,complex_000177,complex_000177,4,-6.73362
control_r0,complex_000177,complex_000177,5,-8.40643
control_r0,complex_000177,complex_000177,6,-7.97977
control_r0,complex_000177,complex_000177,7,-5.12881
control_r0,complex_000177,complex_000177,8,-6.47885
control_r0,complex_000177,complex_000177,9,-8.60936
control_r0,complex_000177,complex_000177,10,-4.41033
control_r0,complex_000177,complex_000177,11,-5.96649
control_r0,complex_000177,complex_000177,12,-8.91278
control_r0,complex_000177,complex_000177,13,-7.87716
control_r0,complex_000177,complex_000177,14,-8.24203
control_r0,complex_000177,complex_000177,15,-6.57722
control_r0,complex_000177,complex_000177,16,-7.15133
control_r0,complex_000177,complex_000177,17,-7.7315
control_r0,complex_000177,complex_000177,18,-8.78901
control_r0,complex_000177,complex_000177,19,-6.35112
control_r0,complex_000179,complex_000179,0,-6.87045
control_r0,complex_000179,complex_000179,1,-10.8973
control_r0,complex_000179,complex_000179,2,-10.06318
control_r0,complex_000179,complex_000179,3,-10.18618
control_r0,complex_000179,complex_000179,4,-5.94193
control_r0,complex_000179,complex_000179,5,-10.48668
control_r0,complex_000179,complex_000179,6,-7.59931
control_r0,complex_000179,complex_000179,7,-9.46686
control_r0,complex_000179,complex_000179,8,-9.70293
control_r0,complex_000179,complex_000179,9,-6.15507
control_r0,complex_000179,complex_000179,10,-6.32632
control_r0,complex_000179,complex_000179,11,-7.69448
control_r0,complex_000179,complex_000179,12,-9.6438
control_r0,complex_000179,complex_000179,13,-6.59985
control_r0,complex_000179,complex_000179,14,-7.24924
control_r0,complex_000179,complex_000179,15,-9.49271
control_r0,complex_000179,complex_000179,16,-10.44308
control_r0,complex_000179,complex_000179,17,-6.84042
control_r0,complex_000179,complex_000179,18,-6.30192
control_r0,complex_000179,complex_000179,19,-9.5869
control_r0,complex_000170,complex_000170,0,-10.59315
control_r0,complex_000170,complex_000170,1,-4.38869
control_r0,complex_000170,complex_000170,2,-9.96447
control_r0,complex_000170,complex_000170,3,-9.45338
control_r0,complex_000170,complex_000170,4,-10.03516
control_r0,complex_000170,complex_000170,5,-5.52753
control_r0,complex_000170,complex_000170,6,-9.28675
control_r0,complex_000170,complex_000170,7,-8.98885
control_r0,complex_000170,complex_000170,8,-5.61962
control_r0,complex_000170,complex_000170,9,-4.86258
control_r0,complex_000170,complex_000170,10,-9.8562
control_r0,complex_000170,complex_000170,11,-7.64213
control_r0,complex_000170,complex_000170,12,-9.83018
control_r0,complex_000170,complex_000170,13,-6.84403
control_r0,complex_000170,complex_000170,14,-7.40356
control_r0,complex_000170,complex_000170,15,-5.25429
control_r0,complex_000170,complex_000170,16,-2.01308
control_r0,complex_000170,complex_000170,17,-10.34258
control_r0,complex_000170,complex_000170,18,-7.23368
control_r0,complex_000170,complex_000170,19,-7.84015
control_r0,complex_000170,complex_000456,0,-8.76256
control_r0,complex_000170,complex_000456,1,-6.73583
control_r0,complex_000170,complex_000456,2,-8.45237
control_r0,complex_000170,complex_000456,3,-7.45176
control_r0,complex_000170,complex_000456,4,-7.66759
control_r0,complex_000170,complex_000456,5,-4.73747
control_r0,complex_000170,complex_000456,6,-7.18558
control_r0,complex_000170,complex_000456,7,-6.75157
control_r0,complex_000170,complex_000456,8,-7.17187
control_r0,complex_000170,complex_000456,9,-4.28677
control_r0,complex_000170,complex_000456,10,-8.78306
control_r0,complex_000170,complex_000456,11,-6.03171
control_r0,complex_000170,complex_000456,12,-7.11374
control_r0,complex_000170,complex_000456,13,-5.72315
control_r0,complex_000170,complex_000456,14,-5.70356
control_r0,complex_000170,complex_000456,15,-7.71071
control_r0,complex_000170,complex_000456,16,-8.4215
control_r0,complex_000170,complex_000456,17,-7.22234
control_r0,complex_000170,complex_000456,18,-5.18553
control_r0,complex_000170,complex_000456,19,-6.88893
control_r0,complex_000170,complex_000506,0,-6.85863
control_r0,complex_000170,complex_000506,1,-6.3844
control_r0,complex_000170,complex_000506,2,-8.23565
control_r0,complex_000170,complex_000506,3,-5.93766
control_r0,complex_000170,complex_000506,4,-6.03287
control_r0,complex_000170,complex_000506,5,-5.26038
control_r0,complex_000170,complex_000506,6,-6.68126
control_r0,complex_000170,complex_000506,7,-5.73406
control_r0,complex_000170,complex_000506,8,-6.9841
control_r0,complex_000170,complex_000506,9,-5.12667
control_r0,complex_000170,complex_000506,10,-7.49954
control_r0,complex_000170,complex_000506,11,-5.42682
control_r0,complex_000170,complex_000506,12,-7.026
control_r0,complex_000170,complex_000506,13,-5.68826
control_r0,complex_000170,complex_000506,14,-4.94002
control_r0,complex_000170,complex_000506,15,-5.94719
control_r0,complex_000170,complex_000506,16,-6.77291
control_r0,complex_000170,complex_000506,17,-6.55478
control_r0,complex_000170,complex_000506,18,-5.12695
control_r0,complex_000170,complex_000506,19,-5.34092
control_r0,complex_000191,complex_000145,0,-6.87385
control_r0,complex_000191,complex_000145,1,-5.8837
control_r0,complex_000191,complex_000145,2,-3.95204
control_r0,complex_000191,complex_000145,3,-6.16607
control_r0,complex_000191,complex_000145,4,-6.08429
control_r0,complex_000191,complex_000145,5,-4.65858
control_r0,complex_000191,complex_000145,6,-5.31665
control_r0,complex_000191,complex_000145,7,-5.50287
control_r0,complex_000191,complex_000145,8,-6.16925
control_r0,complex_000191,complex_000145,9,-5.08375
control_r0,complex_000191,complex_000145,10,-4.28069
control_r0,complex_000191,complex_000145,11,-4.53629
control_r0,complex_000191,complex_000145,12,-6.0867
control_r0,complex_000191,complex_000145,13,-4.70762
control_r0,complex_000191,complex_000145,14,-4.47469
control_r0,complex_000191,complex_000145,15,-3.78394
control_r0,complex_000191,complex_000145,16,-5.5177
control_r0,complex_000191,complex_000145,17,-5.04542
control_r0,complex_000191,complex_000145,18,-3.65543
control_r0,complex_000191,complex_000145,19,-3.86567
control_r0,complex_000191,complex_000191,0,-6.66988
control_r0,complex_000191,complex_000191,1,-5.58611
control_r0,complex_000191,complex_000191,2,-4.14606
control_r0,complex_000191,complex_000191,3,-7.317
control_r0,complex_000191,complex_000191,4,-5.84721
control_r0,complex_000191,complex_000191,5,-5.05952
control_r0,complex_000191,complex_000191,6,-5.0841
control_r0,complex_000191,complex_000191,7,-5.46901
control_r0,complex_000191,complex_000191,8,-5.91971
control_r0,complex_000191,complex_000191,9,-5.96265
control_r0,complex_000191,complex_000191,10,-5.4988
control_r0,complex_000191,complex_000191,11,-5.68565
control_r0,complex_000191,complex_000191,12,-7.46995
control_r0,complex_000191,complex_000191,13,-5.51853
control_r0,complex_000191,complex_000191,14,-3.78509
control_r0,complex_000191,complex_000191,15,-4.7587
control_r0,complex_000191,complex_000191,16,-5.37795
control_r0,complex_000191,complex_000191,17,-4.65473
control_r0,complex_000191,complex_000191,18,-4.33164
control_r0,complex_000191,complex_000191,19,-3.89758
control_r0,complex_000149,complex_000394,0,-7.0843
control_r0,complex_000149,complex_000394,1,-5.51502
control_r0,complex_000149,complex_000394,2,-6.99662
control_r0,complex_000149,complex_000394,3,-7.42172
control_r0,complex_000149,complex_000394,4,-7.9408
control_r0,complex_000149,complex_000394,5,-3.98517
control_r0,complex_000149,complex_000394,6,-8.10526
control_r0,complex_000149,complex_000394,7,-6.17703
control_r0,complex_000149,complex_000394,8,-8.88645
control_r0,complex_000149,complex_000394,9,-4.7628
control_r0,complex_000149,complex_000394,10,-5.83122
control_r0,complex_000149,complex_000394,11,-5.74514
control_r0,complex_000149,complex_000394,12,-7.30991
control_r0,complex_000149,complex_000394,13,-8.10278
control_r0,complex_000149,complex_000394,14,-5.85951
control_r0,complex_000149,complex_000394,15,-7.19848
control_r0,complex_000149,complex_000394,16,-6.1174
control_r0,complex_000149,complex_000394,17,-6.74574
control_r0,complex_000149,complex_000394,18,-7.75252
control_r0,complex_000149,complex_000394,19,-6.61467
control_r0,complex_000191,complex_000472,0,-9.43241
control_r0,complex_000191,complex_000472,1,-7.66799
control_r0,complex_000191,complex_000472,2,-5.87012
control_r0,complex_000191,complex_000472,3,-9.92322
control_r0,complex_000191,complex_000472,4,-8.77633
control_r0,complex_000191,complex_000472,5,-6.83661
control_r0,complex_000191,complex_000472,6,-7.64788
control_r0,complex_000191,complex_000472,7,-7.73256
control_r0,complex_000191,complex_000472,8,-8.4997
control_r0,complex_000191,complex_000472,9,-7.1466
control_r0,complex_000191,complex_000472,10,-6.52497
control_r0,complex_000191,complex_000472,11,-6.23619
control_r0,complex_000191,complex_000472,12,-8.91085
control_r0,complex_000191,complex_000472,13,-6.31146
control_r0,complex_000191,complex_000472,14,-6.10426
control_r0,complex_000191,complex_000472,15,-5.13094
control_r0,complex_000191,complex_000472,16,-7.56839
control_r0,complex_000191,complex_000472,17,-6.49428
control_r0,complex_000191,complex_000472,18,-5.26009
control_r0,complex_000191,complex_000472,19,-5.22266
control_r0,complex_000177,complex_000305,0,-10.74904
control_r0,complex_000177,complex_000305,1,-8.52162
control_r0,complex_000177,complex_000305,2,-10.46658
control_r0,complex_000177,complex_000305,3,-7.97942
control_r0,complex_000177,complex_000305,4,-6.66756
control_r0,complex_000177,complex_000305,5,-9.40354
control_r0,complex_000177,complex_000305,6,-8.76588
control_r0,complex_000177,complex_000305,7,-4.88112
control_r0,complex_000177,complex_000305,8,-7.4695
control_r0,complex_000177,complex_000305,9,-9.47512
control_r0,complex_000177,complex_000305,10,-4.94384
control_r0,complex_000177,complex_000305,11,-6.89262
control_r0,complex_000177,complex_000305,12,-9.11386
control_r0,complex_000177,complex_000305,13,-11.14812
control_r0,complex_000177,complex_000305,14,-8.22867
control_r0,complex_000177,complex_000305,15,-8.91782
control_r0,complex_000177,complex_000305,16,-7.4458
control_r0,complex_000177,complex_000305,17,-7.99663
control_r0,complex_000177,complex_000305,18,-7.12262
control_r0,complex_000177,complex_000305,19,-7.06739
control_r0,complex_000179,complex_000266,0,-5.53697
control_r0,complex_000179,complex_000266,1,-9.21765
control_r0,complex_000179,complex_000266,2,-9.33246
control_r0,complex_000179,complex_000266,3,-8.80018
control_r0,complex_000179,complex_000266,4,-5.88374
control_r0,complex_000179,complex_000266,5,-9.67918
control_r0,complex_000179,complex_000266,6,-6.74589
control_r0,complex_000179,complex_000266,7,-8.2421
control_r0,complex_000179,complex_000266,8,-8.71259
control_r0,complex_000179,complex_000266,9,-5.85893
control_r0,complex_000179,complex_000266,10,-6.15044
control_r0,complex_000179,complex_000266,11,-6.86511
control_r0,complex_000179,complex_000266,12,-10.2302
control_r0,complex_000179,complex_000266,13,-5.9114
control_r0,complex_000179,complex_000266,14,-6.71149
control_r0,complex_000179,complex_000266,15,-9.06001
control_r0,complex_000179,complex_000266,16,-9.58376
control_r0,complex_000179,complex_000266,17,-5.9908
control_r0,complex_000179,complex_000266,18,-5.91969
control_r0,complex_000179,complex_000266,19,-8.30689
control_r0,complex_000177,complex_000374,0,-8.32977
control_r0,complex_000177,complex_000374,1,-8.59988
control_r0,complex_000177,complex_000374,2,-9.87783
control_r0,complex_000177,complex_000374,3,-7.71514
control_r0,complex_000177,complex_000374,4,-6.34336
control_r0,complex_000177,complex_000374,5,-8.52849
control_r0,complex_000177,complex_000374,6,-9.03061
control_r0,complex_000177,complex_000374,7,-4.56176
control_r0,complex_000177,complex_000374,8,-6.77033
control_r0,complex_000177,complex_000374,9,-8.84969
control_r0,complex_000177,complex_000374,10,-4.60786
control_r0,complex_000177,complex_000374,11,-6.43757
control_r0,complex_000177,complex_000374,12,-8.4232
control_r0,complex_000177,complex_000374,13,-9.11981
control_r0,complex_000177,complex_000374,14,-8.17388
control_r0,complex_000177,complex_000374,15,-7.73797
control_r0,complex_000177,complex_000374,16,-6.92048
control_r0,complex_000177,complex_000374,17,-7.36796
control_r0,complex_000177,complex_000374,18,-7.53547
control_r0,complex_000177,complex_000374,19,-6.72624
control_r0,complex_000193,complex_000193,0,-7.71018
control_r0,complex_000193,complex_000193,1,-5.9736
control_r0,complex_000193,complex_000193,2,-6.21008
control_r0,complex_000193,complex_000193,3,-6.79408
control_r0,complex_000193,complex_000193,4,-6.46193
control_r0,complex_000193,complex_000193,5,-6.51203
control_r0,complex_000193,complex_000193,6,-5.15739
control_r0,complex_000193,complex_000193,7,-6.72891
control_r0,complex_000193,complex_000193,8,-6.0261
control_r0,complex_000193,complex_000193,9,-5.14588
control_r0,complex_000193,complex_000193,10,-8.42465
control_r0,complex_000193,complex_000193,11,-6.51485
control_r0,complex_000193,complex_000193,12,-6.79986
control_r0,complex_000193,complex_000193,13,-5.37765
control_r0,complex_000193,complex_000193,14,-5.1736
control_r0,complex_000193,complex_000193,15,-6.72275
control_r0,complex_000193,complex_000193,16,-5.66142
control_r0,complex_000193,complex_000193,17,-5.77753
control_r0,complex_000193,complex_000193,18,-4.16443
control_r0,complex_000193,complex_000193,19,-7.87457
control_r0,complex_000179,complex_000305,0,-6.00595
control_r0,complex_000179,complex_000305,1,-8.91184
control_r0,complex_000179,complex_000305,2,-9.53774
control_r0,complex_000179,complex_000305,3,-8.98483
control_r0,complex_000179,complex_000305,4,-6.06758
control_r0,complex_000179,complex_000305,5,-10.47637
control_r0,complex_000179,complex_000305,6,-8.00986
control_r0,complex_000179,complex_000305,7,-8.74459
control_r0,complex_000179,complex_000305,8,-9.11629
control_r0,complex_000179,complex_000305,9,-5.2928
control_r0,complex_000179,complex_000305,10,-6.40693
control_r0,complex_000179,complex_000305,11,-7.61337
control_r0,complex_000179,complex_000305,12,-11.81908
control_r0,complex_000179,complex_000305,13,-6.62775
control_r0,complex_000179,complex_000305,14,-7.2492
control_r0,complex_000179,complex_000305,15,-10.10381
control_r0,complex_000179,complex_000305,16,-7.87269
control_r0,complex_000179,complex_000305,17,-6.47429
control_r0,complex_000179,complex_000305,18,-6.14712
control_r0,complex_000179,complex_000305,19,-9.14507
control_r0,complex_000191,complex_000149,0,-8.98546
control_r0,complex_000191,complex_000149,1,-8.36654
control_r0,complex_000191,complex_000149,2,-5.65753
control_r0,complex_000191,complex_000149,3,-8.66808
control_r0,complex_000191,complex_000149,4,-7.53136
control_r0,complex_000191,complex_000149,5,-6.38907
control_r0,complex_000191,complex_000149,6,-7.86743
control_r0,complex_000191,complex_000149,7,-7.5558
control_r0,complex_000191,complex_000149,8,-8.26306
control_r0,complex_000191,complex_000149,9,-7.08679
control_r0,complex_000191,complex_000149,10,-5.90613
control_r0,complex_000191,complex_000149,11,-6.7663
control_r0,complex_000191,complex_000149,12,-8.58502
control_r0,complex_000191,complex_000149,13,-6.37676
control_r0,complex_000191,complex_000149,14,-5.95353
control_r0,complex_000191,complex_000149,15,-5.91014
control_r0,complex_000191,complex_000149,16,-7.49354
control_r0,complex_000191,complex_000149,17,-6.93276
control_r0,complex_000191,complex_000149,18,-5.18906
control_r0,complex_000191,complex_000149,19,-5.17768
control_r0,complex_000193,complex_000059,0,-9.16409
control_r0,complex_000193,complex_000059,1,-6.29198
control_r0,complex_000193,complex_000059,2,-6.45402
control_r0,complex_000193,complex_000059,3,-7.50998
control_r0,complex_000193,complex_000059,4,-7.05598
control_r0,complex_000193,complex_000059,5,-8.2881
control_r0,complex_000193,complex_000059,6,-5.36118
control_r0,complex_000193,complex_000059,7,-7.70122
control_r0,complex_000193,complex_000059,8,-6.40125
control_r0,complex_000193,complex_000059,9,-6.09113
control_r0,complex_000193,complex_000059,10,-8.95579
control_r0,complex_000193,complex_000059,11,-6.54001
control_r0,complex_000193,complex_000059,12,-7.78893
control_r0,complex_000193,complex_000059,13,-5.38681
control_r0,complex_000193,complex_000059,14,-5.75662
control_r0,complex_000193,complex_000059,15,-6.71193
control_r0,complex_000193,complex_000059,16,-5.50649
control_r0,complex_000193,complex_000059,17,-6.89041
control_r0,complex_000193,complex_000059,18,-4.0099
control_r0,complex_000193,complex_000059,19,-7.81492
control_r0,complex_000193,complex_000335,0,-6.99788
control_r0,complex_000193,complex_000335,1,-5.06128
control_r0,complex_000193,complex_000335,2,-4.95415
control_r0,complex_000193,complex_000335,3,-5.95791
control_r0,complex_000193,complex_000335,4,-5.86145
control_r0,complex_000193,complex_000335,5,-6.52289
control_r0,complex_000193,complex_000335,6,-4.72457
control_r0,complex_000193,complex_000335,7,-5.90965
control_r0,complex_000193,complex_000335,8,-5.4449
control_r0,complex_000193,complex_000335,9,-4.72898
control_r0,complex_000193,complex_000335,10,-7.41899
control_r0,complex_000193,complex_000335,11,-5.5354
control_r0,complex_000193,complex_000335,12,-5.9733
control_r0,complex_000193,complex_000335,13,-4.4137
control_r0,complex_000193,complex_000335,14,-5.07298
control_r0,complex_000193,complex_000335,15,-5.52003
control_r0,complex_000193,complex_000335,16,-4.9021
control_r0,complex_000193,complex_000335,17,-5.18882
control_r0,complex_000193,complex_000335,18,-3.39354
control_r0,complex_000193,complex_000335,19,-6.73637
control_r0,complex_000193,complex_000051,0,-7.84
control_r0,complex_000193,complex_000051,1,-5.65476
control_r0,complex_000193,complex_000051,2,-6.17499
control_r0,complex_000193,complex_000051,3,-6.93193
control_r0,complex_000193,complex_000051,4,-6.60264
control_r0,complex_000193,complex_000051,5,-7.72165
control_r0,complex_000193,complex_000051,6,-5.27305
control_r0,complex_000193,complex_000051,7,-7.39364
control_r0,complex_000193,complex_000051,8,-6.04714
control_r0,complex_000193,complex_000051,9,-5.82745
control_r0,complex_000193,complex_000051,10,-8.27817
control_r0,complex_000193,complex_000051,11,-6.15451
control_r0,complex_000193,complex_000051,12,-6.75129
control_r0,complex_000193,complex_000051,13,-5.11669
control_r0,complex_000193,complex_000051,14,-5.0707
control_r0,complex_000193,complex_000051,15,-6.86101
control_r0,complex_000193,complex_000051,16,-5.0399
control_r0,complex_000193,complex_000051,17,-6.11428
control_r0,complex_000193,complex_000051,18,-3.56421
control_r0,complex_000193,complex_000051,19,-7.73616
control_r0,complex_000223,complex_000223,0,-7.77165
control_r0,complex_000223,complex_000223,1,-5.99947
control_r0,complex_000223,complex_000223,2,-2.93356
control_r0,complex_000223,complex_000223,3,-5.18161
control_r0,complex_000223,complex_000223,4,-2.86414
control_r0,complex_000223,complex_000223,5,-5.33229
control_r0,complex_000223,complex_000223,6,-4.07896
control_r0,complex_000223,complex_000223,7,-5.03538
control_r0,complex_000223,complex_000223,8,-5.37613
control_r0,complex_000223,complex_000223,9,-5.17628
control_r0,complex_000223,complex_000223,10,-3.69516
control_r0,complex_000223,complex_000223,11,-3.81257
control_r0,complex_000223,complex_000223,12,-3.80207
control_r0,complex_000223,complex_000223,13,-5.92855
control_r0,complex_000223,complex_000223,14,-3.15159
control_r0,complex_000223,complex_000223,15,-5.26771
control_r0,complex_000223,complex_000223,16,-4.86142
control_r0,complex_000223,complex_000223,17,-4.41039
control_r0,complex_000223,complex_000223,18,-4.6446
control_r0,complex_000223,complex_000223,19,-4.91464
control_r0,complex_000179,complex_000165,0,-6.16223
control_r0,complex_000179,complex_000165,1,-4.05053
control_r0,complex_000179,complex_000165,2,-6.1383
control_r0,complex_000179,complex_000165,3,4.75984
control_r0,complex_000179,complex_000165,4,-6.43513
control_r0,complex_000179,complex_000165,5,-4.49573
control_r0,complex_000179,complex_000165,6,-6.57777
control_r0,complex_000179,complex_000165,7,-4.86714
control_r0,complex_000179,complex_000165,8,-3.48714
control_r0,complex_000179,complex_000165,9,-7.85709
control_r0,complex_000179,complex_000165,10,-7.08287
control_r0,complex_000179,complex_000165,11,-6.29054
control_r0,complex_000179,complex_000165,12,-4.49407
control_r0,complex_000179,complex_000165,13,-7.11849
control_r0,complex_000179,complex_000165,14,-7.57577
control_r0,complex_000179,complex_000165,15,-5.15676
control_r0,complex_000179,complex_000165,16,-0.07111
control_r0,complex_000179,complex_000165,17,-5.81211
control_r0,complex_000179,complex_000165,18,-7.3862
control_r0,complex_000179,complex_000165,19,-4.60982
control_r0,complex_000223,complex_000149,0,-10.35279
control_r0,complex_000223,complex_000149,1,-7.67505
control_r0,complex_000223,complex_000149,2,-3.72565
control_r0,complex_000223,complex_000149,3,-7.0541
control_r0,complex_000223,complex_000149,4,-3.42825
control_r0,complex_000223,complex_000149,5,-8.96582
control_r0,complex_000223,complex_000149,6,-6.24615
control_r0,complex_000223,complex_000149,7,-6.71336
control_r0,complex_000223,complex_000149,8,-7.52313
control_r0,complex_000223,complex_000149,9,-8.94375
control_r0,complex_000223,complex_000149,10,-4.61349
control_r0,complex_000223,complex_000149,11,-5.49316
control_r0,complex_000223,complex_000149,12,-5.77633
control_r0,complex_000223,complex_000149,13,-8.7935
control_r0,complex_000223,complex_000149,14,-4.01271
control_r0,complex_000223,complex_000149,15,-7.40599
control_r0,complex_000223,complex_000149,16,-7.06351
control_r0,complex_000223,complex_000149,17,-5.12148
control_r0,complex_000223,complex_000149,18,-6.07031
control_r0,complex_000223,complex_000149,19,-6.62722
control_r0,complex_000223,complex_000403,0,-9.41804
control_r0,complex_000223,complex_000403,1,-8.02341
control_r0,complex_000223,complex_000403,2,-4.0322
control_r0,complex_000223,complex_000403,3,-6.96861
control_r0,complex_000223,complex_000403,4,-3.78588
control_r0,complex_000223,complex_000403,5,-7.43596
control_r0,complex_000223,complex_000403,6,-4.99228
control_r0,complex_000223,complex_000403,7,-6.73236
control_r0,complex_000223,complex_000403,8,-8.48938
control_r0,complex_000223,complex_000403,9,-7.65102
control_r0,complex_000223,complex_000403,10,-4.65656
control_r0,complex_000223,complex_000403,11,-4.98191
control_r0,complex_000223,complex_000403,12,-5.52315
control_r0,complex_000223,complex_000403,13,-8.18096
control_r0,complex_000223,complex_000403,14,-4.18754
control_r0,complex_000223,complex_000403,15,-7.03243
control_r0,complex_000223,complex_000403,16,-7.77584
control_r0,complex_000223,complex_000403,17,-5.48759
control_r0,complex_000223,complex_000403,18,-6.57186
control_r0,complex_000223,complex_000403,19,-6.81534
control_r0,complex_000223,complex_000177,0,-9.58231
control_r0,complex_000223,complex_000177,1,-7.44801
control_r0,complex_000223,complex_000177,2,-3.71809
control_r0,complex_000223,complex_000177,3,-7.10911
control_r0,complex_000223,complex_000177,4,-4.08855
control_r0,complex_000223,complex_000177,5,-8.1567
control_r0,complex_000223,complex_000177,6,-5.40625
control_r0,complex_000223,complex_000177,7,-6.37395
control_r0,complex_000223,complex_000177,8,-8.04646
control_r0,complex_000223,complex_000177,9,-7.84291
control_r0,complex_000223,complex_000177,10,-4.84918
control_r0,complex_000223,complex_000177,11,-5.23722
control_r0,complex_000223,complex_000177,12,-5.39974
control_r0,complex_000223,complex_000177,13,-7.10961
control_r0,complex_000223,complex_000177,14,-4.69266
control_r0,complex_000223,complex_000177,15,-7.01606
control_r0,complex_000223,complex_000177,16,-7.00935
control_r0,complex_000223,complex_000177,17,-5.41467
control_r0,complex_000223,complex_000177,18,-6.72353
control_r0,complex_000223,complex_000177,19,-6.74032
control_r0,complex_000266,complex_000266,0,-6.5825
control_r0,complex_000266,complex_000266,1,-11.15021
control_r0,complex_000266,complex_000266,2,-7.35772
control_r0,complex_000266,complex_000266,3,-8.13165
control_r0,complex_000266,complex_000266,4,-9.8952
control_r0,complex_000266,complex_000266,5,-6.8656
control_r0,complex_000266,complex_000266,6,-5.88753
control_r0,complex_000266,complex_000266,7,-6.74176
control_r0,complex_000266,complex_000266,8,-8.70627
control_r0,complex_000266,complex_000266,9,-6.00127
control_r0,complex_000266,complex_000266,10,-6.40052
control_r0,complex_000266,complex_000266,11,-5.61881
control_r0,complex_000266,complex_000266,12,-8.01428
control_r0,complex_000266,complex_000266,13,-7.83809
control_r0,complex_000266,complex_000266,14,-7.03766
control_r0,complex_000266,complex_000266,15,-7.49224
control_r0,complex_000266,complex_000266,16,-8.1591
control_r0,complex_000266,complex_000266,17,-8.20769
control_r0,complex_000266,complex_000266,18,-8.14342
control_r0,complex_000266,complex_000266,19,-7.1414
control_r0,complex_000266,complex_000292,0,-5.27947
control_r0,complex_000266,complex_000292,1,-8.45911
control_r0,complex_000266,complex_000292,2,-6.24312
control_r0,complex_000266,complex_000292,3,-7.1355
control_r0,complex_000266,complex_000292,4,-7.46549
control_r0,complex_000266,complex_000292,5,-6.13255
control_r0,complex_000266,complex_000292,6,-5.33047
control_r0,complex_000266,complex_000292,7,-5.23084
control_r0,complex_000266,complex_000292,8,-7.18451
control_r0,complex_000266,complex_000292,9,-4.97789
control_r0,complex_000266,complex_000292,10,-5.32797
control_r0,complex_000266,complex_000292,11,-4.50121
control_r0,complex_000266,complex_000292,12,-6.49712
control_r0,complex_000266,complex_000292,13,-6.00592
control_r0,complex_000266,complex_000292,14,-5.54692
control_r0,complex_000266,complex_000292,15,-6.12497
control_r0,complex_000266,complex_000292,16,-6.82445
control_r0,complex_000266,complex_000292,17,-6.6302
control_r0,complex_000266,complex_000292,18,-7.31872
control_r0,complex_000266,complex_000292,19,-6.6254
control_r0,complex_000266,complex_000085,0,-6.39792
control_r0,complex_000266,complex_000085,1,-10.71776
control_r0,complex_000266,complex_000085,2,-8.46831
control_r0,complex_000266,complex_000085,3,-9.34469
control_r0,complex_000266,complex_000085,4,-10.58324
control_r0,complex_000266,complex_000085,5,-6.90647
control_r0,complex_000266,complex_000085,6,-5.29192
control_r0,complex_000266,complex_000085,7,-5.47254
control_r0,complex_000266,complex_000085,8,-9.76207
control_r0,complex_000266,complex_000085,9,-5.69099
control_r0,complex_000266,complex_000085,10,-6.80539
control_r0,complex_000266,complex_000085,11,-5.18863
control_r0,complex_000266,complex_000085,12,-7.55643
control_r0,complex_000266,complex_000085,13,-7.59631
control_r0,complex_000266,complex_000085,14,-7.33788
control_r0,complex_000266,complex_000085,15,-7.83769
control_r0,complex_000266,complex_000085,16,-7.81152
control_r0,complex_000266,complex_000085,17,-8.36167
control_r0,complex_000266,complex_000085,18,-9.00358
control_r0,complex_000266,complex_000085,19,-7.59149
control_r0,complex_000266,complex_000456,0,-5.96309
control_r0,complex_000266,complex_000456,1,-9.82888
control_r0,complex_000266,complex_000456,2,-7.85326
control_r0,complex_000266,complex_000456,3,-8.14219
control_r0,complex_000266,complex_000456,4,-9.02119
control_r0,complex_000266,complex_000456,5,-6.28431
control_r0,complex_000266,complex_000456,6,-5.76413
control_r0,complex_000266,complex_000456,7,-5.8791
control_r0,complex_000266,complex_000456,8,-8.01812
control_r0,complex_000266,complex_000456,9,-5.62859
control_r0,complex_000266,complex_000456,10,-6.13468
control_r0,complex_000266,complex_000456,11,-4.67932
control_r0,complex_000266,complex_000456,12,-7.60141
control_r0,complex_000266,complex_000456,13,-6.81345
control_r0,complex_000266,complex_000456,14,-6.5453
control_r0,complex_000266,complex_000456,15,-7.29164
control_r0,complex_000266,complex_000456,16,-7.52406
control_r0,complex_000266,complex_000456,17,-7.49285
control_r0,complex_000266,complex_000456,18,-7.93307
control_r0,complex_000266,complex_000456,19,-7.01649
control_r0,complex_000292,complex_000292,0,-4.71893
control_r0,complex_000292,complex_000292,1,-5.02324
control_r0,complex_000292,complex_000292,2,-5.69954
control_r0,complex_000292,complex_000292,3,-7.81526
control_r0,complex_000292,complex_000292,4,-7.48861
control_r0,complex_000292,complex_000292,5,-7.74286
control_r0,complex_000292,complex_000292,6,-6.01188
control_r0,complex_000292,complex_000292,7,-4.9222
control_r0,complex_000292,complex_000292,8,-6.18984
control_r0,complex_000292,complex_000292,9,-7.49779
control_r0,complex_000292,complex_000292,10,-5.14926
control_r0,complex_000292,complex_000292,11,-5.10924
control_r0,complex_000292,complex_000292,12,-5.64741
control_r0,complex_000292,complex_000292,13,-4.40973
control_r0,complex_000292,complex_000292,14,-7.7908
control_r0,complex_000292,complex_000292,15,-6.52587
control_r0,complex_000292,complex_000292,16,-4.81053
control_r0,complex_000292,complex_000292,17,-7.06986
control_r0,complex_000292,complex_000292,18,-6.54228
control_r0,complex_000292,complex_000292,19,-4.68098
control_r0,complex_000292,complex_000540,0,-4.80827
control_r0,complex_000292,complex_000540,1,-5.99952
control_r0,complex_000292,complex_000540,2,-5.97113
control_r0,complex_000292,complex_000540,3,-9.01008
control_r0,complex_000292,complex_000540,4,-8.59095
control_r0,complex_000292,complex_000540,5,-7.78036
control_r0,complex_000292,complex_000540,6,-6.51753
control_r0,complex_000292,complex_000540,7,-5.10407
control_r0,complex_000292,complex_000540,8,-7.18141
control_r0,complex_000292,complex_000540,9,-8.46393
control_r0,complex_000292,complex_000540,10,-5.66279
control_r0,complex_000292,complex_000540,11,-6.09783
control_r0,complex_000292,complex_000540,12,-5.85984
control_r0,complex_000292,complex_000540,13,-5.2149
control_r0,complex_000292,complex_000540,14,-9.14765
control_r0,complex_000292,complex_000540,15,-7.61211
control_r0,complex_000292,complex_000540,16,-5.45781
control_r0,complex_000292,complex_000540,17,-8.12839
control_r0,complex_000292,complex_000540,18,-7.18538
control_r0,complex_000292,complex_000540,19,-4.43362
control_r0,complex_000269,complex_000400,0,-4.97592
control_r0,complex_000269,complex_000400,1,-8.22736
control_r0,complex_000269,complex_000400,2,-5.79032
control_r0,complex_000269,complex_000400,3,-10.55535
control_r0,complex_000269,complex_000400,4,-11.54859
control_r0,complex_000269,complex_000400,5,-8.53256
control_r0,complex_000269,complex_000400,6,-8.22173
control_r0,complex_000269,complex_000400,7,-5.41306
control_r0,complex_000269,complex_000400,8,-8.28484
control_r0,complex_000269,complex_000400,9,-11.26874
control_r0,complex_000269,complex_000400,10,-7.42102
control_r0,complex_000269,complex_000400,11,-6.26324
control_r0,complex_000269,complex_000400,12,-6.23452
control_r0,complex_000269,complex_000400,13,-5.60034
control_r0,complex_000269,complex_000400,14,-10.49009
control_r0,complex_000269,complex_000400,15,-6.80931
control_r0,complex_000269,complex_000400,16,-6.53614
control_r0,complex_000269,complex_000400,17,-8.41045
control_r0,complex_000269,complex_000400,18,-8.49038
control_r0,complex_000269,complex_000400,19,-10.79391
control_r0,complex_000269,complex_000382,0,-5.11569
control_r0,complex_000269,complex_000382,1,-8.31229
control_r0,complex_000269,complex_000382,2,-5.38284
control_r0,complex_000269,complex_000382,3,-9.63721
control_r0,complex_000269,complex_000382,4,-10.19226
control_r0,complex_000269,complex_000382,5,-7.90481
control_r0,complex_000269,complex_000382,6,-7.58709
control_r0,complex_000269,complex_000382,7,-5.60331
control_r0,complex_000269,complex_000382,8,-7.95223
control_r0,complex_000269,complex_000382,9,-9.99405
control_r0,complex_000269,complex_000382,10,-6.79093
control_r0,complex_000269,complex_000382,11,-5.73028
control_r0,complex_000269,complex_000382,12,-6.87028
control_r0,complex_000269,complex_000382,13,-5.17125
control_r0,complex_000269,complex_000382,14,-8.14271
control_r0,complex_000269,complex_000382,15,-6.79849
control_r0,complex_000269,complex_000382,16,-7.1997
control_r0,complex_000269,complex_000382,17,-8.70121
control_r0,complex_000269,complex_000382,18,-6.6557
control_r0,complex_000269,complex_000382,19,-10.56907
control_r0,complex_000236,complex_000426,0,-8.56112
control_r0,complex_000236,complex_000426,1,-8.08533
control_r0,complex_000236,complex_000426,2,-8.40215
control_r0,complex_000236,complex_000426,3,-10.20239
control_r0,complex_000236,complex_000426,4,-8.5973
control_r0,complex_000236,complex_000426,5,-7.90551
control_r0,complex_000236,complex_000426,6,-6.96857
control_r0,complex_000236,complex_000426,7,-8.72605
control_r0,complex_000236,complex_000426,8,-8.89822
control_r0,complex_000236,complex_000426,9,-6.66389
control_r0,complex_000236,complex_000426,10,-6.27643
control_r0,complex_000236,complex_000426,11,-6.2293
control_r0,complex_000236,complex_000426,12,-6.43352
control_r0,complex_000236,complex_000426,13,-8.09876
control_r0,complex_000236,complex_000426,14,-8.65135
control_r0,complex_000236,complex_000426,15,-7.98557
control_r0,complex_000236,complex_000426,16,-8.53991
control_r0,complex_000236,complex_000426,17,-7.44412
control_r0,complex_000236,complex_000426,18,-5.70565
control_r0,complex_000236,complex_000426,19,-7.60008
control_r0,complex_000292,complex_000177,0,-6.01648
control_r0,complex_000292,complex_000177,1,-6.83539
control_r0,complex_000292,complex_000177,2,-6.44473
control_r0,complex_000292,complex_000177,3,-9.03498
control_r0,complex_000292,complex_000177,4,-9.21497
control_r0,complex_000292,complex_000177,5,-8.79339
control_r0,complex_000292,complex_000177,6,-6.68563
control_r0,complex_000292,complex_000177,7,-5.43459
control_r0,complex_000292,complex_000177,8,-7.40294
control_r0,complex_000292,complex_000177,9,-9.17262
control_r0,complex_000292,complex_000177,10,-5.37825
control_r0,complex_000292,complex_000177,11,-6.69171
control_r0,complex_000292,complex_000177,12,-6.19128
control_r0,complex_000292,complex_000177,13,-5.47183
control_r0,complex_000292,complex_000177,14,-9.73332
control_r0,complex_000292,complex_000177,15,-7.5598
control_r0,complex_000292,complex_000177,16,-5.61495
control_r0,complex_000292,complex_000177,17,-7.93412
control_r0,complex_000292,complex_000177,18,-6.76955
control_r0,complex_000292,complex_000177,19,-4.3536
control_r0,complex_000236,complex_000236,0,-9.0252
control_r0,complex_000236,complex_000236,1,-8.27311
control_r0,complex_000236,complex_000236,2,-7.72125
control_r0,complex_000236,complex_000236,3,-9.79879
control_r0,complex_000236,complex_000236,4,-8.53423
control_r0,complex_000236,complex_000236,5,-7.58184
control_r0,complex_000236,complex_000236,6,-6.82342
control_r0,complex_000236,complex_000236,7,-8.4112
control_r0,complex_000236,complex_000236,8,-8.28757
control_r0,complex_000236,complex_000236,9,-6.6033
control_r0,complex_000236,complex_000236,10,-7.20817
control_r0,complex_000236,complex_000236,11,-6.74917
control_r0,complex_000236,complex_000236,12,-7.47032
control_r0,complex_000236,complex_000236,13,-8.18808
control_r0,complex_000236,complex_000236,14,-9.06139
control_r0,complex_000236,complex_000236,15,-9.35529
control_r0,complex_000236,complex_000236,16,-7.73542
control_r0,complex_000236,complex_000236,17,-7.74259
control_r0,complex_000236,complex_000236,18,-5.7769
control_r0,complex_000236,complex_000236,19,-8.38302
control_r0,complex_000305,complex_000363,0,-6.2077
control_r0,complex_000305,complex_000363,1,-10.17898
control_r0,complex_000305,complex_000363,2,-9.47414
control_r0,complex_000305,complex_000363,3,-6.58055
control_r0,complex_000305,complex_000363,4,-6.12671
control_r0,complex_000305,complex_000363,5,-7.46784
control_r0,complex_000305,complex_000363,6,-8.18335
control_r0,complex_000305,complex_000363,7,-9.6777
control_r0,complex_000305,complex_000363,8,-7.31373
control_r0,complex_000305,complex_000363,9,-11.00282
control_r0,complex_000305,complex_000363,10,-7.92317
control_r0,complex_000305,complex_000363,11,-9.44128
control_r0,complex_000305,complex_000363,12,-9.51402
control_r0,complex_000305,complex_000363,13,-8.18085
control_r0,complex_000305,complex_000363,14,-10.71013
control_r0,complex_000305,complex_000363,15,-9.80066
control_r0,complex_000305,complex_000363,16,-5.5677
control_r0,complex_000305,complex_000363,17,-6.92863
control_r0,complex_000305,complex_000363,18,-8.27618
control_r0,complex_000305,complex_000363,19,-9.53511
control_r0,complex_000269,complex_000140,0,-4.45312
control_r0,complex_000269,complex_000140,1,-8.44108
control_r0,complex_000269,complex_000140,2,-5.66576
control_r0,complex_000269,complex_000140,3,-9.05052
control_r0,complex_000269,complex_000140,4,-9.57025
control_r0,complex_000269,complex_000140,5,-8.36601
control_r0,complex_000269,complex_000140,6,-7.90358
control_r0,complex_000269,complex_000140,7,-4.99776
control_r0,complex_000269,complex_000140,8,-7.2736
control_r0,complex_000269,complex_000140,9,-9.77789
control_r0,complex_000269,complex_000140,10,-7.00991
control_r0,complex_000269,complex_000140,11,-5.9283
control_r0,complex_000269,complex_000140,12,-6.56373
control_r0,complex_000269,complex_000140,13,-5.39021
control_r0,complex_000269,complex_000140,14,-8.75325
control_r0,complex_000269,complex_000140,15,-6.86
control_r0,complex_000269,complex_000140,16,-7.30492
control_r0,complex_000269,complex_000140,17,-7.84989
control_r0,complex_000269,complex_000140,18,-7.65263
control_r0,complex_000269,complex_000140,19,-10.67741
control_r0,complex_000236,complex_000059,0,-9.81409
control_r0,complex_000236,complex_000059,1,-8.54445
control_r0,complex_000236,complex_000059,2,-8.88406
control_r0,complex_000236,complex_000059,3,-9.64994
control_r0,complex_000236,complex_000059,4,-8.98549
control_r0,complex_000236,complex_000059,5,-8.64347
control_r0,complex_000236,complex_000059,6,-7.05113
control_r0,complex_000236,complex_000059,7,-8.94252
control_r0,complex_000236,complex_000059,8,-8.51294
control_r0,complex_000236,complex_000059,9,-7.61171
control_r0,complex_000236,complex_000059,10,-7.05582
control_r0,complex_000236,complex_000059,11,-7.74821
control_r0,complex_000236,complex_000059,12,-7.39165
control_r0,complex_000236,complex_000059,13,-8.23432
control_r0,complex_000236,complex_000059,14,-8.74065
control_r0,complex_000236,complex_000059,15,-9.26266
control_r0,complex_000236,complex_000059,16,-8.62231
control_r0,complex_000236,complex_000059,17,-8.54241
control_r0,complex_000236,complex_000059,18,-6.09622
control_r0,complex_000236,complex_000059,19,-9.03898
control_r0,complex_000305,complex_000305,0,-6.26686
control_r0,complex_000305,complex_000305,1,-10.71542
control_r0,complex_000305,complex_000305,2,-8.535
control_r0,complex_000305,complex_000305,3,-6.44154
control_r0,complex_000305,complex_000305,4,-5.99269
control_r0,complex_000305,complex_000305,5,-6.72708
control_r0,complex_000305,complex_000305,6,-8.46437
control_r0,complex_000305,complex_000305,7,-9.403
control_r0,complex_000305,complex_000305,8,-7.29741
control_r0,complex_000305,complex_000305,9,-12.07036
control_r0,complex_000305,complex_000305,10,-7.91308
control_r0,complex_000305,complex_000305,11,-10.37201
control_r0,complex_000305,complex_000305,12,-9.24194
control_r0,complex_000305,complex_000305,13,-7.63805
control_r0,complex_000305,complex_000305,14,-8.81125
control_r0,complex_000305,complex_000305,15,-8.56488
control_r0,complex_000305,complex_000305,16,-6.0237
control_r0,complex_000305,complex_000305,17,-10.76878
control_r0,complex_000305,complex_000305,18,-7.50975
control_r0,complex_000305,complex_000305,19,-9.74305
control_r0,complex_000305,complex_000059,0,-5.77478
control_r0,complex_000305,complex_000059,1,-9.56246
control_r0,complex_000305,complex_000059,2,-10.14715
control_r0,complex_000305,complex_000059,3,-6.17574
control_r0,complex_000305,complex_000059,4,-5.75745
control_r0,complex_000305,complex_000059,5,-6.57982
control_r0,complex_000305,complex_000059,6,-8.34248
control_r0,complex_000305,complex_000059,7,-8.77513
control_r0,complex_000305,complex_000059,8,-6.36702
control_r0,complex_000305,complex_000059,9,-10.5635
control_r0,complex_000305,complex_000059,10,-7.27253
control_r0,complex_000305,complex_000059,11,-8.59991
control_r0,complex_000305,complex_000059,12,-9.22058
control_r0,complex_000305,complex_000059,13,-7.26134
control_r0,complex_000305,complex_000059,14,-10.0675
control_r0,complex_000305,complex_000059,15,-9.21028
control_r0,complex_000305,complex_000059,16,-5.43439
control_r0,complex_000305,complex_000059,17,-10.91417
control_r0,complex_000305,complex_000059,18,-7.73321
control_r0,complex_000305,complex_000059,19,-8.69456
control_r0,complex_000305,complex_000292,0,-5.22285
control_r0,complex_000305,complex_000292,1,-6.95471
control_r0,complex_000305,complex_000292,2,-7.11713
control_r0,complex_000305,complex_000292,3,-5.14455
control_r0,complex_000305,complex_000292,4,-5.224
control_r0,complex_000305,complex_000292,5,-5.44757
control_r0,complex_000305,complex_000292,6,-6.23342
control_r0,complex_000305,complex_000292,7,-7.30425
control_r0,complex_000305,complex_000292,8,-5.40276
control_r0,complex_000305,complex_000292,9,-8.16674
control_r0,complex_000305,complex_000292,10,-6.20154
control_r0,complex_000305,complex_000292,11,-7.14874
control_r0,complex_000305,complex_000292,12,-7.01719
control_r0,complex_000305,complex_000292,13,-6.68283
control_r0,complex_000305,complex_000292,14,-7.94292
control_r0,complex_000305,complex_000292,15,-6.72998
control_r0,complex_000305,complex_000292,16,-4.76622
control_r0,complex_000305,complex_000292,17,-8.74764
control_r0,complex_000305,complex_000292,18,-6.22823
control_r0,complex_000305,complex_000292,19,-7.24077
control_r0,complex_000292,complex_000269,0,-5.23892
control_r0,complex_000292,complex_000269,1,-5.39158
control_r0,complex_000292,complex_000269,2,-5.81699
control_r0,complex_000292,complex_000269,3,-8.07125
control_r0,complex_000292,complex_000269,4,-7.15126
control_r0,complex_000292,complex_000269,5,-7.26513
control_r0,complex_000292,complex_000269,6,-6.25947
control_r0,complex_000292,complex_000269,7,-4.9624
control_r0,complex_000292,complex_000269,8,-6.56993
control_r0,complex_000292,complex_000269,9,-7.25851
control_r0,complex_000292,complex_000269,10,-5.28341
control_r0,complex_000292,complex_000269,11,-5.37772
control_r0,complex_000292,complex_000269,12,-5.37289
control_r0,complex_000292,complex_000269,13,-5.53611
control_r0,complex_000292,complex_000269,14,-7.95427
control_r0,complex_000292,complex_000269,15,-7.11304
control_r0,complex_000292,complex_000269,16,-5.83346
control_r0,complex_000292,complex_000269,17,-6.3184
control_r0,complex_000292,complex_000269,18,-6.48123
control_r0,complex_000292,complex_000269,19,-4.63574
control_r0,complex_000236,complex_000051,0,-9.24961
control_r0,complex_000236,complex_000051,1,-8.44754
control_r0,complex_000236,complex_000051,2,-8.51332
control_r0,complex_000236,complex_000051,3,-9.21468
control_r0,complex_000236,complex_000051,4,-8.7288
control_r0,complex_000236,complex_000051,5,-7.6296
control_r0,complex_000236,complex_000051,6,-6.8507
control_r0,complex_000236,complex_000051,7,-8.0855
control_r0,complex_000236,complex_000051,8,-8.59638
control_r0,complex_000236,complex_000051,9,-6.6383
control_r0,complex_000236,complex_000051,10,-6.8165
control_r0,complex_000236,complex_000051,11,-7.18317
control_r0,complex_000236,complex_000051,12,-6.7686
control_r0,complex_000236,complex_000051,13,-7.51782
control_r0,complex_000236,complex_000051,14,-8.29253
control_r0,complex_000236,complex_000051,15,-8.144
control_r0,complex_000236,complex_000051,16,-8.02339
control_r0,complex_000236,complex_000051,17,-7.78444
control_r0,complex_000236,complex_000051,18,-5.65697
control_r0,complex_000236,complex_000051,19,-8.58439
control_r0,complex_000269,complex_000269,0,-4.8258
control_r0,complex_000269,complex_000269,1,-7.08841
control_r0,complex_000269,complex_000269,2,-5.23413
control_r0,complex_000269,complex_000269,3,-7.62643
control_r0,complex_000269,complex_000269,4,-7.49651
control_r0,complex_000269,complex_000269,5,-6.3912
control_r0,complex_000269,complex_000269,6,-6.79892
control_r0,complex_000269,complex_000269,7,-5.59835
control_r0,complex_000269,complex_000269,8,-6.55591
control_r0,complex_000269,complex_000269,9,-7.75009
control_r0,complex_000269,complex_000269,10,-5.59967
control_r0,complex_000269,complex_000269,11,-5.16072
control_r0,complex_000269,complex_000269,12,-5.13323
control_r0,complex_000269,complex_000269,13,-4.94978
control_r0,complex_000269,complex_000269,14,-7.78389
control_r0,complex_000269,complex_000269,15,-5.79591
control_r0,complex_000269,complex_000269,16,-4.9896
control_r0,complex_000269,complex_000269,17,-6.21012
control_r0,complex_000269,complex_000269,18,-6.10184
control_r0,complex_000269,complex_000269,19,-7.43602
control_r0,complex_000363,complex_000363,0,-10.72417
control_r0,complex_000363,complex_000363,1,-10.15751
control_r0,complex_000363,complex_000363,2,-6.99177
control_r0,complex_000363,complex_000363,3,-8.02836
control_r0,complex_000363,complex_000363,4,-8.08863
control_r0,complex_000363,complex_000363,5,-9.78782
control_r0,complex_000363,complex_000363,6,-10.03395
control_r0,complex_000363,complex_000363,7,-10.15941
control_r0,complex_000363,complex_000363,8,-10.39709
control_r0,complex_000363,complex_000363,9,-9.69868
control_r0,complex_000363,complex_000363,10,-7.37169
control_r0,complex_000363,complex_000363,11,-7.66103
control_r0,complex_000363,complex_000363,12,-10.20005
control_r0,complex_000363,complex_000363,13,-8.85012
control_r0,complex_000363,complex_000363,14,-9.71524
control_r0,complex_000363,complex_000363,15,-5.41025
control_r0,complex_000363,complex_000363,16,-9.44956
control_r0,complex_000363,complex_000363,17,-7.10691
control_r0,complex_000363,complex_000363,18,-10.46983
control_r0,complex_000363,complex_000363,19,-8.45124
control_r0,complex_000335,complex_000335,0,-6.7714
control_r0,complex_000335,complex_000335,1,-5.07931
control_r0,complex_000335,complex_000335,2,-5.56609
control_r0,complex_000335,complex_000335,3,-7.04659
control_r0,complex_000335,complex_000335,4,-6.47606
control_r0,complex_000335,complex_000335,5,-6.645
control_r0,complex_000335,complex_000335,6,-5.71917
control_r0,complex_000335,complex_000335,7,-7.16306
control_r0,complex_000335,complex_000335,8,-5.58327
control_r0,complex_000335,complex_000335,9,-6.1015
control_r0,complex_000335,complex_000335,10,-5.60315
control_r0,complex_000335,complex_000335,11,-4.90045
control_r0,complex_000335,complex_000335,12,-6.55321
control_r0,complex_000335,complex_000335,13,-4.94736
control_r0,complex_000335,complex_000335,14,-5.24714
control_r0,complex_000335,complex_000335,15,-6.17161
control_r0,complex_000335,complex_000335,16,-5.54423
control_r0,complex_000335,complex_000335,17,-6.21667
control_r0,complex_000335,complex_000335,18,-4.96662
control_r0,complex_000335,complex_000335,19,-5.62992
control_r0,complex_000363,complex_000170,0,-7.29229
control_r0,complex_000363,complex_000170,1,-11.33882
control_r0,complex_000363,complex_000170,2,-7.91285
control_r0,complex_000363,complex_000170,3,-9.01285
control_r0,complex_000363,complex_000170,4,-8.41428
control_r0,complex_000363,complex_000170,5,-7.95206
control_r0,complex_000363,complex_000170,6,-5.41915
control_r0,complex_000363,complex_000170,7,-9.26478
control_r0,complex_000363,complex_000170,8,0.13739
control_r0,complex_000363,complex_000170,9,-11.24768
control_r0,complex_000363,complex_000170,10,-7.85479
control_r0,complex_000363,complex_000170,11,-8.01736
control_r0,complex_000363,complex_000170,12,-3.98012
control_r0,complex_000363,complex_000170,13,-9.41831
control_r0,complex_000363,complex_000170,14,-8.40897
control_r0,complex_000363,complex_000170,15,-5.21085
control_r0,complex_000363,complex_000170,16,-9.36674
control_r0,complex_000363,complex_000170,17,-6.95443
control_r0,complex_000363,complex_000170,18,-5.73112
control_r0,complex_000363,complex_000170,19,-8.95768
control_r0,complex_000335,complex_000376,0,-8.52555
control_r0,complex_000335,complex_000376,1,-6.88165
control_r0,complex_000335,complex_000376,2,-6.45221
control_r0,complex_000335,complex_000376,3,-8.28485
control_r0,complex_000335,complex_000376,4,-7.64812
control_r0,complex_000335,complex_000376,5,-8.35428
control_r0,complex_000335,complex_000376,6,-6.78595
control_r0,complex_000335,complex_000376,7,-9.47926
control_r0,complex_000335,complex_000376,8,-6.28777
control_r0,complex_000335,complex_000376,9,-7.98966
control_r0,complex_000335,complex_000376,10,-7.21198
control_r0,complex_000335,complex_000376,11,-6.26195
control_r0,complex_000335,complex_000376,12,-7.65964
control_r0,complex_000335,complex_000376,13,-6.03561
control_r0,complex_000335,complex_000376,14,-6.44831
control_r0,complex_000335,complex_000376,15,-8.03476
control_r0,complex_000335,complex_000376,16,-7.41411
control_r0,complex_000335,complex_000376,17,-9.13462
control_r0,complex_000335,complex_000376,18,-6.24696
control_r0,complex_000335,complex_000376,19,-7.04731
control_r0,complex_000374,complex_000223,0,-5.91685
control_r0,complex_000374,complex_000223,1,-5.22554
control_r0,complex_000374,complex_000223,2,-4.8691
control_r0,complex_000374,complex_000223,3,-5.32531
control_r0,complex_000374,complex_000223,4,-6.1524
control_r0,complex_000374,complex_000223,5,-4.79153
control_r0,complex_000374,complex_000223,6,-6.29009
control_r0,complex_000374,complex_000223,7,-4.56679
control_r0,complex_000374,complex_000223,8,-7.28308
control_r0,complex_000374,complex_000223,9,-4.60202
control_r0,complex_000374,complex_000223,10,-4.78594
control_r0,complex_000374,complex_000223,11,-6.29366
control_r0,complex_000374,complex_000223,12,-6.64569
control_r0,complex_000374,complex_000223,13,-5.19134
control_r0,complex_000374,complex_000223,14,-4.88069
control_r0,complex_000374,complex_000223,15,-7.91126
control_r0,complex_000374,complex_000223,16,-6.968
control_r0,complex_000374,complex_000223,17,-4.39544
control_r0,complex_000374,complex_000223,18,-6.41012
control_r0,complex_000374,complex_000223,19,-6.6002
control_r0,complex_000335,complex_000456,0,-7.9296
control_r0,complex_000335,complex_000456,1,-6.45907
control_r0,complex_000335,complex_000456,2,-6.0444
control_r0,complex_000335,complex_000456,3,-7.70321
control_r0,complex_000335,complex_000456,4,-6.48783
control_r0,complex_000335,complex_000456,5,-7.05823
control_r0,complex_000335,complex_000456,6,-6.33606
control_r0,complex_000335,complex_000456,7,-8.29632
control_r0,complex_000335,complex_000456,8,-6.19794
control_r0,complex_000335,complex_000456,9,-6.43138
control_r0,complex_000335,complex_000456,10,-6.93465
control_r0,complex_000335,complex_000456,11,-6.26348
control_r0,complex_000335,complex_000456,12,-7.17544
control_r0,complex_000335,complex_000456,13,-5.53803
control_r0,complex_000335,complex_000456,14,-6.22624
control_r0,complex_000335,complex_000456,15,-7.64272
control_r0,complex_000335,complex_000456,16,-6.1203
control_r0,complex_000335,complex_000456,17,-7.31875
control_r0,complex_000335,complex_000456,18,-5.64547
control_r0,complex_000335,complex_000456,19,-6.05191
control_r0,complex_000363,complex_000473,0,-7.17646
control_r0,complex_000363,complex_000473,1,-7.44944
control_r0,complex_000363,complex_000473,2,-5.77015
control_r0,complex_000363,complex_000473,3,-6.66648
control_r0,complex_000363,complex_000473,4,-5.92152
control_r0,complex_000363,complex_000473,5,-7.84287
control_r0,complex_000363,complex_000473,6,-7.43887
control_r0,complex_000363,complex_000473,7,-7.94857
control_r0,complex_000363,complex_000473,8,-8.34549
control_r0,complex_000363,complex_000473,9,-7.69947
control_r0,complex_000363,complex_000473,10,-6.05836
control_r0,complex_000363,complex_000473,11,-6.21459
control_r0,complex_000363,complex_000473,12,-7.40223
control_r0,complex_000363,complex_000473,13,-6.78861
control_r0,complex_000363,complex_000473,14,-7.0504
control_r0,complex_000363,complex_000473,15,-4.80687
control_r0,complex_000363,complex_000473,16,-6.51595
control_r0,complex_000363,complex_000473,17,-5.25646
control_r0,complex_000363,complex_000473,18,-7.60087
control_r0,complex_000363,complex_000473,19,-6.87957
control_r0,complex_000374,complex_000400,0,-8.71411
control_r0,complex_000374,complex_000400,1,-7.73292
control_r0,complex_000374,complex_000400,2,-7.38125
control_r0,complex_000374,complex_000400,3,-8.63757
control_r0,complex_000374,complex_000400,4,-9.20224
control_r0,complex_000374,complex_000400,5,-7.47725
control_r0,complex_000374,complex_000400,6,-8.97379
control_r0,complex_000374,complex_000400,7,-6.07002
control_r0,complex_000374,complex_000400,8,-9.66965
control_r0,complex_000374,complex_000400,9,-6.31454
control_r0,complex_000374,complex_000400,10,-6.58322
control_r0,complex_000374,complex_000400,11,-8.46853
control_r0,complex_000374,complex_000400,12,-8.95329
control_r0,complex_000374,complex_000400,13,-6.94081
control_r0,complex_000374,complex_000400,14,-6.53097
control_r0,complex_000374,complex_000400,15,-10.97115
control_r0,complex_000374,complex_000400,16,-9.45146
control_r0,complex_000374,complex_000400,17,-6.19952
control_r0,complex_000374,complex_000400,18,-9.24316
control_r0,complex_000374,complex_000400,19,-8.34277
control_r0,complex_000363,complex_000051,0,-9.20252
control_r0,complex_000363,complex_000051,1,-9.06389
control_r0,complex_000363,complex_000051,2,-6.31013
control_r0,complex_000363,complex_000051,3,-7.56953
control_r0,complex_000363,complex_000051,4,-7.55828
control_r0,complex_000363,complex_000051,5,-9.05478
control_r0,complex_000363,complex_000051,6,-9.35416
control_r0,complex_000363,complex_000051,7,-8.51989
control_r0,complex_000363,complex_000051,8,-8.45946
control_r0,complex_000363,complex_000051,9,-9.43367
control_r0,complex_000363,complex_000051,10,-7.04559
control_r0,complex_000363,complex_000051,11,-6.99143
control_r0,complex_000363,complex_000051,12,-9.09924
control_r0,complex_000363,complex_000051,13,-7.72135
control_r0,complex_000363,complex_000051,14,-7.64794
control_r0,complex_000363,complex_000051,15,-4.50095
control_r0,complex_000363,complex_000051,16,-8.03485
control_r0,complex_000363,complex_000051,17,-5.95158
control_r0,complex_000363,complex_000051,18,-8.3871
control_r0,complex_000363,complex_000051,19,-7.58029
control_r0,complex_000335,complex_000473,0,-7.20582
control_r0,complex_000335,complex_000473,1,-5.13126
control_r0,complex_000335,complex_000473,2,-6.06151
control_r0,complex_000335,complex_000473,3,-6.52744
control_r0,complex_000335,complex_000473,4,-6.48578
control_r0,complex_000335,complex_000473,5,-6.75831
control_r0,complex_000335,complex_000473,6,-5.59389
control_r0,complex_000335,complex_000473,7,-7.03966
control_r0,complex_000335,complex_000473,8,-5.20893
control_r0,complex_000335,complex_000473,9,-6.67132
control_r0,complex_000335,complex_000473,10,-5.76955
control_r0,complex_000335,complex_000473,11,-5.17026
control_r0,complex_000335,complex_000473,12,-6.50184
control_r0,complex_000335,complex_000473,13,-5.16401
control_r0,complex_000335,complex_000473,14,-5.19206
control_r0,complex_000335,complex_000473,15,-6.4017
control_r0,complex_000335,complex_000473,16,-5.91809
control_r0,complex_000335,complex_000473,17,-6.78196
control_r0,complex_000335,complex_000473,18,-5.44731
control_r0,complex_000335,complex_000473,19,-5.43416
control_r0,complex_000374,complex_000374,0,-8.44597
control_r0,complex_000374,complex_000374,1,-7.19841
control_r0,complex_000374,complex_000374,2,-6.3683
control_r0,complex_000374,complex_000374,3,-8.14687
control_r0,complex_000374,complex_000374,4,-9.29798
control_r0,complex_000374,complex_000374,5,-6.85443
control_r0,complex_000374,complex_000374,6,-8.4731
control_r0,complex_000374,complex_000374,7,-6.0866
control_r0,complex_000374,complex_000374,8,-12.15024
control_r0,complex_000374,complex_000374,9,-5.88373
control_r0,complex_000374,complex_000374,10,-6.46211
control_r0,complex_000374,complex_000374,11,-8.74875
control_r0,complex_000374,complex_000374,12,-9.95204
control_r0,complex_000374,complex_000374,13,-7.0084
control_r0,complex_000374,complex_000374,14,-6.07309
control_r0,complex_000374,complex_000374,15,-14.05741
control_r0,complex_000374,complex_000374,16,-10.37193
control_r0,complex_000374,complex_000374,17,-5.75984
control_r0,complex_000374,complex_000374,18,-8.51782
control_r0,complex_000374,complex_000374,19,-8.95994
control_r0,complex_000374,complex_000335,0,-6.29765
control_r0,complex_000374,complex_000335,1,-6.12799
control_r0,complex_000374,complex_000335,2,-5.5363
control_r0,complex_000374,complex_000335,3,-6.1715
control_r0,complex_000374,complex_000335,4,-6.91974
control_r0,complex_000374,complex_000335,5,-5.4943
control_r0,complex_000374,complex_000335,6,-6.58286
control_r0,complex_000374,complex_000335,7,-5.36313
control_r0,complex_000374,complex_000335,8,-7.65831
control_r0,complex_000374,complex_000335,9,-5.16979
control_r0,complex_000374,complex_000335,10,-5.56133
control_r0,complex_000374,complex_000335,11,-6.36163
control_r0,complex_000374,complex_000335,12,-6.82599
control_r0,complex_000374,complex_000335,13,-6.2955
control_r0,complex_000374,complex_000335,14,-4.90017
control_r0,complex_000374,complex_000335,15,-8.59569
control_r0,complex_000374,complex_000335,16,-7.50335
control_r0,complex_000374,complex_000335,17,-4.95311
control_r0,complex_000374,complex_000335,18,-7.23503
control_r0,complex_000374,complex_000335,19,-6.71306
control_r0,complex_000376,complex_000376,0,-8.45553
control_r0,complex_000376,complex_000376,1,-6.6549
control_r0,complex_000376,complex_000376,2,-6.89679
control_r0,complex_000376,complex_000376,3,-8.27302
control_r0,complex_000376,complex_000376,4,-9.03018
control_r0,complex_000376,complex_000376,5,-9.54124
control_r0,complex_000376,complex_000376,6,-9.17102
control_r0,complex_000376,complex_000376,7,-8.11796
control_r0,complex_000376,complex_000376,8,-5.85287
control_r0,complex_000376,complex_000376,9,-5.17868
control_r0,complex_000376,complex_000376,10,-9.37552
control_r0,complex_000376,complex_000376,11,-8.11923
control_r0,complex_000376,complex_000376,12,-8.90179
control_r0,complex_000376,complex_000376,13,-8.37801
control_r0,complex_000376,complex_000376,14,-7.1741
control_r0,complex_000376,complex_000376,15,-9.97946
control_r0,complex_000376,complex_000376,16,-5.62313
control_r0,complex_000376,complex_000376,17,-7.52705
control_r0,complex_000376,complex_000376,18,-8.78481
control_r0,complex_000376,complex_000376,19,-5.24202
control_r0,complex_000376,complex_000193,0,-7.26543
control_r0,complex_000376,complex_000193,1,-6.84048
control_r0,complex_000376,complex_000193,2,-6.11132
control_r0,complex_000376,complex_000193,3,-6.52309
control_r0,complex_000376,complex_000193,4,-8.05917
control_r0,complex_000376,complex_000193,5,-7.00727
control_r0,complex_000376,complex_000193,6,-6.32347
control_r0,complex_000376,complex_000193,7,-7.33934
control_r0,complex_000376,complex_000193,8,-5.12568
control_r0,complex_000376,complex_000193,9,-5.30664
control_r0,complex_000376,complex_000193,10,-7.35018
control_r0,complex_000376,complex_000193,11,-6.02566
control_r0,complex_000376,complex_000193,12,-7.53946
control_r0,complex_000376,complex_000193,13,-5.95094
control_r0,complex_000376,complex_000193,14,-5.33089
control_r0,complex_000376,complex_000193,15,-8.05318
control_r0,complex_000376,complex_000193,16,-5.38471
control_r0,complex_000376,complex_000193,17,-6.92467
control_r0,complex_000376,complex_000193,18,-6.77621
control_r0,complex_000376,complex_000193,19,-5.64023
control_r0,complex_000376,complex_000535,0,-7.08222
control_r0,complex_000376,complex_000535,1,-6.28473
control_r0,complex_000376,complex_000535,2,-6.39938
control_r0,complex_000376,complex_000535,3,-6.26932
control_r0,complex_000376,complex_000535,4,-7.19464
control_r0,complex_000376,complex_000535,5,-7.01455
control_r0,complex_000376,complex_000535,6,-7.32258
control_r0,complex_000376,complex_000535,7,-6.2869
control_r0,complex_000376,complex_000535,8,-5.33829
control_r0,complex_000376,complex_000535,9,-5.90411
control_r0,complex_000376,complex_000535,10,-8.60746
control_r0,complex_000376,complex_000535,11,-7.33958
control_r0,complex_000376,complex_000535,12,-7.9923
control_r0,complex_000376,complex_000535,13,-6.19333
control_r0,complex_000376,complex_000535,14,-6.23184
control_r0,complex_000376,complex_000535,15,-8.43025
control_r0,complex_000376,complex_000535,16,-6.55859
control_r0,complex_000376,complex_000535,17,-6.96187
control_r0,complex_000376,complex_000535,18,-7.09251
control_r0,complex_000376,complex_000535,19,-5.94805
control_r0,complex_000387,complex_000305,0,-9.81392
control_r0,complex_000387,complex_000305,1,-6.43403
control_r0,complex_000387,complex_000305,2,-5.47566
control_r0,complex_000387,complex_000305,3,-10.73408
control_r0,complex_000387,complex_000305,4,-5.29725
control_r0,complex_000387,complex_000305,5,-7.58491
control_r0,complex_000387,complex_000305,6,-9.43233
control_r0,complex_000387,complex_000305,7,-9.2589
control_r0,complex_000387,complex_000305,8,-6.1134
control_r0,complex_000387,complex_000305,9,-4.43825
control_r0,complex_000387,complex_000305,10,-9.52566
control_r0,complex_000387,complex_000305,11,-8.77394
control_r0,complex_000387,complex_000305,12,-7.52405
control_r0,complex_000387,complex_000305,13,-9.03982
control_r0,complex_000387,complex_000305,14,-8.7923
control_r0,complex_000387,complex_000305,15,-7.21952
control_r0,complex_000387,complex_000305,16,-8.70581
control_r0,complex_000387,complex_000305,17,-8.93088
control_r0,complex_000387,complex_000305,18,-8.46058
control_r0,complex_000387,complex_000305,19,-5.42341
control_r0,complex_000387,complex_000506,0,-6.98691
control_r0,complex_000387,complex_000506,1,-7.25268
control_r0,complex_000387,complex_000506,2,-4.16872
control_r0,complex_000387,complex_000506,3,-7.26925
control_r0,complex_000387,complex_000506,4,-5.53475
control_r0,complex_000387,complex_000506,5,-5.41388
control_r0,complex_000387,complex_000506,6,-6.91954
control_r0,complex_000387,complex_000506,7,-6.26712
control_r0,complex_000387,complex_000506,8,-6.56608
control_r0,complex_000387,complex_000506,9,-4.02424
control_r0,complex_000387,complex_000506,10,-6.48435
control_r0,complex_000387,complex_000506,11,-7.68574
control_r0,complex_000387,complex_000506,12,-6.62321
control_r0,complex_000387,complex_000506,13,-6.28596
control_r0,complex_000387,complex_000506,14,-7.08784
control_r0,complex_000387,complex_000506,15,-6.85373
control_r0,complex_000387,complex_000506,16,-6.75514
control_r0,complex_000387,complex_000506,17,-6.04405
control_r0,complex_000387,complex_000506,18,-5.13504
control_r0,complex_000387,complex_000506,19,-5.97087
control_r0,complex_000376,complex_000191,0,-6.14151
control_r0,complex_000376,complex_000191,1,-6.05003
control_r0,complex_000376,complex_000191,2,-5.58215
control_r0,complex_000376,complex_000191,3,-6.28601
control_r0,complex_000376,complex_000191,4,-6.47077
control_r0,complex_000376,complex_000191,5,-6.16745
control_r0,complex_000376,complex_000191,6,-6.43559
control_r0,complex_000376,complex_000191,7,-5.57057
control_r0,complex_000376,complex_000191,8,-5.78057
control_r0,complex_000376,complex_000191,9,-5.16007
control_r0,complex_000376,complex_000191,10,-8.01553
control_r0,complex_000376,complex_000191,11,-5.38999
control_r0,complex_000376,complex_000191,12,-7.16597
control_r0,complex_000376,complex_000191,13,-5.78952
control_r0,complex_000376,complex_000191,14,-5.54326
control_r0,complex_000376,complex_000191,15,-7.39218
control_r0,complex_000376,complex_000191,16,-4.57548
control_r0,complex_000376,complex_000191,17,-5.38025
control_r0,complex_000376,complex_000191,18,-6.91758
control_r0,complex_000376,complex_000191,19,-5.1555
control_r0,complex_000387,complex_000540,0,-8.68105
control_r0,complex_000387,complex_000540,1,-6.51444
control_r0,complex_000387,complex_000540,2,-5.46596
control_r0,complex_000387,complex_000540,3,-9.59169
control_r0,complex_000387,complex_000540,4,-5.25508
control_r0,complex_000387,complex_000540,5,-6.44411
control_r0,complex_000387,complex_000540,6,-8.32549
control_r0,complex_000387,complex_000540,7,-8.21091
control_r0,complex_000387,complex_000540,8,-6.3016
control_r0,complex_000387,complex_000540,9,-4.12264
control_r0,complex_000387,complex_000540,10,-8.84582
control_r0,complex_000387,complex_000540,11,-7.41558
control_r0,complex_000387,complex_000540,12,-6.88644
control_r0,complex_000387,complex_000540,13,-7.96028
control_r0,complex_000387,complex_000540,14,-8.27646
control_r0,complex_000387,complex_000540,15,-6.30288
control_r0,complex_000387,complex_000540,16,-8.22109
control_r0,complex_000387,complex_000540,17,-8.57425
control_r0,complex_000387,complex_000540,18,-7.68348
control_r0,complex_000387,complex_000540,19,-4.90547
control_r0,complex_000387,complex_000387,0,-10.07451
control_r0,complex_000387,complex_000387,1,-7.58243
control_r0,complex_000387,complex_000387,2,-6.47618
control_r0,complex_000387,complex_000387,3,-11.86253
control_r0,complex_000387,complex_000387,4,-6.54398
control_r0,complex_000387,complex_000387,5,-7.80499
control_r0,complex_000387,complex_000387,6,-9.50044
control_r0,complex_000387,complex_000387,7,-9.22122
control_r0,complex_000387,complex_000387,8,-7.24264
control_r0,complex_000387,complex_000387,9,-4.97503
control_r0,complex_000387,complex_000387,10,-9.7669
control_r0,complex_000387,complex_000387,11,-8.44102
control_r0,complex_000387,complex_000387,12,-8.32699
control_r0,complex_000387,complex_000387,13,-9.19914
control_r0,complex_000387,complex_000387,14,-9.7143
control_r0,complex_000387,complex_000387,15,-7.42899
control_r0,complex_000387,complex_000387,16,-9.21753
control_r0,complex_000387,complex_000387,17,-9.41678
control_r0,complex_000387,complex_000387,18,-8.52917
control_r0,complex_000387,complex_000387,19,-5.98675
control_r0,complex_000394,complex_000179,0,-9.16372
control_r0,complex_000394,complex_000179,1,-6.78304
control_r0,complex_000394,complex_000179,2,-7.23581
control_r0,complex_000394,complex_000179,3,-8.1783
control_r0,complex_000394,complex_000179,4,-9.90313
control_r0,complex_000394,complex_000179,5,-10.76942
control_r0,complex_000394,complex_000179,6,-11.05275
control_r0,complex_000394,complex_000179,7,-7.52212
control_r0,complex_000394,complex_000179,8,-6.54471
control_r0,complex_000394,complex_000179,9,-8.72434
control_r0,complex_000394,complex_000179,10,-4.13981
control_r0,complex_000394,complex_000179,11,-6.03558
control_r0,complex_000394,complex_000179,12,-10.37687
control_r0,complex_000394,complex_000179,13,-9.90397
control_r0,complex_000394,complex_000179,14,-10.71401
control_r0,complex_000394,complex_000179,15,-6.59939
control_r0,complex_000394,complex_000179,16,-10.93722
control_r0,complex_000394,complex_000179,17,-12.26585
control_r0,complex_000394,complex_000179,18,-8.94776
control_r0,complex_000394,complex_000179,19,-9.50905
control_r0,complex_000394,complex_000411,0,-7.94018
control_r0,complex_000394,complex_000411,1,-6.82932
control_r0,complex_000394,complex_000411,2,-6.53845
control_r0,complex_000394,complex_000411,3,-6.89097
control_r0,complex_000394,complex_000411,4,-9.13953
control_r0,complex_000394,complex_000411,5,-10.17457
control_r0,complex_000394,complex_000411,6,-10.10258
control_r0,complex_000394,complex_000411,7,-7.17623
control_r0,complex_000394,complex_000411,8,-5.63051
control_r0,complex_000394,complex_000411,9,-9.14687
control_r0,complex_000394,complex_000411,10,-4.10916
control_r0,complex_000394,complex_000411,11,-5.51129
control_r0,complex_000394,complex_000411,12,-9.32549
control_r0,complex_000394,complex_000411,13,-10.37444
control_r0,complex_000394,complex_000411,14,-9.50877
control_r0,complex_000394,complex_000411,15,-5.78677
control_r0,complex_000394,complex_000411,16,-9.1268
control_r0,complex_000394,complex_000411,17,-10.68607
control_r0,complex_000394,complex_000411,18,-7.91242
control_r0,complex_000394,complex_000411,19,-8.77225
control_r0,complex_000382,complex_000051,0,-6.35824
control_r0,complex_000382,complex_000051,1,-8.52031
control_r0,complex_000382,complex_000051,2,-7.14188
control_r0,complex_000382,complex_000051,3,-8.37586
control_r0,complex_000382,complex_000051,4,-9.40912
control_r0,complex_000382,complex_000051,5,-5.35683
control_r0,complex_000382,complex_000051,6,-7.59727
control_r0,complex_000382,complex_000051,7,-8.56436
control_r0,complex_000382,complex_000051,8,-9.43368
control_r0,complex_000382,complex_000051,9,-8.47399
control_r0,complex_000382,complex_000051,10,-8.2828
control_r0,complex_000382,complex_000051,11,-7.93074
control_r0,complex_000382,complex_000051,12,-5.78896
control_r0,complex_000382,complex_000051,13,-9.16169
control_r0,complex_000382,complex_000051,14,-9.44935
control_r0,complex_000382,complex_000051,15,-8.35796
control_r0,complex_000382,complex_000051,16,-6.92764
control_r0,complex_000382,complex_000051,17,-8.78789
control_r0,complex_000382,complex_000051,18,-7.26883
control_r0,complex_000382,complex_000051,19,-7.35773
control_r0,complex_000382,complex_000382,0,-6.47944
control_r0,complex_000382,complex_000382,1,-9.31047
control_r0,complex_000382,complex_000382,2,-11.13261
control_r0,complex_000382,complex_000382,3,-9.26752
control_r0,complex_000382,complex_000382,4,-9.98329
control_r0,complex_000382,complex_000382,5,-5.9947
control_r0,complex_000382,complex_000382,6,-9.20955
control_r0,complex_000382,complex_000382,7,-11.41426
control_r0,complex_000382,complex_000382,8,-11.87288
control_r0,complex_000382,complex_000382,9,-10.19688
control_r0,complex_000382,complex_000382,10,-9.22234
control_r0,complex_000382,complex_000382,11,-8.49083
control_r0,complex_000382,complex_000382,12,-6.3805
control_r0,complex_000382,complex_000382,13,-10.95832
control_r0,complex_000382,complex_000382,14,-10.98593
control_r0,complex_000382,complex_000382,15,-11.76988
control_r0,complex_000382,complex_000382,16,-7.93547
control_r0,complex_000382,complex_000382,17,-10.1585
control_r0,complex_000382,complex_000382,18,-8.36233
control_r0,complex_000382,complex_000382,19,-8.24716
control_r0,complex_000382,complex_000506,0,-6.46537
control_r0,complex_000382,complex_000506,1,-6.63507
control_r0,complex_000382,complex_000506,2,-7.08113
control_r0,complex_000382,complex_000506,3,-7.00038
control_r0,complex_000382,complex_000506,4,-7.93483
control_r0,complex_000382,complex_000506,5,-5.12802
control_r0,complex_000382,complex_000506,6,-6.32516
control_r0,complex_000382,complex_000506,7,-6.96287
control_r0,complex_000382,complex_000506,8,-7.14398
control_r0,complex_000382,complex_000506,9,-6.55196
control_r0,complex_000382,complex_000506,10,-7.48482
control_r0,complex_000382,complex_000506,11,-7.00164
control_r0,complex_000382,complex_000506,12,-5.33952
control_r0,complex_000382,complex_000506,13,-6.71792
control_r0,complex_000382,complex_000506,14,-7.51633
control_r0,complex_000382,complex_000506,15,-6.07885
control_r0,complex_000382,complex_000506,16,-5.6989
control_r0,complex_000382,complex_000506,17,-6.94641
control_r0,complex_000382,complex_000506,18,-6.25236
control_r0,complex_000382,complex_000506,19,-6.861
control_r0,complex_000382,complex_000179,0,-6.76859
control_r0,complex_000382,complex_000179,1,-8.50217
control_r0,complex_000382,complex_000179,2,-10.18761
control_r0,complex_000382,complex_000179,3,-8.30994
control_r0,complex_000382,complex_000179,4,-10.20048
control_r0,complex_000382,complex_000179,5,-6.21118
control_r0,complex_000382,complex_000179,6,-7.88804
control_r0,complex_000382,complex_000179,7,-8.9597
control_r0,complex_000382,complex_000179,8,-10.07454
control_r0,complex_000382,complex_000179,9,-9.69582
control_r0,complex_000382,complex_000179,10,-8.3434
control_r0,complex_000382,complex_000179,11,-8.65083
control_r0,complex_000382,complex_000179,12,-7.12479
control_r0,complex_000382,complex_000179,13,-10.88965
control_r0,complex_000382,complex_000179,14,-10.18387
control_r0,complex_000382,complex_000179,15,-10.48883
control_r0,complex_000382,complex_000179,16,-8.26647
control_r0,complex_000382,complex_000179,17,-9.55286
control_r0,complex_000382,complex_000179,18,-8.21702
control_r0,complex_000382,complex_000179,19,-7.88849
control_r0,complex_000394,complex_000387,0,-9.43026
control_r0,complex_000394,complex_000387,1,-7.28039
control_r0,complex_000394,complex_000387,2,-7.72462
control_r0,complex_000394,complex_000387,3,-6.42704
control_r0,complex_000394,complex_000387,4,-9.39967
control_r0,complex_000394,complex_000387,5,-9.83252
control_r0,complex_000394,complex_000387,6,-9.04661
control_r0,complex_000394,complex_000387,7,-7.49691
control_r0,complex_000394,complex_000387,8,-6.76607
control_r0,complex_000394,complex_000387,9,-9.66429
control_r0,complex_000394,complex_000387,10,-4.18519
control_r0,complex_000394,complex_000387,11,-6.27882
control_r0,complex_000394,complex_000387,12,-10.86207
control_r0,complex_000394,complex_000387,13,-9.98947
control_r0,complex_000394,complex_000387,14,-9.03526
control_r0,complex_000394,complex_000387,15,-7.34691
control_r0,complex_000394,complex_000387,16,-9.42412
control_r0,complex_000394,complex_000387,17,-9.58138
control_r0,complex_000394,complex_000387,18,-9.39701
control_r0,complex_000394,complex_000387,19,-9.41518
control_r0,complex_000394,complex_000394,0,-6.69933
control_r0,complex_000394,complex_000394,1,-6.67031
control_r0,complex_000394,complex_000394,2,-7.27145
control_r0,complex_000394,complex_000394,3,-6.8934
control_r0,complex_000394,complex_000394,4,-8.99109
control_r0,complex_000394,complex_000394,5,-9.28117
control_r0,complex_000394,complex_000394,6,-7.36171
control_r0,complex_000394,complex_000394,7,-7.49722
control_r0,complex_000394,complex_000394,8,-6.17965
control_r0,complex_000394,complex_000394,9,-9.22911
control_r0,complex_000394,complex_000394,10,-4.02296
control_r0,complex_000394,complex_000394,11,-5.44626
control_r0,complex_000394,complex_000394,12,-7.45118
control_r0,complex_000394,complex_000394,13,-9.58878
control_r0,complex_000394,complex_000394,14,-10.76574
control_r0,complex_000394,complex_000394,15,-6.59949
control_r0,complex_000394,complex_000394,16,-10.07033
control_r0,complex_000394,complex_000394,17,-10.11098
control_r0,complex_000394,complex_000394,18,-9.01152
control_r0,complex_000394,complex_000394,19,-8.61021
control_r0,complex_000411,complex_000411,0,-7.78901
control_r0,complex_000411,complex_000411,1,-6.93764
control_r0,complex_000411,complex_000411,2,-4.57162
control_r0,complex_000411,complex_000411,3,-7.35696
control_r0,complex_000411,complex_000411,4,-8.8504
control_r0,complex_000411,complex_000411,5,-9.70343
control_r0,complex_000411,complex_000411,6,-8.70376
control_r0,complex_000411,complex_000411,7,-8.04297
control_r0,complex_000411,complex_000411,8,-5.9489
control_r0,complex_000411,complex_000411,9,-8.19172
control_r0,complex_000411,complex_000411,10,-6.89633
control_r0,complex_000411,complex_000411,11,-8.37276
control_r0,complex_000411,complex_000411,12,-8.57857
control_r0,complex_000411,complex_000411,13,-5.62001
control_r0,complex_000411,complex_000411,14,-9.18532
control_r0,complex_000411,complex_000411,15,-8.19488
control_r0,complex_000411,complex_000411,16,-8.43564
control_r0,complex_000411,complex_000411,17,-7.53781
control_r0,complex_000411,complex_000411,18,-5.80788
control_r0,complex_000411,complex_000411,19,-8.02724
control_r0,complex_000411,complex_000063,0,-6.83365
control_r0,complex_000411,complex_000063,1,-6.7913
control_r0,complex_000411,complex_000063,2,-4.28775
control_r0,complex_000411,complex_000063,3,-7.61241
control_r0,complex_000411,complex_000063,4,-8.93502
control_r0,complex_000411,complex_000063,5,-9.32106
control_r0,complex_000411,complex_000063,6,-8.84417
control_r0,complex_000411,complex_000063,7,-8.35157
control_r0,complex_000411,complex_000063,8,-5.34984
control_r0,complex_000411,complex_000063,9,-7.64664
control_r0,complex_000411,complex_000063,10,-6.57394
control_r0,complex_000411,complex_000063,11,-7.94832
control_r0,complex_000411,complex_000063,12,-8.77112
control_r0,complex_000411,complex_000063,13,-5.30729
control_r0,complex_000411,complex_000063,14,-8.71151
control_r0,complex_000411,complex_000063,15,-8.25399
control_r0,complex_000411,complex_000063,16,-8.64813
control_r0,complex_000411,complex_000063,17,-7.49413
control_r0,complex_000411,complex_000063,18,-5.40402
control_r0,complex_000411,complex_000063,19,-8.10691
control_r0,complex_000411,complex_000112,0,-6.05649
control_r0,complex_000411,complex_000112,1,-6.16261
control_r0,complex_000411,complex_000112,2,-4.85196
control_r0,complex_000411,complex_000112,3,-6.37407
control_r0,complex_000411,complex_000112,4,-7.16165
control_r0,complex_000411,complex_000112,5,-7.37621
control_r0,complex_000411,complex_000112,6,-8.20966
control_r0,complex_000411,complex_000112,7,-6.74494
control_r0,complex_000411,complex_000112,8,-4.82261
control_r0,complex_000411,complex_000112,9,-6.5299
control_r0,complex_000411,complex_000112,10,-5.41196
control_r0,complex_000411,complex_000112,11,-6.35328
control_r0,complex_000411,complex_000112,12,-6.79531
control_r0,complex_000411,complex_000112,13,-5.22307
control_r0,complex_000411,complex_000112,14,-7.59473
control_r0,complex_000411,complex_000112,15,-7.24137
control_r0,complex_000411,complex_000112,16,-7.90378
control_r0,complex_000411,complex_000112,17,-6.61392
control_r0,complex_000411,complex_000112,18,-5.93666
control_r0,complex_000411,complex_000112,19,-7.08195
control_r0,complex_000411,complex_000473,0,-6.80985
control_r0,complex_000411,complex_000473,1,-5.21953
control_r0,complex_000411,complex_000473,2,-4.02925
control_r0,complex_000411,complex_000473,3,-7.67997
control_r0,complex_000411,complex_000473,4,-7.46841
control_r0,complex_000411,complex_000473,5,-7.92116
control_r0,complex_000411,complex_000473,6,-7.58492
control_r0,complex_000411,complex_000473,7,-8.02932
control_r0,complex_000411,complex_000473,8,-4.83296
control_r0,complex_000411,complex_000473,9,-6.93775
control_r0,complex_000411,complex_000473,10,-6.28137
control_r0,complex_000411,complex_000473,11,-6.68786
control_r0,complex_000411,complex_000473,12,-7.71195
control_r0,complex_000411,complex_000473,13,-4.88292
control_r0,complex_000411,complex_000473,14,-7.54354
control_r0,complex_000411,complex_000473,15,-7.23994
control_r0,complex_000411,complex_000473,16,-7.52594
control_r0,complex_000411,complex_000473,17,-6.6334
control_r0,complex_000411,complex_000473,18,-5.36857
control_r0,complex_000411,complex_000473,19,-7.32728
control_r0,complex_000403,complex_000145,0,-5.70852
control_r0,complex_000403,complex_000145,1,-7.26742
control_r0,complex_000403,complex_000145,2,-5.10538
control_r0,complex_000403,complex_000145,3,-6.35869
control_r0,complex_000403,complex_000145,4,-6.14003
control_r0,complex_000403,complex_000145,5,-5.89555
control_r0,complex_000403,complex_000145,6,-6.10872
control_r0,complex_000403,complex_000145,7,-4.92886
control_r0,complex_000403,complex_000145,8,-7.46838
control_r0,complex_000403,complex_000145,9,-5.14296
control_r0,complex_000403,complex_000145,10,-5.21106
control_r0,complex_000403,complex_000145,11,-4.57825
control_r0,complex_000403,complex_000145,12,-5.51985
control_r0,complex_000403,complex_000145,13,-6.88605
control_r0,complex_000403,complex_000145,14,-5.87628
control_r0,complex_000403,complex_000145,15,-4.49132
control_r0,complex_000403,complex_000145,16,-4.71073
control_r0,complex_000403,complex_000145,17,-4.87157
control_r0,complex_000403,complex_000145,18,-4.66179
control_r0,complex_000403,complex_000145,19,-6.84757
control_r0,complex_000403,complex_000403,0,-8.92427
control_r0,complex_000403,complex_000403,1,-9.43153
control_r0,complex_000403,complex_000403,2,-6.54258
control_r0,complex_000403,complex_000403,3,-7.86405
control_r0,complex_000403,complex_000403,4,-8.29065
control_r0,complex_000403,complex_000403,5,-8.63495
control_r0,complex_000403,complex_000403,6,-9.06486
control_r0,complex_000403,complex_000403,7,-6.41412
control_r0,complex_000403,complex_000403,8,-8.80205
control_r0,complex_000403,complex_000403,9,-7.02342
control_r0,complex_000403,complex_000403,10,-6.42066
control_r0,complex_000403,complex_000403,11,-5.61488
control_r0,complex_000403,complex_000403,12,-6.61686
control_r0,complex_000403,complex_000403,13,-9.11398
control_r0,complex_000403,complex_000403,14,-7.2493
control_r0,complex_000403,complex_000403,15,-6.74065
control_r0,complex_000403,complex_000403,16,-6.07766
control_r0,complex_000403,complex_000403,17,-6.87551
control_r0,complex_000403,complex_000403,18,-6.20802
control_r0,complex_000403,complex_000403,19,-9.22292
control_r0,complex_000426,complex_000426,0,-10.12256
control_r0,complex_000426,complex_000426,1,-7.78548
control_r0,complex_000426,complex_000426,2,-7.39656
control_r0,complex_000426,complex_000426,3,-6.22218
control_r0,complex_000426,complex_000426,4,-9.69989
control_r0,complex_000426,complex_000426,5,-7.65135
control_r0,complex_000426,complex_000426,6,-8.60968
control_r0,complex_000426,complex_000426,7,-9.17635
control_r0,complex_000426,complex_000426,8,-9.03792
control_r0,complex_000426,complex_000426,9,-8.22149
control_r0,complex_000426,complex_000426,10,-7.20565
control_r0,complex_000426,complex_000426,11,-7.97668
control_r0,complex_000426,complex_000426,12,-7.83315
control_r0,complex_000426,complex_000426,13,-7.02723
control_r0,complex_000426,complex_000426,14,-8.97103
control_r0,complex_000426,complex_000426,15,-7.22386
control_r0,complex_000426,complex_000426,16,-7.33347
control_r0,complex_000426,complex_000426,17,-6.70404
control_r0,complex_000426,complex_000426,18,-6.64511
control_r0,complex_000426,complex_000426,19,-8.79448
control_r0,complex_000426,complex_000473,0,-8.97973
control_r0,complex_000426,complex_000473,1,-6.56794
control_r0,complex_000426,complex_000473,2,-7.16148
control_r0,complex_000426,complex_000473,3,-5.92972
control_r0,complex_000426,complex_000473,4,-7.79462
control_r0,complex_000426,complex_000473,5,-6.82143
control_r0,complex_000426,complex_000473,6,-8.09659
control_r0,complex_000426,complex_000473,7,-7.87856
control_r0,complex_000426,complex_000473,8,-7.94994
control_r0,complex_000426,complex_000473,9,-7.56416
control_r0,complex_000426,complex_000473,10,-6.70078
control_r0,complex_000426,complex_000473,11,-7.52191
control_r0,complex_000426,complex_000473,12,-6.83737
control_r0,complex_000426,complex_000473,13,-6.81772
control_r0,complex_000426,complex_000473,14,-7.38276
control_r0,complex_000426,complex_000473,15,-6.84314
control_r0,complex_000426,complex_000473,16,-6.12083
control_r0,complex_000426,complex_000473,17,-5.88189
control_r0,complex_000426,complex_000473,18,-5.94526
control_r0,complex_000426,complex_000473,19,-7.25754
control_r0,complex_000403,complex_000382,0,-10.17481
control_r0,complex_000403,complex_000382,1,-10.80323
control_r0,complex_000403,complex_000382,2,-6.62528
control_r0,complex_000403,complex_000382,3,-8.54604
control_r0,complex_000403,complex_000382,4,-8.72045
control_r0,complex_000403,complex_000382,5,-9.35641
control_r0,complex_000403,complex_000382,6,-9.32599
control_r0,complex_000403,complex_000382,7,-6.74593
control_r0,complex_000403,complex_000382,8,-9.53443
control_r0,complex_000403,complex_000382,9,-7.46247
control_r0,complex_000403,complex_000382,10,-6.87783
control_r0,complex_000403,complex_000382,11,-5.92008
control_r0,complex_000403,complex_000382,12,-7.9526
control_r0,complex_000403,complex_000382,13,-9.9595
control_r0,complex_000403,complex_000382,14,-8.65675
control_r0,complex_000403,complex_000382,15,-6.22403
control_r0,complex_000403,complex_000382,16,-6.14214
control_r0,complex_000403,complex_000382,17,-7.23316
control_r0,complex_000403,complex_000382,18,-6.03996
control_r0,complex_000403,complex_000382,19,-11.60691
control_r0,complex_000426,complex_000477,0,-8.72048
control_r0,complex_000426,complex_000477,1,-6.87634
control_r0,complex_000426,complex_000477,2,-6.76022
control_r0,complex_000426,complex_000477,3,-5.48255
control_r0,complex_000426,complex_000477,4,-7.94923
control_r0,complex_000426,complex_000477,5,-7.03255
control_r0,complex_000426,complex_000477,6,-7.33322
control_r0,complex_000426,complex_000477,7,-8.79458
control_r0,complex_000426,complex_000477,8,-7.89645
control_r0,complex_000426,complex_000477,9,-7.7681
control_r0,complex_000426,complex_000477,10,-6.68247
control_r0,complex_000426,complex_000477,11,-7.89293
control_r0,complex_000426,complex_000477,12,-7.41804
control_r0,complex_000426,complex_000477,13,-6.83024
control_r0,complex_000426,complex_000477,14,-7.56408
control_r0,complex_000426,complex_000477,15,-6.4629
control_r0,complex_000426,complex_000477,16,-6.98662
control_r0,complex_000426,complex_000477,17,-5.64361
control_r0,complex_000426,complex_000477,18,-6.23489
control_r0,complex_000426,complex_000477,19,-7.61312
control_r0,complex_000403,complex_000394,0,-9.55266
control_r0,complex_000403,complex_000394,1,-8.10211
control_r0,complex_000403,complex_000394,2,-6.4664
control_r0,complex_000403,complex_000394,3,-7.91052
control_r0,complex_000403,complex_000394,4,-8.27553
control_r0,complex_000403,complex_000394,5,-7.26308
control_r0,complex_000403,complex_000394,6,-8.69913
control_r0,complex_000403,complex_000394,7,-6.02008
control_r0,complex_000403,complex_000394,8,-8.06865
control_r0,complex_000403,complex_000394,9,-6.83841
control_r0,complex_000403,complex_000394,10,-6.54384
control_r0,complex_000403,complex_000394,11,-5.83995
control_r0,complex_000403,complex_000394,12,-6.73267
control_r0,complex_000403,complex_000394,13,-8.77298
control_r0,complex_000403,complex_000394,14,-7.17315
control_r0,complex_000403,complex_000394,15,-5.8524
control_r0,complex_000403,complex_000394,16,-5.89663
control_r0,complex_000403,complex_000394,17,-6.76419
control_r0,complex_000403,complex_000394,18,-5.67029
control_r0,complex_000403,complex_000394,19,-10.60713
control_r0,complex_000400,complex_000400,0,-8.6146
control_r0,complex_000400,complex_000400,1,-9.34752
control_r0,complex_000400,complex_000400,2,-13.28925
control_r0,complex_000400,complex_000400,3,-11.48345
control_r0,complex_000400,complex_000400,4,-12.66548
control_r0,complex_000400,complex_000400,5,-7.75655
control_r0,complex_000400,complex_000400,6,-9.23758
control_r0,complex_000400,complex_000400,7,-9.49352
control_r0,complex_000400,complex_000400,8,-9.67889
control_r0,complex_000400,complex_000400,9,-8.58551
control_r0,complex_000400,complex_000400,10,-9.40885
control_r0,complex_000400,complex_000400,11,-8.27829
control_r0,complex_000400,complex_000400,12,-8.45145
control_r0,complex_000400,complex_000400,13,-9.79968
control_r0,complex_000400,complex_000400,14,-7.91895
control_r0,complex_000400,complex_000400,15,-9.75766
control_r0,complex_000400,complex_000400,16,-9.62891
control_r0,complex_000400,complex_000400,17,-8.42488
control_r0,complex_000400,complex_000400,18,-8.86938
control_r0,complex_000400,complex_000400,19,-8.73381
control_r0,complex_000400,complex_000140,0,-7.74009
control_r0,complex_000400,complex_000140,1,-8.02364
control_r0,complex_000400,complex_000140,2,-10.81667
control_r0,complex_000400,complex_000140,3,-9.73176
control_r0,complex_000400,complex_000140,4,-10.97401
control_r0,complex_000400,complex_000140,5,-8.10263
control_r0,complex_000400,complex_000140,6,-8.34674
control_r0,complex_000400,complex_000140,7,-8.42055
control_r0,complex_000400,complex_000140,8,-10.33319
control_r0,complex_000400,complex_000140,9,-8.21066
control_r0,complex_000400,complex_000140,10,-10.10618
control_r0,complex_000400,complex_000140,11,-8.61943
control_r0,complex_000400,complex_000140,12,-8.70289
control_r0,complex_000400,complex_000140,13,-9.57629
control_r0,complex_000400,complex_000140,14,-7.47126
control_r0,complex_000400,complex_000140,15,-9.13319
control_r0,complex_000400,complex_000140,16,-9.02687
control_r0,complex_000400,complex_000140,17,-9.2088
control_r0,complex_000400,complex_000140,18,-9.41308
control_r0,complex_000400,complex_000140,19,-8.45733
control_r0,complex_000456,complex_000001,0,-5.27225
control_r0,complex_000456,complex_000001,1,-5.85741
control_r0,complex_000456,complex_000001,2,-7.66489
control_r0,complex_000456,complex_000001,3,-7.49391
control_r0,complex_000456,complex_000001,4,-7.01096
control_r0,complex_000456,complex_000001,5,-8.37314
control_r0,complex_000456,complex_000001,6,-4.40964
control_r0,complex_000456,complex_000001,7,-8.74895
control_r0,complex_000456,complex_000001,8,-6.93583
control_r0,complex_000456,complex_000001,9,-6.71323
control_r0,complex_000456,complex_000001,10,-9.68356
control_r0,complex_000456,complex_000001,11,-8.49125
control_r0,complex_000456,complex_000001,12,-5.85848
control_r0,complex_000456,complex_000001,13,-6.15192
control_r0,complex_000456,complex_000001,14,-4.19835
control_r0,complex_000456,complex_000001,15,-7.13751
control_r0,complex_000456,complex_000001,16,-4.77097
control_r0,complex_000456,complex_000001,17,-7.8086
control_r0,complex_000456,complex_000001,18,-7.20314
control_r0,complex_000456,complex_000001,19,-5.94599
control_r0,complex_000456,complex_000456,0,-6.51844
control_r0,complex_000456,complex_000456,1,-6.42935
control_r0,complex_000456,complex_000456,2,-7.55398
control_r0,complex_000456,complex_000456,3,-8.51579
control_r0,complex_000456,complex_000456,4,-7.33507
control_r0,complex_000456,complex_000456,5,-10.25942
control_r0,complex_000456,complex_000456,6,-4.6403
control_r0,complex_000456,complex_000456,7,-11.14116
control_r0,complex_000456,complex_000456,8,-7.57851
control_r0,complex_000456,complex_000456,9,-6.85677
control_r0,complex_000456,complex_000456,10,-9.91714
control_r0,complex_000456,complex_000456,11,-8.83649
control_r0,complex_000456,complex_000456,12,-6.26742
control_r0,complex_000456,complex_000456,13,-6.34125
control_r0,complex_000456,complex_000456,14,-4.66098
control_r0,complex_000456,complex_000456,15,-7.79832
control_r0,complex_000456,complex_000456,16,-5.33249
control_r0,complex_000456,complex_000456,17,-8.46115
control_r0,complex_000456,complex_000456,18,-7.42208
control_r0,complex_000456,complex_000456,19,-6.52594
control_r0,complex_000456,complex_000472,0,-6.44431
control_r0,complex_000456,complex_000472,1,-6.53787
control_r0,complex_000456,complex_000472,2,-7.81825
control_r0,complex_000456,complex_000472,3,-8.59943
control_r0,complex_000456,complex_000472,4,-8.61244
control_r0,complex_000456,complex_000472,5,-10.03771
control_r0,complex_000456,complex_000472,6,-5.29066
control_r0,complex_000456,complex_000472,7,-10.05862
control_r0,complex_000456,complex_000472,8,-8.2106
control_r0,complex_000456,complex_000472,9,-7.72892
control_r0,complex_000456,complex_000472,10,-9.90965
control_r0,complex_000456,complex_000472,11,-9.01446
control_r0,complex_000456,complex_000472,12,-7.35078
control_r0,complex_000456,complex_000472,13,-7.4957
control_r0,complex_000456,complex_000472,14,-4.94175
control_r0,complex_000456,complex_000472,15,-8.51955
control_r0,complex_000456,complex_000472,16,-6.15456
control_r0,complex_000456,complex_000472,17,-8.98389
control_r0,complex_000456,complex_000472,18,-8.98745
control_r0,complex_000456,complex_000472,19,-6.93291
control_r0,complex_000456,complex_000069,0,-6.36843
control_r0,complex_000456,complex_000069,1,-6.394
control_r0,complex_000456,complex_000069,2,-8.49615
control_r0,complex_000456,complex_000069,3,-8.28881
control_r0,complex_000456,complex_000069,4,-8.31394
control_r0,complex_000456,complex_000069,5,-10.56738
control_r0,complex_000456,complex_000069,6,-4.64533
control_r0,complex_000456,complex_000069,7,-9.70914
control_r0,complex_000456,complex_000069,8,-7.05158
control_r0,complex_000456,complex_000069,9,-7.46874
control_r0,complex_000456,complex_000069,10,-9.77626
control_r0,complex_000456,complex_000069,11,-8.76987
control_r0,complex_000456,complex_000069,12,-7.54026
control_r0,complex_000456,complex_000069,13,-7.75713
control_r0,complex_000456,complex_000069,14,-4.56239
control_r0,complex_000456,complex_000069,15,-8.03947
control_r0,complex_000456,complex_000069,16,-5.83057
control_r0,complex_000456,complex_000069,17,-8.88765
control_r0,complex_000456,complex_000069,18,-8.67634
control_r0,complex_000456,complex_000069,19,-6.76334
control_r0,complex_000426,complex_000374,0,-7.38365
control_r0,complex_000426,complex_000374,1,-8.46677
control_r0,complex_000426,complex_000374,2,-8.09457
control_r0,complex_000426,complex_000374,3,-6.88095
control_r0,complex_000426,complex_000374,4,-7.60795
control_r0,complex_000426,complex_000374,5,-8.34338
control_r0,complex_000426,complex_000374,6,-9.34878
control_r0,complex_000426,complex_000374,7,-8.45829
control_r0,complex_000426,complex_000374,8,-7.12797
control_r0,complex_000426,complex_000374,9,-7.73302
control_r0,complex_000426,complex_000374,10,-7.96492
control_r0,complex_000426,complex_000374,11,-9.25081
control_r0,complex_000426,complex_000374,12,-9.11932
control_r0,complex_000426,complex_000374,13,-7.84537
control_r0,complex_000426,complex_000374,14,-7.41735
control_r0,complex_000426,complex_000374,15,-7.29607
control_r0,complex_000426,complex_000374,16,-7.82368
control_r0,complex_000426,complex_000374,17,-6.92572
control_r0,complex_000426,complex_000374,18,-6.69335
control_r0,complex_000426,complex_000374,19,-9.30499
control_r0,complex_000400,complex_000403,0,-8.19248
control_r0,complex_000400,complex_000403,1,-7.79119
control_r0,complex_000400,complex_000403,2,-9.82707
control_r0,complex_000400,complex_000403,3,-9.48241
control_r0,complex_000400,complex_000403,4,-11.60076
control_r0,complex_000400,complex_000403,5,-7.34678
control_r0,complex_000400,complex_000403,6,-7.61373
control_r0,complex_000400,complex_000403,7,-8.56194
control_r0,complex_000400,complex_000403,8,-8.18145
control_r0,complex_000400,complex_000403,9,-7.5283
control_r0,complex_000400,complex_000403,10,-8.32539
control_r0,complex_000400,complex_000403,11,-8.25579
control_r0,complex_000400,complex_000403,12,-8.03974
control_r0,complex_000400,complex_000403,13,-9.04564
control_r0,complex_000400,complex_000403,14,-6.68737
control_r0,complex_000400,complex_000403,15,-8.7595
control_r0,complex_000400,complex_000403,16,-8.84448
control_r0,complex_000400,complex_000403,17,-7.76197
control_r0,complex_000400,complex_000403,18,-8.3833
control_r0,complex_000400,complex_000403,19,-8.07897
control_r0,complex_000472,complex_000472,0,-6.97705
control_r0,complex_000472,complex_000472,1,-7.42516
control_r0,complex_000472,complex_000472,2,-10.65779
control_r0,complex_000472,complex_000472,3,-9.3887
control_r0,complex_000472,complex_000472,4,-8.30423
control_r0,complex_000472,complex_000472,5,-8.98827
control_r0,complex_000472,complex_000472,6,-8.87198
control_r0,complex_000472,complex_000472,7,-7.57632
control_r0,complex_000472,complex_000472,8,-9.29463
control_r0,complex_000472,complex_000472,9,-13.06646
control_r0,complex_000472,complex_000472,10,-5.42978
control_r0,complex_000472,complex_000472,11,-9.41422
control_r0,complex_000472,complex_000472,12,-8.69187
control_r0,complex_000472,complex_000472,13,-7.82716
control_r0,complex_000472,complex_000472,14,-7.20858
control_r0,complex_000472,complex_000472,15,-9.59106
control_r0,complex_000472,complex_000472,16,-7.67406
control_r0,complex_000472,complex_000472,17,-7.45217
control_r0,complex_000472,complex_000472,18,-11.11319
control_r0,complex_000472,complex_000472,19,-9.73987
control_r0,complex_000400,complex_000236,0,-7.94972
control_r0,complex_000400,complex_000236,1,-7.48118
control_r0,complex_000400,complex_000236,2,-9.61393
control_r0,complex_000400,complex_000236,3,-9.62286
control_r0,complex_000400,complex_000236,4,-11.41205
control_r0,complex_000400,complex_000236,5,-7.31501
control_r0,complex_000400,complex_000236,6,-9.15374
control_r0,complex_000400,complex_000236,7,-8.34261
control_r0,complex_000400,complex_000236,8,-9.27098
control_r0,complex_000400,complex_000236,9,-8.34964
control_r0,complex_000400,complex_000236,10,-8.72601
control_r0,complex_000400,complex_000236,11,-7.80392
control_r0,complex_000400,complex_000236,12,-8.67397
control_r0,complex_000400,complex_000236,13,-9.35809
control_r0,complex_000400,complex_000236,14,-7.43208
control_r0,complex_000400,complex_000236,15,-8.9794
control_r0,complex_000400,complex_000236,16,-9.33468
control_r0,complex_000400,complex_000236,17,-7.28261
control_r0,complex_000400,complex_000236,18,-8.64448
control_r0,complex_000400,complex_000236,19,-8.07545
control_r0,complex_000472,complex_000506,0,-5.33639
control_r0,complex_000472,complex_000506,1,-4.83883
control_r0,complex_000472,complex_000506,2,-7.41424
control_r0,complex_000472,complex_000506,3,-7.19524
control_r0,complex_000472,complex_000506,4,-6.21691
control_r0,complex_000472,complex_000506,5,-6.85309
control_r0,complex_000472,complex_000506,6,-6.89509
control_r0,complex_000472,complex_000506,7,-7.39759
control_r0,complex_000472,complex_000506,8,-6.97004
control_r0,complex_000472,complex_000506,9,-7.68822
control_r0,complex_000472,complex_000506,10,-5.58534
control_r0,complex_000472,complex_000506,11,-6.97767
control_r0,complex_000472,complex_000506,12,-6.54193
control_r0,complex_000472,complex_000506,13,-6.7892
control_r0,complex_000472,complex_000506,14,-5.37159
control_r0,complex_000472,complex_000506,15,-6.43141
control_r0,complex_000472,complex_000506,16,-6.33537
control_r0,complex_000472,complex_000506,17,-4.48046
control_r0,complex_000472,complex_000506,18,-7.40162
control_r0,complex_000472,complex_000506,19,-7.41888
control_r0,complex_000506,complex_000506,0,-6.45651
control_r0,complex_000506,complex_000506,1,-5.1037
control_r0,complex_000506,complex_000506,2,-6.26566
control_r0,complex_000506,complex_000506,3,-6.53282
control_r0,complex_000506,complex_000506,4,-6.49609
control_r0,complex_000506,complex_000506,5,-5.242
control_r0,complex_000506,complex_000506,6,-5.43901
control_r0,complex_000506,complex_000506,7,-7.52769
control_r0,complex_000506,complex_000506,8,-6.4039
control_r0,complex_000506,complex_000506,9,-6.73599
control_r0,complex_000506,complex_000506,10,-6.81455
control_r0,complex_000506,complex_000506,11,-7.19375
control_r0,complex_000506,complex_000506,12,-6.13021
control_r0,complex_000506,complex_000506,13,-7.8347
control_r0,complex_000506,complex_000506,14,-5.2733
control_r0,complex_000506,complex_000506,15,-6.57798
control_r0,complex_000506,complex_000506,16,-6.23074
control_r0,complex_000506,complex_000506,17,-3.3942
control_r0,complex_000506,complex_000506,18,-7.70669
control_r0,complex_000506,complex_000506,19,-4.08425
control_r0,complex_000506,complex_000069,0,-9.81631
control_r0,complex_000506,complex_000069,1,-7.46605
control_r0,complex_000506,complex_000069,2,-5.11592
control_r0,complex_000506,complex_000069,3,-6.22604
control_r0,complex_000506,complex_000069,4,-6.43707
control_r0,complex_000506,complex_000069,5,-7.0745
control_r0,complex_000506,complex_000069,6,-5.99754
control_r0,complex_000506,complex_000069,7,-6.76538
control_r0,complex_000506,complex_000069,8,-5.77032
control_r0,complex_000506,complex_000069,9,-6.79148
control_r0,complex_000506,complex_000069,10,-10.25338
control_r0,complex_000506,complex_000069,11,-7.0228
control_r0,complex_000506,complex_000069,12,-4.69049
control_r0,complex_000506,complex_000069,13,-10.34942
control_r0,complex_000506,complex_000069,14,-4.67188
control_r0,complex_000506,complex_000069,15,-7.30569
control_r0,complex_000506,complex_000069,16,-5.50983
control_r0,complex_000506,complex_000069,17,-3.44402
control_r0,complex_000506,complex_000069,18,-8.75607
control_r0,complex_000506,complex_000069,19,-5.92873
control_r0,complex_000472,complex_000400,0,-7.29231
control_r0,complex_000472,complex_000400,1,-6.5284
control_r0,complex_000472,complex_000400,2,-11.10015
control_r0,complex_000472,complex_000400,3,-9.13733
control_r0,complex_000472,complex_000400,4,-8.93754
control_r0,complex_000472,complex_000400,5,-9.79924
control_r0,complex_000472,complex_000400,6,-9.3558
control_r0,complex_000472,complex_000400,7,-7.23131
control_r0,complex_000472,complex_000400,8,-9.42526
control_r0,complex_000472,complex_000400,9,-10.31985
control_r0,complex_000472,complex_000400,10,-5.47719
control_r0,complex_000472,complex_000400,11,-9.33907
control_r0,complex_000472,complex_000400,12,-8.63973
control_r0,complex_000472,complex_000400,13,-8.16856
control_r0,complex_000472,complex_000400,14,-7.50203
control_r0,complex_000472,complex_000400,15,-9.67455
control_r0,complex_000472,complex_000400,16,-7.93085
control_r0,complex_000472,complex_000400,17,-7.53412
control_r0,complex_000472,complex_000400,18,-10.66343
control_r0,complex_000472,complex_000400,19,-9.56074
control_r0,complex_000472,complex_000170,0,-7.47718
control_r0,complex_000472,complex_000170,1,-2.98837
control_r0,complex_000472,complex_000170,2,-8.33192
control_r0,complex_000472,complex_000170,3,-9.80834
control_r0,complex_000472,complex_000170,4,-7.32613
control_r0,complex_000472,complex_000170,5,-4.16322
control_r0,complex_000472,complex_000170,6,-7.93196
control_r0,complex_000472,complex_000170,7,-8.52357
control_r0,complex_000472,complex_000170,8,-6.21255
control_r0,complex_000472,complex_000170,9,7.88035
control_r0,complex_000472,complex_000170,10,-5.19
control_r0,complex_000472,complex_000170,11,-7.81469
control_r0,complex_000472,complex_000170,12,-8.58005
control_r0,complex_000472,complex_000170,13,-8.41446
control_r0,complex_000472,complex_000170,14,-8.21938
control_r0,complex_000472,complex_000170,15,-7.67452
control_r0,complex_000472,complex_000170,16,-8.58616
control_r0,complex_000472,complex_000170,17,-7.18697
control_r0,complex_000472,complex_000170,18,-7.98386
control_r0,complex_000472,complex_000170,19,-8.68431
control_r0,complex_000473,complex_000473,0,-8.32508
control_r0,complex_000473,complex_000473,1,-9.18959
control_r0,complex_000473,complex_000473,2,-6.27829
control_r0,complex_000473,complex_000473,3,-6.25308
control_r0,complex_000473,complex_000473,4,-7.209
control_r0,complex_000473,complex_000473,5,-8.68124
control_r0,complex_000473,complex_000473,6,-6.0728
control_r0,complex_000473,complex_000473,7,-6.82267
control_r0,complex_000473,complex_000473,8,-5.49159
control_r0,complex_000473,complex_000473,9,-7.90911
control_r0,complex_000473,complex_000473,10,-5.14295
control_r0,complex_000473,complex_000473,11,-8.2169
control_r0,complex_000473,complex_000473,12,-5.55582
control_r0,complex_000473,complex_000473,13,-5.27597
control_r0,complex_000473,complex_000473,14,-6.43059
control_r0,complex_000473,complex_000473,15,-6.34875
control_r0,complex_000473,complex_000473,16,-5.30644
control_r0,complex_000473,complex_000473,17,-6.05963
control_r0,complex_000473,complex_000473,18,-6.17811
control_r0,complex_000473,complex_000473,19,-5.90046
control_r0,complex_000506,complex_000394,0,-8.01452
control_r0,complex_000506,complex_000394,1,-6.77215
control_r0,complex_000506,complex_000394,2,-5.6723
control_r0,complex_000506,complex_000394,3,-5.64971
control_r0,complex_000506,complex_000394,4,-6.44988
control_r0,complex_000506,complex_000394,5,-6.76941
control_r0,complex_000506,complex_000394,6,-5.49748
control_r0,complex_000506,complex_000394,7,-6.8904
control_r0,complex_000506,complex_000394,8,-5.57568
control_r0,complex_000506,complex_000394,9,-6.58324
control_r0,complex_000506,complex_000394,10,-8.66978
control_r0,complex_000506,complex_000394,11,-7.33286
control_r0,complex_000506,complex_000394,12,-4.84753
control_r0,complex_000506,complex_000394,13,-8.71086
control_r0,complex_000506,complex_000394,14,-4.83232
control_r0,complex_000506,complex_000394,15,-7.78457
control_r0,complex_000506,complex_000394,16,-5.51266
control_r0,complex_000506,complex_000394,17,-3.86883
control_r0,complex_000506,complex_000394,18,-9.34378
control_r0,complex_000506,complex_000394,19,-6.08813
control_r0,complex_000473,complex_000477,0,-7.91616
control_r0,complex_000473,complex_000477,1,-8.20784
control_r0,complex_000473,complex_000477,2,-6.0908
control_r0,complex_000473,complex_000477,3,-7.07505
control_r0,complex_000473,complex_000477,4,-6.58458
control_r0,complex_000473,complex_000477,5,-9.11568
control_r0,complex_000473,complex_000477,6,-6.33652
control_r0,complex_000473,complex_000477,7,-7.87598
control_r0,complex_000473,complex_000477,8,-6.45997
control_r0,complex_000473,complex_000477,9,-8.25903
control_r0,complex_000473,complex_000477,10,-4.83285
control_r0,complex_000473,complex_000477,11,-9.33854
control_r0,complex_000473,complex_000477,12,-5.66035
control_r0,complex_000473,complex_000477,13,-5.80636
control_r0,complex_000473,complex_000477,14,-6.81165
control_r0,complex_000473,complex_000477,15,-6.04704
control_r0,complex_000473,complex_000477,16,-5.15048
control_r0,complex_000473,complex_000477,17,-6.72661
control_r0,complex_000473,complex_000477,18,-6.06118
control_r0,complex_000473,complex_000477,19,-5.8205
control_r0,complex_000473,complex_000472,0,-8.62622
control_r0,complex_000473,complex_000472,1,-9.57995
control_r0,complex_000473,complex_000472,2,-7.19762
control_r0,complex_000473,complex_000472,3,-8.26136
control_r0,complex_000473,complex_000472,4,-7.83025
control_r0,complex_000473,complex_000472,5,-9.73171
control_r0,complex_000473,complex_000472,6,-7.68425
control_r0,complex_000473,complex_000472,7,-8.67611
control_r0,complex_000473,complex_000472,8,-6.96855
control_r0,complex_000473,complex_000472,9,-9.97466
control_r0,complex_000473,complex_000472,10,-5.92696
control_r0,complex_000473,complex_000472,11,-11.23826
control_r0,complex_000473,complex_000472,12,-7.30991
control_r0,complex_000473,complex_000472,13,-6.43828
control_r0,complex_000473,complex_000472,14,-8.86048
control_r0,complex_000473,complex_000472,15,-7.61127
control_r0,complex_000473,complex_000472,16,-6.46168
control_r0,complex_000473,complex_000472,17,-7.60056
control_r0,complex_000473,complex_000472,18,-7.18907
control_r0,complex_000473,complex_000472,19,-6.57287
control_r0,complex_000506,complex_000473,0,-6.94151
control_r0,complex_000506,complex_000473,1,-5.89399
control_r0,complex_000506,complex_000473,2,-4.49453
control_r0,complex_000506,complex_000473,3,-5.53139
control_r0,complex_000506,complex_000473,4,-5.46461
control_r0,complex_000506,complex_000473,5,-5.89094
control_r0,complex_000506,complex_000473,6,-4.67863
control_r0,complex_000506,complex_000473,7,-5.81679
control_r0,complex_000506,complex_000473,8,-4.86898
control_r0,complex_000506,complex_000473,9,-5.5445
control_r0,complex_000506,complex_000473,10,-8.19029
control_r0,complex_000506,complex_000473,11,-6.05687
control_r0,complex_000506,complex_000473,12,-4.51339
control_r0,complex_000506,complex_000473,13,-8.05824
control_r0,complex_000506,complex_000473,14,-4.03492
control_r0,complex_000506,complex_000473,15,-6.78092
control_r0,complex_000506,complex_000473,16,-5.17314
control_r0,complex_000506,complex_000473,17,-3.24233
control_r0,complex_000506,complex_000473,18,-6.83147
control_r0,complex_000506,complex_000473,19,-4.61609
control_r0,complex_000473,complex_000170,0,-6.54145
control_r0,complex_000473,complex_000170,1,-6.70277
control_r0,complex_000473,complex_000170,2,-7.64947
control_r0,complex_000473,complex_000170,3,-6.54657
control_r0,complex_000473,complex_000170,4,-8.31699
control_r0,complex_000473,complex_000170,5,-7.30714
control_r0,complex_000473,complex_000170,6,-6.33603
control_r0,complex_000473,complex_000170,7,-5.75199
control_r0,complex_000473,complex_000170,8,-7.55725
control_r0,complex_000473,complex_000170,9,-8.39897
control_r0,complex_000473,complex_000170,10,-7.05091
control_r0,complex_000473,complex_000170,11,1.00621
control_r0,complex_000473,complex_000170,12,-6.95088
control_r0,complex_000473,complex_000170,13,-7.28877
control_r0,complex_000473,complex_000170,14,-8.48935
control_r0,complex_000473,complex_000170,15,-8.36888
control_r0,complex_000473,complex_000170,16,-7.43265
control_r0,complex_000473,complex_000170,17,-7.72163
control_r0,complex_000473,complex_000170,18,-8.17596
control_r0,complex_000473,complex_000170,19,-7.23112
control_r0,complex_000477,complex_000140,0,-8.75897
control_r0,complex_000477,complex_000140,1,-8.89525
control_r0,complex_000477,complex_000140,2,-5.89128
control_r0,complex_000477,complex_000140,3,-10.41225
control_r0,complex_000477,complex_000140,4,-8.03089
control_r0,complex_000477,complex_000140,5,-7.68121
control_r0,complex_000477,complex_000140,6,-8.26261
control_r0,complex_000477,complex_000140,7,-7.31336
control_r0,complex_000477,complex_000140,8,-7.11355
control_r0,complex_000477,complex_000140,9,-9.14764
control_r0,complex_000477,complex_000140,10,-7.06778
control_r0,complex_000477,complex_000140,11,-7.30566
control_r0,complex_000477,complex_000140,12,-8.21305
control_r0,complex_000477,complex_000140,13,-5.22622
control_r0,complex_000477,complex_000140,14,-8.81337
control_r0,complex_000477,complex_000140,15,-5.96715
control_r0,complex_000477,complex_000140,16,-8.76416
control_r0,complex_000477,complex_000140,17,-6.25081
control_r0,complex_000477,complex_000140,18,-8.4601
control_r0,complex_000477,complex_000140,19,-8.02234
control_r0,complex_000477,complex_000477,0,-7.42172
control_r0,complex_000477,complex_000477,1,-8.82604
control_r0,complex_000477,complex_000477,2,-5.04115
control_r0,complex_000477,complex_000477,3,-10.17497
control_r0,complex_000477,complex_000477,4,-7.00182
control_r0,complex_000477,complex_000477,5,-6.20913
control_r0,complex_000477,complex_000477,6,-6.32771
control_r0,complex_000477,complex_000477,7,-6.33084
control_r0,complex_000477,complex_000477,8,-6.18504
control_r0,complex_000477,complex_000477,9,-8.57008
control_r0,complex_000477,complex_000477,10,-5.64651
control_r0,complex_000477,complex_000477,11,-6.54795
control_r0,complex_000477,complex_000477,12,-7.70795
control_r0,complex_000477,complex_000477,13,-5.08308
control_r0,complex_000477,complex_000477,14,-7.17737
control_r0,complex_000477,complex_000477,15,-5.19657
control_r0,complex_000477,complex_000477,16,-7.69482
control_r0,complex_000477,complex_000477,17,-5.04432
control_r0,complex_000477,complex_000477,18,-7.77612
control_r0,complex_000477,complex_000477,19,-7.52741
control_r0,complex_000477,complex_000165,0,-5.53742
control_r0,complex_000477,complex_000165,1,-0.55589
control_r0,complex_000477,complex_000165,2,-5.69808
control_r0,complex_000477,complex_000165,3,-5.37633
control_r0,complex_000477,complex_000165,4,-3.34972
control_r0,complex_000477,complex_000165,5,-7.05176
control_r0,complex_000477,complex_000165,6,-6.43441
control_r0,complex_000477,complex_000165,7,-5.70051
control_r0,complex_000477,complex_000165,8,-6.0516
control_r0,complex_000477,complex_000165,9,-5.9905
control_r0,complex_000477,complex_000165,10,-6.72594
control_r0,complex_000477,complex_000165,11,-5.51795
control_r0,complex_000477,complex_000165,12,-4.9212
control_r0,complex_000477,complex_000165,13,-7.09932
control_r0,complex_000477,complex_000165,14,-1.66241
control_r0,complex_000477,complex_000165,15,-7.73178
control_r0,complex_000477,complex_000165,16,-5.00735
control_r0,complex_000477,complex_000165,17,-5.72456
control_r0,complex_000477,complex_000165,18,-6.87764
control_r0,complex_000477,complex_000165,19,-7.77858
control_r0,complex_000477,complex_000223,0,-6.02228
control_r0,complex_000477,complex_000223,1,-6.88284
control_r0,complex_000477,complex_000223,2,-4.37351
control_r0,complex_000477,complex_000223,3,-6.79259
control_r0,complex_000477,complex_000223,4,-5.33666
control_r0,complex_000477,complex_000223,5,-5.32341
control_r0,complex_000477,complex_000223,6,-5.36773
control_r0,complex_000477,complex_000223,7,-5.63539
control_r0,complex_000477,complex_000223,8,-5.06154
control_r0,complex_000477,complex_000223,9,-6.65258
control_r0,complex_000477,complex_000223,10,-4.91421
control_r0,complex_000477,complex_000223,11,-5.12498
control_r0,complex_000477,complex_000223,12,-5.90446
control_r0,complex_000477,complex_000223,13,-4.75336
control_r0,complex_000477,complex_000223,14,-6.24663
control_r0,complex_000477,complex_000223,15,-4.92108
control_r0,complex_000477,complex_000223,16,-6.34025
control_r0,complex_000477,complex_000223,17,-4.31521
control_r0,complex_000477,complex_000223,18,-5.70848
control_r0,complex_000477,complex_000223,19,-6.38315
control_r0,complex_000535,complex_000535,0,-4.50043
control_r0,complex_000535,complex_000535,1,-7.33191
control_r0,complex_000535,complex_000535,2,-6.96038
control_r0,complex_000535,complex_000535,3,-9.68027
control_r0,complex_000535,complex_000535,4,-9.23188
control_r0,complex_000535,complex_000535,5,-7.27622
control_r0,complex_000535,complex_000535,6,-8.38011
control_r0,complex_000535,complex_000535,7,-7.74658
control_r0,complex_000535,complex_000535,8,-10.31098
control_r0,complex_000535,complex_000535,9,-9.09027
control_r0,complex_000535,complex_000535,10,-7.47672
control_r0,complex_000535,complex_000535,11,-9.05632
control_r0,complex_000535,complex_000535,12,-6.79743
control_r0,complex_000535,complex_000535,13,-9.57009
control_r0,complex_000535,complex_000535,14,-9.06993
control_r0,complex_000535,complex_000535,15,-6.5457
control_r0,complex_000535,complex_000535,16,-8.97411
control_r0,complex_000535,complex_000535,17,-8.30355
control_r0,complex_000535,complex_000535,18,-9.10887
control_r0,complex_000535,complex_000535,19,-7.65254
control_r0,complex_000535,complex_000266,0,-4.54535
control_r0,complex_000535,complex_000266,1,-7.89548
control_r0,complex_000535,complex_000266,2,-6.29153
control_r0,complex_000535,complex_000266,3,-8.2444
control_r0,complex_000535,complex_000266,4,-10.436
control_r0,complex_000535,complex_000266,5,-6.79671
control_r0,complex_000535,complex_000266,6,-8.94652
control_r0,complex_000535,complex_000266,7,-8.46409
control_r0,complex_000535,complex_000266,8,-9.19287
control_r0,complex_000535,complex_000266,9,-8.51322
control_r0,complex_000535,complex_000266,10,-7.60723
control_r0,complex_000535,complex_000266,11,-7.83318
control_r0,complex_000535,complex_000266,12,-5.63866
control_r0,complex_000535,complex_000266,13,-9.24605
control_r0,complex_000535,complex_000266,14,-7.32143
control_r0,complex_000535,complex_000266,15,-5.96264
control_r0,complex_000535,complex_000266,16,-8.7594
control_r0,complex_000535,complex_000266,17,-9.30345
control_r0,complex_000535,complex_000266,18,-9.46056
control_r0,complex_000535,complex_000266,19,-7.35782
control_r0,complex_000535,complex_000374,0,-3.82146
control_r0,complex_000535,complex_000374,1,-8.34129
control_r0,complex_000535,complex_000374,2,-6.5437
control_r0,complex_000535,complex_000374,3,-10.51448
control_r0,complex_000535,complex_000374,4,-8.55391
control_r0,complex_000535,complex_000374,5,-6.87248
control_r0,complex_000535,complex_000374,6,-8.61595
control_r0,complex_000535,complex_000374,7,-9.52379
control_r0,complex_000535,complex_000374,8,-10.94364
control_r0,complex_000535,complex_000374,9,-8.73542
control_r0,complex_000535,complex_000374,10,-6.89912
control_r0,complex_000535,complex_000374,11,-8.88037
control_r0,complex_000535,complex_000374,12,-5.51551
control_r0,complex_000535,complex_000374,13,-10.28512
control_r0,complex_000535,complex_000374,14,-8.25019
control_r0,complex_000535,complex_000374,15,-6.24467
control_r0,complex_000535,complex_000374,16,-8.45897
control_r0,complex_000535,complex_000374,17,-11.29591
control_r0,complex_000535,complex_000374,18,-9.00867
control_r0,complex_000535,complex_000374,19,-7.75651
control_r0,complex_000535,complex_000179,0,-4.32833
control_r0,complex_000535,complex_000179,1,-8.94624
control_r0,complex_000535,complex_000179,2,-6.81554
control_r0,complex_000535,complex_000179,3,-9.72219
control_r0,complex_000535,complex_000179,4,-12.29352
control_r0,complex_000535,complex_000179,5,-7.37314
control_r0,complex_000535,complex_000179,6,-9.01404
control_r0,complex_000535,complex_000179,7,-9.11277
control_r0,complex_000535,complex_000179,8,-10.19141
control_r0,complex_000535,complex_000179,9,-9.04439
control_r0,complex_000535,complex_000179,10,-7.4601
control_r0,complex_000535,complex_000179,11,-9.00478
control_r0,complex_000535,complex_000179,12,-6.01526
control_r0,complex_000535,complex_000179,13,-10.35626
control_r0,complex_000535,complex_000179,14,-8.13738
control_r0,complex_000535,complex_000179,15,-6.41876
control_r0,complex_000535,complex_000179,16,-8.69493
control_r0,complex_000535,complex_000179,17,-11.20363
control_r0,complex_000535,complex_000179,18,-10.95206
control_r0,complex_000535,complex_000179,19,-7.90484
control_r0,complex_000540,complex_000472,0,-9.40776
control_r0,complex_000540,complex_000472,1,-5.49093
control_r0,complex_000540,complex_000472,2,-9.67434
control_r0,complex_000540,complex_000472,3,-6.45348
control_r0,complex_000540,complex_000472,4,-11.12046
control_r0,complex_000540,complex_000472,5,-9.30877
control_r0,complex_000540,complex_000472,6,-8.83479
control_r0,complex_000540,complex_000472,7,-7.80945
control_r0,complex_000540,complex_000472,8,-7.20792
control_r0,complex_000540,complex_000472,9,-8.10727
control_r0,complex_000540,complex_000472,10,-7.79883
control_r0,complex_000540,complex_000472,11,-7.43808
control_r0,complex_000540,complex_000472,12,-8.56627
control_r0,complex_000540,complex_000472,13,-7.3391
control_r0,complex_000540,complex_000472,14,-6.92341
control_r0,complex_000540,complex_000472,15,-5.57704
control_r0,complex_000540,complex_000472,16,-7.23598
control_r0,complex_000540,complex_000472,17,-9.75044
control_r0,complex_000540,complex_000472,18,-10.12853
control_r0,complex_000540,complex_000472,19,-10.34141
control_r0,complex_000540,complex_000540,0,-9.02438
control_r0,complex_000540,complex_000540,1,-5.29879
control_r0,complex_000540,complex_000540,2,-8.92274
control_r0,complex_000540,complex_000540,3,-6.11865
control_r0,complex_000540,complex_000540,4,-10.99114
control_r0,complex_000540,complex_000540,5,-9.19762
control_r0,complex_000540,complex_000540,6,-8.29322
control_r0,complex_000540,complex_000540,7,-7.55399
control_r0,complex_000540,complex_000540,8,-6.50334
control_r0,complex_000540,complex_000540,9,-7.13358
control_r0,complex_000540,complex_000540,10,-6.75367
control_r0,complex_000540,complex_000540,11,-6.83791
control_r0,complex_000540,complex_000540,12,-8.51875
control_r0,complex_000540,complex_000540,13,-6.67297
control_r0,complex_000540,complex_000540,14,-6.42218
control_r0,complex_000540,complex_000540,15,-4.87157
control_r0,complex_000540,complex_000540,16,-6.70577
control_r0,complex_000540,complex_000540,17,-8.88156
control_r0,complex_000540,complex_000540,18,-9.08452
control_r0,complex_000540,complex_000540,19,-9.44434
control_r0,complex_000540,complex_000376,0,-9.35279
control_r0,complex_000540,complex_000376,1,-5.72589
control_r0,complex_000540,complex_000376,2,-10.3122
control_r0,complex_000540,complex_000376,3,-6.13235
control_r0,complex_000540,complex_000376,4,-11.29048
control_r0,complex_000540,complex_000376,5,-8.79552
control_r0,complex_000540,complex_000376,6,-9.14988
control_r0,complex_000540,complex_000376,7,-7.42997
control_r0,complex_000540,complex_000376,8,-7.10223
control_r0,complex_000540,complex_000376,9,-7.10405
control_r0,complex_000540,complex_000376,10,-7.70651
control_r0,complex_000540,complex_000376,11,-7.04146
control_r0,complex_000540,complex_000376,12,-8.16772
control_r0,complex_000540,complex_000376,13,-7.48978
control_r0,complex_000540,complex_000376,14,-6.43619
control_r0,complex_000540,complex_000376,15,-5.23
control_r0,complex_000540,complex_000376,16,-7.08279
control_r0,complex_000540,complex_000376,17,-9.60031
control_r0,complex_000540,complex_000376,18,-10.22634
control_r0,complex_000540,complex_000376,19,-9.33812
control_r0,complex_000540,complex_000026,0,-7.89795
control_r0,complex_000540,complex_000026,1,-5.42768
control_r0,complex_000540,complex_000026,2,-8.7625
control_r0,complex_000540,complex_000026,3,-5.71281
control_r0,complex_000540,complex_000026,4,-9.29924
control_r0,complex_000540,complex_000026,5,-8.25761
control_r0,complex_000540,complex_000026,6,-7.43644
control_r0,complex_000540,complex_000026,7,-6.63847
control_r0,complex_000540,complex_000026,8,-6.8933
control_r0,complex_000540,complex_000026,9,-6.68878
control_r0,complex_000540,complex_000026,10,-7.09938
control_r0,complex_000540,complex_000026,11,-6.28434
control_r0,complex_000540,complex_000026,12,-8.01727
control_r0,complex_000540,complex_000026,13,-6.45697
control_r0,complex_000540,complex_000026,14,-5.8379
control_r0,complex_000540,complex_000026,15,-5.40976
control_r0,complex_000540,complex_000026,16,-6.56507
control_r0,complex_000540,complex_000026,17,-9.36754
control_r0,complex_000540,complex_000026,18,-9.017
control_r0,complex_000540,complex_000026,19,-9.08195
